  0
SECTION
  2
HEADER
  9
$ANGBASE
  50
0.0
  9
$ANGDIR
  70
1
  9
$MEASUREMENT
  70
0
  0
ENDSEC
  0
SECTION
  2
TABLES
  0
TABLE
  2
LTYPE
  70
4
  0
LTYPE
  5
40F
  2
CONTINUOUS
  70
0
  3
Solid line
  72
65
  73
0
  40
0.0
  0
LTYPE
  5
410
  2
DASHDOT
 70
0
  3
Dash Dot ____ _ ____ _
 72
65
 73
4
 40
2.0
 49
1.25
 49
-0.25
 49
0.25
 49
-0.25
  0
LTYPE
  5
411
  2
DASHED
 70
0
  3
Dashed __ __ __ __ __
 72
65
 73
2
 40
0.75
 49
0.5
 49
-0.25
  0
LTYPE
  5
43B
  2
DOTTED
 70
0
  3
Dotted .  .  .  .
 72
65
 73
2
 40
0.2
 49
0.0
 49
-0.2
  0
ENDTAB
  0
TABLE
  2
STYLE
  70
4
  0
STYLE
  2
KICAD
  70
0
  40
0
  41
1
  42
1
  50
0
  71
0
  3
isocp.shx
  0
STYLE
  2
KICADB
  70
0
  40
0
  41
1
  42
1
  50
0
  71
0
  3
isocp.shx
  0
STYLE
  2
KICADI
  70
0
  40
0
  41
1
  42
1
  50
15
  71
0
  3
isocp.shx
  0
STYLE
  2
KICADBI
  70
0
  40
0
  41
1
  42
1
  50
15
  71
0
  3
isocp.shx
  0
ENDTAB
  0
TABLE
  2
LAYER
  70
1
  0
LAYER
  2
BLACK
  70
0
  62
7
  6
CONTINUOUS
  0
ENDTAB
  0
ENDSEC
  0
SECTION
  2
ENTITIES
0
LINE
8
BLACK
6
CONTINUOUS
10
1.1362992125984253
20
1.2955118110236221
11
1.1411656299212598
21
1.2947410629921259
0
LINE
8
BLACK
6
CONTINUOUS
10
1.1411656299212598
20
1.2947410629921259
11
1.1455556692913385
21
1.2925042125984252
0
LINE
8
BLACK
6
CONTINUOUS
10
1.1455556692913385
20
1.2925042125984252
11
1.1490396456692913
21
1.2890202362204723
0
LINE
8
BLACK
6
CONTINUOUS
10
1.1490396456692913
20
1.2890202362204723
11
1.1512764960629922
21
1.2846301968503937
0
LINE
8
BLACK
6
CONTINUOUS
10
1.1512764960629922
20
1.2846301968503937
11
1.1520472440944882
21
1.2797637795275589
0
LINE
8
BLACK
6
CONTINUOUS
10
1.1520472440944882
20
1.2797637795275589
11
1.1520472440944882
21
0.7897637795275591
0
LINE
8
BLACK
6
CONTINUOUS
10
1.1520472440944882
20
0.7897637795275591
11
1.1512764960629922
21
0.7848973622047244
0
LINE
8
BLACK
6
CONTINUOUS
10
1.1512764960629922
20
0.7848973622047244
11
1.1490396456692913
21
0.7805073228346456
0
LINE
8
BLACK
6
CONTINUOUS
10
1.1490396456692913
20
0.7805073228346456
11
1.1455556692913385
21
0.7770233464566929
0
LINE
8
BLACK
6
CONTINUOUS
10
1.1455556692913385
20
0.7770233464566929
11
1.1411656299212598
21
0.7747864960629921
0
LINE
8
BLACK
6
CONTINUOUS
10
1.1411656299212598
20
0.7747864960629921
11
1.1362992125984253
21
0.7740157480314961
0
LINE
8
BLACK
6
CONTINUOUS
10
1.1362992125984253
20
0.7740157480314961
11
1.1314327952755905
21
0.7747864960629921
0
LINE
8
BLACK
6
CONTINUOUS
10
1.1314327952755905
20
0.7747864960629921
11
1.1270427559055118
21
0.7770233464566929
0
LINE
8
BLACK
6
CONTINUOUS
10
1.1270427559055118
20
0.7770233464566929
11
1.123558779527559
21
0.7805073228346456
0
LINE
8
BLACK
6
CONTINUOUS
10
1.123558779527559
20
0.7805073228346456
11
1.1213219291338583
21
0.7848973622047244
0
LINE
8
BLACK
6
CONTINUOUS
10
1.1213219291338583
20
0.7848973622047244
11
1.1205511811023621
21
0.7897637795275591
0
LINE
8
BLACK
6
CONTINUOUS
10
1.1205511811023621
20
0.7897637795275591
11
1.1205511811023621
21
1.2797637795275589
0
LINE
8
BLACK
6
CONTINUOUS
10
1.1205511811023621
20
1.2797637795275589
11
1.1213219291338583
21
1.2846301968503937
0
LINE
8
BLACK
6
CONTINUOUS
10
1.1213219291338583
20
1.2846301968503937
11
1.123558779527559
21
1.2890202362204723
0
LINE
8
BLACK
6
CONTINUOUS
10
1.123558779527559
20
1.2890202362204723
11
1.1270427559055118
21
1.2925042125984252
0
LINE
8
BLACK
6
CONTINUOUS
10
1.1270427559055118
20
1.2925042125984252
11
1.1314327952755905
21
1.2947410629921259
0
LINE
8
BLACK
6
CONTINUOUS
10
1.1314327952755905
20
1.2947410629921259
11
1.1362992125984253
21
1.2955118110236221
0
LINE
8
BLACK
6
CONTINUOUS
10
2.5350000000000001
20
0.825748031496063
11
2.5398664173228345
21
0.8249772834645669
0
LINE
8
BLACK
6
CONTINUOUS
10
2.5398664173228345
20
0.8249772834645669
11
2.5442564566929131
21
0.8227404330708661
0
LINE
8
BLACK
6
CONTINUOUS
10
2.5442564566929131
20
0.8227404330708661
11
2.547740433070866
21
0.8192564566929134
0
LINE
8
BLACK
6
CONTINUOUS
10
2.547740433070866
20
0.8192564566929134
11
2.5499772834645671
21
0.8148664173228346
0
LINE
8
BLACK
6
CONTINUOUS
10
2.5499772834645671
20
0.8148664173228346
11
2.5507480314960631
21
0.8099999999999999
0
LINE
8
BLACK
6
CONTINUOUS
10
2.5507480314960631
20
0.8099999999999999
11
2.5507480314960631
21
0.645
0
LINE
8
BLACK
6
CONTINUOUS
10
2.5507480314960631
20
0.645
11
2.5505541338582676
21
0.6437757480314961
0
LINE
8
BLACK
6
CONTINUOUS
10
2.5505541338582676
20
0.6437757480314961
11
2.5505541338582676
21
0.6425364566929134
0
LINE
8
BLACK
6
CONTINUOUS
10
2.5505541338582676
20
0.6425364566929134
11
2.5501711811023622
21
0.6413577952755906
0
LINE
8
BLACK
6
CONTINUOUS
10
2.5501711811023622
20
0.6413577952755906
11
2.5499772834645671
21
0.6401335826771654
0
LINE
8
BLACK
6
CONTINUOUS
10
2.5499772834645671
20
0.6401335826771654
11
2.5494145669291339
21
0.6390292125984252
0
LINE
8
BLACK
6
CONTINUOUS
10
2.5494145669291339
20
0.6390292125984252
11
2.5490316141732281
21
0.6378505511811023
0
LINE
8
BLACK
6
CONTINUOUS
10
2.5490316141732281
20
0.6378505511811023
11
2.5483030708661416
21
0.6368478346456693
0
LINE
8
BLACK
6
CONTINUOUS
10
2.5483030708661416
20
0.6368478346456693
11
2.547740433070866
21
0.6357435433070866
0
LINE
8
BLACK
6
CONTINUOUS
10
2.547740433070866
20
0.6357435433070866
11
2.5468640551181103
21
0.6348671653543307
0
LINE
8
BLACK
6
CONTINUOUS
10
2.5468640551181103
20
0.6348671653543307
11
2.5461355511811021
21
0.6338644488188976
0
LINE
8
BLACK
6
CONTINUOUS
10
2.5461355511811021
20
0.6338644488188976
11
2.5061355511811021
21
0.5938644488188977
0
LINE
8
BLACK
6
CONTINUOUS
10
2.5061355511811021
20
0.5938644488188977
11
2.5051327952755904
21
0.5931359055118111
0
LINE
8
BLACK
6
CONTINUOUS
10
2.5051327952755904
20
0.5931359055118111
11
2.5042564566929135
21
0.5922595669291338
0
LINE
8
BLACK
6
CONTINUOUS
10
2.5042564566929135
20
0.5922595669291338
11
2.503152125984252
21
0.5916968897637795
0
LINE
8
BLACK
6
CONTINUOUS
10
2.503152125984252
20
0.5916968897637795
11
2.5021494488188978
21
0.5909683858267717
0
LINE
8
BLACK
6
CONTINUOUS
10
2.5021494488188978
20
0.5909683858267717
11
2.500970748031496
21
0.5905853937007874
0
LINE
8
BLACK
6
CONTINUOUS
10
2.500970748031496
20
0.5905853937007874
11
2.4998664173228344
21
0.590022716535433
0
LINE
8
BLACK
6
CONTINUOUS
10
2.4998664173228344
20
0.590022716535433
11
2.4986421653543305
21
0.5898287795275591
0
LINE
8
BLACK
6
CONTINUOUS
10
2.4986421653543305
20
0.5898287795275591
11
2.4974635433070866
21
0.5894458661417322
0
LINE
8
BLACK
6
CONTINUOUS
10
2.4974635433070866
20
0.5894458661417322
11
2.4962242519685041
21
0.5894458661417322
0
LINE
8
BLACK
6
CONTINUOUS
10
2.4962242519685041
20
0.5894458661417322
11
2.4950000000000001
21
0.589251968503937
0
LINE
8
BLACK
6
CONTINUOUS
10
2.4950000000000001
20
0.589251968503937
11
2.3300000000000001
21
0.589251968503937
0
LINE
8
BLACK
6
CONTINUOUS
10
2.3300000000000001
20
0.589251968503937
11
2.2999999999999998
21
0.589251968503937
0
LINE
8
BLACK
6
CONTINUOUS
10
2.2999999999999998
20
0.589251968503937
11
2.2951335826771655
21
0.590022716535433
0
LINE
8
BLACK
6
CONTINUOUS
10
2.2951335826771655
20
0.590022716535433
11
2.2907435433070864
21
0.5922595669291338
0
LINE
8
BLACK
6
CONTINUOUS
10
2.2907435433070864
20
0.5922595669291338
11
2.287259566929134
21
0.5957435433070866
0
LINE
8
BLACK
6
CONTINUOUS
10
2.287259566929134
20
0.5957435433070866
11
2.2850227165354329
21
0.6001335826771653
0
LINE
8
BLACK
6
CONTINUOUS
10
2.2850227165354329
20
0.6001335826771653
11
2.2842519685039369
21
0.605
0
LINE
8
BLACK
6
CONTINUOUS
10
2.2842519685039369
20
0.605
11
2.2850227165354329
21
0.6098664173228346
0
LINE
8
BLACK
6
CONTINUOUS
10
2.2850227165354329
20
0.6098664173228346
11
2.287259566929134
21
0.6142564566929134
0
LINE
8
BLACK
6
CONTINUOUS
10
2.287259566929134
20
0.6142564566929134
11
2.2907435433070864
21
0.6177404330708661
0
LINE
8
BLACK
6
CONTINUOUS
10
2.2907435433070864
20
0.6177404330708661
11
2.2951335826771655
21
0.6199772834645669
0
LINE
8
BLACK
6
CONTINUOUS
10
2.2951335826771655
20
0.6199772834645669
11
2.2999999999999998
21
0.6207480314960629
0
LINE
8
BLACK
6
CONTINUOUS
10
2.2999999999999998
20
0.6207480314960629
11
2.3300000000000001
21
0.6207480314960629
0
LINE
8
BLACK
6
CONTINUOUS
10
2.3300000000000001
20
0.6207480314960629
11
2.4884769291338582
21
0.6207480314960629
0
LINE
8
BLACK
6
CONTINUOUS
10
2.4884769291338582
20
0.6207480314960629
11
2.5192519685039367
21
0.6515230708661417
0
LINE
8
BLACK
6
CONTINUOUS
10
2.5192519685039367
20
0.6515230708661417
11
2.5192519685039367
21
0.8099999999999999
0
LINE
8
BLACK
6
CONTINUOUS
10
2.5192519685039367
20
0.8099999999999999
11
2.5200227165354332
21
0.8148664173228346
0
LINE
8
BLACK
6
CONTINUOUS
10
2.5200227165354332
20
0.8148664173228346
11
2.5222595669291339
21
0.8192564566929134
0
LINE
8
BLACK
6
CONTINUOUS
10
2.5222595669291339
20
0.8192564566929134
11
2.5257435433070867
21
0.8227404330708661
0
LINE
8
BLACK
6
CONTINUOUS
10
2.5257435433070867
20
0.8227404330708661
11
2.5301335826771654
21
0.8249772834645669
0
LINE
8
BLACK
6
CONTINUOUS
10
2.5301335826771654
20
0.8249772834645669
11
2.5350000000000001
21
0.825748031496063
0
LINE
8
BLACK
6
CONTINUOUS
10
2.5462242519685039
20
0.8755541338582677
11
2.5474635433070865
21
0.8755541338582677
0
LINE
8
BLACK
6
CONTINUOUS
10
2.5474635433070865
20
0.8755541338582677
11
2.5486421653543307
21
0.8751711811023621
0
LINE
8
BLACK
6
CONTINUOUS
10
2.5486421653543307
20
0.8751711811023621
11
2.5498664173228347
21
0.8749772834645669
0
LINE
8
BLACK
6
CONTINUOUS
10
2.5498664173228347
20
0.8749772834645669
11
2.5509707480314958
21
0.8744145669291339
0
LINE
8
BLACK
6
CONTINUOUS
10
2.5509707480314958
20
0.8744145669291339
11
2.5521494488188976
21
0.8740316141732283
0
LINE
8
BLACK
6
CONTINUOUS
10
2.5521494488188976
20
0.8740316141732283
11
2.5531521259842518
21
0.8733030708661417
0
LINE
8
BLACK
6
CONTINUOUS
10
2.5531521259842518
20
0.8733030708661417
11
2.5542564566929133
21
0.8727404330708661
0
LINE
8
BLACK
6
CONTINUOUS
10
2.5542564566929133
20
0.8727404330708661
11
2.5551327952755907
21
0.8718640551181103
0
LINE
8
BLACK
6
CONTINUOUS
10
2.5551327952755907
20
0.8718640551181103
11
2.5561355511811024
21
0.8711355511811023
0
LINE
8
BLACK
6
CONTINUOUS
10
2.5561355511811024
20
0.8711355511811023
11
2.5911355511811025
21
0.8361355511811024
0
LINE
8
BLACK
6
CONTINUOUS
10
2.5911355511811025
20
0.8361355511811024
11
2.5918640551181102
21
0.8351327952755905
0
LINE
8
BLACK
6
CONTINUOUS
10
2.5918640551181102
20
0.8351327952755905
11
2.5927404330708659
21
0.8342564566929134
0
LINE
8
BLACK
6
CONTINUOUS
10
2.5927404330708659
20
0.8342564566929134
11
2.5933030708661415
21
0.8331521259842519
0
LINE
8
BLACK
6
CONTINUOUS
10
2.5933030708661415
20
0.8331521259842519
11
2.5940316141732285
21
0.8321494488188976
0
LINE
8
BLACK
6
CONTINUOUS
10
2.5940316141732285
20
0.8321494488188976
11
2.5944146062992126
21
0.8309707086614173
0
LINE
8
BLACK
6
CONTINUOUS
10
2.5944146062992126
20
0.8309707086614173
11
2.594977283464567
21
0.8298664173228346
0
LINE
8
BLACK
6
CONTINUOUS
10
2.594977283464567
20
0.8298664173228346
11
2.5951711417322834
21
0.8286423228346457
0
LINE
8
BLACK
6
CONTINUOUS
10
2.5951711417322834
20
0.8286423228346457
11
2.5955541732283463
21
0.8274635433070866
0
LINE
8
BLACK
6
CONTINUOUS
10
2.5955541732283463
20
0.8274635433070866
11
2.5955541732283463
21
0.8262239763779528
0
LINE
8
BLACK
6
CONTINUOUS
10
2.5955541732283463
20
0.8262239763779528
11
2.595748031496063
21
0.825
0
LINE
8
BLACK
6
CONTINUOUS
10
2.595748031496063
20
0.825
11
2.595748031496063
21
0.755
0
LINE
8
BLACK
6
CONTINUOUS
10
2.595748031496063
20
0.755
11
2.594977283464567
21
0.7501335826771653
0
LINE
8
BLACK
6
CONTINUOUS
10
2.594977283464567
20
0.7501335826771653
11
2.5927404330708659
21
0.7457435433070866
0
LINE
8
BLACK
6
CONTINUOUS
10
2.5927404330708659
20
0.7457435433070866
11
2.5892564566929135
21
0.7422595669291339
0
LINE
8
BLACK
6
CONTINUOUS
10
2.5892564566929135
20
0.7422595669291339
11
2.5848664173228344
21
0.7400227165354331
0
LINE
8
BLACK
6
CONTINUOUS
10
2.5848664173228344
20
0.7400227165354331
11
2.5800000000000001
21
0.739251968503937
0
LINE
8
BLACK
6
CONTINUOUS
10
2.5800000000000001
20
0.739251968503937
11
2.5751335826771653
21
0.7400227165354331
0
LINE
8
BLACK
6
CONTINUOUS
10
2.5751335826771653
20
0.7400227165354331
11
2.5707435433070867
21
0.7422595669291339
0
LINE
8
BLACK
6
CONTINUOUS
10
2.5707435433070867
20
0.7422595669291339
11
2.5672595669291338
21
0.7457435433070866
0
LINE
8
BLACK
6
CONTINUOUS
10
2.5672595669291338
20
0.7457435433070866
11
2.5650227165354331
21
0.7501335826771653
0
LINE
8
BLACK
6
CONTINUOUS
10
2.5650227165354331
20
0.7501335826771653
11
2.5642519685039371
21
0.755
0
LINE
8
BLACK
6
CONTINUOUS
10
2.5642519685039371
20
0.755
11
2.5642519685039371
21
0.8184769291338583
0
LINE
8
BLACK
6
CONTINUOUS
10
2.5642519685039371
20
0.8184769291338583
11
2.538476929133858
21
0.844251968503937
0
LINE
8
BLACK
6
CONTINUOUS
10
2.538476929133858
20
0.844251968503937
11
2.0449999999999999
21
0.844251968503937
0
LINE
8
BLACK
6
CONTINUOUS
10
2.0449999999999999
20
0.844251968503937
11
2.0401335826771652
21
0.845022716535433
0
LINE
8
BLACK
6
CONTINUOUS
10
2.0401335826771652
20
0.845022716535433
11
2.0357435433070865
21
0.8472595669291338
0
LINE
8
BLACK
6
CONTINUOUS
10
2.0357435433070865
20
0.8472595669291338
11
2.0322595669291337
21
0.8507435433070866
0
LINE
8
BLACK
6
CONTINUOUS
10
2.0322595669291337
20
0.8507435433070866
11
2.030022716535433
21
0.8551335826771653
0
LINE
8
BLACK
6
CONTINUOUS
10
2.030022716535433
20
0.8551335826771653
11
2.029251968503937
21
0.86
0
LINE
8
BLACK
6
CONTINUOUS
10
2.029251968503937
20
0.86
11
2.030022716535433
21
0.8648664173228346
0
LINE
8
BLACK
6
CONTINUOUS
10
2.030022716535433
20
0.8648664173228346
11
2.0322595669291337
21
0.8692564566929134
0
LINE
8
BLACK
6
CONTINUOUS
10
2.0322595669291337
20
0.8692564566929134
11
2.0357435433070865
21
0.8727404330708661
0
LINE
8
BLACK
6
CONTINUOUS
10
2.0357435433070865
20
0.8727404330708661
11
2.0401335826771652
21
0.8749772834645669
0
LINE
8
BLACK
6
CONTINUOUS
10
2.0401335826771652
20
0.8749772834645669
11
2.0449999999999999
21
0.875748031496063
0
LINE
8
BLACK
6
CONTINUOUS
10
2.0449999999999999
20
0.875748031496063
11
2.5449999999999999
21
0.875748031496063
0
LINE
8
BLACK
6
CONTINUOUS
10
2.5449999999999999
20
0.875748031496063
11
2.5462242519685039
21
0.8755541338582677
0
LINE
8
BLACK
6
CONTINUOUS
10
2.0800000000000001
20
0.895
11
2.02
21
0.895
0
LINE
8
BLACK
6
CONTINUOUS
10
2.02
20
0.895
11
2.02
21
0.955
0
LINE
8
BLACK
6
CONTINUOUS
10
2.02
20
0.955
11
2.0800000000000001
21
0.955
0
LINE
8
BLACK
6
CONTINUOUS
10
2.0800000000000001
20
0.955
11
2.0800000000000001
21
0.895
0
LINE
8
BLACK
6
CONTINUOUS
10
2.1800000000000002
20
0.895
11
2.1200000000000001
21
0.895
0
LINE
8
BLACK
6
CONTINUOUS
10
2.1200000000000001
20
0.895
11
2.1200000000000001
21
0.955
0
LINE
8
BLACK
6
CONTINUOUS
10
2.1200000000000001
20
0.955
11
2.1800000000000002
21
0.955
0
LINE
8
BLACK
6
CONTINUOUS
10
2.1800000000000002
20
0.955
11
2.1800000000000002
21
0.895
0
LINE
8
BLACK
6
CONTINUOUS
10
2.5933433464566931
20
1.1719581496062992
11
2.5977333858267717
21
1.1697212992125985
0
LINE
8
BLACK
6
CONTINUOUS
10
2.5977333858267717
20
1.1697212992125985
11
2.6012173622047245
21
1.1662373228346457
0
LINE
8
BLACK
6
CONTINUOUS
10
2.6012173622047245
20
1.1662373228346457
11
2.6034542125984252
21
1.161847283464567
0
LINE
8
BLACK
6
CONTINUOUS
10
2.6034542125984252
20
1.161847283464567
11
2.6042249606299213
21
1.1569808661417322
0
LINE
8
BLACK
6
CONTINUOUS
10
2.6042249606299213
20
1.1569808661417322
11
2.6035942913385828
21
1.1529989763779527
0
LINE
8
BLACK
6
CONTINUOUS
10
2.6035942913385828
20
1.1529989763779527
11
2.7372232283464566
21
1.0193701181102361
0
LINE
8
BLACK
6
CONTINUOUS
10
2.7372232283464566
20
1.0193701181102361
11
2.7885038976377952
21
1.0193701181102361
0
LINE
8
BLACK
6
CONTINUOUS
10
2.7885038976377952
20
1.0193701181102361
11
2.7897918110236222
21
1.0190761417322833
0
LINE
8
BLACK
6
CONTINUOUS
10
2.7897918110236222
20
1.0190761417322833
11
2.7911045275590549
21
1.0189282677165354
0
LINE
8
BLACK
6
CONTINUOUS
10
2.7911045275590549
20
1.0189282677165354
11
2.7914837007874014
21
1.0186899999999999
0
LINE
8
BLACK
6
CONTINUOUS
10
2.7914837007874014
20
1.0186899999999999
11
2.7919203149606298
21
1.0185903543307087
0
LINE
8
BLACK
6
CONTINUOUS
10
2.7919203149606298
20
1.0185903543307087
11
2.7929531889763779
21
1.0177666141732282
0
LINE
8
BLACK
6
CONTINUOUS
10
2.7929531889763779
20
1.0177666141732282
11
2.7940716535433072
21
1.0170638582677165
0
LINE
8
BLACK
6
CONTINUOUS
10
2.7940716535433072
20
1.0170638582677165
11
2.8260181496062993
21
0.9851173622047243
0
LINE
8
BLACK
6
CONTINUOUS
10
2.8260181496062993
20
0.9851173622047243
11
2.8300000000000001
21
0.9857480314960629
0
LINE
8
BLACK
6
CONTINUOUS
10
2.8300000000000001
20
0.9857480314960629
11
2.8348664173228344
21
0.9849772834645669
0
LINE
8
BLACK
6
CONTINUOUS
10
2.8348664173228344
20
0.9849772834645669
11
2.8392564566929135
21
0.9827404330708661
0
LINE
8
BLACK
6
CONTINUOUS
10
2.8392564566929135
20
0.9827404330708661
11
2.8427404330708659
21
0.9792564566929134
0
LINE
8
BLACK
6
CONTINUOUS
10
2.8427404330708659
20
0.9792564566929134
11
2.844977283464567
21
0.9748664173228346
0
LINE
8
BLACK
6
CONTINUOUS
10
2.844977283464567
20
0.9748664173228346
11
2.845748031496063
21
0.97
0
LINE
8
BLACK
6
CONTINUOUS
10
2.845748031496063
20
0.97
11
2.844977283464567
21
0.9651335826771653
0
LINE
8
BLACK
6
CONTINUOUS
10
2.844977283464567
20
0.9651335826771653
11
2.8427404330708659
21
0.9607435433070866
0
LINE
8
BLACK
6
CONTINUOUS
10
2.8427404330708659
20
0.9607435433070866
11
2.8392564566929135
21
0.9572595669291338
0
LINE
8
BLACK
6
CONTINUOUS
10
2.8392564566929135
20
0.9572595669291338
11
2.8348664173228344
21
0.955022716535433
0
LINE
8
BLACK
6
CONTINUOUS
10
2.8348664173228344
20
0.955022716535433
11
2.8300000000000001
21
0.954251968503937
0
LINE
8
BLACK
6
CONTINUOUS
10
2.8300000000000001
20
0.954251968503937
11
2.8251335826771653
21
0.955022716535433
0
LINE
8
BLACK
6
CONTINUOUS
10
2.8251335826771653
20
0.955022716535433
11
2.8207435433070867
21
0.9572595669291338
0
LINE
8
BLACK
6
CONTINUOUS
10
2.8207435433070867
20
0.9572595669291338
11
2.8172595669291338
21
0.9607435433070866
0
LINE
8
BLACK
6
CONTINUOUS
10
2.8172595669291338
20
0.9607435433070866
11
2.8150227165354331
21
0.9651335826771653
0
LINE
8
BLACK
6
CONTINUOUS
10
2.8150227165354331
20
0.9651335826771653
11
2.8142519685039371
21
0.97
0
LINE
8
BLACK
6
CONTINUOUS
10
2.8142519685039371
20
0.97
11
2.8148825984251968
21
0.973981811023622
0
LINE
8
BLACK
6
CONTINUOUS
10
2.8148825984251968
20
0.973981811023622
11
2.785242401574803
21
1.0036220866141732
0
LINE
8
BLACK
6
CONTINUOUS
10
2.785242401574803
20
1.0036220866141732
11
2.7339616929133856
21
1.0036220866141732
0
LINE
8
BLACK
6
CONTINUOUS
10
2.7339616929133856
20
1.0036220866141732
11
2.7326737401574803
21
1.0039160236220472
0
LINE
8
BLACK
6
CONTINUOUS
10
2.7326737401574803
20
1.0039160236220472
11
2.7313610629921259
21
1.0040639370078739
0
LINE
8
BLACK
6
CONTINUOUS
10
2.7313610629921259
20
1.0040639370078739
11
2.7309818503937007
21
1.0043021653543307
0
LINE
8
BLACK
6
CONTINUOUS
10
2.7309818503937007
20
1.0043021653543307
11
2.730545275590551
21
1.0044018503937007
0
LINE
8
BLACK
6
CONTINUOUS
10
2.730545275590551
20
1.0044018503937007
11
2.7295125196850392
21
1.0052254330708661
0
LINE
8
BLACK
6
CONTINUOUS
10
2.7295125196850392
20
1.0052254330708661
11
2.728393937007874
21
1.0059283070866141
0
LINE
8
BLACK
6
CONTINUOUS
10
2.728393937007874
20
1.0059283070866141
11
2.5924587795275591
21
1.141863464566929
0
LINE
8
BLACK
6
CONTINUOUS
10
2.5924587795275591
20
1.141863464566929
11
2.5884769291338583
21
1.1412328346456693
0
LINE
8
BLACK
6
CONTINUOUS
10
2.5884769291338583
20
1.1412328346456693
11
2.5836105118110235
21
1.1420035826771653
0
LINE
8
BLACK
6
CONTINUOUS
10
2.5836105118110235
20
1.1420035826771653
11
2.5792204724409449
21
1.1442404330708662
0
LINE
8
BLACK
6
CONTINUOUS
10
2.5792204724409449
20
1.1442404330708662
11
2.575736496062992
21
1.1477244094488188
0
LINE
8
BLACK
6
CONTINUOUS
10
2.575736496062992
20
1.1477244094488188
11
2.5734996456692913
21
1.1521144488188977
0
LINE
8
BLACK
6
CONTINUOUS
10
2.5734996456692913
20
1.1521144488188977
11
2.5727288976377953
21
1.1569808661417322
0
LINE
8
BLACK
6
CONTINUOUS
10
2.5727288976377953
20
1.1569808661417322
11
2.5734996456692913
21
1.161847283464567
0
LINE
8
BLACK
6
CONTINUOUS
10
2.5734996456692913
20
1.161847283464567
11
2.575736496062992
21
1.1662373228346457
0
LINE
8
BLACK
6
CONTINUOUS
10
2.575736496062992
20
1.1662373228346457
11
2.5792204724409449
21
1.1697212992125985
0
LINE
8
BLACK
6
CONTINUOUS
10
2.5792204724409449
20
1.1697212992125985
11
2.5836105118110235
21
1.1719581496062992
0
LINE
8
BLACK
6
CONTINUOUS
10
2.5836105118110235
20
1.1719581496062992
11
2.5884769291338583
21
1.1727288976377952
0
LINE
8
BLACK
6
CONTINUOUS
10
2.5884769291338583
20
1.1727288976377952
11
2.5933433464566931
21
1.1719581496062992
0
LINE
8
BLACK
6
CONTINUOUS
10
2.5798664173228345
20
1.1149772834645668
11
2.5842564566929132
21
1.1127404330708661
0
LINE
8
BLACK
6
CONTINUOUS
10
2.5842564566929132
20
1.1127404330708661
11
2.587740433070866
21
1.1092564566929133
0
LINE
8
BLACK
6
CONTINUOUS
10
2.587740433070866
20
1.1092564566929133
11
2.5899772834645667
21
1.1048664173228346
0
LINE
8
BLACK
6
CONTINUOUS
10
2.5899772834645667
20
1.1048664173228346
11
2.5907480314960631
21
1.0999999999999999
0
LINE
8
BLACK
6
CONTINUOUS
10
2.5907480314960631
20
1.0999999999999999
11
2.5899772834645667
21
1.0951335826771653
0
LINE
8
BLACK
6
CONTINUOUS
10
2.5899772834645667
20
1.0951335826771653
11
2.587740433070866
21
1.0907435433070867
0
LINE
8
BLACK
6
CONTINUOUS
10
2.587740433070866
20
1.0907435433070867
11
2.5842564566929132
21
1.0872595669291338
0
LINE
8
BLACK
6
CONTINUOUS
10
2.5842564566929132
20
1.0872595669291338
11
2.5798664173228345
21
1.0850227165354331
0
LINE
8
BLACK
6
CONTINUOUS
10
2.5798664173228345
20
1.0850227165354331
11
2.5749999999999997
21
1.0842519685039369
0
LINE
8
BLACK
6
CONTINUOUS
10
2.5749999999999997
20
1.0842519685039369
11
2.5701335826771654
21
1.0850227165354331
0
LINE
8
BLACK
6
CONTINUOUS
10
2.5701335826771654
20
1.0850227165354331
11
2.5657435433070868
21
1.0872595669291338
0
LINE
8
BLACK
6
CONTINUOUS
10
2.5657435433070868
20
1.0872595669291338
11
2.5622595669291339
21
1.0907435433070867
0
LINE
8
BLACK
6
CONTINUOUS
10
2.5622595669291339
20
1.0907435433070867
11
2.5615551574803148
21
1.0921259842519684
0
LINE
8
BLACK
6
CONTINUOUS
10
2.5615551574803148
20
1.0921259842519684
11
1.908261496062992
21
1.0921259842519684
0
LINE
8
BLACK
6
CONTINUOUS
10
1.908261496062992
20
1.0921259842519684
11
1.9080677559055117
21
1.0919322440944881
0
LINE
8
BLACK
6
CONTINUOUS
10
1.9080677559055117
20
1.0919322440944881
11
1.798835433070866
21
0.9826999212598425
0
LINE
8
BLACK
6
CONTINUOUS
10
1.798835433070866
20
0.9826999212598425
11
1.7977169685039369
21
0.9819971259842519
0
LINE
8
BLACK
6
CONTINUOUS
10
1.7977169685039369
20
0.9819971259842519
11
1.796684094488189
21
0.9811734251968504
0
LINE
8
BLACK
6
CONTINUOUS
10
1.796684094488189
20
0.9811734251968504
11
1.7962474803149606
21
0.9810737401574803
0
LINE
8
BLACK
6
CONTINUOUS
10
1.7962474803149606
20
0.9810737401574803
11
1.7958683070866142
21
0.9808355118110236
0
LINE
8
BLACK
6
CONTINUOUS
10
1.7958683070866142
20
0.9808355118110236
11
1.794555590551181
21
0.9806875984251968
0
LINE
8
BLACK
6
CONTINUOUS
10
1.794555590551181
20
0.9806875984251968
11
1.7932676771653542
21
0.9803936614173228
0
LINE
8
BLACK
6
CONTINUOUS
10
1.7932676771653542
20
0.9803936614173228
11
1.3444095669291338
21
0.9803936614173228
0
LINE
8
BLACK
6
CONTINUOUS
10
1.3444095669291338
20
0.9803936614173228
11
1.3431216141732283
21
0.9806875984251968
0
LINE
8
BLACK
6
CONTINUOUS
10
1.3431216141732283
20
0.9806875984251968
11
1.3418089370078741
21
0.9808355118110236
0
LINE
8
BLACK
6
CONTINUOUS
10
1.3418089370078741
20
0.9808355118110236
11
1.3414297244094489
21
0.9810737401574803
0
LINE
8
BLACK
6
CONTINUOUS
10
1.3414297244094489
20
0.9810737401574803
11
1.3409931496062992
21
0.9811734251968504
0
LINE
8
BLACK
6
CONTINUOUS
10
1.3409931496062992
20
0.9811734251968504
11
1.3399602362204723
21
0.9819971259842519
0
LINE
8
BLACK
6
CONTINUOUS
10
1.3399602362204723
20
0.9819971259842519
11
1.338841811023622
21
0.9826999212598425
0
LINE
8
BLACK
6
CONTINUOUS
10
1.338841811023622
20
0.9826999212598425
11
1.324415748031496
21
0.9971259842519685
0
LINE
8
BLACK
6
CONTINUOUS
10
1.324415748031496
20
0.9971259842519685
11
1.2534448425196849
21
0.9971259842519685
0
LINE
8
BLACK
6
CONTINUOUS
10
1.2534448425196849
20
0.9971259842519685
11
1.252740433070866
21
0.9957435433070866
0
LINE
8
BLACK
6
CONTINUOUS
10
1.252740433070866
20
0.9957435433070866
11
1.2492564566929134
21
0.9922595669291339
0
LINE
8
BLACK
6
CONTINUOUS
10
1.2492564566929134
20
0.9922595669291339
11
1.2448664173228345
21
0.9900227165354331
0
LINE
8
BLACK
6
CONTINUOUS
10
1.2448664173228345
20
0.9900227165354331
11
1.24
21
0.989251968503937
0
LINE
8
BLACK
6
CONTINUOUS
10
1.24
20
0.989251968503937
11
1.2351335826771652
21
0.9900227165354331
0
LINE
8
BLACK
6
CONTINUOUS
10
1.2351335826771652
20
0.9900227165354331
11
1.2307435433070866
21
0.9922595669291339
0
LINE
8
BLACK
6
CONTINUOUS
10
1.2307435433070866
20
0.9922595669291339
11
1.2272595669291337
21
0.9957435433070866
0
LINE
8
BLACK
6
CONTINUOUS
10
1.2272595669291337
20
0.9957435433070866
11
1.225022716535433
21
1.0001335826771653
0
LINE
8
BLACK
6
CONTINUOUS
10
1.225022716535433
20
1.0001335826771653
11
1.224251968503937
21
1.0049999999999999
0
LINE
8
BLACK
6
CONTINUOUS
10
1.224251968503937
20
1.0049999999999999
11
1.225022716535433
21
1.0098664173228347
0
LINE
8
BLACK
6
CONTINUOUS
10
1.225022716535433
20
1.0098664173228347
11
1.2272595669291337
21
1.0142564566929133
0
LINE
8
BLACK
6
CONTINUOUS
10
1.2272595669291337
20
1.0142564566929133
11
1.2307435433070866
21
1.0177404330708661
0
LINE
8
BLACK
6
CONTINUOUS
10
1.2307435433070866
20
1.0177404330708661
11
1.2351335826771652
21
1.0199772834645668
0
LINE
8
BLACK
6
CONTINUOUS
10
1.2351335826771652
20
1.0199772834645668
11
1.24
21
1.0207480314960631
0
LINE
8
BLACK
6
CONTINUOUS
10
1.24
20
1.0207480314960631
11
1.2448664173228345
21
1.0199772834645668
0
LINE
8
BLACK
6
CONTINUOUS
10
1.2448664173228345
20
1.0199772834645668
11
1.2492564566929134
21
1.0177404330708661
0
LINE
8
BLACK
6
CONTINUOUS
10
1.2492564566929134
20
1.0177404330708661
11
1.252740433070866
21
1.0142564566929133
0
LINE
8
BLACK
6
CONTINUOUS
10
1.252740433070866
20
1.0142564566929133
11
1.2534448425196849
21
1.0128740157480314
0
LINE
8
BLACK
6
CONTINUOUS
10
1.2534448425196849
20
1.0128740157480314
11
1.3276772440944882
21
1.0128740157480314
0
LINE
8
BLACK
6
CONTINUOUS
10
1.3276772440944882
20
1.0128740157480314
11
1.328965157480315
21
1.0125800393700788
0
LINE
8
BLACK
6
CONTINUOUS
10
1.328965157480315
20
1.0125800393700788
11
1.3302778740157479
21
1.0124321653543307
0
LINE
8
BLACK
6
CONTINUOUS
10
1.3302778740157479
20
1.0124321653543307
11
1.3306570472440944
21
1.0121938976377953
0
LINE
8
BLACK
6
CONTINUOUS
10
1.3306570472440944
20
1.0121938976377953
11
1.3310936614173228
21
1.0120942519685039
0
LINE
8
BLACK
6
CONTINUOUS
10
1.3310936614173228
20
1.0120942519685039
11
1.3321265354330709
21
1.0112705118110237
0
LINE
8
BLACK
6
CONTINUOUS
10
1.3321265354330709
20
1.0112705118110237
11
1.333245
21
1.0105677559055117
0
LINE
8
BLACK
6
CONTINUOUS
10
1.333245
20
1.0105677559055117
11
1.347671062992126
21
0.9961416929133858
0
LINE
8
BLACK
6
CONTINUOUS
10
1.347671062992126
20
0.9961416929133858
11
1.7900061811023622
21
0.9961416929133858
0
LINE
8
BLACK
6
CONTINUOUS
10
1.7900061811023622
20
0.9961416929133858
11
1.8969322440944882
21
1.1030677559055118
0
LINE
8
BLACK
6
CONTINUOUS
10
1.8969322440944882
20
1.1030677559055118
11
1.8994322440944882
21
1.1055677952755905
0
LINE
8
BLACK
6
CONTINUOUS
10
1.8994322440944882
20
1.1055677952755905
11
1.900550748031496
21
1.1062705905511812
0
LINE
8
BLACK
6
CONTINUOUS
10
1.900550748031496
20
1.1062705905511812
11
1.9015835826771652
21
1.1070942519685039
0
LINE
8
BLACK
6
CONTINUOUS
10
1.9015835826771652
20
1.1070942519685039
11
1.9020201968503936
21
1.1071938976377953
0
LINE
8
BLACK
6
CONTINUOUS
10
1.9020201968503936
20
1.1071938976377953
11
1.9023994094488188
21
1.1074321653543306
0
LINE
8
BLACK
6
CONTINUOUS
10
1.9023994094488188
20
1.1074321653543306
11
1.9037121653543307
21
1.1075800787401575
0
LINE
8
BLACK
6
CONTINUOUS
10
1.9037121653543307
20
1.1075800787401575
11
1.905
21
1.1078740157480316
0
LINE
8
BLACK
6
CONTINUOUS
10
1.905
20
1.1078740157480316
11
2.5615551574803148
21
1.1078740157480316
0
LINE
8
BLACK
6
CONTINUOUS
10
2.5615551574803148
20
1.1078740157480316
11
2.5622595669291339
21
1.1092564566929133
0
LINE
8
BLACK
6
CONTINUOUS
10
2.5622595669291339
20
1.1092564566929133
11
2.5657435433070868
21
1.1127404330708661
0
LINE
8
BLACK
6
CONTINUOUS
10
2.5657435433070868
20
1.1127404330708661
11
2.5701335826771654
21
1.1149772834645668
0
LINE
8
BLACK
6
CONTINUOUS
10
2.5701335826771654
20
1.1149772834645668
11
2.5749999999999997
21
1.1157480314960631
0
LINE
8
BLACK
6
CONTINUOUS
10
2.5749999999999997
20
1.1157480314960631
11
2.5798664173228345
21
1.1149772834645668
0
LINE
8
BLACK
6
CONTINUOUS
10
1.98
20
0.995
11
1.9199999999999999
21
0.995
0
LINE
8
BLACK
6
CONTINUOUS
10
1.9199999999999999
20
0.995
11
1.9199999999999999
21
1.0549999999999999
0
LINE
8
BLACK
6
CONTINUOUS
10
1.9199999999999999
20
1.0549999999999999
11
1.98
21
1.0549999999999999
0
LINE
8
BLACK
6
CONTINUOUS
10
1.98
20
1.0549999999999999
11
1.98
21
0.995
0
LINE
8
BLACK
6
CONTINUOUS
10
2.0800000000000001
20
0.995
11
2.02
21
0.995
0
LINE
8
BLACK
6
CONTINUOUS
10
2.02
20
0.995
11
2.02
21
1.0549999999999999
0
LINE
8
BLACK
6
CONTINUOUS
10
2.02
20
1.0549999999999999
11
2.0800000000000001
21
1.0549999999999999
0
LINE
8
BLACK
6
CONTINUOUS
10
2.0800000000000001
20
1.0549999999999999
11
2.0800000000000001
21
0.995
0
LINE
8
BLACK
6
CONTINUOUS
10
2.1800000000000002
20
0.995
11
2.1200000000000001
21
0.995
0
LINE
8
BLACK
6
CONTINUOUS
10
2.1200000000000001
20
0.995
11
2.1200000000000001
21
1.0549999999999999
0
LINE
8
BLACK
6
CONTINUOUS
10
2.1200000000000001
20
1.0549999999999999
11
2.1800000000000002
21
1.0549999999999999
0
LINE
8
BLACK
6
CONTINUOUS
10
2.1800000000000002
20
1.0549999999999999
11
2.1800000000000002
21
0.995
0
LINE
8
BLACK
6
CONTINUOUS
10
1.4861656299212598
20
1.454741062992126
11
1.4905556692913386
21
1.4525042125984251
0
LINE
8
BLACK
6
CONTINUOUS
10
1.4905556692913386
20
1.4525042125984251
11
1.4940396456692913
21
1.4490202362204725
0
LINE
8
BLACK
6
CONTINUOUS
10
1.4940396456692913
20
1.4490202362204725
11
1.4962764960629922
21
1.4446301968503936
0
LINE
8
BLACK
6
CONTINUOUS
10
1.4962764960629922
20
1.4446301968503936
11
1.4970472440944882
21
1.4397637795275591
0
LINE
8
BLACK
6
CONTINUOUS
10
1.4970472440944882
20
1.4397637795275591
11
1.4962764960629922
21
1.4348973622047243
0
LINE
8
BLACK
6
CONTINUOUS
10
1.4962764960629922
20
1.4348973622047243
11
1.4940396456692913
21
1.4305073228346457
0
LINE
8
BLACK
6
CONTINUOUS
10
1.4940396456692913
20
1.4305073228346457
11
1.4905556692913386
21
1.4270233464566928
0
LINE
8
BLACK
6
CONTINUOUS
10
1.4905556692913386
20
1.4270233464566928
11
1.4891732283464567
21
1.4263189370078739
0
LINE
8
BLACK
6
CONTINUOUS
10
1.4891732283464567
20
1.4263189370078739
11
1.4891732283464567
21
1.1897637795275591
0
LINE
8
BLACK
6
CONTINUOUS
10
1.4891732283464567
20
1.1897637795275591
11
1.4888792519685039
21
1.1884758267716535
0
LINE
8
BLACK
6
CONTINUOUS
10
1.4888792519685039
20
1.1884758267716535
11
1.4887313779527558
21
1.1871631496062991
0
LINE
8
BLACK
6
CONTINUOUS
10
1.4887313779527558
20
1.1871631496062991
11
1.4884931102362204
21
1.1867839370078739
0
LINE
8
BLACK
6
CONTINUOUS
10
1.4884931102362204
20
1.1867839370078739
11
1.488393464566929
21
1.1863473622047245
0
LINE
8
BLACK
6
CONTINUOUS
10
1.488393464566929
20
1.1863473622047245
11
1.487569842519685
21
1.1853146062992126
0
LINE
8
BLACK
6
CONTINUOUS
10
1.487569842519685
20
1.1853146062992126
11
1.4868670078740158
21
1.1841960236220472
0
LINE
8
BLACK
6
CONTINUOUS
10
1.4868670078740158
20
1.1841960236220472
11
1.3464165748031496
21
1.0437456299212597
0
LINE
8
BLACK
6
CONTINUOUS
10
1.3464165748031496
20
1.0437456299212597
11
1.3470472440944881
21
1.0397637795275589
0
LINE
8
BLACK
6
CONTINUOUS
10
1.3470472440944881
20
1.0397637795275589
11
1.346276496062992
21
1.0348973622047244
0
LINE
8
BLACK
6
CONTINUOUS
10
1.346276496062992
20
1.0348973622047244
11
1.3440396456692913
21
1.0305073228346457
0
LINE
8
BLACK
6
CONTINUOUS
10
1.3440396456692913
20
1.0305073228346457
11
1.3405556692913385
21
1.0270233464566929
0
LINE
8
BLACK
6
CONTINUOUS
10
1.3405556692913385
20
1.0270233464566929
11
1.3361656299212599
21
1.024786496062992
0
LINE
8
BLACK
6
CONTINUOUS
10
1.3361656299212599
20
1.024786496062992
11
1.3312992125984251
21
1.024015748031496
0
LINE
8
BLACK
6
CONTINUOUS
10
1.3312992125984251
20
1.024015748031496
11
1.3264327952755905
21
1.024786496062992
0
LINE
8
BLACK
6
CONTINUOUS
10
1.3264327952755905
20
1.024786496062992
11
1.3220427559055117
21
1.0270233464566929
0
LINE
8
BLACK
6
CONTINUOUS
10
1.3220427559055117
20
1.0270233464566929
11
1.3185587795275591
21
1.0305073228346457
0
LINE
8
BLACK
6
CONTINUOUS
10
1.3185587795275591
20
1.0305073228346457
11
1.3163219291338581
21
1.0348973622047244
0
LINE
8
BLACK
6
CONTINUOUS
10
1.3163219291338581
20
1.0348973622047244
11
1.3155511811023621
21
1.0397637795275589
0
LINE
8
BLACK
6
CONTINUOUS
10
1.3155511811023621
20
1.0397637795275589
11
1.3163219291338581
21
1.0446301968503937
0
LINE
8
BLACK
6
CONTINUOUS
10
1.3163219291338581
20
1.0446301968503937
11
1.3185587795275591
21
1.0490202362204724
0
LINE
8
BLACK
6
CONTINUOUS
10
1.3185587795275591
20
1.0490202362204724
11
1.3220427559055117
21
1.0525042125984252
0
LINE
8
BLACK
6
CONTINUOUS
10
1.3220427559055117
20
1.0525042125984252
11
1.3264327952755905
21
1.0547410629921259
0
LINE
8
BLACK
6
CONTINUOUS
10
1.3264327952755905
20
1.0547410629921259
11
1.3312992125984251
21
1.0555118110236221
0
LINE
8
BLACK
6
CONTINUOUS
10
1.3312992125984251
20
1.0555118110236221
11
1.3352810629921259
21
1.0548811417322834
0
LINE
8
BLACK
6
CONTINUOUS
10
1.3352810629921259
20
1.0548811417322834
11
1.4734251968503937
21
1.193025275590551
0
LINE
8
BLACK
6
CONTINUOUS
10
1.4734251968503937
20
1.193025275590551
11
1.4734251968503937
21
1.4263189370078739
0
LINE
8
BLACK
6
CONTINUOUS
10
1.4734251968503937
20
1.4263189370078739
11
1.4720427559055118
21
1.4270233464566928
0
LINE
8
BLACK
6
CONTINUOUS
10
1.4720427559055118
20
1.4270233464566928
11
1.468558779527559
21
1.4305073228346457
0
LINE
8
BLACK
6
CONTINUOUS
10
1.468558779527559
20
1.4305073228346457
11
1.4663219291338583
21
1.4348973622047243
0
LINE
8
BLACK
6
CONTINUOUS
10
1.4663219291338583
20
1.4348973622047243
11
1.4655511811023623
21
1.4397637795275591
0
LINE
8
BLACK
6
CONTINUOUS
10
1.4655511811023623
20
1.4397637795275591
11
1.4663219291338583
21
1.4446301968503936
0
LINE
8
BLACK
6
CONTINUOUS
10
1.4663219291338583
20
1.4446301968503936
11
1.468558779527559
21
1.4490202362204725
0
LINE
8
BLACK
6
CONTINUOUS
10
1.468558779527559
20
1.4490202362204725
11
1.4720427559055118
21
1.4525042125984251
0
LINE
8
BLACK
6
CONTINUOUS
10
1.4720427559055118
20
1.4525042125984251
11
1.4764327952755905
21
1.454741062992126
0
LINE
8
BLACK
6
CONTINUOUS
10
1.4764327952755905
20
1.454741062992126
11
1.4812992125984252
21
1.455511811023622
0
LINE
8
BLACK
6
CONTINUOUS
10
1.4812992125984252
20
1.455511811023622
11
1.4861656299212598
21
1.454741062992126
0
LINE
8
BLACK
6
CONTINUOUS
10
2.6448664173228345
20
1.1649772834645669
11
2.6492564566929135
21
1.1627404330708662
0
LINE
8
BLACK
6
CONTINUOUS
10
2.6492564566929135
20
1.1627404330708662
11
2.6527404330708659
21
1.1592564566929133
0
LINE
8
BLACK
6
CONTINUOUS
10
2.6527404330708659
20
1.1592564566929133
11
2.6549772834645671
21
1.1548664173228347
0
LINE
8
BLACK
6
CONTINUOUS
10
2.6549772834645671
20
1.1548664173228347
11
2.6557480314960631
21
1.1499999999999999
0
LINE
8
BLACK
6
CONTINUOUS
10
2.6557480314960631
20
1.1499999999999999
11
2.6551173622047242
21
1.1460181102362204
0
LINE
8
BLACK
6
CONTINUOUS
10
2.6551173622047242
20
1.1460181102362204
11
2.717038307086614
21
1.0840972440944883
0
LINE
8
BLACK
6
CONTINUOUS
10
2.717038307086614
20
1.0840972440944883
11
2.7965857874015749
21
1.0840972440944883
0
LINE
8
BLACK
6
CONTINUOUS
10
2.7965857874015749
20
1.0840972440944883
11
2.7972901968503936
21
1.08547968503937
0
LINE
8
BLACK
6
CONTINUOUS
10
2.7972901968503936
20
1.08547968503937
11
2.8007741732283464
21
1.0889636614173228
0
LINE
8
BLACK
6
CONTINUOUS
10
2.8007741732283464
20
1.0889636614173228
11
2.8051642125984251
21
1.0912005118110235
0
LINE
8
BLACK
6
CONTINUOUS
10
2.8051642125984251
20
1.0912005118110235
11
2.8100306299212598
21
1.0919712598425197
0
LINE
8
BLACK
6
CONTINUOUS
10
2.8100306299212598
20
1.0919712598425197
11
2.8148970472440946
21
1.0912005118110235
0
LINE
8
BLACK
6
CONTINUOUS
10
2.8148970472440946
20
1.0912005118110235
11
2.8192870866141733
21
1.0889636614173228
0
LINE
8
BLACK
6
CONTINUOUS
10
2.8192870866141733
20
1.0889636614173228
11
2.8227710629921261
21
1.08547968503937
0
LINE
8
BLACK
6
CONTINUOUS
10
2.8227710629921261
20
1.08547968503937
11
2.8250079133858268
21
1.0810896456692913
0
LINE
8
BLACK
6
CONTINUOUS
10
2.8250079133858268
20
1.0810896456692913
11
2.8257786614173228
21
1.0762232283464566
0
LINE
8
BLACK
6
CONTINUOUS
10
2.8257786614173228
20
1.0762232283464566
11
2.8250079133858268
21
1.071356811023622
0
LINE
8
BLACK
6
CONTINUOUS
10
2.8250079133858268
20
1.071356811023622
11
2.8227710629921261
21
1.0669667716535434
0
LINE
8
BLACK
6
CONTINUOUS
10
2.8227710629921261
20
1.0669667716535434
11
2.8192870866141733
21
1.0634827952755905
0
LINE
8
BLACK
6
CONTINUOUS
10
2.8192870866141733
20
1.0634827952755905
11
2.8148970472440946
21
1.0612459448818898
0
LINE
8
BLACK
6
CONTINUOUS
10
2.8148970472440946
20
1.0612459448818898
11
2.8100306299212598
21
1.0604751968503936
0
LINE
8
BLACK
6
CONTINUOUS
10
2.8100306299212598
20
1.0604751968503936
11
2.8051642125984251
21
1.0612459448818898
0
LINE
8
BLACK
6
CONTINUOUS
10
2.8051642125984251
20
1.0612459448818898
11
2.8007741732283464
21
1.0634827952755905
0
LINE
8
BLACK
6
CONTINUOUS
10
2.8007741732283464
20
1.0634827952755905
11
2.7972901968503936
21
1.0669667716535434
0
LINE
8
BLACK
6
CONTINUOUS
10
2.7972901968503936
20
1.0669667716535434
11
2.7965857874015749
21
1.0683492125984251
0
LINE
8
BLACK
6
CONTINUOUS
10
2.7965857874015749
20
1.0683492125984251
11
2.713776771653543
21
1.0683492125984251
0
LINE
8
BLACK
6
CONTINUOUS
10
2.713776771653543
20
1.0683492125984251
11
2.7124888188976377
21
1.0686431496062991
0
LINE
8
BLACK
6
CONTINUOUS
10
2.7124888188976377
20
1.0686431496062991
11
2.7111761417322833
21
1.068791062992126
0
LINE
8
BLACK
6
CONTINUOUS
10
2.7111761417322833
20
1.068791062992126
11
2.7107969291338581
21
1.0690292913385826
0
LINE
8
BLACK
6
CONTINUOUS
10
2.7107969291338581
20
1.0690292913385826
11
2.7103603543307084
21
1.0691289763779528
0
LINE
8
BLACK
6
CONTINUOUS
10
2.7103603543307084
20
1.0691289763779528
11
2.7093275196850395
21
1.0699525984251967
0
LINE
8
BLACK
6
CONTINUOUS
10
2.7093275196850395
20
1.0699525984251967
11
2.7082089763779527
21
1.0706554724409449
0
LINE
8
BLACK
6
CONTINUOUS
10
2.7082089763779527
20
1.0706554724409449
11
2.6439818503937009
21
1.1348825984251969
0
LINE
8
BLACK
6
CONTINUOUS
10
2.6439818503937009
20
1.1348825984251969
11
2.6400000000000001
21
1.1342519685039369
0
LINE
8
BLACK
6
CONTINUOUS
10
2.6400000000000001
20
1.1342519685039369
11
2.6351335826771654
21
1.135022716535433
0
LINE
8
BLACK
6
CONTINUOUS
10
2.6351335826771654
20
1.135022716535433
11
2.6307435433070867
21
1.1372595669291339
0
LINE
8
BLACK
6
CONTINUOUS
10
2.6307435433070867
20
1.1372595669291339
11
2.6272595669291339
21
1.1407435433070865
0
LINE
8
BLACK
6
CONTINUOUS
10
2.6272595669291339
20
1.1407435433070865
11
2.6250227165354332
21
1.1451335826771654
0
LINE
8
BLACK
6
CONTINUOUS
10
2.6250227165354332
20
1.1451335826771654
11
2.6242519685039372
21
1.1499999999999999
0
LINE
8
BLACK
6
CONTINUOUS
10
2.6242519685039372
20
1.1499999999999999
11
2.6250227165354332
21
1.1548664173228347
0
LINE
8
BLACK
6
CONTINUOUS
10
2.6250227165354332
20
1.1548664173228347
11
2.6272595669291339
21
1.1592564566929133
0
LINE
8
BLACK
6
CONTINUOUS
10
2.6272595669291339
20
1.1592564566929133
11
2.6307435433070867
21
1.1627404330708662
0
LINE
8
BLACK
6
CONTINUOUS
10
2.6307435433070867
20
1.1627404330708662
11
2.6351335826771654
21
1.1649772834645669
0
LINE
8
BLACK
6
CONTINUOUS
10
2.6351335826771654
20
1.1649772834645669
11
2.6400000000000001
21
1.1657480314960629
0
LINE
8
BLACK
6
CONTINUOUS
10
2.6400000000000001
20
1.1657480314960629
11
2.6448664173228345
21
1.1649772834645669
0
LINE
8
BLACK
6
CONTINUOUS
10
3.1048664173228344
20
1.2399772834645668
11
3.1092564566929135
21
1.2377404330708661
0
LINE
8
BLACK
6
CONTINUOUS
10
3.1092564566929135
20
1.2377404330708661
11
3.1127404330708659
21
1.2342564566929133
0
LINE
8
BLACK
6
CONTINUOUS
10
3.1127404330708659
20
1.2342564566929133
11
3.114977283464567
21
1.2298664173228346
0
LINE
8
BLACK
6
CONTINUOUS
10
3.114977283464567
20
1.2298664173228346
11
3.1157480314960631
21
1.2249999999999999
0
LINE
8
BLACK
6
CONTINUOUS
10
3.1157480314960631
20
1.2249999999999999
11
3.114977283464567
21
1.2201335826771653
0
LINE
8
BLACK
6
CONTINUOUS
10
3.114977283464567
20
1.2201335826771653
11
3.1127404330708659
21
1.2157435433070867
0
LINE
8
BLACK
6
CONTINUOUS
10
3.1127404330708659
20
1.2157435433070867
11
3.1092564566929135
21
1.2122595669291338
0
LINE
8
BLACK
6
CONTINUOUS
10
3.1092564566929135
20
1.2122595669291338
11
3.1048664173228344
21
1.2100227165354331
0
LINE
8
BLACK
6
CONTINUOUS
10
3.1048664173228344
20
1.2100227165354331
11
3.1000000000000001
21
1.2092519685039369
0
LINE
8
BLACK
6
CONTINUOUS
10
3.1000000000000001
20
1.2092519685039369
11
3.0951335826771653
21
1.2100227165354331
0
LINE
8
BLACK
6
CONTINUOUS
10
3.0951335826771653
20
1.2100227165354331
11
3.0907435433070867
21
1.2122595669291338
0
LINE
8
BLACK
6
CONTINUOUS
10
3.0907435433070867
20
1.2122595669291338
11
3.0872595669291338
21
1.2157435433070867
0
LINE
8
BLACK
6
CONTINUOUS
10
3.0872595669291338
20
1.2157435433070867
11
3.0865551574803147
21
1.2171259842519684
0
LINE
8
BLACK
6
CONTINUOUS
10
3.0865551574803147
20
1.2171259842519684
11
3.0809904330708662
21
1.2171259842519684
0
LINE
8
BLACK
6
CONTINUOUS
10
3.0809904330708662
20
1.2171259842519684
11
3.0482966929133859
21
1.1844322440944881
0
LINE
8
BLACK
6
CONTINUOUS
10
3.0482966929133859
20
1.1844322440944881
11
3.0471782283464566
21
1.1837294488188976
0
LINE
8
BLACK
6
CONTINUOUS
10
3.0471782283464566
20
1.1837294488188976
11
3.0461453543307084
21
1.182905748031496
0
LINE
8
BLACK
6
CONTINUOUS
10
3.0461453543307084
20
1.182905748031496
11
3.0457087401574801
21
1.182806062992126
0
LINE
8
BLACK
6
CONTINUOUS
10
3.0457087401574801
20
1.182806062992126
11
3.0453295669291336
21
1.1825678346456692
0
LINE
8
BLACK
6
CONTINUOUS
10
3.0453295669291336
20
1.1825678346456692
11
3.0440168503937008
21
1.1824199212598425
0
LINE
8
BLACK
6
CONTINUOUS
10
3.0440168503937008
20
1.1824199212598425
11
3.0427289370078738
21
1.1821259842519685
0
LINE
8
BLACK
6
CONTINUOUS
10
3.0427289370078738
20
1.1821259842519685
11
2.3932614960629919
21
1.1821259842519685
0
LINE
8
BLACK
6
CONTINUOUS
10
2.3932614960629919
20
1.1821259842519685
11
2.3651173622047246
21
1.1539818503937007
0
LINE
8
BLACK
6
CONTINUOUS
10
2.3651173622047246
20
1.1539818503937007
11
2.3657480314960631
21
1.1499999999999999
0
LINE
8
BLACK
6
CONTINUOUS
10
2.3657480314960631
20
1.1499999999999999
11
2.364977283464567
21
1.1451335826771654
0
LINE
8
BLACK
6
CONTINUOUS
10
2.364977283464567
20
1.1451335826771654
11
2.3627404330708659
21
1.1407435433070865
0
LINE
8
BLACK
6
CONTINUOUS
10
2.3627404330708659
20
1.1407435433070865
11
2.3592564566929135
21
1.1372595669291339
0
LINE
8
BLACK
6
CONTINUOUS
10
2.3592564566929135
20
1.1372595669291339
11
2.3548664173228344
21
1.135022716535433
0
LINE
8
BLACK
6
CONTINUOUS
10
2.3548664173228344
20
1.135022716535433
11
2.3500000000000001
21
1.1342519685039369
0
LINE
8
BLACK
6
CONTINUOUS
10
2.3500000000000001
20
1.1342519685039369
11
2.3451335826771653
21
1.135022716535433
0
LINE
8
BLACK
6
CONTINUOUS
10
2.3451335826771653
20
1.135022716535433
11
2.3407435433070867
21
1.1372595669291339
0
LINE
8
BLACK
6
CONTINUOUS
10
2.3407435433070867
20
1.1372595669291339
11
2.3372595669291338
21
1.1407435433070865
0
LINE
8
BLACK
6
CONTINUOUS
10
2.3372595669291338
20
1.1407435433070865
11
2.3350227165354331
21
1.1451335826771654
0
LINE
8
BLACK
6
CONTINUOUS
10
2.3350227165354331
20
1.1451335826771654
11
2.3342519685039371
21
1.1499999999999999
0
LINE
8
BLACK
6
CONTINUOUS
10
2.3342519685039371
20
1.1499999999999999
11
2.3350227165354331
21
1.1548664173228347
0
LINE
8
BLACK
6
CONTINUOUS
10
2.3350227165354331
20
1.1548664173228347
11
2.3372595669291338
21
1.1592564566929133
0
LINE
8
BLACK
6
CONTINUOUS
10
2.3372595669291338
20
1.1592564566929133
11
2.3407435433070867
21
1.1627404330708662
0
LINE
8
BLACK
6
CONTINUOUS
10
2.3407435433070867
20
1.1627404330708662
11
2.3451335826771653
21
1.1649772834645669
0
LINE
8
BLACK
6
CONTINUOUS
10
2.3451335826771653
20
1.1649772834645669
11
2.3500000000000001
21
1.1657480314960629
0
LINE
8
BLACK
6
CONTINUOUS
10
2.3500000000000001
20
1.1657480314960629
11
2.3539818503937009
21
1.1651173622047244
0
LINE
8
BLACK
6
CONTINUOUS
10
2.3539818503937009
20
1.1651173622047244
11
2.3844322440944881
21
1.1955677559055118
0
LINE
8
BLACK
6
CONTINUOUS
10
2.3844322440944881
20
1.1955677559055118
11
2.3855506692913386
21
1.1962705118110235
0
LINE
8
BLACK
6
CONTINUOUS
10
2.3855506692913386
20
1.1962705118110235
11
2.3865835826771651
21
1.1970942519685039
0
LINE
8
BLACK
6
CONTINUOUS
10
2.3865835826771651
20
1.1970942519685039
11
2.3870201574803147
21
1.1971938976377952
0
LINE
8
BLACK
6
CONTINUOUS
10
2.3870201574803147
20
1.1971938976377952
11
2.3873993700787399
21
1.1974321653543307
0
LINE
8
BLACK
6
CONTINUOUS
10
2.3873993700787399
20
1.1974321653543307
11
2.3887120472440944
21
1.1975800393700786
0
LINE
8
BLACK
6
CONTINUOUS
10
2.3887120472440944
20
1.1975800393700786
11
2.3900000000000001
21
1.1978740157480314
0
LINE
8
BLACK
6
CONTINUOUS
10
2.3900000000000001
20
1.1978740157480314
11
3.0394674409448816
21
1.1978740157480314
0
LINE
8
BLACK
6
CONTINUOUS
10
3.0394674409448816
20
1.1978740157480314
11
3.0721611811023619
21
1.2305677559055117
0
LINE
8
BLACK
6
CONTINUOUS
10
3.0721611811023619
20
1.2305677559055117
11
3.0732796062992125
21
1.2312705118110236
0
LINE
8
BLACK
6
CONTINUOUS
10
3.0732796062992125
20
1.2312705118110236
11
3.0743125196850394
21
1.2320942519685039
0
LINE
8
BLACK
6
CONTINUOUS
10
3.0743125196850394
20
1.2320942519685039
11
3.074749094488189
21
1.2321938976377953
0
LINE
8
BLACK
6
CONTINUOUS
10
3.074749094488189
20
1.2321938976377953
11
3.0751283070866142
21
1.2324321653543306
0
LINE
8
BLACK
6
CONTINUOUS
10
3.0751283070866142
20
1.2324321653543306
11
3.0764409842519682
21
1.2325800393700788
0
LINE
8
BLACK
6
CONTINUOUS
10
3.0764409842519682
20
1.2325800393700788
11
3.077728937007874
21
1.2328740157480316
0
LINE
8
BLACK
6
CONTINUOUS
10
3.077728937007874
20
1.2328740157480316
11
3.0865551574803147
21
1.2328740157480316
0
LINE
8
BLACK
6
CONTINUOUS
10
3.0865551574803147
20
1.2328740157480316
11
3.0872595669291338
21
1.2342564566929133
0
LINE
8
BLACK
6
CONTINUOUS
10
3.0872595669291338
20
1.2342564566929133
11
3.0907435433070867
21
1.2377404330708661
0
LINE
8
BLACK
6
CONTINUOUS
10
3.0907435433070867
20
1.2377404330708661
11
3.0951335826771653
21
1.2399772834645668
0
LINE
8
BLACK
6
CONTINUOUS
10
3.0951335826771653
20
1.2399772834645668
11
3.1000000000000001
21
1.2407480314960631
0
LINE
8
BLACK
6
CONTINUOUS
10
3.1000000000000001
20
1.2407480314960631
11
3.1048664173228344
21
1.2399772834645668
0
LINE
8
BLACK
6
CONTINUOUS
10
1.7048664173228345
20
1.2649772834645669
11
1.7092564566929134
21
1.262740433070866
0
LINE
8
BLACK
6
CONTINUOUS
10
1.7092564566929134
20
1.262740433070866
11
1.7127404330708662
21
1.2592564566929134
0
LINE
8
BLACK
6
CONTINUOUS
10
1.7127404330708662
20
1.2592564566929134
11
1.7149772834645669
21
1.2548664173228345
0
LINE
8
BLACK
6
CONTINUOUS
10
1.7149772834645669
20
1.2548664173228345
11
1.7157480314960629
21
1.25
0
LINE
8
BLACK
6
CONTINUOUS
10
1.7157480314960629
20
1.25
11
1.7151173622047244
21
1.2460181102362204
0
LINE
8
BLACK
6
CONTINUOUS
10
1.7151173622047244
20
1.2460181102362204
11
1.7282615354330708
21
1.2328740157480316
0
LINE
8
BLACK
6
CONTINUOUS
10
1.7282615354330708
20
1.2328740157480316
11
2.4615551574803147
21
1.2328740157480316
0
LINE
8
BLACK
6
CONTINUOUS
10
2.4615551574803147
20
1.2328740157480316
11
2.4622595669291338
21
1.2342564566929133
0
LINE
8
BLACK
6
CONTINUOUS
10
2.4622595669291338
20
1.2342564566929133
11
2.4657435433070867
21
1.2377404330708661
0
LINE
8
BLACK
6
CONTINUOUS
10
2.4657435433070867
20
1.2377404330708661
11
2.4701335826771653
21
1.2399772834645668
0
LINE
8
BLACK
6
CONTINUOUS
10
2.4701335826771653
20
1.2399772834645668
11
2.4750000000000001
21
1.2407480314960631
0
LINE
8
BLACK
6
CONTINUOUS
10
2.4750000000000001
20
1.2407480314960631
11
2.4798664173228344
21
1.2399772834645668
0
LINE
8
BLACK
6
CONTINUOUS
10
2.4798664173228344
20
1.2399772834645668
11
2.4842564566929135
21
1.2377404330708661
0
LINE
8
BLACK
6
CONTINUOUS
10
2.4842564566929135
20
1.2377404330708661
11
2.4877404330708659
21
1.2342564566929133
0
LINE
8
BLACK
6
CONTINUOUS
10
2.4877404330708659
20
1.2342564566929133
11
2.489977283464567
21
1.2298664173228346
0
LINE
8
BLACK
6
CONTINUOUS
10
2.489977283464567
20
1.2298664173228346
11
2.4907480314960631
21
1.2249999999999999
0
LINE
8
BLACK
6
CONTINUOUS
10
2.4907480314960631
20
1.2249999999999999
11
2.489977283464567
21
1.2201335826771653
0
LINE
8
BLACK
6
CONTINUOUS
10
2.489977283464567
20
1.2201335826771653
11
2.4877404330708659
21
1.2157435433070867
0
LINE
8
BLACK
6
CONTINUOUS
10
2.4877404330708659
20
1.2157435433070867
11
2.4842564566929135
21
1.2122595669291338
0
LINE
8
BLACK
6
CONTINUOUS
10
2.4842564566929135
20
1.2122595669291338
11
2.4798664173228344
21
1.2100227165354331
0
LINE
8
BLACK
6
CONTINUOUS
10
2.4798664173228344
20
1.2100227165354331
11
2.4750000000000001
21
1.2092519685039369
0
LINE
8
BLACK
6
CONTINUOUS
10
2.4750000000000001
20
1.2092519685039369
11
2.4701335826771653
21
1.2100227165354331
0
LINE
8
BLACK
6
CONTINUOUS
10
2.4701335826771653
20
1.2100227165354331
11
2.4657435433070867
21
1.2122595669291338
0
LINE
8
BLACK
6
CONTINUOUS
10
2.4657435433070867
20
1.2122595669291338
11
2.4622595669291338
21
1.2157435433070867
0
LINE
8
BLACK
6
CONTINUOUS
10
2.4622595669291338
20
1.2157435433070867
11
2.4615551574803147
21
1.2171259842519684
0
LINE
8
BLACK
6
CONTINUOUS
10
2.4615551574803147
20
1.2171259842519684
11
1.7249999999999999
21
1.2171259842519684
0
LINE
8
BLACK
6
CONTINUOUS
10
1.7249999999999999
20
1.2171259842519684
11
1.7237122047244093
21
1.2174198818897637
0
LINE
8
BLACK
6
CONTINUOUS
10
1.7237122047244093
20
1.2174198818897637
11
1.7223993700787401
21
1.2175678346456693
0
LINE
8
BLACK
6
CONTINUOUS
10
1.7223993700787401
20
1.2175678346456693
11
1.7220201574803149
21
1.2178060629921259
0
LINE
8
BLACK
6
CONTINUOUS
10
1.7220201574803149
20
1.2178060629921259
11
1.7215835826771653
21
1.2179057480314961
0
LINE
8
BLACK
6
CONTINUOUS
10
1.7215835826771653
20
1.2179057480314961
11
1.7205508267716536
21
1.2187293307086613
0
LINE
8
BLACK
6
CONTINUOUS
10
1.7205508267716536
20
1.2187293307086613
11
1.7194322440944882
21
1.2194322047244095
0
LINE
8
BLACK
6
CONTINUOUS
10
1.7194322440944882
20
1.2194322047244095
11
1.7039818503937008
21
1.2348825984251968
0
LINE
8
BLACK
6
CONTINUOUS
10
1.7039818503937008
20
1.2348825984251968
11
1.7
21
1.234251968503937
0
LINE
8
BLACK
6
CONTINUOUS
10
1.7
20
1.234251968503937
11
1.6951335826771654
21
1.2350227165354331
0
LINE
8
BLACK
6
CONTINUOUS
10
1.6951335826771654
20
1.2350227165354331
11
1.6907435433070865
21
1.2372595669291337
0
LINE
8
BLACK
6
CONTINUOUS
10
1.6907435433070865
20
1.2372595669291337
11
1.6872595669291339
21
1.2407435433070866
0
LINE
8
BLACK
6
CONTINUOUS
10
1.6872595669291339
20
1.2407435433070866
11
1.685022716535433
21
1.2451335826771652
0
LINE
8
BLACK
6
CONTINUOUS
10
1.685022716535433
20
1.2451335826771652
11
1.684251968503937
21
1.25
0
LINE
8
BLACK
6
CONTINUOUS
10
1.684251968503937
20
1.25
11
1.685022716535433
21
1.2548664173228345
0
LINE
8
BLACK
6
CONTINUOUS
10
1.685022716535433
20
1.2548664173228345
11
1.6872595669291339
21
1.2592564566929134
0
LINE
8
BLACK
6
CONTINUOUS
10
1.6872595669291339
20
1.2592564566929134
11
1.6907435433070865
21
1.262740433070866
0
LINE
8
BLACK
6
CONTINUOUS
10
1.6907435433070865
20
1.262740433070866
11
1.6951335826771654
21
1.2649772834645669
0
LINE
8
BLACK
6
CONTINUOUS
10
1.6951335826771654
20
1.2649772834645669
11
1.7
21
1.265748031496063
0
LINE
8
BLACK
6
CONTINUOUS
10
1.7
20
1.265748031496063
11
1.7048664173228345
21
1.2649772834645669
0
LINE
8
BLACK
6
CONTINUOUS
10
0.6611656299212598
20
1.2647410629921259
11
0.6655556692913386
21
1.2625042125984252
0
LINE
8
BLACK
6
CONTINUOUS
10
0.6655556692913386
20
1.2625042125984252
11
0.6690396456692913
21
1.2590202362204723
0
LINE
8
BLACK
6
CONTINUOUS
10
0.6690396456692913
20
1.2590202362204723
11
0.6712764960629921
21
1.2546301968503937
0
LINE
8
BLACK
6
CONTINUOUS
10
0.6712764960629921
20
1.2546301968503937
11
0.6720472440944881
21
1.2497637795275591
0
LINE
8
BLACK
6
CONTINUOUS
10
0.6720472440944881
20
1.2497637795275591
11
0.6712764960629921
21
1.2448973622047244
0
LINE
8
BLACK
6
CONTINUOUS
10
0.6712764960629921
20
1.2448973622047244
11
0.6690396456692913
21
1.2405073228346457
0
LINE
8
BLACK
6
CONTINUOUS
10
0.6690396456692913
20
1.2405073228346457
11
0.6655556692913386
21
1.2370233464566929
0
LINE
8
BLACK
6
CONTINUOUS
10
0.6655556692913386
20
1.2370233464566929
11
0.6641732283464566
21
1.236318937007874
0
LINE
8
BLACK
6
CONTINUOUS
10
0.6641732283464566
20
1.236318937007874
11
0.6641732283464566
21
0.8843059448818897
0
LINE
8
BLACK
6
CONTINUOUS
10
0.6641732283464566
20
0.8843059448818897
11
0.6638792913385827
21
0.8830181102362205
0
LINE
8
BLACK
6
CONTINUOUS
10
0.6638792913385827
20
0.8830181102362205
11
0.6637313779527559
21
0.8817053543307086
0
LINE
8
BLACK
6
CONTINUOUS
10
0.6637313779527559
20
0.8817053543307086
11
0.6634931102362205
21
0.8813261417322834
0
LINE
8
BLACK
6
CONTINUOUS
10
0.6634931102362205
20
0.8813261417322834
11
0.6633934645669292
21
0.8808895275590551
0
LINE
8
BLACK
6
CONTINUOUS
10
0.6633934645669292
20
0.8808895275590551
11
0.6625698031496062
21
0.8798566929133858
0
LINE
8
BLACK
6
CONTINUOUS
10
0.6625698031496062
20
0.8798566929133858
11
0.6618670078740158
21
0.8787381889763779
0
LINE
8
BLACK
6
CONTINUOUS
10
0.6618670078740158
20
0.8787381889763779
11
0.6317734251968504
21
0.8486446456692913
0
LINE
8
BLACK
6
CONTINUOUS
10
0.6317734251968504
20
0.8486446456692913
11
0.632404094488189
21
0.8446627952755905
0
LINE
8
BLACK
6
CONTINUOUS
10
0.632404094488189
20
0.8446627952755905
11
0.6316333464566929
21
0.8397963779527559
0
LINE
8
BLACK
6
CONTINUOUS
10
0.6316333464566929
20
0.8397963779527559
11
0.6293964960629921
21
0.8354063385826771
0
LINE
8
BLACK
6
CONTINUOUS
10
0.6293964960629921
20
0.8354063385826771
11
0.6259125196850394
21
0.8319223622047244
0
LINE
8
BLACK
6
CONTINUOUS
10
0.6259125196850394
20
0.8319223622047244
11
0.6215224803149606
21
0.8296855118110236
0
LINE
8
BLACK
6
CONTINUOUS
10
0.6215224803149606
20
0.8296855118110236
11
0.6166560629921259
21
0.8289147637795276
0
LINE
8
BLACK
6
CONTINUOUS
10
0.6166560629921259
20
0.8289147637795276
11
0.6117896456692913
21
0.8296855118110236
0
LINE
8
BLACK
6
CONTINUOUS
10
0.6117896456692913
20
0.8296855118110236
11
0.6073996062992126
21
0.8319223622047244
0
LINE
8
BLACK
6
CONTINUOUS
10
0.6073996062992126
20
0.8319223622047244
11
0.6039156299212598
21
0.8354063385826771
0
LINE
8
BLACK
6
CONTINUOUS
10
0.6039156299212598
20
0.8354063385826771
11
0.601678779527559
21
0.8397963779527559
0
LINE
8
BLACK
6
CONTINUOUS
10
0.601678779527559
20
0.8397963779527559
11
0.600908031496063
21
0.8446627952755905
0
LINE
8
BLACK
6
CONTINUOUS
10
0.600908031496063
20
0.8446627952755905
11
0.601678779527559
21
0.8495292125984252
0
LINE
8
BLACK
6
CONTINUOUS
10
0.601678779527559
20
0.8495292125984252
11
0.6039156299212598
21
0.8539192519685039
0
LINE
8
BLACK
6
CONTINUOUS
10
0.6039156299212598
20
0.8539192519685039
11
0.6073996062992126
21
0.8574032283464567
0
LINE
8
BLACK
6
CONTINUOUS
10
0.6073996062992126
20
0.8574032283464567
11
0.6117896456692913
21
0.8596400787401575
0
LINE
8
BLACK
6
CONTINUOUS
10
0.6117896456692913
20
0.8596400787401575
11
0.6166560629921259
21
0.8604108267716535
0
LINE
8
BLACK
6
CONTINUOUS
10
0.6166560629921259
20
0.8604108267716535
11
0.6206379133858267
21
0.8597801574803149
0
LINE
8
BLACK
6
CONTINUOUS
10
0.6206379133858267
20
0.8597801574803149
11
0.6484251968503937
21
0.8875674409448818
0
LINE
8
BLACK
6
CONTINUOUS
10
0.6484251968503937
20
0.8875674409448818
11
0.6484251968503937
21
1.236318937007874
0
LINE
8
BLACK
6
CONTINUOUS
10
0.6484251968503937
20
1.236318937007874
11
0.6470427559055117
21
1.2370233464566929
0
LINE
8
BLACK
6
CONTINUOUS
10
0.6470427559055117
20
1.2370233464566929
11
0.643558779527559
21
1.2405073228346457
0
LINE
8
BLACK
6
CONTINUOUS
10
0.643558779527559
20
1.2405073228346457
11
0.6413219291338582
21
1.2448973622047244
0
LINE
8
BLACK
6
CONTINUOUS
10
0.6413219291338582
20
1.2448973622047244
11
0.6405511811023622
21
1.2497637795275591
0
LINE
8
BLACK
6
CONTINUOUS
10
0.6405511811023622
20
1.2497637795275591
11
0.6413219291338582
21
1.2546301968503937
0
LINE
8
BLACK
6
CONTINUOUS
10
0.6413219291338582
20
1.2546301968503937
11
0.643558779527559
21
1.2590202362204723
0
LINE
8
BLACK
6
CONTINUOUS
10
0.643558779527559
20
1.2590202362204723
11
0.6470427559055117
21
1.2625042125984252
0
LINE
8
BLACK
6
CONTINUOUS
10
0.6470427559055117
20
1.2625042125984252
11
0.6514327952755905
21
1.2647410629921259
0
LINE
8
BLACK
6
CONTINUOUS
10
0.6514327952755905
20
1.2647410629921259
11
0.6562992125984252
21
1.2655118110236221
0
LINE
8
BLACK
6
CONTINUOUS
10
0.6562992125984252
20
1.2655118110236221
11
0.6611656299212598
21
1.2647410629921259
0
LINE
8
BLACK
6
CONTINUOUS
10
3.375
20
0.89
11
3.3149999999999999
21
0.89
0
LINE
8
BLACK
6
CONTINUOUS
10
3.3149999999999999
20
0.89
11
3.3149999999999999
21
0.95
0
LINE
8
BLACK
6
CONTINUOUS
10
3.3149999999999999
20
0.95
11
3.375
21
0.95
0
LINE
8
BLACK
6
CONTINUOUS
10
3.375
20
0.95
11
3.375
21
0.89
0
LINE
8
BLACK
6
CONTINUOUS
10
3.4750000000000001
20
0.89
11
3.415
21
0.89
0
LINE
8
BLACK
6
CONTINUOUS
10
3.415
20
0.89
11
3.415
21
0.95
0
LINE
8
BLACK
6
CONTINUOUS
10
3.415
20
0.95
11
3.4750000000000001
21
0.95
0
LINE
8
BLACK
6
CONTINUOUS
10
3.4750000000000001
20
0.95
11
3.4750000000000001
21
0.89
0
LINE
8
BLACK
6
CONTINUOUS
10
3.375
20
0.99
11
3.3149999999999999
21
0.99
0
LINE
8
BLACK
6
CONTINUOUS
10
3.3149999999999999
20
0.99
11
3.3149999999999999
21
1.05
0
LINE
8
BLACK
6
CONTINUOUS
10
3.3149999999999999
20
1.05
11
3.375
21
1.05
0
LINE
8
BLACK
6
CONTINUOUS
10
3.375
20
1.05
11
3.375
21
0.99
0
LINE
8
BLACK
6
CONTINUOUS
10
3.4750000000000001
20
0.99
11
3.415
21
0.99
0
LINE
8
BLACK
6
CONTINUOUS
10
3.415
20
0.99
11
3.415
21
1.05
0
LINE
8
BLACK
6
CONTINUOUS
10
3.415
20
1.05
11
3.4750000000000001
21
1.05
0
LINE
8
BLACK
6
CONTINUOUS
10
3.4750000000000001
20
1.05
11
3.4750000000000001
21
0.99
0
LINE
8
BLACK
6
CONTINUOUS
10
3.375
20
1.1899999999999999
11
3.3149999999999999
21
1.1899999999999999
0
LINE
8
BLACK
6
CONTINUOUS
10
3.3149999999999999
20
1.1899999999999999
11
3.3149999999999999
21
1.25
0
LINE
8
BLACK
6
CONTINUOUS
10
3.3149999999999999
20
1.25
11
3.375
21
1.25
0
LINE
8
BLACK
6
CONTINUOUS
10
3.375
20
1.25
11
3.375
21
1.1899999999999999
0
LINE
8
BLACK
6
CONTINUOUS
10
3.4750000000000001
20
1.1899999999999999
11
3.415
21
1.1899999999999999
0
LINE
8
BLACK
6
CONTINUOUS
10
3.415
20
1.1899999999999999
11
3.415
21
1.25
0
LINE
8
BLACK
6
CONTINUOUS
10
3.415
20
1.25
11
3.4750000000000001
21
1.25
0
LINE
8
BLACK
6
CONTINUOUS
10
3.4750000000000001
20
1.25
11
3.4750000000000001
21
1.1899999999999999
0
LINE
8
BLACK
6
CONTINUOUS
10
3.0048664173228348
20
1.314977283464567
11
3.0092564566929134
21
1.3127404330708661
0
LINE
8
BLACK
6
CONTINUOUS
10
3.0092564566929134
20
1.3127404330708661
11
3.0127404330708663
21
1.3092564566929135
0
LINE
8
BLACK
6
CONTINUOUS
10
3.0127404330708663
20
1.3092564566929135
11
3.0149772834645669
21
1.3048664173228346
0
LINE
8
BLACK
6
CONTINUOUS
10
3.0149772834645669
20
1.3048664173228346
11
3.015748031496063
21
1.3
0
LINE
8
BLACK
6
CONTINUOUS
10
3.015748031496063
20
1.3
11
3.0149772834645669
21
1.2951335826771653
0
LINE
8
BLACK
6
CONTINUOUS
10
3.0149772834645669
20
1.2951335826771653
11
3.0127404330708663
21
1.2907435433070866
0
LINE
8
BLACK
6
CONTINUOUS
10
3.0127404330708663
20
1.2907435433070866
11
3.0092564566929134
21
1.2872595669291338
0
LINE
8
BLACK
6
CONTINUOUS
10
3.0092564566929134
20
1.2872595669291338
11
3.0048664173228348
21
1.2850227165354331
0
LINE
8
BLACK
6
CONTINUOUS
10
3.0048664173228348
20
1.2850227165354331
11
3.
21
1.2842519685039371
0
LINE
8
BLACK
6
CONTINUOUS
10
3.
20
1.2842519685039371
11
2.9951335826771652
21
1.2850227165354331
0
LINE
8
BLACK
6
CONTINUOUS
10
2.9951335826771652
20
1.2850227165354331
11
2.9907435433070866
21
1.2872595669291338
0
LINE
8
BLACK
6
CONTINUOUS
10
2.9907435433070866
20
1.2872595669291338
11
2.9872595669291337
21
1.2907435433070866
0
LINE
8
BLACK
6
CONTINUOUS
10
2.9872595669291337
20
1.2907435433070866
11
2.9865551574803151
21
1.2921259842519686
0
LINE
8
BLACK
6
CONTINUOUS
10
2.9865551574803151
20
1.2921259842519686
11
2.5234448425196851
21
1.2921259842519686
0
LINE
8
BLACK
6
CONTINUOUS
10
2.5234448425196851
20
1.2921259842519686
11
2.522740433070866
21
1.2907435433070866
0
LINE
8
BLACK
6
CONTINUOUS
10
2.522740433070866
20
1.2907435433070866
11
2.5192564566929132
21
1.2872595669291338
0
LINE
8
BLACK
6
CONTINUOUS
10
2.5192564566929132
20
1.2872595669291338
11
2.5148664173228346
21
1.2850227165354331
0
LINE
8
BLACK
6
CONTINUOUS
10
2.5148664173228346
20
1.2850227165354331
11
2.5099999999999998
21
1.2842519685039371
0
LINE
8
BLACK
6
CONTINUOUS
10
2.5099999999999998
20
1.2842519685039371
11
2.5051335826771655
21
1.2850227165354331
0
LINE
8
BLACK
6
CONTINUOUS
10
2.5051335826771655
20
1.2850227165354331
11
2.5007435433070864
21
1.2872595669291338
0
LINE
8
BLACK
6
CONTINUOUS
10
2.5007435433070864
20
1.2872595669291338
11
2.497259566929134
21
1.2907435433070866
0
LINE
8
BLACK
6
CONTINUOUS
10
2.497259566929134
20
1.2907435433070866
11
2.4950227165354328
21
1.2951335826771653
0
LINE
8
BLACK
6
CONTINUOUS
10
2.4950227165354328
20
1.2951335826771653
11
2.4942519685039368
21
1.3
0
LINE
8
BLACK
6
CONTINUOUS
10
2.4942519685039368
20
1.3
11
2.4950227165354328
21
1.3048664173228346
0
LINE
8
BLACK
6
CONTINUOUS
10
2.4950227165354328
20
1.3048664173228346
11
2.497259566929134
21
1.3092564566929135
0
LINE
8
BLACK
6
CONTINUOUS
10
2.497259566929134
20
1.3092564566929135
11
2.5007435433070864
21
1.3127404330708661
0
LINE
8
BLACK
6
CONTINUOUS
10
2.5007435433070864
20
1.3127404330708661
11
2.5051335826771655
21
1.314977283464567
0
LINE
8
BLACK
6
CONTINUOUS
10
2.5051335826771655
20
1.314977283464567
11
2.5099999999999998
21
1.315748031496063
0
LINE
8
BLACK
6
CONTINUOUS
10
2.5099999999999998
20
1.315748031496063
11
2.5148664173228346
21
1.314977283464567
0
LINE
8
BLACK
6
CONTINUOUS
10
2.5148664173228346
20
1.314977283464567
11
2.5192564566929132
21
1.3127404330708661
0
LINE
8
BLACK
6
CONTINUOUS
10
2.5192564566929132
20
1.3127404330708661
11
2.522740433070866
21
1.3092564566929135
0
LINE
8
BLACK
6
CONTINUOUS
10
2.522740433070866
20
1.3092564566929135
11
2.5234448425196851
21
1.3078740157480315
0
LINE
8
BLACK
6
CONTINUOUS
10
2.5234448425196851
20
1.3078740157480315
11
2.9865551574803151
21
1.3078740157480315
0
LINE
8
BLACK
6
CONTINUOUS
10
2.9865551574803151
20
1.3078740157480315
11
2.9872595669291337
21
1.3092564566929135
0
LINE
8
BLACK
6
CONTINUOUS
10
2.9872595669291337
20
1.3092564566929135
11
2.9907435433070866
21
1.3127404330708661
0
LINE
8
BLACK
6
CONTINUOUS
10
2.9907435433070866
20
1.3127404330708661
11
2.9951335826771652
21
1.314977283464567
0
LINE
8
BLACK
6
CONTINUOUS
10
2.9951335826771652
20
1.314977283464567
11
3.
21
1.315748031496063
0
LINE
8
BLACK
6
CONTINUOUS
10
3.
20
1.315748031496063
11
3.0048664173228348
21
1.314977283464567
0
LINE
8
BLACK
6
CONTINUOUS
10
3.375
20
1.29
11
3.3149999999999999
21
1.29
0
LINE
8
BLACK
6
CONTINUOUS
10
3.3149999999999999
20
1.29
11
3.3149999999999999
21
1.3284522047244094
0
LINE
8
BLACK
6
CONTINUOUS
10
3.3149999999999999
20
1.3284522047244094
11
3.1736737795275589
21
1.3284522047244094
0
LINE
8
BLACK
6
CONTINUOUS
10
3.1736737795275589
20
1.3284522047244094
11
3.0263262204724408
21
1.3284522047244094
0
LINE
8
BLACK
6
CONTINUOUS
10
3.0263262204724408
20
1.3284522047244094
11
2.4484312598425197
21
1.3284522047244094
0
LINE
8
BLACK
6
CONTINUOUS
10
2.4484312598425197
20
1.3284522047244094
11
2.4445391338582678
21
1.3245600787401575
0
LINE
8
BLACK
6
CONTINUOUS
10
2.4445391338582678
20
1.3245600787401575
11
2.4451698031496063
21
1.3205782283464567
0
LINE
8
BLACK
6
CONTINUOUS
10
2.4451698031496063
20
1.3205782283464567
11
2.4443990551181103
21
1.3157118110236221
0
LINE
8
BLACK
6
CONTINUOUS
10
2.4443990551181103
20
1.3157118110236221
11
2.4421622047244096
21
1.3113217716535432
0
LINE
8
BLACK
6
CONTINUOUS
10
2.4421622047244096
20
1.3113217716535432
11
2.4386782283464568
21
1.3078377952755906
0
LINE
8
BLACK
6
CONTINUOUS
10
2.4386782283464568
20
1.3078377952755906
11
2.4342881889763781
21
1.3056009448818897
0
LINE
8
BLACK
6
CONTINUOUS
10
2.4342881889763781
20
1.3056009448818897
11
2.4294217716535433
21
1.3048301968503937
0
LINE
8
BLACK
6
CONTINUOUS
10
2.4294217716535433
20
1.3048301968503937
11
2.4245553543307086
21
1.3056009448818897
0
LINE
8
BLACK
6
CONTINUOUS
10
2.4245553543307086
20
1.3056009448818897
11
2.4201653149606299
21
1.3078377952755906
0
LINE
8
BLACK
6
CONTINUOUS
10
2.4201653149606299
20
1.3078377952755906
11
2.4166813385826771
21
1.3113217716535432
0
LINE
8
BLACK
6
CONTINUOUS
10
2.4166813385826771
20
1.3113217716535432
11
2.4144444881889764
21
1.3157118110236221
0
LINE
8
BLACK
6
CONTINUOUS
10
2.4144444881889764
20
1.3157118110236221
11
2.4136737401574804
21
1.3205782283464567
0
LINE
8
BLACK
6
CONTINUOUS
10
2.4136737401574804
20
1.3205782283464567
11
2.4144444881889764
21
1.3254446456692912
0
LINE
8
BLACK
6
CONTINUOUS
10
2.4144444881889764
20
1.3254446456692912
11
2.4166813385826771
21
1.3298346850393701
0
LINE
8
BLACK
6
CONTINUOUS
10
2.4166813385826771
20
1.3298346850393701
11
2.4201653149606299
21
1.3333186614173229
0
LINE
8
BLACK
6
CONTINUOUS
10
2.4201653149606299
20
1.3333186614173229
11
2.4245553543307086
21
1.3355555118110236
0
LINE
8
BLACK
6
CONTINUOUS
10
2.4245553543307086
20
1.3355555118110236
11
2.4294217716535433
21
1.3363262598425196
0
LINE
8
BLACK
6
CONTINUOUS
10
2.4294217716535433
20
1.3363262598425196
11
2.4334036220472441
21
1.3356955905511811
0
LINE
8
BLACK
6
CONTINUOUS
10
2.4334036220472441
20
1.3356955905511811
11
2.4396020078740155
21
1.3418939763779527
0
LINE
8
BLACK
6
CONTINUOUS
10
2.4396020078740155
20
1.3418939763779527
11
2.4407204330708661
21
1.3425967322834644
0
LINE
8
BLACK
6
CONTINUOUS
10
2.4407204330708661
20
1.3425967322834644
11
2.441753346456693
21
1.3434204724409449
0
LINE
8
BLACK
6
CONTINUOUS
10
2.441753346456693
20
1.3434204724409449
11
2.4421899212598426
21
1.3435201181102361
0
LINE
8
BLACK
6
CONTINUOUS
10
2.4421899212598426
20
1.3435201181102361
11
2.4425691338582678
21
1.3437583858267717
0
LINE
8
BLACK
6
CONTINUOUS
10
2.4425691338582678
20
1.3437583858267717
11
2.4438818110236218
21
1.3439062598425195
0
LINE
8
BLACK
6
CONTINUOUS
10
2.4438818110236218
20
1.3439062598425195
11
2.4451697637795275
21
1.3442002362204724
0
LINE
8
BLACK
6
CONTINUOUS
10
2.4451697637795275
20
1.3442002362204724
11
3.0263262204724408
21
1.3442002362204724
0
LINE
8
BLACK
6
CONTINUOUS
10
3.0263262204724408
20
1.3442002362204724
11
3.1736737795275589
21
1.3442002362204724
0
LINE
8
BLACK
6
CONTINUOUS
10
3.1736737795275589
20
1.3442002362204724
11
3.3149999999999999
21
1.3442002362204724
0
LINE
8
BLACK
6
CONTINUOUS
10
3.3149999999999999
20
1.3442002362204724
11
3.3149999999999999
21
1.3499999999999999
0
LINE
8
BLACK
6
CONTINUOUS
10
3.3149999999999999
20
1.3499999999999999
11
3.375
21
1.3499999999999999
0
LINE
8
BLACK
6
CONTINUOUS
10
3.375
20
1.3499999999999999
11
3.375
21
1.29
0
LINE
8
BLACK
6
CONTINUOUS
10
3.4750000000000001
20
1.29
11
3.415
21
1.29
0
LINE
8
BLACK
6
CONTINUOUS
10
3.415
20
1.29
11
3.415
21
1.3499999999999999
0
LINE
8
BLACK
6
CONTINUOUS
10
3.415
20
1.3499999999999999
11
3.4750000000000001
21
1.3499999999999999
0
LINE
8
BLACK
6
CONTINUOUS
10
3.4750000000000001
20
1.3499999999999999
11
3.4750000000000001
21
1.29
0
LINE
8
BLACK
6
CONTINUOUS
10
3.375
20
1.3899999999999999
11
3.3211355118110237
21
1.3899999999999999
0
LINE
8
BLACK
6
CONTINUOUS
10
3.3211355118110237
20
1.3899999999999999
11
3.3155677559055117
21
1.3844322440944881
0
LINE
8
BLACK
6
CONTINUOUS
10
3.3155677559055117
20
1.3844322440944881
11
3.3144492913385828
21
1.3837294488188976
0
LINE
8
BLACK
6
CONTINUOUS
10
3.3144492913385828
20
1.3837294488188976
11
3.3134164173228347
21
1.3829057480314961
0
LINE
8
BLACK
6
CONTINUOUS
10
3.3134164173228347
20
1.3829057480314961
11
3.3129798031496063
21
1.3828060629921259
0
LINE
8
BLACK
6
CONTINUOUS
10
3.3129798031496063
20
1.3828060629921259
11
3.3126006299212598
21
1.3825678346456693
0
LINE
8
BLACK
6
CONTINUOUS
10
3.3126006299212598
20
1.3825678346456693
11
3.3112879133858266
21
1.3824199212598425
0
LINE
8
BLACK
6
CONTINUOUS
10
3.3112879133858266
20
1.3824199212598425
11
3.3100000000000001
21
1.3821259842519684
0
LINE
8
BLACK
6
CONTINUOUS
10
3.3100000000000001
20
1.3821259842519684
11
2.4132615354330706
21
1.3821259842519684
0
LINE
8
BLACK
6
CONTINUOUS
10
2.4132615354330706
20
1.3821259842519684
11
2.3951173622047244
21
1.3639818503937007
0
LINE
8
BLACK
6
CONTINUOUS
10
2.3951173622047244
20
1.3639818503937007
11
2.3957480314960629
21
1.3599999999999999
0
LINE
8
BLACK
6
CONTINUOUS
10
2.3957480314960629
20
1.3599999999999999
11
2.3949772834645668
21
1.3551335826771653
0
LINE
8
BLACK
6
CONTINUOUS
10
2.3949772834645668
20
1.3551335826771653
11
2.3927404330708661
21
1.3507435433070867
0
LINE
8
BLACK
6
CONTINUOUS
10
2.3927404330708661
20
1.3507435433070867
11
2.3892564566929133
21
1.3472595669291338
0
LINE
8
BLACK
6
CONTINUOUS
10
2.3892564566929133
20
1.3472595669291338
11
2.3848664173228347
21
1.3450227165354331
0
LINE
8
BLACK
6
CONTINUOUS
10
2.3848664173228347
20
1.3450227165354331
11
2.3799999999999999
21
1.3442519685039369
0
LINE
8
BLACK
6
CONTINUOUS
10
2.3799999999999999
20
1.3442519685039369
11
2.3751335826771651
21
1.3450227165354331
0
LINE
8
BLACK
6
CONTINUOUS
10
2.3751335826771651
20
1.3450227165354331
11
2.3707435433070865
21
1.3472595669291338
0
LINE
8
BLACK
6
CONTINUOUS
10
2.3707435433070865
20
1.3472595669291338
11
2.3672595669291336
21
1.3507435433070867
0
LINE
8
BLACK
6
CONTINUOUS
10
2.3672595669291336
20
1.3507435433070867
11
2.3650227165354329
21
1.3551335826771653
0
LINE
8
BLACK
6
CONTINUOUS
10
2.3650227165354329
20
1.3551335826771653
11
2.3642519685039369
21
1.3599999999999999
0
LINE
8
BLACK
6
CONTINUOUS
10
2.3642519685039369
20
1.3599999999999999
11
2.3650227165354329
21
1.3648664173228346
0
LINE
8
BLACK
6
CONTINUOUS
10
2.3650227165354329
20
1.3648664173228346
11
2.3672595669291336
21
1.3692564566929133
0
LINE
8
BLACK
6
CONTINUOUS
10
2.3672595669291336
20
1.3692564566929133
11
2.3707435433070865
21
1.3727404330708661
0
LINE
8
BLACK
6
CONTINUOUS
10
2.3707435433070865
20
1.3727404330708661
11
2.3751335826771651
21
1.3749772834645668
0
LINE
8
BLACK
6
CONTINUOUS
10
2.3751335826771651
20
1.3749772834645668
11
2.3799999999999999
21
1.3757480314960631
0
LINE
8
BLACK
6
CONTINUOUS
10
2.3799999999999999
20
1.3757480314960631
11
2.3839818503937007
21
1.3751173622047244
0
LINE
8
BLACK
6
CONTINUOUS
10
2.3839818503937007
20
1.3751173622047244
11
2.4044322440944881
21
1.3955677952755905
0
LINE
8
BLACK
6
CONTINUOUS
10
2.4044322440944881
20
1.3955677952755905
11
2.4055508267716537
21
1.3962706299212597
0
LINE
8
BLACK
6
CONTINUOUS
10
2.4055508267716537
20
1.3962706299212597
11
2.4065835826771651
21
1.3970942519685039
0
LINE
8
BLACK
6
CONTINUOUS
10
2.4065835826771651
20
1.3970942519685039
11
2.4070201574803147
21
1.3971938976377953
0
LINE
8
BLACK
6
CONTINUOUS
10
2.4070201574803147
20
1.3971938976377953
11
2.4073993700787399
21
1.3974321653543307
0
LINE
8
BLACK
6
CONTINUOUS
10
2.4073993700787399
20
1.3974321653543307
11
2.4087120472440944
21
1.3975800393700788
0
LINE
8
BLACK
6
CONTINUOUS
10
2.4087120472440944
20
1.3975800393700788
11
2.4100000000000001
21
1.3978740157480314
0
LINE
8
BLACK
6
CONTINUOUS
10
2.4100000000000001
20
1.3978740157480314
11
3.3067385039370079
21
1.3978740157480314
0
LINE
8
BLACK
6
CONTINUOUS
10
3.3067385039370079
20
1.3978740157480314
11
3.3149999999999999
21
1.4061355118110237
0
LINE
8
BLACK
6
CONTINUOUS
10
3.3149999999999999
20
1.4061355118110237
11
3.3149999999999999
21
1.45
0
LINE
8
BLACK
6
CONTINUOUS
10
3.3149999999999999
20
1.45
11
3.375
21
1.45
0
LINE
8
BLACK
6
CONTINUOUS
10
3.375
20
1.45
11
3.375
21
1.3899999999999999
0
LINE
8
BLACK
6
CONTINUOUS
10
3.4750000000000001
20
1.3899999999999999
11
3.415
21
1.3899999999999999
0
LINE
8
BLACK
6
CONTINUOUS
10
3.415
20
1.3899999999999999
11
3.415
21
1.45
0
LINE
8
BLACK
6
CONTINUOUS
10
3.415
20
1.45
11
3.4750000000000001
21
1.45
0
LINE
8
BLACK
6
CONTINUOUS
10
3.4750000000000001
20
1.45
11
3.4750000000000001
21
1.3899999999999999
0
LINE
8
BLACK
6
CONTINUOUS
10
0.4145496456692913
20
1.3753108267716536
11
0.4208905118110236
21
1.3730920472440944
0
LINE
8
BLACK
6
CONTINUOUS
10
0.4208905118110236
20
1.3730920472440944
11
0.4265787007874016
21
1.3695179527559054
0
LINE
8
BLACK
6
CONTINUOUS
10
0.4265787007874016
20
1.3695179527559054
11
0.4313289763779528
21
1.3647676771653543
0
LINE
8
BLACK
6
CONTINUOUS
10
0.4313289763779528
20
1.3647676771653543
11
0.4349030708661417
21
1.3590794881889763
0
LINE
8
BLACK
6
CONTINUOUS
10
0.4349030708661417
20
1.3590794881889763
11
0.4371218503937008
21
1.3527386220472442
0
LINE
8
BLACK
6
CONTINUOUS
10
0.4371218503937008
20
1.3527386220472442
11
0.4378740157480315
21
1.3460629921259841
0
LINE
8
BLACK
6
CONTINUOUS
10
0.4378740157480315
20
1.3460629921259841
11
0.4371218503937008
21
1.3393873622047243
0
LINE
8
BLACK
6
CONTINUOUS
10
0.4371218503937008
20
1.3393873622047243
11
0.4349030708661417
21
1.3330464960629922
0
LINE
8
BLACK
6
CONTINUOUS
10
0.4349030708661417
20
1.3330464960629922
11
0.4313289763779528
21
1.3273583070866142
0
LINE
8
BLACK
6
CONTINUOUS
10
0.4313289763779528
20
1.3273583070866142
11
0.4265787007874016
21
1.3226080314960629
0
LINE
8
BLACK
6
CONTINUOUS
10
0.4265787007874016
20
1.3226080314960629
11
0.4208905118110236
21
1.3190339370078741
0
LINE
8
BLACK
6
CONTINUOUS
10
0.4208905118110236
20
1.3190339370078741
11
0.4145496456692913
21
1.3168151574803149
0
LINE
8
BLACK
6
CONTINUOUS
10
0.4145496456692913
20
1.3168151574803149
11
0.4078740157480315
21
1.3160629921259843
0
LINE
8
BLACK
6
CONTINUOUS
10
0.4078740157480315
20
1.3160629921259843
11
0.4011983858267716
21
1.3168151574803149
0
LINE
8
BLACK
6
CONTINUOUS
10
0.4011983858267716
20
1.3168151574803149
11
0.3948575196850393
21
1.3190339370078741
0
LINE
8
BLACK
6
CONTINUOUS
10
0.3948575196850393
20
1.3190339370078741
11
0.3891693307086614
21
1.3226080314960629
0
LINE
8
BLACK
6
CONTINUOUS
10
0.3891693307086614
20
1.3226080314960629
11
0.3844190551181103
21
1.3273583070866142
0
LINE
8
BLACK
6
CONTINUOUS
10
0.3844190551181103
20
1.3273583070866142
11
0.3808449606299212
21
1.3330464960629922
0
LINE
8
BLACK
6
CONTINUOUS
10
0.3808449606299212
20
1.3330464960629922
11
0.3786261811023622
21
1.3393873622047243
0
LINE
8
BLACK
6
CONTINUOUS
10
0.3786261811023622
20
1.3393873622047243
11
0.3778740157480315
21
1.3460629921259841
0
LINE
8
BLACK
6
CONTINUOUS
10
0.3778740157480315
20
1.3460629921259841
11
0.3786261811023622
21
1.3527386220472442
0
LINE
8
BLACK
6
CONTINUOUS
10
0.3786261811023622
20
1.3527386220472442
11
0.3808449606299212
21
1.3590794881889763
0
LINE
8
BLACK
6
CONTINUOUS
10
0.3808449606299212
20
1.3590794881889763
11
0.3844190551181103
21
1.3647676771653543
0
LINE
8
BLACK
6
CONTINUOUS
10
0.3844190551181103
20
1.3647676771653543
11
0.3891693307086614
21
1.3695179527559054
0
LINE
8
BLACK
6
CONTINUOUS
10
0.3891693307086614
20
1.3695179527559054
11
0.3948575196850393
21
1.3730920472440944
0
LINE
8
BLACK
6
CONTINUOUS
10
0.3948575196850393
20
1.3730920472440944
11
0.4011983858267716
21
1.3753108267716536
0
LINE
8
BLACK
6
CONTINUOUS
10
0.4011983858267716
20
1.3753108267716536
11
0.4078740157480315
21
1.3760629921259842
0
LINE
8
BLACK
6
CONTINUOUS
10
0.4078740157480315
20
1.3760629921259842
11
0.4145496456692913
21
1.3753108267716536
0
LINE
8
BLACK
6
CONTINUOUS
10
0.6114000393700787
20
1.3753108267716536
11
0.617740905511811
21
1.3730920472440944
0
LINE
8
BLACK
6
CONTINUOUS
10
0.617740905511811
20
1.3730920472440944
11
0.623429094488189
21
1.3695179527559054
0
LINE
8
BLACK
6
CONTINUOUS
10
0.623429094488189
20
1.3695179527559054
11
0.6281793700787401
21
1.3647676771653543
0
LINE
8
BLACK
6
CONTINUOUS
10
0.6281793700787401
20
1.3647676771653543
11
0.6317534645669292
21
1.3590794881889763
0
LINE
8
BLACK
6
CONTINUOUS
10
0.6317534645669292
20
1.3590794881889763
11
0.6339722440944882
21
1.3527386220472442
0
LINE
8
BLACK
6
CONTINUOUS
10
0.6339722440944882
20
1.3527386220472442
11
0.6347244094488189
21
1.3460629921259841
0
LINE
8
BLACK
6
CONTINUOUS
10
0.6347244094488189
20
1.3460629921259841
11
0.6339722440944882
21
1.3393873622047243
0
LINE
8
BLACK
6
CONTINUOUS
10
0.6339722440944882
20
1.3393873622047243
11
0.6317534645669292
21
1.3330464960629922
0
LINE
8
BLACK
6
CONTINUOUS
10
0.6317534645669292
20
1.3330464960629922
11
0.6281793700787401
21
1.3273583070866142
0
LINE
8
BLACK
6
CONTINUOUS
10
0.6281793700787401
20
1.3273583070866142
11
0.623429094488189
21
1.3226080314960629
0
LINE
8
BLACK
6
CONTINUOUS
10
0.623429094488189
20
1.3226080314960629
11
0.617740905511811
21
1.3190339370078741
0
LINE
8
BLACK
6
CONTINUOUS
10
0.617740905511811
20
1.3190339370078741
11
0.6114000393700787
21
1.3168151574803149
0
LINE
8
BLACK
6
CONTINUOUS
10
0.6114000393700787
20
1.3168151574803149
11
0.6047244094488189
21
1.3160629921259843
0
LINE
8
BLACK
6
CONTINUOUS
10
0.6047244094488189
20
1.3160629921259843
11
0.5980487795275591
21
1.3168151574803149
0
LINE
8
BLACK
6
CONTINUOUS
10
0.5980487795275591
20
1.3168151574803149
11
0.5917079133858267
21
1.3190339370078741
0
LINE
8
BLACK
6
CONTINUOUS
10
0.5917079133858267
20
1.3190339370078741
11
0.5860197244094488
21
1.3226080314960629
0
LINE
8
BLACK
6
CONTINUOUS
10
0.5860197244094488
20
1.3226080314960629
11
0.5812694488188976
21
1.3273583070866142
0
LINE
8
BLACK
6
CONTINUOUS
10
0.5812694488188976
20
1.3273583070866142
11
0.5776953543307086
21
1.3330464960629922
0
LINE
8
BLACK
6
CONTINUOUS
10
0.5776953543307086
20
1.3330464960629922
11
0.5754765748031496
21
1.3393873622047243
0
LINE
8
BLACK
6
CONTINUOUS
10
0.5754765748031496
20
1.3393873622047243
11
0.5747244094488189
21
1.3460629921259841
0
LINE
8
BLACK
6
CONTINUOUS
10
0.5747244094488189
20
1.3460629921259841
11
0.5754765748031496
21
1.3527386220472442
0
LINE
8
BLACK
6
CONTINUOUS
10
0.5754765748031496
20
1.3527386220472442
11
0.5776953543307086
21
1.3590794881889763
0
LINE
8
BLACK
6
CONTINUOUS
10
0.5776953543307086
20
1.3590794881889763
11
0.5812694488188976
21
1.3647676771653543
0
LINE
8
BLACK
6
CONTINUOUS
10
0.5812694488188976
20
1.3647676771653543
11
0.5860197244094488
21
1.3695179527559054
0
LINE
8
BLACK
6
CONTINUOUS
10
0.5860197244094488
20
1.3695179527559054
11
0.5917079133858267
21
1.3730920472440944
0
LINE
8
BLACK
6
CONTINUOUS
10
0.5917079133858267
20
1.3730920472440944
11
0.5980487795275591
21
1.3753108267716536
0
LINE
8
BLACK
6
CONTINUOUS
10
0.5980487795275591
20
1.3753108267716536
11
0.6047244094488189
21
1.3760629921259842
0
LINE
8
BLACK
6
CONTINUOUS
10
0.6047244094488189
20
1.3760629921259842
11
0.6114000393700787
21
1.3753108267716536
0
LINE
8
BLACK
6
CONTINUOUS
10
1.9904755118110236
20
1.3888091338582678
11
1.9967212598425197
21
1.3866236220472441
0
LINE
8
BLACK
6
CONTINUOUS
10
1.9967212598425197
20
1.3866236220472441
11
2.0023241338582678
21
1.3831031102362203
0
LINE
8
BLACK
6
CONTINUOUS
10
2.0023241338582678
20
1.3831031102362203
11
2.0070031102362202
21
1.3784241338582677
0
LINE
8
BLACK
6
CONTINUOUS
10
2.0070031102362202
20
1.3784241338582677
11
2.010523622047244
21
1.3728212598425196
0
LINE
8
BLACK
6
CONTINUOUS
10
2.010523622047244
20
1.3728212598425196
11
2.0127091338582677
21
1.3665755118110237
0
LINE
8
BLACK
6
CONTINUOUS
10
2.0127091338582677
20
1.3665755118110237
11
2.0134499999999997
21
1.3599999999999999
0
LINE
8
BLACK
6
CONTINUOUS
10
2.0134499999999997
20
1.3599999999999999
11
2.0127091338582677
21
1.3534244881889763
0
LINE
8
BLACK
6
CONTINUOUS
10
2.0127091338582677
20
1.3534244881889763
11
2.010523622047244
21
1.3471787401574802
0
LINE
8
BLACK
6
CONTINUOUS
10
2.010523622047244
20
1.3471787401574802
11
2.0070031102362202
21
1.3415758661417323
0
LINE
8
BLACK
6
CONTINUOUS
10
2.0070031102362202
20
1.3415758661417323
11
2.0023241338582678
21
1.3368968897637794
0
LINE
8
BLACK
6
CONTINUOUS
10
2.0023241338582678
20
1.3368968897637794
11
1.9967212598425197
21
1.3333763779527559
0
LINE
8
BLACK
6
CONTINUOUS
10
1.9967212598425197
20
1.3333763779527559
11
1.9904755118110236
21
1.3311908661417322
0
LINE
8
BLACK
6
CONTINUOUS
10
1.9904755118110236
20
1.3311908661417322
11
1.9839
21
1.3304499999999999
0
LINE
8
BLACK
6
CONTINUOUS
10
1.9839
20
1.3304499999999999
11
1.9773244881889764
21
1.3311908661417322
0
LINE
8
BLACK
6
CONTINUOUS
10
1.9773244881889764
20
1.3311908661417322
11
1.9710787401574803
21
1.3333763779527559
0
LINE
8
BLACK
6
CONTINUOUS
10
1.9710787401574803
20
1.3333763779527559
11
1.9654758661417322
21
1.3368968897637794
0
LINE
8
BLACK
6
CONTINUOUS
10
1.9654758661417322
20
1.3368968897637794
11
1.9607968897637795
21
1.3415758661417323
0
LINE
8
BLACK
6
CONTINUOUS
10
1.9607968897637795
20
1.3415758661417323
11
1.9572763779527558
21
1.3471787401574802
0
LINE
8
BLACK
6
CONTINUOUS
10
1.9572763779527558
20
1.3471787401574802
11
1.9550908661417323
21
1.3534244881889763
0
LINE
8
BLACK
6
CONTINUOUS
10
1.9550908661417323
20
1.3534244881889763
11
1.95435
21
1.3599999999999999
0
LINE
8
BLACK
6
CONTINUOUS
10
1.95435
20
1.3599999999999999
11
1.9550908661417323
21
1.3665755118110237
0
LINE
8
BLACK
6
CONTINUOUS
10
1.9550908661417323
20
1.3665755118110237
11
1.9572763779527558
21
1.3728212598425196
0
LINE
8
BLACK
6
CONTINUOUS
10
1.9572763779527558
20
1.3728212598425196
11
1.9607968897637795
21
1.3784241338582677
0
LINE
8
BLACK
6
CONTINUOUS
10
1.9607968897637795
20
1.3784241338582677
11
1.9654758661417322
21
1.3831031102362203
0
LINE
8
BLACK
6
CONTINUOUS
10
1.9654758661417322
20
1.3831031102362203
11
1.9710787401574803
21
1.3866236220472441
0
LINE
8
BLACK
6
CONTINUOUS
10
1.9710787401574803
20
1.3866236220472441
11
1.9773244881889764
21
1.3888091338582678
0
LINE
8
BLACK
6
CONTINUOUS
10
1.9773244881889764
20
1.3888091338582678
11
1.9839
21
1.3895500000000001
0
LINE
8
BLACK
6
CONTINUOUS
10
1.9839
20
1.3895500000000001
11
1.9904755118110236
21
1.3888091338582678
0
LINE
8
BLACK
6
CONTINUOUS
10
2.1826755118110235
20
1.3888091338582678
11
2.1889212598425196
21
1.3866236220472441
0
LINE
8
BLACK
6
CONTINUOUS
10
2.1889212598425196
20
1.3866236220472441
11
2.1945241338582675
21
1.3831031102362203
0
LINE
8
BLACK
6
CONTINUOUS
10
2.1945241338582675
20
1.3831031102362203
11
2.1992031102362204
21
1.3784241338582677
0
LINE
8
BLACK
6
CONTINUOUS
10
2.1992031102362204
20
1.3784241338582677
11
2.2027236220472441
21
1.3728212598425196
0
LINE
8
BLACK
6
CONTINUOUS
10
2.2027236220472441
20
1.3728212598425196
11
2.2049091338582678
21
1.3665755118110237
0
LINE
8
BLACK
6
CONTINUOUS
10
2.2049091338582678
20
1.3665755118110237
11
2.2056499999999999
21
1.3599999999999999
0
LINE
8
BLACK
6
CONTINUOUS
10
2.2056499999999999
20
1.3599999999999999
11
2.2049091338582678
21
1.3534244881889763
0
LINE
8
BLACK
6
CONTINUOUS
10
2.2049091338582678
20
1.3534244881889763
11
2.2027236220472441
21
1.3471787401574802
0
LINE
8
BLACK
6
CONTINUOUS
10
2.2027236220472441
20
1.3471787401574802
11
2.1992031102362204
21
1.3415758661417323
0
LINE
8
BLACK
6
CONTINUOUS
10
2.1992031102362204
20
1.3415758661417323
11
2.1945241338582675
21
1.3368968897637794
0
LINE
8
BLACK
6
CONTINUOUS
10
2.1945241338582675
20
1.3368968897637794
11
2.1889212598425196
21
1.3333763779527559
0
LINE
8
BLACK
6
CONTINUOUS
10
2.1889212598425196
20
1.3333763779527559
11
2.1826755118110235
21
1.3311908661417322
0
LINE
8
BLACK
6
CONTINUOUS
10
2.1826755118110235
20
1.3311908661417322
11
2.1760999999999999
21
1.3304499999999999
0
LINE
8
BLACK
6
CONTINUOUS
10
2.1760999999999999
20
1.3304499999999999
11
2.1695244881889764
21
1.3311908661417322
0
LINE
8
BLACK
6
CONTINUOUS
10
2.1695244881889764
20
1.3311908661417322
11
2.1632787401574802
21
1.3333763779527559
0
LINE
8
BLACK
6
CONTINUOUS
10
2.1632787401574802
20
1.3333763779527559
11
2.1576758661417323
21
1.3368968897637794
0
LINE
8
BLACK
6
CONTINUOUS
10
2.1576758661417323
20
1.3368968897637794
11
2.1529968897637795
21
1.3415758661417323
0
LINE
8
BLACK
6
CONTINUOUS
10
2.1529968897637795
20
1.3415758661417323
11
2.1494763779527557
21
1.3471787401574802
0
LINE
8
BLACK
6
CONTINUOUS
10
2.1494763779527557
20
1.3471787401574802
11
2.147290866141732
21
1.3534244881889763
0
LINE
8
BLACK
6
CONTINUOUS
10
2.147290866141732
20
1.3534244881889763
11
2.14655
21
1.3599999999999999
0
LINE
8
BLACK
6
CONTINUOUS
10
2.14655
20
1.3599999999999999
11
2.147290866141732
21
1.3665755118110237
0
LINE
8
BLACK
6
CONTINUOUS
10
2.147290866141732
20
1.3665755118110237
11
2.1494763779527557
21
1.3728212598425196
0
LINE
8
BLACK
6
CONTINUOUS
10
2.1494763779527557
20
1.3728212598425196
11
2.1529968897637795
21
1.3784241338582677
0
LINE
8
BLACK
6
CONTINUOUS
10
2.1529968897637795
20
1.3784241338582677
11
2.1576758661417323
21
1.3831031102362203
0
LINE
8
BLACK
6
CONTINUOUS
10
2.1576758661417323
20
1.3831031102362203
11
2.1632787401574802
21
1.3866236220472441
0
LINE
8
BLACK
6
CONTINUOUS
10
2.1632787401574802
20
1.3866236220472441
11
2.1695244881889764
21
1.3888091338582678
0
LINE
8
BLACK
6
CONTINUOUS
10
2.1695244881889764
20
1.3888091338582678
11
2.1760999999999999
21
1.3895500000000001
0
LINE
8
BLACK
6
CONTINUOUS
10
2.1760999999999999
20
1.3895500000000001
11
2.1826755118110235
21
1.3888091338582678
0
LINE
8
BLACK
6
CONTINUOUS
10
3.5837646062992126
20
1.9852558267716536
11
3.5855950393700788
21
1.9831433858267715
0
LINE
8
BLACK
6
CONTINUOUS
10
3.5855950393700788
20
1.9831433858267715
11
3.586043307086614
21
1.9810826771653542
0
LINE
8
BLACK
6
CONTINUOUS
10
3.586043307086614
20
1.9810826771653542
11
3.586043307086614
21
0.0189173228346457
0
LINE
8
BLACK
6
CONTINUOUS
10
3.586043307086614
20
0.0189173228346457
11
3.5852558267716534
21
0.0162353937007874
0
LINE
8
BLACK
6
CONTINUOUS
10
3.5852558267716534
20
0.0162353937007874
11
3.5831433858267716
21
0.0144049606299213
0
LINE
8
BLACK
6
CONTINUOUS
10
3.5831433858267716
20
0.0144049606299213
11
3.5810826771653543
21
0.0139566929133858
0
LINE
8
BLACK
6
CONTINUOUS
10
3.5810826771653543
20
0.0139566929133858
11
0.0189173228346457
21
0.0139566929133858
0
LINE
8
BLACK
6
CONTINUOUS
10
0.0189173228346457
20
0.0139566929133858
11
0.0162353937007874
21
0.0147441732283465
0
LINE
8
BLACK
6
CONTINUOUS
10
0.0162353937007874
20
0.0147441732283465
11
0.0144049606299213
21
0.0168566141732283
0
LINE
8
BLACK
6
CONTINUOUS
10
0.0144049606299213
20
0.0168566141732283
11
0.0139566929133858
21
0.0189173228346457
0
LINE
8
BLACK
6
CONTINUOUS
10
0.0139566929133858
20
0.0189173228346457
11
0.0139566929133858
21
0.7897637795275591
0
LINE
8
BLACK
6
CONTINUOUS
10
0.0139566929133858
20
0.7897637795275591
11
0.0139566929133858
21
0.8446627952755905
0
LINE
8
BLACK
6
CONTINUOUS
10
0.0139566929133858
20
0.8446627952755905
11
0.0139566929133858
21
1.3460629921259841
0
LINE
8
BLACK
6
CONTINUOUS
10
0.0139566929133858
20
1.3460629921259841
11
0.0139566929133858
21
1.9810826771653542
0
LINE
8
BLACK
6
CONTINUOUS
10
0.0139566929133858
20
1.9810826771653542
11
0.0147441732283465
21
1.9837646062992125
0
LINE
8
BLACK
6
CONTINUOUS
10
0.0147441732283465
20
1.9837646062992125
11
0.0168566141732283
21
1.9855950393700788
0
LINE
8
BLACK
6
CONTINUOUS
10
0.0168566141732283
20
1.9855950393700788
11
0.0189173228346457
21
1.9860433070866141
0
LINE
8
BLACK
6
CONTINUOUS
10
0.0189173228346457
20
1.9860433070866141
11
3.5810826771653543
21
1.9860433070866141
0
LINE
8
BLACK
6
CONTINUOUS
10
3.5810826771653543
20
1.9860433070866141
11
3.5837646062992126
21
1.9852558267716536
0
LINE
8
BLACK
6
CONTINUOUS
10
1.1720669291338583
20
1.1195862598425197
11
1.1708028740157479
21
1.1197864960629922
0
LINE
8
BLACK
6
CONTINUOUS
10
1.1708028740157479
20
1.1197864960629922
11
1.1664128346456692
21
1.1220233464566929
0
LINE
8
BLACK
6
CONTINUOUS
10
1.1664128346456692
20
1.1220233464566929
11
1.1629288582677164
21
1.1255073228346457
0
LINE
8
BLACK
6
CONTINUOUS
10
1.1629288582677164
20
1.1255073228346457
11
1.1606920078740157
21
1.1298973622047244
0
LINE
8
BLACK
6
CONTINUOUS
10
1.1606920078740157
20
1.1298973622047244
11
1.1599212598425197
21
1.1347637795275591
0
LINE
8
BLACK
6
CONTINUOUS
10
1.1599212598425197
20
1.1347637795275591
11
1.1606920078740157
21
1.1396301968503937
0
LINE
8
BLACK
6
CONTINUOUS
10
1.1606920078740157
20
1.1396301968503937
11
1.1629288582677164
21
1.1440202362204723
0
LINE
8
BLACK
6
CONTINUOUS
10
1.1629288582677164
20
1.1440202362204723
11
1.1664128346456692
21
1.1475042125984252
0
LINE
8
BLACK
6
CONTINUOUS
10
1.1664128346456692
20
1.1475042125984252
11
1.1708028740157479
21
1.1497410629921259
0
LINE
8
BLACK
6
CONTINUOUS
10
1.1708028740157479
20
1.1497410629921259
11
1.1720669291338583
21
1.1499412598425196
0
LINE
8
BLACK
6
CONTINUOUS
10
1.1720669291338583
20
1.1499412598425196
11
1.1720669291338583
21
1.2776292913385827
0
LINE
8
BLACK
6
CONTINUOUS
10
1.1720669291338583
20
1.2776292913385827
11
1.172094094488189
21
1.2781477952755904
0
LINE
8
BLACK
6
CONTINUOUS
10
1.172094094488189
20
1.2781477952755904
11
1.1721353543307087
21
1.2785404724409448
0
LINE
8
BLACK
6
CONTINUOUS
10
1.1721353543307087
20
1.2785404724409448
11
1.172263937007874
21
1.2797637795275589
0
LINE
8
BLACK
6
CONTINUOUS
10
1.172263937007874
20
1.2797637795275589
11
1.1714780314960629
21
1.2872412598425196
0
LINE
8
BLACK
6
CONTINUOUS
10
1.1714780314960629
20
1.2872412598425196
11
1.1691546062992126
21
1.2943919685039369
0
LINE
8
BLACK
6
CONTINUOUS
10
1.1691546062992126
20
1.2943919685039369
11
1.1653952755905512
21
1.3009033070866141
0
LINE
8
BLACK
6
CONTINUOUS
10
1.1653952755905512
20
1.3009033070866141
11
1.1635493307086613
21
1.3029534251968504
0
LINE
8
BLACK
6
CONTINUOUS
10
1.1635493307086613
20
1.3029534251968504
11
1.16036437007874
21
1.3064907086614173
0
LINE
8
BLACK
6
CONTINUOUS
10
1.16036437007874
20
1.3064907086614173
11
1.1603643307086613
21
1.3064907086614173
0
LINE
8
BLACK
6
CONTINUOUS
10
1.1603643307086613
20
1.3064907086614173
11
1.1603642913385825
21
1.3064907874015748
0
LINE
8
BLACK
6
CONTINUOUS
10
1.1603642913385825
20
1.3064907874015748
11
1.1542815748031496
21
1.310910157480315
0
LINE
8
BLACK
6
CONTINUOUS
10
1.1542815748031496
20
1.310910157480315
11
1.1474129133858268
21
1.3139682677165354
0
LINE
8
BLACK
6
CONTINUOUS
10
1.1474129133858268
20
1.3139682677165354
11
1.1400585433070867
21
1.315531496062992
0
LINE
8
BLACK
6
CONTINUOUS
10
1.1400585433070867
20
1.315531496062992
11
1.1325398818897638
21
1.315531496062992
0
LINE
8
BLACK
6
CONTINUOUS
10
1.1325398818897638
20
1.315531496062992
11
1.1251855118110237
21
1.3139682677165354
0
LINE
8
BLACK
6
CONTINUOUS
10
1.1251855118110237
20
1.3139682677165354
11
1.1183168503937007
21
1.310910157480315
0
LINE
8
BLACK
6
CONTINUOUS
10
1.1183168503937007
20
1.310910157480315
11
1.1183168110236221
21
1.3109101181102363
0
LINE
8
BLACK
6
CONTINUOUS
10
1.1183168110236221
20
1.3109101181102363
11
1.1136320866141731
21
1.3075064566929133
0
LINE
8
BLACK
6
CONTINUOUS
10
1.1136320866141731
20
1.3075064566929133
11
1.1149772834645668
21
1.3048664173228346
0
LINE
8
BLACK
6
CONTINUOUS
10
1.1149772834645668
20
1.3048664173228346
11
1.1157480314960631
21
1.3
0
LINE
8
BLACK
6
CONTINUOUS
10
1.1157480314960631
20
1.3
11
1.1149772834645668
21
1.2951335826771653
0
LINE
8
BLACK
6
CONTINUOUS
10
1.1149772834645668
20
1.2951335826771653
11
1.1127404330708661
21
1.2907435433070866
0
LINE
8
BLACK
6
CONTINUOUS
10
1.1127404330708661
20
1.2907435433070866
11
1.1092564566929133
21
1.2872595669291338
0
LINE
8
BLACK
6
CONTINUOUS
10
1.1092564566929133
20
1.2872595669291338
11
1.1048664173228346
21
1.2850227165354331
0
LINE
8
BLACK
6
CONTINUOUS
10
1.1048664173228346
20
1.2850227165354331
11
1.1008198031496064
21
1.284381811023622
0
LINE
8
BLACK
6
CONTINUOUS
10
1.1008198031496064
20
1.284381811023622
11
1.1003344881889763
21
1.2797637401574802
0
LINE
8
BLACK
6
CONTINUOUS
10
1.1003344881889763
20
1.2797637401574802
11
1.1005043307086615
21
1.2781477952755904
0
LINE
8
BLACK
6
CONTINUOUS
10
1.1005043307086615
20
1.2781477952755904
11
1.1005314960629922
21
1.2776292913385827
0
LINE
8
BLACK
6
CONTINUOUS
10
1.1005314960629922
20
1.2776292913385827
11
1.1005314960629922
21
0.7918982283464566
0
LINE
8
BLACK
6
CONTINUOUS
10
1.1005314960629922
20
0.7918982283464566
11
1.1005043307086615
21
0.7913797244094488
0
LINE
8
BLACK
6
CONTINUOUS
10
1.1005043307086615
20
0.7913797244094488
11
1.1003344881889763
21
0.7897637795275591
0
LINE
8
BLACK
6
CONTINUOUS
10
1.1003344881889763
20
0.7897637795275591
11
1.1011203543307087
21
0.7822862992125984
0
LINE
8
BLACK
6
CONTINUOUS
10
1.1011203543307087
20
0.7822862992125984
11
1.1034438188976379
21
0.7751356299212598
0
LINE
8
BLACK
6
CONTINUOUS
10
1.1034438188976379
20
0.7751356299212598
11
1.1034439370078739
21
0.7751353543307087
0
LINE
8
BLACK
6
CONTINUOUS
10
1.1034439370078739
20
0.7751353543307087
11
1.1072030708661418
21
0.7686243307086614
0
LINE
8
BLACK
6
CONTINUOUS
10
1.1072030708661418
20
0.7686243307086614
11
1.1072033464566928
21
0.768623937007874
0
LINE
8
BLACK
6
CONTINUOUS
10
1.1072033464566928
20
0.768623937007874
11
1.1122340157480315
21
0.763036811023622
0
LINE
8
BLACK
6
CONTINUOUS
10
1.1122340157480315
20
0.763036811023622
11
1.1183168110236221
21
0.7586174015748032
0
LINE
8
BLACK
6
CONTINUOUS
10
1.1183168110236221
20
0.7586174015748032
11
1.1251854724409449
21
0.7555592913385827
0
LINE
8
BLACK
6
CONTINUOUS
10
1.1251854724409449
20
0.7555592913385827
11
1.1325398818897638
21
0.753996062992126
0
LINE
8
BLACK
6
CONTINUOUS
10
1.1325398818897638
20
0.753996062992126
11
1.1400585433070867
21
0.753996062992126
0
LINE
8
BLACK
6
CONTINUOUS
10
1.1400585433070867
20
0.753996062992126
11
1.1474129133858268
21
0.7555592913385827
0
LINE
8
BLACK
6
CONTINUOUS
10
1.1474129133858268
20
0.7555592913385827
11
1.1542815748031496
21
0.7586174015748032
0
LINE
8
BLACK
6
CONTINUOUS
10
1.1542815748031496
20
0.7586174015748032
11
1.16036437007874
21
0.763036811023622
0
LINE
8
BLACK
6
CONTINUOUS
10
1.16036437007874
20
0.763036811023622
11
1.1653950393700787
21
0.768623937007874
0
LINE
8
BLACK
6
CONTINUOUS
10
1.1653950393700787
20
0.768623937007874
11
1.16539531496063
21
0.7686243307086614
0
LINE
8
BLACK
6
CONTINUOUS
10
1.16539531496063
20
0.7686243307086614
11
1.1671225196850394
21
0.7716159448818898
0
LINE
8
BLACK
6
CONTINUOUS
10
1.1671225196850394
20
0.7716159448818898
11
1.1691546062992126
21
0.7751355905511811
0
LINE
8
BLACK
6
CONTINUOUS
10
1.1691546062992126
20
0.7751355905511811
11
1.1714780314960629
21
0.7822862992125984
0
LINE
8
BLACK
6
CONTINUOUS
10
1.1714780314960629
20
0.7822862992125984
11
1.172263937007874
21
0.7897637795275591
0
LINE
8
BLACK
6
CONTINUOUS
10
1.172263937007874
20
0.7897637795275591
11
1.1720940551181103
21
0.7913797244094488
0
LINE
8
BLACK
6
CONTINUOUS
10
1.1720940551181103
20
0.7913797244094488
11
1.1720669291338583
21
0.7918982283464566
0
LINE
8
BLACK
6
CONTINUOUS
10
1.1720669291338583
20
0.7918982283464566
11
1.1720669291338583
21
0.8465852362204724
0
LINE
8
BLACK
6
CONTINUOUS
10
1.1720669291338583
20
0.8465852362204724
11
1.1707435433070865
21
0.8472595669291338
0
LINE
8
BLACK
6
CONTINUOUS
10
1.1707435433070865
20
0.8472595669291338
11
1.1672595669291339
21
0.8507435433070866
0
LINE
8
BLACK
6
CONTINUOUS
10
1.1672595669291339
20
0.8507435433070866
11
1.165022716535433
21
0.8551335826771653
0
LINE
8
BLACK
6
CONTINUOUS
10
1.165022716535433
20
0.8551335826771653
11
1.164251968503937
21
0.86
0
LINE
8
BLACK
6
CONTINUOUS
10
1.164251968503937
20
0.86
11
1.165022716535433
21
0.8648664173228346
0
LINE
8
BLACK
6
CONTINUOUS
10
1.165022716535433
20
0.8648664173228346
11
1.1672595669291339
21
0.8692564566929134
0
LINE
8
BLACK
6
CONTINUOUS
10
1.1672595669291339
20
0.8692564566929134
11
1.1707435433070865
21
0.8727404330708661
0
LINE
8
BLACK
6
CONTINUOUS
10
1.1707435433070865
20
0.8727404330708661
11
1.1720669291338583
21
0.8734147244094488
0
LINE
8
BLACK
6
CONTINUOUS
10
1.1720669291338583
20
0.8734147244094488
11
1.1720669291338583
21
1.0049999999999999
0
LINE
8
BLACK
6
CONTINUOUS
10
1.1720669291338583
20
1.0049999999999999
11
1.1720669291338583
21
1.1195862598425197
0
LINE
8
BLACK
6
CONTINUOUS
10
1.2048211417322834
20
0.9975225196850394
11
1.2062629133858267
21
0.9930853149606299
0
LINE
8
BLACK
6
CONTINUOUS
10
1.2062629133858267
20
0.9930853149606299
11
1.2071146456692914
21
0.9904639763779527
0
LINE
8
BLACK
6
CONTINUOUS
10
1.2071146456692914
20
0.9904639763779527
11
1.2071446062992126
21
0.9903718503937008
0
LINE
8
BLACK
6
CONTINUOUS
10
1.2071446062992126
20
0.9903718503937008
11
1.2071447244094489
21
0.9903715748031496
0
LINE
8
BLACK
6
CONTINUOUS
10
1.2071447244094489
20
0.9903715748031496
11
1.2109038582677165
21
0.9838605511811024
0
LINE
8
BLACK
6
CONTINUOUS
10
1.2109038582677165
20
0.9838605511811024
11
1.2109041338582678
21
0.983860157480315
0
LINE
8
BLACK
6
CONTINUOUS
10
1.2109041338582678
20
0.983860157480315
11
1.2159348031496062
21
0.9782730314960629
0
LINE
8
BLACK
6
CONTINUOUS
10
1.2159348031496062
20
0.9782730314960629
11
1.2220175984251969
21
0.9738536220472441
0
LINE
8
BLACK
6
CONTINUOUS
10
1.2220175984251969
20
0.9738536220472441
11
1.2288862598425196
21
0.9707955118110236
0
LINE
8
BLACK
6
CONTINUOUS
10
1.2288862598425196
20
0.9707955118110236
11
1.2362406692913386
21
0.9692322834645669
0
LINE
8
BLACK
6
CONTINUOUS
10
1.2362406692913386
20
0.9692322834645669
11
1.2437593307086614
21
0.9692322834645669
0
LINE
8
BLACK
6
CONTINUOUS
10
1.2437593307086614
20
0.9692322834645669
11
1.2511137007874016
21
0.9707955118110236
0
LINE
8
BLACK
6
CONTINUOUS
10
1.2511137007874016
20
0.9707955118110236
11
1.2579823622047244
21
0.9738536220472441
0
LINE
8
BLACK
6
CONTINUOUS
10
1.2579823622047244
20
0.9738536220472441
11
1.2611552755905511
21
0.9761588976377953
0
LINE
8
BLACK
6
CONTINUOUS
10
1.2611552755905511
20
0.9761588976377953
11
1.263787874015748
21
0.9770981889763779
0
LINE
8
BLACK
6
CONTINUOUS
10
1.263787874015748
20
0.9770981889763779
11
1.2640710629921259
21
0.9771062992125984
0
LINE
8
BLACK
6
CONTINUOUS
10
1.2640710629921259
20
0.9771062992125984
11
1.3025835826771652
21
0.9771062992125984
0
LINE
8
BLACK
6
CONTINUOUS
10
1.3025835826771652
20
0.9771062992125984
11
1.3035587795275589
21
0.9790202362204724
0
LINE
8
BLACK
6
CONTINUOUS
10
1.3035587795275589
20
0.9790202362204724
11
1.3070427559055118
21
0.9825042125984251
0
LINE
8
BLACK
6
CONTINUOUS
10
1.3070427559055118
20
0.9825042125984251
11
1.3114327952755904
21
0.9847410629921259
0
LINE
8
BLACK
6
CONTINUOUS
10
1.3114327952755904
20
0.9847410629921259
11
1.3162992125984252
21
0.9855118110236221
0
LINE
8
BLACK
6
CONTINUOUS
10
1.3162992125984252
20
0.9855118110236221
11
1.3211656299212597
21
0.9847410629921259
0
LINE
8
BLACK
6
CONTINUOUS
10
1.3211656299212597
20
0.9847410629921259
11
1.3255556692913386
21
0.9825042125984251
0
LINE
8
BLACK
6
CONTINUOUS
10
1.3255556692913386
20
0.9825042125984251
11
1.3290396456692912
21
0.9790202362204724
0
LINE
8
BLACK
6
CONTINUOUS
10
1.3290396456692912
20
0.9790202362204724
11
1.3312764960629921
21
0.9746301968503936
0
LINE
8
BLACK
6
CONTINUOUS
10
1.3312764960629921
20
0.9746301968503936
11
1.3320472440944882
21
0.969763779527559
0
LINE
8
BLACK
6
CONTINUOUS
10
1.3320472440944882
20
0.969763779527559
11
1.3312764960629921
21
0.9648973622047244
0
LINE
8
BLACK
6
CONTINUOUS
10
1.3312764960629921
20
0.9648973622047244
11
1.3307121653543308
21
0.963789842519685
0
LINE
8
BLACK
6
CONTINUOUS
10
1.3307121653543308
20
0.963789842519685
11
1.3310208267716535
21
0.9636157874015748
0
LINE
8
BLACK
6
CONTINUOUS
10
1.3310208267716535
20
0.9636157874015748
11
1.3313512992125984
21
0.9633876771653543
0
LINE
8
BLACK
6
CONTINUOUS
10
1.3313512992125984
20
0.9633876771653543
11
1.3313515354330709
21
0.9633875590551181
0
LINE
8
BLACK
6
CONTINUOUS
10
1.3313515354330709
20
0.9633875590551181
11
1.3335903543307086
21
0.9625384645669292
0
LINE
8
BLACK
6
CONTINUOUS
10
1.3335903543307086
20
0.9625384645669292
11
1.3338670472440946
21
0.9624238582677165
0
LINE
8
BLACK
6
CONTINUOUS
10
1.3338670472440946
20
0.9624238582677165
11
1.3360499212598425
21
0.9614414566929134
0
LINE
8
BLACK
6
CONTINUOUS
10
1.3360499212598425
20
0.9614414566929134
11
1.3360503937007873
21
0.9614412992125984
0
LINE
8
BLACK
6
CONTINUOUS
10
1.3360503937007873
20
0.9614412992125984
11
1.3364452362204724
21
0.961368937007874
0
LINE
8
BLACK
6
CONTINUOUS
10
1.3364452362204724
20
0.961368937007874
11
1.3373092913385827
21
0.9611280708661417
0
LINE
8
BLACK
6
CONTINUOUS
10
1.3373092913385827
20
0.9611280708661417
11
1.3376849606299213
21
0.9609856299212598
0
LINE
8
BLACK
6
CONTINUOUS
10
1.3376849606299213
20
0.9609856299212598
11
1.3376850393700788
21
0.960985590551181
0
LINE
8
BLACK
6
CONTINUOUS
10
1.3376850393700788
20
0.960985590551181
11
1.3376851181102363
21
0.960985590551181
0
LINE
8
BLACK
6
CONTINUOUS
10
1.3376851181102363
20
0.960985590551181
11
1.3388636614173228
21
0.9608424409448819
0
LINE
8
BLACK
6
CONTINUOUS
10
1.3388636614173228
20
0.9608424409448819
11
1.340061968503937
21
0.9606969291338583
0
LINE
8
BLACK
6
CONTINUOUS
10
1.340061968503937
20
0.9606969291338583
11
1.3403578346456693
21
0.9606518897637795
0
LINE
8
BLACK
6
CONTINUOUS
10
1.3403578346456693
20
0.9606518897637795
11
1.3427129133858267
21
0.9602203937007874
0
LINE
8
BLACK
6
CONTINUOUS
10
1.3427129133858267
20
0.9602203937007874
11
1.3427129527559054
21
0.9602203937007874
0
LINE
8
BLACK
6
CONTINUOUS
10
1.3427129527559054
20
0.9602203937007874
11
1.3427129921259842
21
0.9602203937007874
0
LINE
8
BLACK
6
CONTINUOUS
10
1.3427129921259842
20
0.9602203937007874
11
1.3451024015748032
21
0.9603649212598425
0
LINE
8
BLACK
6
CONTINUOUS
10
1.3451024015748032
20
0.9603649212598425
11
1.3454018897637794
21
0.9603739763779527
0
LINE
8
BLACK
6
CONTINUOUS
10
1.3454018897637794
20
0.9603739763779527
11
1.7922748425196851
21
0.9603739763779527
0
LINE
8
BLACK
6
CONTINUOUS
10
1.7922748425196851
20
0.9603739763779527
11
1.7925743700787402
21
0.9603649212598425
0
LINE
8
BLACK
6
CONTINUOUS
10
1.7925743700787402
20
0.9603649212598425
11
1.7949642519685038
21
0.9602203543307086
0
LINE
8
BLACK
6
CONTINUOUS
10
1.7949642519685038
20
0.9602203543307086
11
1.7949642913385826
21
0.9602203543307086
0
LINE
8
BLACK
6
CONTINUOUS
10
1.7949642913385826
20
0.9602203543307086
11
1.7962631102362205
21
0.9604583464566929
0
LINE
8
BLACK
6
CONTINUOUS
10
1.7962631102362205
20
0.9604583464566929
11
1.797319409448819
21
0.9606518897637795
0
LINE
8
BLACK
6
CONTINUOUS
10
1.797319409448819
20
0.9606518897637795
11
1.797615433070866
21
0.9606969685039369
0
LINE
8
BLACK
6
CONTINUOUS
10
1.797615433070866
20
0.9606969685039369
11
1.7999918503937007
21
0.9609855118110237
0
LINE
8
BLACK
6
CONTINUOUS
10
1.7999918503937007
20
0.9609855118110237
11
1.7999920078740157
21
0.9609855511811023
0
LINE
8
BLACK
6
CONTINUOUS
10
1.7999920078740157
20
0.9609855511811023
11
1.799992125984252
21
0.960985590551181
0
LINE
8
BLACK
6
CONTINUOUS
10
1.799992125984252
20
0.960985590551181
11
1.8003675196850393
21
0.9611279133858267
0
LINE
8
BLACK
6
CONTINUOUS
10
1.8003675196850393
20
0.9611279133858267
11
1.8012316929133858
21
0.9613688582677166
0
LINE
8
BLACK
6
CONTINUOUS
10
1.8012316929133858
20
0.9613688582677166
11
1.8016270866141733
21
0.9614413385826771
0
LINE
8
BLACK
6
CONTINUOUS
10
1.8016270866141733
20
0.9614413385826771
11
1.801627125984252
21
0.9614413385826771
0
LINE
8
BLACK
6
CONTINUOUS
10
1.801627125984252
20
0.9614413385826771
11
1.8016272047244095
21
0.9614413779527559
0
LINE
8
BLACK
6
CONTINUOUS
10
1.8016272047244095
20
0.9614413779527559
11
1.803810748031496
21
0.9624240551181102
0
LINE
8
BLACK
6
CONTINUOUS
10
1.803810748031496
20
0.9624240551181102
11
1.8040874015748032
21
0.9625386614173228
0
LINE
8
BLACK
6
CONTINUOUS
10
1.8040874015748032
20
0.9625386614173228
11
1.8056632283464567
21
0.9631363385826771
0
LINE
8
BLACK
6
CONTINUOUS
10
1.8056632283464567
20
0.9631363385826771
11
1.806325748031496
21
0.9633875984251968
0
LINE
8
BLACK
6
CONTINUOUS
10
1.806325748031496
20
0.9633875984251968
11
1.8066562598425195
21
0.9636157480314961
0
LINE
8
BLACK
6
CONTINUOUS
10
1.8066562598425195
20
0.9636157480314961
11
1.8074377165354329
21
0.9640564566929134
0
LINE
8
BLACK
6
CONTINUOUS
10
1.8074377165354329
20
0.9640564566929134
11
1.8078039763779528
21
0.9642213385826771
0
LINE
8
BLACK
6
CONTINUOUS
10
1.8078039763779528
20
0.9642213385826771
11
1.8078041338582678
21
0.9642214173228346
0
LINE
8
BLACK
6
CONTINUOUS
10
1.8078041338582678
20
0.9642214173228346
11
1.8096886614173229
21
0.9656978346456693
0
LINE
8
BLACK
6
CONTINUOUS
10
1.8096886614173229
20
0.9656978346456693
11
1.8099298818897638
21
0.9658753149606299
0
LINE
8
BLACK
6
CONTINUOUS
10
1.8099298818897638
20
0.9658753149606299
11
1.8119003937007874
21
0.9672355118110236
0
LINE
8
BLACK
6
CONTINUOUS
10
1.8119003937007874
20
0.9672355118110236
11
1.8134153543307086
21
0.9689455118110236
0
LINE
8
BLACK
6
CONTINUOUS
10
1.8134153543307086
20
0.9689455118110236
11
1.8134885826771654
21
0.9690281889763779
0
LINE
8
BLACK
6
CONTINUOUS
10
1.8134885826771654
20
0.9690281889763779
11
1.813693937007874
21
0.9692462992125984
0
LINE
8
BLACK
6
CONTINUOUS
10
1.813693937007874
20
0.9692462992125984
11
1.8915120078740157
21
1.0470643700787401
0
LINE
8
BLACK
6
CONTINUOUS
10
1.8915120078740157
20
1.0470643700787401
11
1.8939652362204724
21
1.0484039763779527
0
LINE
8
BLACK
6
CONTINUOUS
10
1.8939652362204724
20
1.0484039763779527
11
1.8967532283464565
21
1.0482045669291338
0
LINE
8
BLACK
6
CONTINUOUS
10
1.8967532283464565
20
1.0482045669291338
11
1.8989908661417323
21
1.0465294881889764
0
LINE
8
BLACK
6
CONTINUOUS
10
1.8989908661417323
20
1.0465294881889764
11
1.8999676771653542
21
1.0439105905511812
0
LINE
8
BLACK
6
CONTINUOUS
10
1.8999676771653542
20
1.0439105905511812
11
1.8999803149606298
21
1.0435566929133857
0
LINE
8
BLACK
6
CONTINUOUS
10
1.8999803149606298
20
1.0435566929133857
11
1.8999803149606298
21
0.9930846456692913
0
LINE
8
BLACK
6
CONTINUOUS
10
1.8999803149606298
20
0.9930846456692913
11
1.9002365748031496
21
0.990700905511811
0
LINE
8
BLACK
6
CONTINUOUS
10
1.9002365748031496
20
0.990700905511811
11
1.9002366535433071
21
0.9907005905511811
0
LINE
8
BLACK
6
CONTINUOUS
10
1.9002366535433071
20
0.9907005905511811
11
1.9022484251968503
21
0.985306968503937
0
LINE
8
BLACK
6
CONTINUOUS
10
1.9022484251968503
20
0.985306968503937
11
1.9022485039370078
21
0.9853067716535433
0
LINE
8
BLACK
6
CONTINUOUS
10
1.9022485039370078
20
0.9853067716535433
11
1.9056983464566928
21
0.9806983464566928
0
LINE
8
BLACK
6
CONTINUOUS
10
1.9056983464566928
20
0.9806983464566928
11
1.9103067716535433
21
0.9772485039370079
0
LINE
8
BLACK
6
CONTINUOUS
10
1.9103067716535433
20
0.9772485039370079
11
1.9103069685039369
21
0.9772484251968504
0
LINE
8
BLACK
6
CONTINUOUS
10
1.9103069685039369
20
0.9772484251968504
11
1.915700590551181
21
0.975236653543307
0
LINE
8
BLACK
6
CONTINUOUS
10
1.915700590551181
20
0.975236653543307
11
1.915700905511811
21
0.9752365748031496
0
LINE
8
BLACK
6
CONTINUOUS
10
1.915700905511811
20
0.9752365748031496
11
1.9180846456692913
21
0.9749803149606299
0
LINE
8
BLACK
6
CONTINUOUS
10
1.9180846456692913
20
0.9749803149606299
11
1.9180851181102361
21
0.9749803149606299
0
LINE
8
BLACK
6
CONTINUOUS
10
1.9180851181102361
20
0.9749803149606299
11
1.9819153149606299
21
0.9749803149606299
0
LINE
8
BLACK
6
CONTINUOUS
10
1.9819153149606299
20
0.9749803149606299
11
1.9842990551181101
21
0.9752365748031496
0
LINE
8
BLACK
6
CONTINUOUS
10
1.9842990551181101
20
0.9752365748031496
11
1.9842993700787401
21
0.975236653543307
0
LINE
8
BLACK
6
CONTINUOUS
10
1.9842993700787401
20
0.975236653543307
11
1.9896929921259843
21
0.9772484251968504
0
LINE
8
BLACK
6
CONTINUOUS
10
1.9896929921259843
20
0.9772484251968504
11
1.9896931889763778
21
0.9772485039370079
0
LINE
8
BLACK
6
CONTINUOUS
10
1.9896931889763778
20
0.9772485039370079
11
1.9943016141732284
21
0.9806983858267716
0
LINE
8
BLACK
6
CONTINUOUS
10
1.9943016141732284
20
0.9806983858267716
11
1.9960288582677166
21
0.9830056299212598
0
LINE
8
BLACK
6
CONTINUOUS
10
1.9960288582677166
20
0.9830056299212598
11
1.9982664960629921
21
0.9846806692913386
0
LINE
8
BLACK
6
CONTINUOUS
10
1.9982664960629921
20
0.9846806692913386
11
2.0010544881889762
21
0.9848800393700787
0
LINE
8
BLACK
6
CONTINUOUS
10
2.0010544881889762
20
0.9848800393700787
11
2.0035077165354331
21
0.9835404724409449
0
LINE
8
BLACK
6
CONTINUOUS
10
2.0035077165354331
20
0.9835404724409449
11
2.0039711417322836
21
0.9830056299212598
0
LINE
8
BLACK
6
CONTINUOUS
10
2.0039711417322836
20
0.9830056299212598
11
2.0056983464566929
21
0.9806983464566928
0
LINE
8
BLACK
6
CONTINUOUS
10
2.0056983464566929
20
0.9806983464566928
11
2.0080056299212599
21
0.9789711417322834
0
LINE
8
BLACK
6
CONTINUOUS
10
2.0080056299212599
20
0.9789711417322834
11
2.0096806692913387
21
0.9767335039370079
0
LINE
8
BLACK
6
CONTINUOUS
10
2.0096806692913387
20
0.9767335039370079
11
2.0098800393700786
21
0.9739455118110236
0
LINE
8
BLACK
6
CONTINUOUS
10
2.0098800393700786
20
0.9739455118110236
11
2.008540472440945
21
0.971492283464567
0
LINE
8
BLACK
6
CONTINUOUS
10
2.008540472440945
20
0.971492283464567
11
2.0080056299212599
21
0.9710288582677166
0
LINE
8
BLACK
6
CONTINUOUS
10
2.0080056299212599
20
0.9710288582677166
11
2.0056983858267716
21
0.9693016141732284
0
LINE
8
BLACK
6
CONTINUOUS
10
2.0056983858267716
20
0.9693016141732284
11
2.0022485039370079
21
0.9646931889763779
0
LINE
8
BLACK
6
CONTINUOUS
10
2.0022485039370079
20
0.9646931889763779
11
2.0022484251968504
21
0.9646929921259842
0
LINE
8
BLACK
6
CONTINUOUS
10
2.0022484251968504
20
0.9646929921259842
11
2.0002366535433072
21
0.9592993700787401
0
LINE
8
BLACK
6
CONTINUOUS
10
2.0002366535433072
20
0.9592993700787401
11
2.0002365748031496
21
0.9592990551181102
0
LINE
8
BLACK
6
CONTINUOUS
10
2.0002365748031496
20
0.9592990551181102
11
1.9999803149606299
21
0.9569153149606299
0
LINE
8
BLACK
6
CONTINUOUS
10
1.9999803149606299
20
0.9569153149606299
11
1.9999803149606299
21
0.8930846456692914
0
LINE
8
BLACK
6
CONTINUOUS
10
1.9999803149606299
20
0.8930846456692914
11
2.0002365748031496
21
0.890700905511811
0
LINE
8
BLACK
6
CONTINUOUS
10
2.0002365748031496
20
0.890700905511811
11
2.0002366535433072
21
0.8907005905511811
0
LINE
8
BLACK
6
CONTINUOUS
10
2.0002366535433072
20
0.8907005905511811
11
2.0022484251968504
21
0.885306968503937
0
LINE
8
BLACK
6
CONTINUOUS
10
2.0022484251968504
20
0.885306968503937
11
2.0022485039370079
21
0.8853067716535433
0
LINE
8
BLACK
6
CONTINUOUS
10
2.0022485039370079
20
0.8853067716535433
11
2.0056983464566929
21
0.8806983464566929
0
LINE
8
BLACK
6
CONTINUOUS
10
2.0056983464566929
20
0.8806983464566929
11
2.0095528346456693
21
0.8778129527559055
0
LINE
8
BLACK
6
CONTINUOUS
10
2.0095528346456693
20
0.8778129527559055
11
2.0112279133858268
21
0.8755753149606299
0
LINE
8
BLACK
6
CONTINUOUS
10
2.0112279133858268
20
0.8755753149606299
11
2.0114272834645668
21
0.8727872834645669
0
LINE
8
BLACK
6
CONTINUOUS
10
2.0114272834645668
20
0.8727872834645669
11
2.0111118503937009
21
0.8718242125984251
0
LINE
8
BLACK
6
CONTINUOUS
10
2.0111118503937009
20
0.8718242125984251
11
2.0108552362204724
21
0.8712477952755905
0
LINE
8
BLACK
6
CONTINUOUS
10
2.0108552362204724
20
0.8712477952755905
11
2.0107954724409449
21
0.8711135826771653
0
LINE
8
BLACK
6
CONTINUOUS
10
2.0107954724409449
20
0.8711135826771653
11
2.0104577165354329
21
0.8695244881889763
0
LINE
8
BLACK
6
CONTINUOUS
10
2.0104577165354329
20
0.8695244881889763
11
2.010323307086614
21
0.869022874015748
0
LINE
8
BLACK
6
CONTINUOUS
10
2.010323307086614
20
0.869022874015748
11
2.0098211811023621
21
0.8674775590551181
0
LINE
8
BLACK
6
CONTINUOUS
10
2.0098211811023621
20
0.8674775590551181
11
2.0098211417322833
21
0.8674774803149606
0
LINE
8
BLACK
6
CONTINUOUS
10
2.0098211417322833
20
0.8674774803149606
11
2.0096512598425198
21
0.8658612598425197
0
LINE
8
BLACK
6
CONTINUOUS
10
2.0096512598425198
20
0.8658612598425197
11
2.0095700787401576
21
0.8653485826771653
0
LINE
8
BLACK
6
CONTINUOUS
10
2.0095700787401576
20
0.8653485826771653
11
2.0092322834645668
21
0.8637593307086614
0
LINE
8
BLACK
6
CONTINUOUS
10
2.0092322834645668
20
0.8637593307086614
11
2.0092322834645668
21
0.8621344488188977
0
LINE
8
BLACK
6
CONTINUOUS
10
2.0092322834645668
20
0.8621344488188977
11
2.0092051181102364
21
0.8616159448818898
0
LINE
8
BLACK
6
CONTINUOUS
10
2.0092051181102364
20
0.8616159448818898
11
2.0090352755905512
21
0.8599999606299212
0
LINE
8
BLACK
6
CONTINUOUS
10
2.0090352755905512
20
0.8599999606299212
11
2.0092051181102364
21
0.8583840157480315
0
LINE
8
BLACK
6
CONTINUOUS
10
2.0092051181102364
20
0.8583840157480315
11
2.0092322834645668
21
0.8578655118110236
0
LINE
8
BLACK
6
CONTINUOUS
10
2.0092322834645668
20
0.8578655118110236
11
2.0092322834645668
21
0.8562404724409448
0
LINE
8
BLACK
6
CONTINUOUS
10
2.0092322834645668
20
0.8562404724409448
11
2.0095700393700788
21
0.8546512598425197
0
LINE
8
BLACK
6
CONTINUOUS
10
2.0095700393700788
20
0.8546512598425197
11
2.009651220472441
21
0.8541388188976378
0
LINE
8
BLACK
6
CONTINUOUS
10
2.009651220472441
20
0.8541388188976378
11
2.0098211417322833
21
0.8525225590551181
0
LINE
8
BLACK
6
CONTINUOUS
10
2.0098211417322833
20
0.8525225590551181
11
2.0098212204724408
21
0.8525222834645669
0
LINE
8
BLACK
6
CONTINUOUS
10
2.0098212204724408
20
0.8525222834645669
11
2.010323307086614
21
0.8509770866141733
0
LINE
8
BLACK
6
CONTINUOUS
10
2.010323307086614
20
0.8509770866141733
11
2.0104577165354329
21
0.8504755118110237
0
LINE
8
BLACK
6
CONTINUOUS
10
2.0104577165354329
20
0.8504755118110237
11
2.0107955118110237
21
0.8488862204724409
0
LINE
8
BLACK
6
CONTINUOUS
10
2.0107955118110237
20
0.8488862204724409
11
2.0114564173228344
21
0.847401811023622
0
LINE
8
BLACK
6
CONTINUOUS
10
2.0114564173228344
20
0.847401811023622
11
2.0116424409448816
21
0.8469172047244095
0
LINE
8
BLACK
6
CONTINUOUS
10
2.0116424409448816
20
0.8469172047244095
11
2.0121445275590553
21
0.8453720078740157
0
LINE
8
BLACK
6
CONTINUOUS
10
2.0121445275590553
20
0.8453720078740157
11
2.0121446456692911
21
0.8453716929133858
0
LINE
8
BLACK
6
CONTINUOUS
10
2.0121446456692911
20
0.8453716929133858
11
2.0129568897637795
21
0.8439648818897637
0
LINE
8
BLACK
6
CONTINUOUS
10
2.0129568897637795
20
0.8439648818897637
11
2.0131925590551178
21
0.8435023622047244
0
LINE
8
BLACK
6
CONTINUOUS
10
2.0131925590551178
20
0.8435023622047244
11
2.0138535826771653
21
0.8420176377952756
0
LINE
8
BLACK
6
CONTINUOUS
10
2.0138535826771653
20
0.8420176377952756
11
2.0138537401574803
21
0.8420174015748031
0
LINE
8
BLACK
6
CONTINUOUS
10
2.0138537401574803
20
0.8420174015748031
11
2.0148088582677164
21
0.840702716535433
0
LINE
8
BLACK
6
CONTINUOUS
10
2.0148088582677164
20
0.840702716535433
11
2.0150913779527557
21
0.8402676771653543
0
LINE
8
BLACK
6
CONTINUOUS
10
2.0150913779527557
20
0.8402676771653543
11
2.0159038976377954
21
0.8388604724409449
0
LINE
8
BLACK
6
CONTINUOUS
10
2.0159038976377954
20
0.8388604724409449
11
2.0159040944881887
21
0.8388602362204725
0
LINE
8
BLACK
6
CONTINUOUS
10
2.0159040944881887
20
0.8388602362204725
11
2.0169911023622045
21
0.8376529921259842
0
LINE
8
BLACK
6
CONTINUOUS
10
2.0169911023622045
20
0.8376529921259842
11
2.0173177952755905
21
0.8372496062992126
0
LINE
8
BLACK
6
CONTINUOUS
10
2.0173177952755905
20
0.8372496062992126
11
2.0182730314960629
21
0.835934842519685
0
LINE
8
BLACK
6
CONTINUOUS
10
2.0182730314960629
20
0.835934842519685
11
2.0194805118110235
21
0.8348476377952756
0
LINE
8
BLACK
6
CONTINUOUS
10
2.0194805118110235
20
0.8348476377952756
11
2.0198476377952757
21
0.8344805118110236
0
LINE
8
BLACK
6
CONTINUOUS
10
2.0198476377952757
20
0.8344805118110236
11
2.0209348425196851
21
0.833273031496063
0
LINE
8
BLACK
6
CONTINUOUS
10
2.0209348425196851
20
0.833273031496063
11
2.0219247244094487
21
0.8325538188976378
0
LINE
8
BLACK
6
CONTINUOUS
10
2.0219247244094487
20
0.8325538188976378
11
2.0220299606299212
21
0.8324773622047243
0
LINE
8
BLACK
6
CONTINUOUS
10
2.0220299606299212
20
0.8324773622047243
11
2.0222496062992126
21
0.8323177952755906
0
LINE
8
BLACK
6
CONTINUOUS
10
2.0222496062992126
20
0.8323177952755906
11
2.0226529921259844
21
0.8319911023622047
0
LINE
8
BLACK
6
CONTINUOUS
10
2.0226529921259844
20
0.8319911023622047
11
2.0238602362204725
21
0.8309040944881889
0
LINE
8
BLACK
6
CONTINUOUS
10
2.0238602362204725
20
0.8309040944881889
11
2.023860472440945
21
0.8309038976377953
0
LINE
8
BLACK
6
CONTINUOUS
10
2.023860472440945
20
0.8309038976377953
11
2.0252676771653544
21
0.8300913779527559
0
LINE
8
BLACK
6
CONTINUOUS
10
2.0252676771653544
20
0.8300913779527559
11
2.0257027165354331
21
0.8298088582677166
0
LINE
8
BLACK
6
CONTINUOUS
10
2.0257027165354331
20
0.8298088582677166
11
2.027017401574803
21
0.8288537401574803
0
LINE
8
BLACK
6
CONTINUOUS
10
2.027017401574803
20
0.8288537401574803
11
2.0270176377952756
21
0.8288535826771654
0
LINE
8
BLACK
6
CONTINUOUS
10
2.0270176377952756
20
0.8288535826771654
11
2.0285023622047245
21
0.8281925590551181
0
LINE
8
BLACK
6
CONTINUOUS
10
2.0285023622047245
20
0.8281925590551181
11
2.0289648818897636
21
0.8279568897637795
0
LINE
8
BLACK
6
CONTINUOUS
10
2.0289648818897636
20
0.8279568897637795
11
2.0303716929133859
21
0.8271446456692914
0
LINE
8
BLACK
6
CONTINUOUS
10
2.0303716929133859
20
0.8271446456692914
11
2.0303720078740155
21
0.8271445275590551
0
LINE
8
BLACK
6
CONTINUOUS
10
2.0303720078740155
20
0.8271445275590551
11
2.0319172047244094
21
0.8266424409448818
0
LINE
8
BLACK
6
CONTINUOUS
10
2.0319172047244094
20
0.8266424409448818
11
2.0324018110236222
21
0.8264564173228346
0
LINE
8
BLACK
6
CONTINUOUS
10
2.0324018110236222
20
0.8264564173228346
11
2.0338862204724411
21
0.8257955118110236
0
LINE
8
BLACK
6
CONTINUOUS
10
2.0338862204724411
20
0.8257955118110236
11
2.0347009842519683
21
0.8256223228346456
0
LINE
8
BLACK
6
CONTINUOUS
10
2.0347009842519683
20
0.8256223228346456
11
2.035475787401575
21
0.8254576377952756
0
LINE
8
BLACK
6
CONTINUOUS
10
2.035475787401575
20
0.8254576377952756
11
2.0359770866141731
21
0.8253233070866142
0
LINE
8
BLACK
6
CONTINUOUS
10
2.0359770866141731
20
0.8253233070866142
11
2.037522283464567
21
0.8248212204724409
0
LINE
8
BLACK
6
CONTINUOUS
10
2.037522283464567
20
0.8248212204724409
11
2.0375225590551183
21
0.8248211417322835
0
LINE
8
BLACK
6
CONTINUOUS
10
2.0375225590551183
20
0.8248211417322835
11
2.0391388188976376
21
0.8246512204724409
0
LINE
8
BLACK
6
CONTINUOUS
10
2.0391388188976376
20
0.8246512204724409
11
2.0396512598425196
21
0.8245700393700787
0
LINE
8
BLACK
6
CONTINUOUS
10
2.0396512598425196
20
0.8245700393700787
11
2.0412404724409448
21
0.8242322834645669
0
LINE
8
BLACK
6
CONTINUOUS
10
2.0412404724409448
20
0.8242322834645669
11
2.0412406692913385
21
0.8242322834645669
0
LINE
8
BLACK
6
CONTINUOUS
10
2.0412406692913385
20
0.8242322834645669
11
2.0431255905511811
21
0.8242322834645669
0
LINE
8
BLACK
6
CONTINUOUS
10
2.0431255905511811
20
0.8242322834645669
11
2.4951882283464566
21
0.8242322834645669
0
LINE
8
BLACK
6
CONTINUOUS
10
2.4951882283464566
20
0.8242322834645669
11
2.4978701574803148
21
0.8234448031496063
0
LINE
8
BLACK
6
CONTINUOUS
10
2.4978701574803148
20
0.8234448031496063
11
2.4997005905511811
21
0.8213323622047244
0
LINE
8
BLACK
6
CONTINUOUS
10
2.4997005905511811
20
0.8213323622047244
11
2.5000983858267718
21
0.8185656692913386
0
LINE
8
BLACK
6
CONTINUOUS
10
2.5000983858267718
20
0.8185656692913386
11
2.4999060236220472
21
0.8177386220472441
0
LINE
8
BLACK
6
CONTINUOUS
10
2.4999060236220472
20
0.8177386220472441
11
2.4998211417322835
21
0.8174774803149606
0
LINE
8
BLACK
6
CONTINUOUS
10
2.4998211417322835
20
0.8174774803149606
11
2.4990352755905509
21
0.8099999606299212
0
LINE
8
BLACK
6
CONTINUOUS
10
2.4990352755905509
20
0.8099999606299212
11
2.4992051181102362
21
0.8083840157480314
0
LINE
8
BLACK
6
CONTINUOUS
10
2.4992051181102362
20
0.8083840157480314
11
2.4992322834645671
21
0.8078655118110236
0
LINE
8
BLACK
6
CONTINUOUS
10
2.4992322834645671
20
0.8078655118110236
11
2.4992322834645671
21
0.7721344488188976
0
LINE
8
BLACK
6
CONTINUOUS
10
2.4992322834645671
20
0.7721344488188976
11
2.4992051181102362
21
0.7716159448818898
0
LINE
8
BLACK
6
CONTINUOUS
10
2.4992051181102362
20
0.7716159448818898
11
2.4990352755905509
21
0.7699999606299213
0
LINE
8
BLACK
6
CONTINUOUS
10
2.4990352755905509
20
0.7699999606299213
11
2.4992051181102362
21
0.7683840157480315
0
LINE
8
BLACK
6
CONTINUOUS
10
2.4992051181102362
20
0.7683840157480315
11
2.4992322834645671
21
0.7678655118110236
0
LINE
8
BLACK
6
CONTINUOUS
10
2.4992322834645671
20
0.7678655118110236
11
2.4992322834645671
21
0.6618701968503937
0
LINE
8
BLACK
6
CONTINUOUS
10
2.4992322834645671
20
0.6618701968503937
11
2.498444803149606
21
0.6591882677165354
0
LINE
8
BLACK
6
CONTINUOUS
10
2.498444803149606
20
0.6591882677165354
11
2.4977793307086613
21
0.6583625196850393
0
LINE
8
BLACK
6
CONTINUOUS
10
2.4977793307086613
20
0.6583625196850393
11
2.4816374803149608
21
0.6422206692913386
0
LINE
8
BLACK
6
CONTINUOUS
10
2.4816374803149608
20
0.6422206692913386
11
2.4791842519685039
21
0.640881062992126
0
LINE
8
BLACK
6
CONTINUOUS
10
2.4791842519685039
20
0.640881062992126
11
2.4781298031496064
21
0.6407677165354331
0
LINE
8
BLACK
6
CONTINUOUS
10
2.4781298031496064
20
0.6407677165354331
11
2.3337593307086615
21
0.6407677165354331
0
LINE
8
BLACK
6
CONTINUOUS
10
2.3337593307086615
20
0.6407677165354331
11
2.3318744094488189
21
0.6407677165354331
0
LINE
8
BLACK
6
CONTINUOUS
10
2.3318744094488189
20
0.6407677165354331
11
2.3037593307086612
21
0.6407677165354331
0
LINE
8
BLACK
6
CONTINUOUS
10
2.3037593307086612
20
0.6407677165354331
11
2.2962406692913384
21
0.6407677165354331
0
LINE
8
BLACK
6
CONTINUOUS
10
2.2962406692913384
20
0.6407677165354331
11
2.294651023622047
21
0.6404298031496063
0
LINE
8
BLACK
6
CONTINUOUS
10
2.294651023622047
20
0.6404298031496063
11
2.2941387795275592
21
0.6403486614173228
0
LINE
8
BLACK
6
CONTINUOUS
10
2.2941387795275592
20
0.6403486614173228
11
2.2935158661417323
21
0.6402831889763779
0
LINE
8
BLACK
6
CONTINUOUS
10
2.2935158661417323
20
0.6402831889763779
11
2.2925227559055119
21
0.6401788582677165
0
LINE
8
BLACK
6
CONTINUOUS
10
2.2925227559055119
20
0.6401788582677165
11
2.2925226377952757
21
0.6401788188976378
0
LINE
8
BLACK
6
CONTINUOUS
10
2.2925226377952757
20
0.6401788188976378
11
2.2925225196850394
21
0.6401788188976378
0
LINE
8
BLACK
6
CONTINUOUS
10
2.2925225196850394
20
0.6401788188976378
11
2.2920070078740156
21
0.6400112992125984
0
LINE
8
BLACK
6
CONTINUOUS
10
2.2920070078740156
20
0.6400112992125984
11
2.2909770078740155
21
0.639676653543307
0
LINE
8
BLACK
6
CONTINUOUS
10
2.2909770078740155
20
0.639676653543307
11
2.2904755118110236
21
0.6395422440944881
0
LINE
8
BLACK
6
CONTINUOUS
10
2.2904755118110236
20
0.6395422440944881
11
2.2888862992125985
21
0.6392044881889763
0
LINE
8
BLACK
6
CONTINUOUS
10
2.2888862992125985
20
0.6392044881889763
11
2.2888862204724409
21
0.6392044488188976
0
LINE
8
BLACK
6
CONTINUOUS
10
2.2888862204724409
20
0.6392044488188976
11
2.2888861811023622
21
0.6392044488188976
0
LINE
8
BLACK
6
CONTINUOUS
10
2.2888861811023622
20
0.6392044488188976
11
2.2874020472440946
21
0.6385436614173228
0
LINE
8
BLACK
6
CONTINUOUS
10
2.2874020472440946
20
0.6385436614173228
11
2.2869172834645668
21
0.6383575590551182
0
LINE
8
BLACK
6
CONTINUOUS
10
2.2869172834645668
20
0.6383575590551182
11
2.2853721259842521
21
0.6378555118110236
0
LINE
8
BLACK
6
CONTINUOUS
10
2.2853721259842521
20
0.6378555118110236
11
2.2853720078740158
21
0.6378554330708661
0
LINE
8
BLACK
6
CONTINUOUS
10
2.2853720078740158
20
0.6378554330708661
11
2.2853718110236221
21
0.6378553937007874
0
LINE
8
BLACK
6
CONTINUOUS
10
2.2853718110236221
20
0.6378553937007874
11
2.2853716141732283
21
0.6378552755905512
0
LINE
8
BLACK
6
CONTINUOUS
10
2.2853716141732283
20
0.6378552755905512
11
2.2839649999999998
21
0.6370431496062992
0
LINE
8
BLACK
6
CONTINUOUS
10
2.2839649999999998
20
0.6370431496062992
11
2.2835022047244093
21
0.6368073228346457
0
LINE
8
BLACK
6
CONTINUOUS
10
2.2835022047244093
20
0.6368073228346457
11
2.2820176771653542
21
0.6361464173228346
0
LINE
8
BLACK
6
CONTINUOUS
10
2.2820176771653542
20
0.6361464173228346
11
2.2807029133858268
21
0.6351911811023622
0
LINE
8
BLACK
6
CONTINUOUS
10
2.2807029133858268
20
0.6351911811023622
11
2.280267559055118
21
0.6349084645669291
0
LINE
8
BLACK
6
CONTINUOUS
10
2.280267559055118
20
0.6349084645669291
11
2.2788604724409449
21
0.634096062992126
0
LINE
8
BLACK
6
CONTINUOUS
10
2.2788604724409449
20
0.634096062992126
11
2.2788604330708662
21
0.6340960236220472
0
LINE
8
BLACK
6
CONTINUOUS
10
2.2788604330708662
20
0.6340960236220472
11
2.2776529921259843
21
0.6330088188976378
0
LINE
8
BLACK
6
CONTINUOUS
10
2.2776529921259843
20
0.6330088188976378
11
2.27724968503937
21
0.6326822440944881
0
LINE
8
BLACK
6
CONTINUOUS
10
2.27724968503937
20
0.6326822440944881
11
2.2759349212598425
21
0.6317270078740157
0
LINE
8
BLACK
6
CONTINUOUS
10
2.2759349212598425
20
0.6317270078740157
11
2.2748473622047243
21
0.6305191338582677
0
LINE
8
BLACK
6
CONTINUOUS
10
2.2748473622047243
20
0.6305191338582677
11
2.2744804330708659
21
0.6301522440944882
0
LINE
8
BLACK
6
CONTINUOUS
10
2.2744804330708659
20
0.6301522440944882
11
2.2732728346456694
21
0.6290649606299212
0
LINE
8
BLACK
6
CONTINUOUS
10
2.2732728346456694
20
0.6290649606299212
11
2.2732728346456694
21
0.6290649212598425
0
LINE
8
BLACK
6
CONTINUOUS
10
2.2732728346456694
20
0.6290649212598425
11
2.2723179133858267
21
0.6277505511811023
0
LINE
8
BLACK
6
CONTINUOUS
10
2.2723179133858267
20
0.6277505511811023
11
2.2719911811023623
21
0.6273470472440945
0
LINE
8
BLACK
6
CONTINUOUS
10
2.2719911811023623
20
0.6273470472440945
11
2.2709039370078741
21
0.6261395275590551
0
LINE
8
BLACK
6
CONTINUOUS
10
2.2709039370078741
20
0.6261395275590551
11
2.2709038582677166
21
0.6261394094488189
0
LINE
8
BLACK
6
CONTINUOUS
10
2.2709038582677166
20
0.6261394094488189
11
2.2700915748031494
21
0.6247325196850394
0
LINE
8
BLACK
6
CONTINUOUS
10
2.2700915748031494
20
0.6247325196850394
11
2.2698089370078738
21
0.6242972440944882
0
LINE
8
BLACK
6
CONTINUOUS
10
2.2698089370078738
20
0.6242972440944882
11
2.2688536220472439
21
0.6229823622047244
0
LINE
8
BLACK
6
CONTINUOUS
10
2.2688536220472439
20
0.6229823622047244
11
2.2681927165354332
21
0.6214979133858267
0
LINE
8
BLACK
6
CONTINUOUS
10
2.2681927165354332
20
0.6214979133858267
11
2.2679569685039369
21
0.6210352755905512
0
LINE
8
BLACK
6
CONTINUOUS
10
2.2679569685039369
20
0.6210352755905512
11
2.2671446850393702
21
0.6196283858267716
0
LINE
8
BLACK
6
CONTINUOUS
10
2.2671446850393702
20
0.6196283858267716
11
2.2666425196850395
21
0.6180829133858268
0
LINE
8
BLACK
6
CONTINUOUS
10
2.2666425196850395
20
0.6180829133858268
11
2.2664564960629923
21
0.6175983464566929
0
LINE
8
BLACK
6
CONTINUOUS
10
2.2664564960629923
20
0.6175983464566929
11
2.2657954724409448
21
0.6161135826771653
0
LINE
8
BLACK
6
CONTINUOUS
10
2.2657954724409448
20
0.6161135826771653
11
2.2654577165354328
21
0.6145244881889763
0
LINE
8
BLACK
6
CONTINUOUS
10
2.2654577165354328
20
0.6145244881889763
11
2.2653233070866143
21
0.6140228740157481
0
LINE
8
BLACK
6
CONTINUOUS
10
2.2653233070866143
20
0.6140228740157481
11
2.264821181102362
21
0.6124775590551181
0
LINE
8
BLACK
6
CONTINUOUS
10
2.264821181102362
20
0.6124775590551181
11
2.2648211417322832
21
0.6124774803149606
0
LINE
8
BLACK
6
CONTINUOUS
10
2.2648211417322832
20
0.6124774803149606
11
2.2646512598425197
21
0.6108612598425197
0
LINE
8
BLACK
6
CONTINUOUS
10
2.2646512598425197
20
0.6108612598425197
11
2.2645700787401575
21
0.6103485826771653
0
LINE
8
BLACK
6
CONTINUOUS
10
2.2645700787401575
20
0.6103485826771653
11
2.2642322834645667
21
0.6087593307086614
0
LINE
8
BLACK
6
CONTINUOUS
10
2.2642322834645667
20
0.6087593307086614
11
2.2642322834645667
21
0.6071344488188977
0
LINE
8
BLACK
6
CONTINUOUS
10
2.2642322834645667
20
0.6071344488188977
11
2.2642051181102363
21
0.6066159448818897
0
LINE
8
BLACK
6
CONTINUOUS
10
2.2642051181102363
20
0.6066159448818897
11
2.2640352755905511
21
0.6049999606299212
0
LINE
8
BLACK
6
CONTINUOUS
10
2.2640352755905511
20
0.6049999606299212
11
2.2642051181102363
21
0.6033840157480315
0
LINE
8
BLACK
6
CONTINUOUS
10
2.2642051181102363
20
0.6033840157480315
11
2.2642322834645667
21
0.6028655118110237
0
LINE
8
BLACK
6
CONTINUOUS
10
2.2642322834645667
20
0.6028655118110237
11
2.2642322834645667
21
0.6012404724409449
0
LINE
8
BLACK
6
CONTINUOUS
10
2.2642322834645667
20
0.6012404724409449
11
2.2645700393700787
21
0.5996512598425197
0
LINE
8
BLACK
6
CONTINUOUS
10
2.2645700393700787
20
0.5996512598425197
11
2.2646512204724409
21
0.5991388188976378
0
LINE
8
BLACK
6
CONTINUOUS
10
2.2646512204724409
20
0.5991388188976378
11
2.2648211417322832
21
0.5975225590551181
0
LINE
8
BLACK
6
CONTINUOUS
10
2.2648211417322832
20
0.5975225590551181
11
2.2648212204724407
21
0.5975222834645669
0
LINE
8
BLACK
6
CONTINUOUS
10
2.2648212204724407
20
0.5975222834645669
11
2.2653233070866143
21
0.5959770866141733
0
LINE
8
BLACK
6
CONTINUOUS
10
2.2653233070866143
20
0.5959770866141733
11
2.2654577165354328
21
0.5954755118110237
0
LINE
8
BLACK
6
CONTINUOUS
10
2.2654577165354328
20
0.5954755118110237
11
2.2657955118110236
21
0.5938862204724409
0
LINE
8
BLACK
6
CONTINUOUS
10
2.2657955118110236
20
0.5938862204724409
11
2.2664564173228348
21
0.592401811023622
0
LINE
8
BLACK
6
CONTINUOUS
10
2.2664564173228348
20
0.592401811023622
11
2.266642440944882
21
0.5919172047244095
0
LINE
8
BLACK
6
CONTINUOUS
10
2.266642440944882
20
0.5919172047244095
11
2.2671445275590552
21
0.5903720078740158
0
LINE
8
BLACK
6
CONTINUOUS
10
2.2671445275590552
20
0.5903720078740158
11
2.2671446456692914
21
0.5903716929133858
0
LINE
8
BLACK
6
CONTINUOUS
10
2.2671446456692914
20
0.5903716929133858
11
2.2679568897637794
21
0.5889648818897638
0
LINE
8
BLACK
6
CONTINUOUS
10
2.2679568897637794
20
0.5889648818897638
11
2.2681925590551182
21
0.5885023622047244
0
LINE
8
BLACK
6
CONTINUOUS
10
2.2681925590551182
20
0.5885023622047244
11
2.2688535826771652
21
0.5870176377952756
0
LINE
8
BLACK
6
CONTINUOUS
10
2.2688535826771652
20
0.5870176377952756
11
2.2688537401574802
21
0.5870174015748031
0
LINE
8
BLACK
6
CONTINUOUS
10
2.2688537401574802
20
0.5870174015748031
11
2.2698088582677163
21
0.585702716535433
0
LINE
8
BLACK
6
CONTINUOUS
10
2.2698088582677163
20
0.585702716535433
11
2.2700913779527561
21
0.5852676771653543
0
LINE
8
BLACK
6
CONTINUOUS
10
2.2700913779527561
20
0.5852676771653543
11
2.2709038976377953
21
0.5838604724409449
0
LINE
8
BLACK
6
CONTINUOUS
10
2.2709038976377953
20
0.5838604724409449
11
2.2709040944881891
21
0.5838602362204725
0
LINE
8
BLACK
6
CONTINUOUS
10
2.2709040944881891
20
0.5838602362204725
11
2.2719911023622048
21
0.5826529921259842
0
LINE
8
BLACK
6
CONTINUOUS
10
2.2719911023622048
20
0.5826529921259842
11
2.2723177952755904
21
0.5822496062992126
0
LINE
8
BLACK
6
CONTINUOUS
10
2.2723177952755904
20
0.5822496062992126
11
2.2732730314960627
21
0.5809348425196851
0
LINE
8
BLACK
6
CONTINUOUS
10
2.2732730314960627
20
0.5809348425196851
11
2.2744805118110234
21
0.5798476377952756
0
LINE
8
BLACK
6
CONTINUOUS
10
2.2744805118110234
20
0.5798476377952756
11
2.2748476377952755
21
0.5794805118110236
0
LINE
8
BLACK
6
CONTINUOUS
10
2.2748476377952755
20
0.5794805118110236
11
2.275934842519685
21
0.578273031496063
0
LINE
8
BLACK
6
CONTINUOUS
10
2.275934842519685
20
0.578273031496063
11
2.2772496062992125
21
0.5773177952755906
0
LINE
8
BLACK
6
CONTINUOUS
10
2.2772496062992125
20
0.5773177952755906
11
2.2776529921259843
21
0.5769911023622047
0
LINE
8
BLACK
6
CONTINUOUS
10
2.2776529921259843
20
0.5769911023622047
11
2.2788602362204724
21
0.5759040944881889
0
LINE
8
BLACK
6
CONTINUOUS
10
2.2788602362204724
20
0.5759040944881889
11
2.2788604724409449
21
0.5759038976377953
0
LINE
8
BLACK
6
CONTINUOUS
10
2.2788604724409449
20
0.5759038976377953
11
2.2802676771653543
21
0.5750913779527559
0
LINE
8
BLACK
6
CONTINUOUS
10
2.2802676771653543
20
0.5750913779527559
11
2.280702716535433
21
0.5748088582677165
0
LINE
8
BLACK
6
CONTINUOUS
10
2.280702716535433
20
0.5748088582677165
11
2.2820174015748029
21
0.5738537401574803
0
LINE
8
BLACK
6
CONTINUOUS
10
2.2820174015748029
20
0.5738537401574803
11
2.2820176377952754
21
0.5738535826771654
0
LINE
8
BLACK
6
CONTINUOUS
10
2.2820176377952754
20
0.5738535826771654
11
2.2835023622047244
21
0.5731925590551181
0
LINE
8
BLACK
6
CONTINUOUS
10
2.2835023622047244
20
0.5731925590551181
11
2.2839648818897635
21
0.5729568897637796
0
LINE
8
BLACK
6
CONTINUOUS
10
2.2839648818897635
20
0.5729568897637796
11
2.2853716929133858
21
0.5721446456692914
0
LINE
8
BLACK
6
CONTINUOUS
10
2.2853716929133858
20
0.5721446456692914
11
2.2853720078740158
21
0.5721445275590551
0
LINE
8
BLACK
6
CONTINUOUS
10
2.2853720078740158
20
0.5721445275590551
11
2.2869172047244093
21
0.5716424409448819
0
LINE
8
BLACK
6
CONTINUOUS
10
2.2869172047244093
20
0.5716424409448819
11
2.2874018110236221
21
0.5714564173228346
0
LINE
8
BLACK
6
CONTINUOUS
10
2.2874018110236221
20
0.5714564173228346
11
2.2888862204724409
21
0.5707955118110236
0
LINE
8
BLACK
6
CONTINUOUS
10
2.2888862204724409
20
0.5707955118110236
11
2.2897009842519687
21
0.5706223228346456
0
LINE
8
BLACK
6
CONTINUOUS
10
2.2897009842519687
20
0.5706223228346456
11
2.2904757874015749
21
0.5704576377952756
0
LINE
8
BLACK
6
CONTINUOUS
10
2.2904757874015749
20
0.5704576377952756
11
2.290977086614173
21
0.5703233070866142
0
LINE
8
BLACK
6
CONTINUOUS
10
2.290977086614173
20
0.5703233070866142
11
2.2925222834645669
21
0.5698212204724409
0
LINE
8
BLACK
6
CONTINUOUS
10
2.2925222834645669
20
0.5698212204724409
11
2.2925225590551181
21
0.5698211417322835
0
LINE
8
BLACK
6
CONTINUOUS
10
2.2925225590551181
20
0.5698211417322835
11
2.2941388188976379
21
0.5696512204724409
0
LINE
8
BLACK
6
CONTINUOUS
10
2.2941388188976379
20
0.5696512204724409
11
2.2946512598425195
21
0.5695700393700788
0
LINE
8
BLACK
6
CONTINUOUS
10
2.2946512598425195
20
0.5695700393700788
11
2.2962404724409446
21
0.5692322834645669
0
LINE
8
BLACK
6
CONTINUOUS
10
2.2962404724409446
20
0.5692322834645669
11
2.2962406692913384
21
0.5692322834645669
0
LINE
8
BLACK
6
CONTINUOUS
10
2.2962406692913384
20
0.5692322834645669
11
2.298125590551181
21
0.5692322834645669
0
LINE
8
BLACK
6
CONTINUOUS
10
2.298125590551181
20
0.5692322834645669
11
2.3262406692913387
21
0.5692322834645669
0
LINE
8
BLACK
6
CONTINUOUS
10
2.3262406692913387
20
0.5692322834645669
11
2.3281255905511808
21
0.5692322834645669
0
LINE
8
BLACK
6
CONTINUOUS
10
2.3281255905511808
20
0.5692322834645669
11
2.4917946062992127
21
0.5692322834645669
0
LINE
8
BLACK
6
CONTINUOUS
10
2.4917946062992127
20
0.5692322834645669
11
2.4925706299212598
21
0.569171220472441
0
LINE
8
BLACK
6
CONTINUOUS
10
2.4925706299212598
20
0.569171220472441
11
2.4931178346456693
21
0.5690845275590551
0
LINE
8
BLACK
6
CONTINUOUS
10
2.4931178346456693
20
0.5690845275590551
11
2.4956865354330708
21
0.5692191732283465
0
LINE
8
BLACK
6
CONTINUOUS
10
2.4956865354330708
20
0.5692191732283465
11
2.495806338582677
21
0.5692254724409449
0
LINE
8
BLACK
6
CONTINUOUS
10
2.495806338582677
20
0.5692254724409449
11
2.4960659055118111
21
0.5692322834645669
0
LINE
8
BLACK
6
CONTINUOUS
10
2.4960659055118111
20
0.5692322834645669
11
2.4968741338582676
21
0.5692322834645669
0
LINE
8
BLACK
6
CONTINUOUS
10
2.4968741338582676
20
0.5692322834645669
11
2.4968744094488189
21
0.5692322834645669
0
LINE
8
BLACK
6
CONTINUOUS
10
2.4968744094488189
20
0.5692322834645669
11
2.4968745669291339
21
0.5692322834645669
0
LINE
8
BLACK
6
CONTINUOUS
10
2.4968745669291339
20
0.5692322834645669
11
2.4968750393700785
21
0.5692323228346456
0
LINE
8
BLACK
6
CONTINUOUS
10
2.4968750393700785
20
0.5692323228346456
11
2.4976784251968502
21
0.5693167322834646
0
LINE
8
BLACK
6
CONTINUOUS
10
2.4976784251968502
20
0.5693167322834646
11
2.4979370472440943
21
0.5693370866141733
0
LINE
8
BLACK
6
CONTINUOUS
10
2.4979370472440943
20
0.5693370866141733
11
2.500626023622047
21
0.569478031496063
0
LINE
8
BLACK
6
CONTINUOUS
10
2.500626023622047
20
0.569478031496063
11
2.5011612204724409
21
0.5696214173228347
0
LINE
8
BLACK
6
CONTINUOUS
10
2.5011612204724409
20
0.5696214173228347
11
2.5019260629921258
21
0.5697631889763779
0
LINE
8
BLACK
6
CONTINUOUS
10
2.5019260629921258
20
0.5697631889763779
11
2.5024074803149605
21
0.5698138188976378
0
LINE
8
BLACK
6
CONTINUOUS
10
2.5024074803149605
20
0.5698138188976378
11
2.5024774803149605
21
0.5698211811023622
0
LINE
8
BLACK
6
CONTINUOUS
10
2.5024774803149605
20
0.5698211811023622
11
2.5024775196850393
21
0.5698211811023622
0
LINE
8
BLACK
6
CONTINUOUS
10
2.5024775196850393
20
0.5698211811023622
11
2.5024776771653543
21
0.5698212204724409
0
LINE
8
BLACK
6
CONTINUOUS
10
2.5024776771653543
20
0.5698212204724409
11
2.5044365748031496
21
0.5704577165354331
0
LINE
8
BLACK
6
CONTINUOUS
10
2.5044365748031496
20
0.5704577165354331
11
2.5050388976377951
21
0.5706534251968504
0
LINE
8
BLACK
6
CONTINUOUS
10
2.5050388976377951
20
0.5706534251968504
11
2.505287598425197
21
0.5707270866141733
0
LINE
8
BLACK
6
CONTINUOUS
10
2.505287598425197
20
0.5707270866141733
11
2.5078885433070868
21
0.5714240157480315
0
LINE
8
BLACK
6
CONTINUOUS
10
2.5078885433070868
20
0.5714240157480315
11
2.5083172047244093
21
0.5716424409448819
0
LINE
8
BLACK
6
CONTINUOUS
10
2.5083172047244093
20
0.5716424409448819
11
2.5083822440944883
21
0.5716755511811024
0
LINE
8
BLACK
6
CONTINUOUS
10
2.5083822440944883
20
0.5716755511811024
11
2.5091011417322835
21
0.571973346456693
0
LINE
8
BLACK
6
CONTINUOUS
10
2.5091011417322835
20
0.571973346456693
11
2.5096281102362203
21
0.5721445669291338
0
LINE
8
BLACK
6
CONTINUOUS
10
2.5096281102362203
20
0.5721445669291338
11
2.5096282677165354
21
0.5721446456692914
0
LINE
8
BLACK
6
CONTINUOUS
10
2.5096282677165354
20
0.5721446456692914
11
2.5119602362204723
21
0.5734910236220472
0
LINE
8
BLACK
6
CONTINUOUS
10
2.5119602362204723
20
0.5734910236220472
11
2.5121878346456694
21
0.5736146062992126
0
LINE
8
BLACK
6
CONTINUOUS
10
2.5121878346456694
20
0.5736146062992126
11
2.5145877952755904
21
0.5748374409448819
0
LINE
8
BLACK
6
CONTINUOUS
10
2.5145877952755904
20
0.5748374409448819
11
2.5150186614173227
21
0.5751862992125985
0
LINE
8
BLACK
6
CONTINUOUS
10
2.5150186614173227
20
0.5751862992125985
11
2.5156594881889762
21
0.5756267716535433
0
LINE
8
BLACK
6
CONTINUOUS
10
2.5156594881889762
20
0.5756267716535433
11
2.516139527559055
21
0.575903937007874
0
LINE
8
BLACK
6
CONTINUOUS
10
2.516139527559055
20
0.575903937007874
11
2.5181408661417324
21
0.577705905511811
0
LINE
8
BLACK
6
CONTINUOUS
10
2.5181408661417324
20
0.577705905511811
11
2.5183380708661418
21
0.5778743307086615
0
LINE
8
BLACK
6
CONTINUOUS
10
2.5183380708661418
20
0.5778743307086615
11
2.5183558267716535
21
0.5778887401574803
0
LINE
8
BLACK
6
CONTINUOUS
10
2.5183558267716535
20
0.5778887401574803
11
2.5189661811023623
21
0.5783829921259842
0
LINE
8
BLACK
6
CONTINUOUS
10
2.5189661811023623
20
0.5783829921259842
11
2.5195382677165354
21
0.5789550787401575
0
LINE
8
BLACK
6
CONTINUOUS
10
2.5195382677165354
20
0.5789550787401575
11
2.5197260629921261
21
0.5791332677165354
0
LINE
8
BLACK
6
CONTINUOUS
10
2.5197260629921261
20
0.5791332677165354
11
2.5217269685039367
21
0.5809348425196851
0
LINE
8
BLACK
6
CONTINUOUS
10
2.5217269685039367
20
0.5809348425196851
11
2.5220525590551182
21
0.5813829921259842
0
LINE
8
BLACK
6
CONTINUOUS
10
2.5220525590551182
20
0.5813829921259842
11
2.522558149606299
21
0.5819749606299213
0
LINE
8
BLACK
6
CONTINUOUS
10
2.522558149606299
20
0.5819749606299213
11
2.5580249212598423
21
0.6174417322834646
0
LINE
8
BLACK
6
CONTINUOUS
10
2.5580249212598423
20
0.6174417322834646
11
2.5586166929133856
21
0.6179472047244094
0
LINE
8
BLACK
6
CONTINUOUS
10
2.5586166929133856
20
0.6179472047244094
11
2.5588034645669291
21
0.6180829133858268
0
LINE
8
BLACK
6
CONTINUOUS
10
2.5588034645669291
20
0.6180829133858268
11
2.5590650787401574
21
0.6182729921259842
0
LINE
8
BLACK
6
CONTINUOUS
10
2.5590650787401574
20
0.6182729921259842
11
2.5608668110236219
21
0.6202740157480314
0
LINE
8
BLACK
6
CONTINUOUS
10
2.5608668110236219
20
0.6202740157480314
11
2.5610448031496063
21
0.6204616141732283
0
LINE
8
BLACK
6
CONTINUOUS
10
2.5610448031496063
20
0.6204616141732283
11
2.5616170078740157
21
0.6210338188976378
0
LINE
8
BLACK
6
CONTINUOUS
10
2.5616170078740157
20
0.6210338188976378
11
2.561617125984252
21
0.621033937007874
0
LINE
8
BLACK
6
CONTINUOUS
10
2.561617125984252
20
0.621033937007874
11
2.5621256299212596
21
0.6216618503937008
0
LINE
8
BLACK
6
CONTINUOUS
10
2.5621256299212596
20
0.6216618503937008
11
2.5622941338582677
21
0.6218591732283465
0
LINE
8
BLACK
6
CONTINUOUS
10
2.5622941338582677
20
0.6218591732283465
11
2.5640960629921259
21
0.6238604724409449
0
LINE
8
BLACK
6
CONTINUOUS
10
2.5640960629921259
20
0.6238604724409449
11
2.5643481496062992
21
0.6242970866141733
0
LINE
8
BLACK
6
CONTINUOUS
10
2.5643481496062992
20
0.6242970866141733
11
2.5643730708661416
21
0.6243402362204724
0
LINE
8
BLACK
6
CONTINUOUS
10
2.5643730708661416
20
0.6243402362204724
11
2.5648136614173227
21
0.6249813385826771
0
LINE
8
BLACK
6
CONTINUOUS
10
2.5648136614173227
20
0.6249813385826771
11
2.5651625590551181
21
0.6254122047244094
0
LINE
8
BLACK
6
CONTINUOUS
10
2.5651625590551181
20
0.6254122047244094
11
2.5663849606299212
21
0.6278113779527559
0
LINE
8
BLACK
6
CONTINUOUS
10
2.5663849606299212
20
0.6278113779527559
11
2.5665089370078737
21
0.6280397244094488
0
LINE
8
BLACK
6
CONTINUOUS
10
2.5665089370078737
20
0.6280397244094488
11
2.5678553937007873
21
0.6303718110236221
0
LINE
8
BLACK
6
CONTINUOUS
10
2.5678553937007873
20
0.6303718110236221
11
2.5680265354330709
21
0.6308985433070866
0
LINE
8
BLACK
6
CONTINUOUS
10
2.5680265354330709
20
0.6308985433070866
11
2.5683244488188977
21
0.6316178346456692
0
LINE
8
BLACK
6
CONTINUOUS
10
2.5683244488188977
20
0.6316178346456692
11
2.5683800787401574
21
0.6317270078740157
0
LINE
8
BLACK
6
CONTINUOUS
10
2.5683800787401574
20
0.6317270078740157
11
2.5685759448818897
21
0.6321114173228346
0
LINE
8
BLACK
6
CONTINUOUS
10
2.5685759448818897
20
0.6321114173228346
11
2.569272874015748
21
0.6347123622047244
0
LINE
8
BLACK
6
CONTINUOUS
10
2.569272874015748
20
0.6347123622047244
11
2.5693466535433069
21
0.6349613779527559
0
LINE
8
BLACK
6
CONTINUOUS
10
2.5693466535433069
20
0.6349613779527559
11
2.5699807874015748
21
0.6369130314960629
0
LINE
8
BLACK
6
CONTINUOUS
10
2.5699807874015748
20
0.6369130314960629
11
2.5701788188976376
21
0.6375225196850394
0
LINE
8
BLACK
6
CONTINUOUS
10
2.5701788188976376
20
0.6375225196850394
11
2.5702367322834645
21
0.6380738188976378
0
LINE
8
BLACK
6
CONTINUOUS
10
2.5702367322834645
20
0.6380738188976378
11
2.5703784645669292
21
0.6388385433070866
0
LINE
8
BLACK
6
CONTINUOUS
10
2.5703784645669292
20
0.6388385433070866
11
2.5705219291338581
21
0.6393738976377953
0
LINE
8
BLACK
6
CONTINUOUS
10
2.5705219291338581
20
0.6393738976377953
11
2.5705219291338581
21
0.6393740551181102
0
LINE
8
BLACK
6
CONTINUOUS
10
2.5705219291338581
20
0.6393740551181102
11
2.5705219685039369
21
0.6393741732283464
0
LINE
8
BLACK
6
CONTINUOUS
10
2.5705219685039369
20
0.6393741732283464
11
2.5706009055118111
21
0.640881062992126
0
LINE
8
BLACK
6
CONTINUOUS
10
2.5706009055118111
20
0.640881062992126
11
2.570662834645669
21
0.6420631102362204
0
LINE
8
BLACK
6
CONTINUOUS
10
2.570662834645669
20
0.6420631102362204
11
2.5706831889763779
21
0.6423214173228347
0
LINE
8
BLACK
6
CONTINUOUS
10
2.5706831889763779
20
0.6423214173228347
11
2.5707676771653545
21
0.6431250787401575
0
LINE
8
BLACK
6
CONTINUOUS
10
2.5707676771653545
20
0.6431250787401575
11
2.5707677165354332
21
0.6431256692913385
0
LINE
8
BLACK
6
CONTINUOUS
10
2.5707677165354332
20
0.6431256692913385
11
2.5707677165354332
21
0.6439340157480314
0
LINE
8
BLACK
6
CONTINUOUS
10
2.5707677165354332
20
0.6439340157480314
11
2.5707745275590552
21
0.6441936614173228
0
LINE
8
BLACK
6
CONTINUOUS
10
2.5707745275590552
20
0.6441936614173228
11
2.5709154330708661
21
0.6468822834645669
0
LINE
8
BLACK
6
CONTINUOUS
10
2.5709154330708661
20
0.6468822834645669
11
2.5708287795275591
21
0.6474293700787401
0
LINE
8
BLACK
6
CONTINUOUS
10
2.5708287795275591
20
0.6474293700787401
11
2.5707677165354332
21
0.6482053937007873
0
LINE
8
BLACK
6
CONTINUOUS
10
2.5707677165354332
20
0.6482053937007873
11
2.5707677165354332
21
0.7142981496062992
0
LINE
8
BLACK
6
CONTINUOUS
10
2.5707677165354332
20
0.7142981496062992
11
2.5715551968503938
21
0.7169800787401575
0
LINE
8
BLACK
6
CONTINUOUS
10
2.5715551968503938
20
0.7169800787401575
11
2.5736676377952756
21
0.7188105118110236
0
LINE
8
BLACK
6
CONTINUOUS
10
2.5736676377952756
20
0.7188105118110236
11
2.5759807086614175
21
0.7191882677165354
0
LINE
8
BLACK
6
CONTINUOUS
10
2.5759807086614175
20
0.7191882677165354
11
2.5759807086614175
21
0.7192322834645669
0
LINE
8
BLACK
6
CONTINUOUS
10
2.5759807086614175
20
0.7192322834645669
11
2.5837593307086615
21
0.7192322834645669
0
LINE
8
BLACK
6
CONTINUOUS
10
2.5837593307086615
20
0.7192322834645669
11
2.5911137007874014
21
0.7207955118110236
0
LINE
8
BLACK
6
CONTINUOUS
10
2.5911137007874014
20
0.7207955118110236
11
2.5979823622047244
21
0.7238536220472441
0
LINE
8
BLACK
6
CONTINUOUS
10
2.5979823622047244
20
0.7238536220472441
11
2.6040651574803149
21
0.7282730314960629
0
LINE
8
BLACK
6
CONTINUOUS
10
2.6040651574803149
20
0.7282730314960629
11
2.6090958267716533
21
0.733860157480315
0
LINE
8
BLACK
6
CONTINUOUS
10
2.6090958267716533
20
0.733860157480315
11
2.6090961023622046
21
0.7338605511811024
0
LINE
8
BLACK
6
CONTINUOUS
10
2.6090961023622046
20
0.7338605511811024
11
2.6128553937007872
21
0.740371811023622
0
LINE
8
BLACK
6
CONTINUOUS
10
2.6128553937007872
20
0.740371811023622
11
2.6151788188976379
21
0.7475225196850394
0
LINE
8
BLACK
6
CONTINUOUS
10
2.6151788188976379
20
0.7475225196850394
11
2.6159647244094488
21
0.755
0
LINE
8
BLACK
6
CONTINUOUS
10
2.6159647244094488
20
0.755
11
2.6157948425196849
21
0.7566159448818898
0
LINE
8
BLACK
6
CONTINUOUS
10
2.6157948425196849
20
0.7566159448818898
11
2.6157677165354332
21
0.7571344488188976
0
LINE
8
BLACK
6
CONTINUOUS
10
2.6157677165354332
20
0.7571344488188976
11
2.6157677165354332
21
0.8217945669291339
0
LINE
8
BLACK
6
CONTINUOUS
10
2.6157677165354332
20
0.8217945669291339
11
2.615828779527559
21
0.8225705118110236
0
LINE
8
BLACK
6
CONTINUOUS
10
2.615828779527559
20
0.8225705118110236
11
2.615915433070866
21
0.8231177165354331
0
LINE
8
BLACK
6
CONTINUOUS
10
2.615915433070866
20
0.8231177165354331
11
2.6157745275590552
21
0.8258062598425197
0
LINE
8
BLACK
6
CONTINUOUS
10
2.6157745275590552
20
0.8258062598425197
11
2.6157677165354332
21
0.826065905511811
0
LINE
8
BLACK
6
CONTINUOUS
10
2.6157677165354332
20
0.826065905511811
11
2.6157677165354332
21
0.8268743307086615
0
LINE
8
BLACK
6
CONTINUOUS
10
2.6157677165354332
20
0.8268743307086615
11
2.6157676771653544
21
0.8268748031496063
0
LINE
8
BLACK
6
CONTINUOUS
10
2.6157676771653544
20
0.8268748031496063
11
2.6157393307086614
21
0.8271446062992126
0
LINE
8
BLACK
6
CONTINUOUS
10
2.6157393307086614
20
0.8271446062992126
11
2.6156831496062991
21
0.8276788188976377
0
LINE
8
BLACK
6
CONTINUOUS
10
2.6156831496062991
20
0.8276788188976377
11
2.6156628346456694
21
0.827936811023622
0
LINE
8
BLACK
6
CONTINUOUS
10
2.6156628346456694
20
0.827936811023622
11
2.6155529527559054
21
0.8300343700787401
0
LINE
8
BLACK
6
CONTINUOUS
10
2.6155529527559054
20
0.8300343700787401
11
2.6155219685039368
21
0.830625748031496
0
LINE
8
BLACK
6
CONTINUOUS
10
2.6155219685039368
20
0.830625748031496
11
2.6155219291338581
21
0.8306259448818898
0
LINE
8
BLACK
6
CONTINUOUS
10
2.6155219291338581
20
0.8306259448818898
11
2.6155219291338581
21
0.8306261023622047
0
LINE
8
BLACK
6
CONTINUOUS
10
2.6155219291338581
20
0.8306261023622047
11
2.6153785039370079
21
0.8311612598425197
0
LINE
8
BLACK
6
CONTINUOUS
10
2.6153785039370079
20
0.8311612598425197
11
2.6152366929133857
21
0.8319266929133858
0
LINE
8
BLACK
6
CONTINUOUS
10
2.6152366929133857
20
0.8319266929133858
11
2.6151788188976379
21
0.8324773622047243
0
LINE
8
BLACK
6
CONTINUOUS
10
2.6151788188976379
20
0.8324773622047243
11
2.6151788188976379
21
0.8324774803149606
0
LINE
8
BLACK
6
CONTINUOUS
10
2.6151788188976379
20
0.8324774803149606
11
2.6143463385826773
21
0.8350393307086614
0
LINE
8
BLACK
6
CONTINUOUS
10
2.6143463385826773
20
0.8350393307086614
11
2.6142727559055117
21
0.835288031496063
0
LINE
8
BLACK
6
CONTINUOUS
10
2.6142727559055117
20
0.835288031496063
11
2.6135760629921259
21
0.8378883464566929
0
LINE
8
BLACK
6
CONTINUOUS
10
2.6135760629921259
20
0.8378883464566929
11
2.6135760236220471
21
0.8378884251968504
0
LINE
8
BLACK
6
CONTINUOUS
10
2.6135760236220471
20
0.8378884251968504
11
2.6135759842519684
21
0.8378885826771654
0
LINE
8
BLACK
6
CONTINUOUS
10
2.6135759842519684
20
0.8378885826771654
11
2.6133244881889763
21
0.8383820472440945
0
LINE
8
BLACK
6
CONTINUOUS
10
2.6133244881889763
20
0.8383820472440945
11
2.6130263779527558
21
0.8391018503937008
0
LINE
8
BLACK
6
CONTINUOUS
10
2.6130263779527558
20
0.8391018503937008
11
2.6128553937007872
21
0.8396281889763779
0
LINE
8
BLACK
6
CONTINUOUS
10
2.6128553937007872
20
0.8396281889763779
11
2.6115084645669291
21
0.8419610629921259
0
LINE
8
BLACK
6
CONTINUOUS
10
2.6115084645669291
20
0.8419610629921259
11
2.6113859448818899
21
0.8421867322834645
0
LINE
8
BLACK
6
CONTINUOUS
10
2.6113859448818899
20
0.8421867322834645
11
2.6101625590551181
21
0.8445877952755906
0
LINE
8
BLACK
6
CONTINUOUS
10
2.6101625590551181
20
0.8445877952755906
11
2.6098137401574801
21
0.8450185039370078
0
LINE
8
BLACK
6
CONTINUOUS
10
2.6098137401574801
20
0.8450185039370078
11
2.6093730314960628
21
0.8456597244094488
0
LINE
8
BLACK
6
CONTINUOUS
10
2.6093730314960628
20
0.8456597244094488
11
2.6090960629921258
21
0.8461395275590551
0
LINE
8
BLACK
6
CONTINUOUS
10
2.6090960629921258
20
0.8461395275590551
11
2.6072939370078738
21
0.848140905511811
0
LINE
8
BLACK
6
CONTINUOUS
10
2.6072939370078738
20
0.848140905511811
11
2.6071262992125983
21
0.8483372047244094
0
LINE
8
BLACK
6
CONTINUOUS
10
2.6071262992125983
20
0.8483372047244094
11
2.6066170078740156
21
0.8489661811023622
0
LINE
8
BLACK
6
CONTINUOUS
10
2.6066170078740156
20
0.8489661811023622
11
2.6060444881889762
21
0.8495386220472441
0
LINE
8
BLACK
6
CONTINUOUS
10
2.6060444881889762
20
0.8495386220472441
11
2.6058678740157482
21
0.84972468503937
0
LINE
8
BLACK
6
CONTINUOUS
10
2.6058678740157482
20
0.84972468503937
11
2.6040650787401574
21
0.8517270078740157
0
LINE
8
BLACK
6
CONTINUOUS
10
2.6040650787401574
20
0.8517270078740157
11
2.6036168110236222
21
0.8520526377952756
0
LINE
8
BLACK
6
CONTINUOUS
10
2.6036168110236222
20
0.8520526377952756
11
2.6030251968503935
21
0.8525579133858268
0
LINE
8
BLACK
6
CONTINUOUS
10
2.6030251968503935
20
0.8525579133858268
11
2.5725579133858267
21
0.8830251968503937
0
LINE
8
BLACK
6
CONTINUOUS
10
2.5725579133858267
20
0.8830251968503937
11
2.5720526377952755
21
0.883616811023622
0
LINE
8
BLACK
6
CONTINUOUS
10
2.5720526377952755
20
0.883616811023622
11
2.5717270078740158
21
0.8840650787401575
0
LINE
8
BLACK
6
CONTINUOUS
10
2.5717270078740158
20
0.8840650787401575
11
2.56972468503937
21
0.885867874015748
0
LINE
8
BLACK
6
CONTINUOUS
10
2.56972468503937
20
0.885867874015748
11
2.569538622047244
21
0.8860444881889764
0
LINE
8
BLACK
6
CONTINUOUS
10
2.569538622047244
20
0.8860444881889764
11
2.5689661811023621
21
0.8866170078740158
0
LINE
8
BLACK
6
CONTINUOUS
10
2.5689661811023621
20
0.8866170078740158
11
2.5683372047244095
21
0.8871262992125984
0
LINE
8
BLACK
6
CONTINUOUS
10
2.5683372047244095
20
0.8871262992125984
11
2.568140905511811
21
0.887293937007874
0
LINE
8
BLACK
6
CONTINUOUS
10
2.568140905511811
20
0.887293937007874
11
2.5672627559055119
21
0.8880846456692914
0
LINE
8
BLACK
6
CONTINUOUS
10
2.5672627559055119
20
0.8880846456692914
11
2.5661395275590553
21
0.889096062992126
0
LINE
8
BLACK
6
CONTINUOUS
10
2.5661395275590553
20
0.889096062992126
11
2.5656597244094486
21
0.8893730314960629
0
LINE
8
BLACK
6
CONTINUOUS
10
2.5656597244094486
20
0.8893730314960629
11
2.5650185039370079
21
0.8898137401574803
0
LINE
8
BLACK
6
CONTINUOUS
10
2.5650185039370079
20
0.8898137401574803
11
2.5645877952755907
21
0.8901625590551181
0
LINE
8
BLACK
6
CONTINUOUS
10
2.5645877952755907
20
0.8901625590551181
11
2.5621870472440946
21
0.8913857086614173
0
LINE
8
BLACK
6
CONTINUOUS
10
2.5621870472440946
20
0.8913857086614173
11
2.5619618110236222
21
0.8915079921259842
0
LINE
8
BLACK
6
CONTINUOUS
10
2.5619618110236222
20
0.8915079921259842
11
2.5596281889763781
21
0.8928553937007874
0
LINE
8
BLACK
6
CONTINUOUS
10
2.5596281889763781
20
0.8928553937007874
11
2.5591009842519683
21
0.893026653543307
0
LINE
8
BLACK
6
CONTINUOUS
10
2.5591009842519683
20
0.893026653543307
11
2.5583821259842519
21
0.8933244488188976
0
LINE
8
BLACK
6
CONTINUOUS
10
2.5583821259842519
20
0.8933244488188976
11
2.5578885826771653
21
0.8935759448818897
0
LINE
8
BLACK
6
CONTINUOUS
10
2.5578885826771653
20
0.8935759448818897
11
2.5552869685039368
21
0.894273031496063
0
LINE
8
BLACK
6
CONTINUOUS
10
2.5552869685039368
20
0.894273031496063
11
2.5550399212598425
21
0.8943461811023622
0
LINE
8
BLACK
6
CONTINUOUS
10
2.5550399212598425
20
0.8943461811023622
11
2.5524774803149604
21
0.8951788188976377
0
LINE
8
BLACK
6
CONTINUOUS
10
2.5524774803149604
20
0.8951788188976377
11
2.5519266535433069
21
0.8952366929133858
0
LINE
8
BLACK
6
CONTINUOUS
10
2.5519266535433069
20
0.8952366929133858
11
2.551161023622047
21
0.8953785826771653
0
LINE
8
BLACK
6
CONTINUOUS
10
2.551161023622047
20
0.8953785826771653
11
2.5511400787401572
21
0.8953841732283464
0
LINE
8
BLACK
6
CONTINUOUS
10
2.5511400787401572
20
0.8953841732283464
11
2.5506261023622048
21
0.8955219291338582
0
LINE
8
BLACK
6
CONTINUOUS
10
2.5506261023622048
20
0.8955219291338582
11
2.5506258661417323
21
0.8955219291338582
0
LINE
8
BLACK
6
CONTINUOUS
10
2.5506258661417323
20
0.8955219291338582
11
2.550625748031496
21
0.8955219685039369
0
LINE
8
BLACK
6
CONTINUOUS
10
2.550625748031496
20
0.8955219685039369
11
2.5493518110236222
21
0.8955887007874016
0
LINE
8
BLACK
6
CONTINUOUS
10
2.5493518110236222
20
0.8955887007874016
11
2.547936811023622
21
0.8956628346456693
0
LINE
8
BLACK
6
CONTINUOUS
10
2.547936811023622
20
0.8956628346456693
11
2.5476788188976376
21
0.8956831496062992
0
LINE
8
BLACK
6
CONTINUOUS
10
2.5476788188976376
20
0.8956831496062992
11
2.5468744094488187
21
0.8957677165354331
0
LINE
8
BLACK
6
CONTINUOUS
10
2.5468744094488187
20
0.8957677165354331
11
2.5468743307086612
21
0.8957677165354331
0
LINE
8
BLACK
6
CONTINUOUS
10
2.5468743307086612
20
0.8957677165354331
11
2.5460659055118109
21
0.8957677165354331
0
LINE
8
BLACK
6
CONTINUOUS
10
2.5460659055118109
20
0.8957677165354331
11
2.5458063385826772
21
0.8957744881889763
0
LINE
8
BLACK
6
CONTINUOUS
10
2.5458063385826772
20
0.8957744881889763
11
2.5441776771653544
21
0.8958598818897637
0
LINE
8
BLACK
6
CONTINUOUS
10
2.5441776771653544
20
0.8958598818897637
11
2.5431177559055116
21
0.8959154330708661
0
LINE
8
BLACK
6
CONTINUOUS
10
2.5431177559055116
20
0.8959154330708661
11
2.5431177165354328
21
0.8959153937007874
0
LINE
8
BLACK
6
CONTINUOUS
10
2.5431177165354328
20
0.8959153937007874
11
2.5431177165354328
21
0.8959154330708661
0
LINE
8
BLACK
6
CONTINUOUS
10
2.5431177165354328
20
0.8959154330708661
11
2.5425706299212596
21
0.895828779527559
0
LINE
8
BLACK
6
CONTINUOUS
10
2.5425706299212596
20
0.895828779527559
11
2.5417946062992125
21
0.8957677165354331
0
LINE
8
BLACK
6
CONTINUOUS
10
2.5417946062992125
20
0.8957677165354331
11
2.20498031496063
21
0.8957677165354331
0
LINE
8
BLACK
6
CONTINUOUS
10
2.20498031496063
20
0.8957677165354331
11
2.2022983858267717
21
0.8965551968503936
0
LINE
8
BLACK
6
CONTINUOUS
10
2.2022983858267717
20
0.8965551968503936
11
2.2004679527559055
21
0.8986676377952756
0
LINE
8
BLACK
6
CONTINUOUS
10
2.2004679527559055
20
0.8986676377952756
11
2.2000196850393698
21
0.9007283464566929
0
LINE
8
BLACK
6
CONTINUOUS
10
2.2000196850393698
20
0.9007283464566929
11
2.2000196850393698
21
0.9569146456692913
0
LINE
8
BLACK
6
CONTINUOUS
10
2.2000196850393698
20
0.9569146456692913
11
2.2000196456692911
21
0.9569153149606299
0
LINE
8
BLACK
6
CONTINUOUS
10
2.2000196456692911
20
0.9569153149606299
11
2.1997633858267718
21
0.9592990551181102
0
LINE
8
BLACK
6
CONTINUOUS
10
2.1997633858267718
20
0.9592990551181102
11
2.1997633070866143
21
0.9592993700787401
0
LINE
8
BLACK
6
CONTINUOUS
10
2.1997633070866143
20
0.9592993700787401
11
2.19913437007874
21
0.960985590551181
0
LINE
8
BLACK
6
CONTINUOUS
10
2.19913437007874
20
0.960985590551181
11
2.197751535433071
21
0.9646930708661418
0
LINE
8
BLACK
6
CONTINUOUS
10
2.197751535433071
20
0.9646930708661418
11
2.196999212598425
21
0.9656980314960629
0
LINE
8
BLACK
6
CONTINUOUS
10
2.196999212598425
20
0.9656980314960629
11
2.1943016141732281
21
0.9693016141732284
0
LINE
8
BLACK
6
CONTINUOUS
10
2.1943016141732281
20
0.9693016141732284
11
2.1919943700787403
21
0.9710288188976378
0
LINE
8
BLACK
6
CONTINUOUS
10
2.1919943700787403
20
0.9710288188976378
11
2.1903192913385827
21
0.9732664566929133
0
LINE
8
BLACK
6
CONTINUOUS
10
2.1903192913385827
20
0.9732664566929133
11
2.1901199212598423
21
0.9760544881889763
0
LINE
8
BLACK
6
CONTINUOUS
10
2.1901199212598423
20
0.9760544881889763
11
2.1914594881889764
21
0.978507716535433
0
LINE
8
BLACK
6
CONTINUOUS
10
2.1914594881889764
20
0.978507716535433
11
2.1919943700787403
21
0.9789711811023621
0
LINE
8
BLACK
6
CONTINUOUS
10
2.1919943700787403
20
0.9789711811023621
11
2.1943016141732281
21
0.9806983464566928
0
LINE
8
BLACK
6
CONTINUOUS
10
2.1943016141732281
20
0.9806983464566928
11
2.1977514566929135
21
0.9853067716535433
0
LINE
8
BLACK
6
CONTINUOUS
10
2.1977514566929135
20
0.9853067716535433
11
2.197751535433071
21
0.985306968503937
0
LINE
8
BLACK
6
CONTINUOUS
10
2.197751535433071
20
0.985306968503937
11
2.1997633070866143
21
0.9907005905511811
0
LINE
8
BLACK
6
CONTINUOUS
10
2.1997633070866143
20
0.9907005905511811
11
2.1997633858267718
21
0.990700905511811
0
LINE
8
BLACK
6
CONTINUOUS
10
2.1997633858267718
20
0.990700905511811
11
2.2000196456692911
21
0.9930846456692913
0
LINE
8
BLACK
6
CONTINUOUS
10
2.2000196456692911
20
0.9930846456692913
11
2.2000196850393698
21
0.9930853149606299
0
LINE
8
BLACK
6
CONTINUOUS
10
2.2000196850393698
20
0.9930853149606299
11
2.2000196850393698
21
1.0569146456692913
0
LINE
8
BLACK
6
CONTINUOUS
10
2.2000196850393698
20
1.0569146456692913
11
2.2000196456692911
21
1.0569153149606298
0
LINE
8
BLACK
6
CONTINUOUS
10
2.2000196456692911
20
1.0569153149606298
11
2.1997633858267718
21
1.0592990551181103
0
LINE
8
BLACK
6
CONTINUOUS
10
2.1997633858267718
20
1.0592990551181103
11
2.1997633070866143
21
1.0592993700787401
0
LINE
8
BLACK
6
CONTINUOUS
10
2.1997633070866143
20
1.0592993700787401
11
2.1979233858267717
21
1.064232283464567
0
LINE
8
BLACK
6
CONTINUOUS
10
2.1979233858267717
20
1.064232283464567
11
2.197751535433071
21
1.0646930708661417
0
LINE
8
BLACK
6
CONTINUOUS
10
2.197751535433071
20
1.0646930708661417
11
2.1977514173228347
21
1.0646931496062992
0
LINE
8
BLACK
6
CONTINUOUS
10
2.1977514173228347
20
1.0646931496062992
11
2.1977104330708661
21
1.0647683464566928
0
LINE
8
BLACK
6
CONTINUOUS
10
2.1977104330708661
20
1.0647683464566928
11
2.1976921653543307
21
1.0648521653543306
0
LINE
8
BLACK
6
CONTINUOUS
10
2.1976921653543307
20
1.0648521653543306
11
2.197627559055118
21
1.0650254724409449
0
LINE
8
BLACK
6
CONTINUOUS
10
2.197627559055118
20
1.0650254724409449
11
2.1976524409448817
21
1.0650347637795274
0
LINE
8
BLACK
6
CONTINUOUS
10
2.1976524409448817
20
1.0650347637795274
11
2.1971162992125985
21
1.0674996062992126
0
LINE
8
BLACK
6
CONTINUOUS
10
2.1971162992125985
20
1.0674996062992126
11
2.198093149606299
21
1.0701185039370078
0
LINE
8
BLACK
6
CONTINUOUS
10
2.198093149606299
20
1.0701185039370078
11
2.2003307874015747
21
1.0717935433070866
0
LINE
8
BLACK
6
CONTINUOUS
10
2.2003307874015747
20
1.0717935433070866
11
2.2020642913385826
21
1.0721062992125985
0
LINE
8
BLACK
6
CONTINUOUS
10
2.2020642913385826
20
1.0721062992125985
11
2.3301094094488191
21
1.0721062992125985
0
LINE
8
BLACK
6
CONTINUOUS
10
2.3301094094488191
20
1.0721062992125985
11
2.3307435433070864
21
1.0727404330708661
0
LINE
8
BLACK
6
CONTINUOUS
10
2.3307435433070864
20
1.0727404330708661
11
2.3351335826771651
21
1.074977283464567
0
LINE
8
BLACK
6
CONTINUOUS
10
2.3351335826771651
20
1.074977283464567
11
2.3399999999999999
21
1.075748031496063
0
LINE
8
BLACK
6
CONTINUOUS
10
2.3399999999999999
20
1.075748031496063
11
2.3448664173228346
21
1.074977283464567
0
LINE
8
BLACK
6
CONTINUOUS
10
2.3448664173228346
20
1.074977283464567
11
2.3492564566929133
21
1.0727404330708661
0
LINE
8
BLACK
6
CONTINUOUS
10
2.3492564566929133
20
1.0727404330708661
11
2.3498905905511811
21
1.0721062992125985
0
LINE
8
BLACK
6
CONTINUOUS
10
2.3498905905511811
20
1.0721062992125985
11
2.3901094094488187
21
1.0721062992125985
0
LINE
8
BLACK
6
CONTINUOUS
10
2.3901094094488187
20
1.0721062992125985
11
2.3907435433070865
21
1.0727404330708661
0
LINE
8
BLACK
6
CONTINUOUS
10
2.3907435433070865
20
1.0727404330708661
11
2.3951335826771651
21
1.074977283464567
0
LINE
8
BLACK
6
CONTINUOUS
10
2.3951335826771651
20
1.074977283464567
11
2.3999999999999999
21
1.075748031496063
0
LINE
8
BLACK
6
CONTINUOUS
10
2.3999999999999999
20
1.075748031496063
11
2.4048664173228347
21
1.074977283464567
0
LINE
8
BLACK
6
CONTINUOUS
10
2.4048664173228347
20
1.074977283464567
11
2.4092564566929133
21
1.0727404330708661
0
LINE
8
BLACK
6
CONTINUOUS
10
2.4092564566929133
20
1.0727404330708661
11
2.4098905905511812
21
1.0721062992125985
0
LINE
8
BLACK
6
CONTINUOUS
10
2.4098905905511812
20
1.0721062992125985
11
2.4301094094488187
21
1.0721062992125985
0
LINE
8
BLACK
6
CONTINUOUS
10
2.4301094094488187
20
1.0721062992125985
11
2.4307435433070865
21
1.0727404330708661
0
LINE
8
BLACK
6
CONTINUOUS
10
2.4307435433070865
20
1.0727404330708661
11
2.4351335826771652
21
1.074977283464567
0
LINE
8
BLACK
6
CONTINUOUS
10
2.4351335826771652
20
1.074977283464567
11
2.4399999999999999
21
1.075748031496063
0
LINE
8
BLACK
6
CONTINUOUS
10
2.4399999999999999
20
1.075748031496063
11
2.4448664173228347
21
1.074977283464567
0
LINE
8
BLACK
6
CONTINUOUS
10
2.4448664173228347
20
1.074977283464567
11
2.4492564566929134
21
1.0727404330708661
0
LINE
8
BLACK
6
CONTINUOUS
10
2.4492564566929134
20
1.0727404330708661
11
2.4498905905511812
21
1.0721062992125985
0
LINE
8
BLACK
6
CONTINUOUS
10
2.4498905905511812
20
1.0721062992125985
11
2.4701094094488187
21
1.0721062992125985
0
LINE
8
BLACK
6
CONTINUOUS
10
2.4701094094488187
20
1.0721062992125985
11
2.4707435433070866
21
1.0727404330708661
0
LINE
8
BLACK
6
CONTINUOUS
10
2.4707435433070866
20
1.0727404330708661
11
2.4751335826771652
21
1.074977283464567
0
LINE
8
BLACK
6
CONTINUOUS
10
2.4751335826771652
20
1.074977283464567
11
2.48
21
1.075748031496063
0
LINE
8
BLACK
6
CONTINUOUS
10
2.48
20
1.075748031496063
11
2.4848664173228348
21
1.074977283464567
0
LINE
8
BLACK
6
CONTINUOUS
10
2.4848664173228348
20
1.074977283464567
11
2.4892564566929134
21
1.0727404330708661
0
LINE
8
BLACK
6
CONTINUOUS
10
2.4892564566929134
20
1.0727404330708661
11
2.4898905905511812
21
1.0721062992125985
0
LINE
8
BLACK
6
CONTINUOUS
10
2.4898905905511812
20
1.0721062992125985
11
2.5509289370078738
21
1.0721062992125985
0
LINE
8
BLACK
6
CONTINUOUS
10
2.5509289370078738
20
1.0721062992125985
11
2.553610866141732
21
1.0713188188976377
0
LINE
8
BLACK
6
CONTINUOUS
10
2.553610866141732
20
1.0713188188976377
11
2.5538447244094487
21
1.0711588976377953
0
LINE
8
BLACK
6
CONTINUOUS
10
2.5538447244094487
20
1.0711588976377953
11
2.5570175984251966
21
1.068853622047244
0
LINE
8
BLACK
6
CONTINUOUS
10
2.5570175984251966
20
1.068853622047244
11
2.5638862598425196
21
1.0657955118110236
0
LINE
8
BLACK
6
CONTINUOUS
10
2.5638862598425196
20
1.0657955118110236
11
2.5712406692913383
21
1.064232283464567
0
LINE
8
BLACK
6
CONTINUOUS
10
2.5712406692913383
20
1.064232283464567
11
2.5787593307086611
21
1.064232283464567
0
LINE
8
BLACK
6
CONTINUOUS
10
2.5787593307086611
20
1.064232283464567
11
2.5861137007874015
21
1.0657955118110236
0
LINE
8
BLACK
6
CONTINUOUS
10
2.5861137007874015
20
1.0657955118110236
11
2.5929823622047246
21
1.068853622047244
0
LINE
8
BLACK
6
CONTINUOUS
10
2.5929823622047246
20
1.068853622047244
11
2.599065157480315
21
1.073273031496063
0
LINE
8
BLACK
6
CONTINUOUS
10
2.599065157480315
20
1.073273031496063
11
2.6040958267716534
21
1.0788601574803149
0
LINE
8
BLACK
6
CONTINUOUS
10
2.6040958267716534
20
1.0788601574803149
11
2.6040961023622047
21
1.0788605511811022
0
LINE
8
BLACK
6
CONTINUOUS
10
2.6040961023622047
20
1.0788605511811022
11
2.6068905511811025
21
1.0837006692913385
0
LINE
8
BLACK
6
CONTINUOUS
10
2.6068905511811025
20
1.0837006692913385
11
2.6078553937007873
21
1.0853718110236221
0
LINE
8
BLACK
6
CONTINUOUS
10
2.6078553937007873
20
1.0853718110236221
11
2.6084887401574801
21
1.0873210629921259
0
LINE
8
BLACK
6
CONTINUOUS
10
2.6084887401574801
20
1.0873210629921259
11
2.6100664566929135
21
1.0896283858267717
0
LINE
8
BLACK
6
CONTINUOUS
10
2.6100664566929135
20
1.0896283858267717
11
2.6126411023622045
21
1.0907164566929133
0
LINE
8
BLACK
6
CONTINUOUS
10
2.6126411023622045
20
1.0907164566929133
11
2.6153953149606299
21
1.0902398031496063
0
LINE
8
BLACK
6
CONTINUOUS
10
2.6153953149606299
20
1.0902398031496063
11
2.6167142519685038
21
1.0892958267716535
0
LINE
8
BLACK
6
CONTINUOUS
10
2.6167142519685038
20
1.0892958267716535
11
2.7135353937007873
21
0.9924746850393701
0
LINE
8
BLACK
6
CONTINUOUS
10
2.7135353937007873
20
0.9924746850393701
11
2.7137407480314959
21
0.9922565748031495
0
LINE
8
BLACK
6
CONTINUOUS
10
2.7137407480314959
20
0.9922565748031495
11
2.7153288582677164
21
0.9904639763779527
0
LINE
8
BLACK
6
CONTINUOUS
10
2.7153288582677164
20
0.9904639763779527
11
2.717299251968504
21
0.9891038582677165
0
LINE
8
BLACK
6
CONTINUOUS
10
2.717299251968504
20
0.9891038582677165
11
2.7175403543307084
21
0.9889264566929133
0
LINE
8
BLACK
6
CONTINUOUS
10
2.7175403543307084
20
0.9889264566929133
11
2.7194250393700785
21
0.9874499606299212
0
LINE
8
BLACK
6
CONTINUOUS
10
2.7194250393700785
20
0.9874499606299212
11
2.719425433070866
21
0.9874497244094488
0
LINE
8
BLACK
6
CONTINUOUS
10
2.719425433070866
20
0.9874497244094488
11
2.7197916141732281
21
0.9872848818897637
0
LINE
8
BLACK
6
CONTINUOUS
10
2.7197916141732281
20
0.9872848818897637
11
2.7205727559055117
21
0.9868443700787402
0
LINE
8
BLACK
6
CONTINUOUS
10
2.7205727559055117
20
0.9868443700787402
11
2.720903661417323
21
0.9866159842519685
0
LINE
8
BLACK
6
CONTINUOUS
10
2.720903661417323
20
0.9866159842519685
11
2.7231421259842521
21
0.9857670472440945
0
LINE
8
BLACK
6
CONTINUOUS
10
2.7231421259842521
20
0.9857670472440945
11
2.7234188188976378
21
0.9856524015748032
0
LINE
8
BLACK
6
CONTINUOUS
10
2.7234188188976378
20
0.9856524015748032
11
2.7250492913385824
21
0.9849185826771654
0
LINE
8
BLACK
6
CONTINUOUS
10
2.7250492913385824
20
0.9849185826771654
11
2.727259566929134
21
0.9892564566929134
0
LINE
8
BLACK
6
CONTINUOUS
10
2.727259566929134
20
0.9892564566929134
11
2.7307435433070864
21
0.9927404330708661
0
LINE
8
BLACK
6
CONTINUOUS
10
2.7307435433070864
20
0.9927404330708661
11
2.7351335826771654
21
0.9949772834645669
0
LINE
8
BLACK
6
CONTINUOUS
10
2.7351335826771654
20
0.9949772834645669
11
2.7399999999999998
21
0.9957480314960629
0
LINE
8
BLACK
6
CONTINUOUS
10
2.7399999999999998
20
0.9957480314960629
11
2.7448664173228345
21
0.9949772834645669
0
LINE
8
BLACK
6
CONTINUOUS
10
2.7448664173228345
20
0.9949772834645669
11
2.7492564566929132
21
0.9927404330708661
0
LINE
8
BLACK
6
CONTINUOUS
10
2.7492564566929132
20
0.9927404330708661
11
2.752740433070866
21
0.9892564566929134
0
LINE
8
BLACK
6
CONTINUOUS
10
2.752740433070866
20
0.9892564566929134
11
2.7549772834645667
21
0.9848664173228346
0
LINE
8
BLACK
6
CONTINUOUS
10
2.7549772834645667
20
0.9848664173228346
11
2.7551774803149605
21
0.9836024015748032
0
LINE
8
BLACK
6
CONTINUOUS
10
2.7551774803149605
20
0.9836024015748032
11
2.7748951968503937
21
0.9836024015748032
0
LINE
8
BLACK
6
CONTINUOUS
10
2.7748951968503937
20
0.9836024015748032
11
2.7775771259842519
21
0.9828149212598425
0
LINE
8
BLACK
6
CONTINUOUS
10
2.7775771259842519
20
0.9828149212598425
11
2.7784029133858268
21
0.9821494488188977
0
LINE
8
BLACK
6
CONTINUOUS
10
2.7784029133858268
20
0.9821494488188977
11
2.7932021653543306
21
0.9673501181102362
0
LINE
8
BLACK
6
CONTINUOUS
10
2.7932021653543306
20
0.9673501181102362
11
2.7945417322834647
21
0.9648968897637795
0
LINE
8
BLACK
6
CONTINUOUS
10
2.7945417322834647
20
0.9648968897637795
11
2.7946279133858267
21
0.9643610236220472
0
LINE
8
BLACK
6
CONTINUOUS
10
2.7946279133858267
20
0.9643610236220472
11
2.7948211417322835
21
0.9625225196850393
0
LINE
8
BLACK
6
CONTINUOUS
10
2.7948211417322835
20
0.9625225196850393
11
2.7971446062992125
21
0.9553718503937008
0
LINE
8
BLACK
6
CONTINUOUS
10
2.7971446062992125
20
0.9553718503937008
11
2.7971447244094487
21
0.9553715748031496
0
LINE
8
BLACK
6
CONTINUOUS
10
2.7971447244094487
20
0.9553715748031496
11
2.8009038582677164
21
0.9488605511811024
0
LINE
8
BLACK
6
CONTINUOUS
10
2.8009038582677164
20
0.9488605511811024
11
2.8009041338582676
21
0.9488601574803149
0
LINE
8
BLACK
6
CONTINUOUS
10
2.8009041338582676
20
0.9488601574803149
11
2.8059348031496061
21
0.943273031496063
0
LINE
8
BLACK
6
CONTINUOUS
10
2.8059348031496061
20
0.943273031496063
11
2.8120175984251969
21
0.9388536220472441
0
LINE
8
BLACK
6
CONTINUOUS
10
2.8120175984251969
20
0.9388536220472441
11
2.8188862598425195
21
0.9357955118110236
0
LINE
8
BLACK
6
CONTINUOUS
10
2.8188862598425195
20
0.9357955118110236
11
2.8262406692913387
21
0.9342322834645669
0
LINE
8
BLACK
6
CONTINUOUS
10
2.8262406692913387
20
0.9342322834645669
11
2.8337593307086615
21
0.9342322834645669
0
LINE
8
BLACK
6
CONTINUOUS
10
2.8337593307086615
20
0.9342322834645669
11
2.8411137007874014
21
0.9357955118110236
0
LINE
8
BLACK
6
CONTINUOUS
10
2.8411137007874014
20
0.9357955118110236
11
2.8479823622047244
21
0.9388536220472441
0
LINE
8
BLACK
6
CONTINUOUS
10
2.8479823622047244
20
0.9388536220472441
11
2.8540651574803149
21
0.943273031496063
0
LINE
8
BLACK
6
CONTINUOUS
10
2.8540651574803149
20
0.943273031496063
11
2.8590958267716533
21
0.9488601574803149
0
LINE
8
BLACK
6
CONTINUOUS
10
2.8590958267716533
20
0.9488601574803149
11
2.8590961023622046
21
0.9488605511811024
0
LINE
8
BLACK
6
CONTINUOUS
10
2.8590961023622046
20
0.9488605511811024
11
2.8628553937007872
21
0.955371811023622
0
LINE
8
BLACK
6
CONTINUOUS
10
2.8628553937007872
20
0.955371811023622
11
2.8651788188976379
21
0.9625225196850393
0
LINE
8
BLACK
6
CONTINUOUS
10
2.8651788188976379
20
0.9625225196850393
11
2.8659647244094488
21
0.97
0
LINE
8
BLACK
6
CONTINUOUS
10
2.8659647244094488
20
0.97
11
2.8651788188976379
21
0.9774774803149606
0
LINE
8
BLACK
6
CONTINUOUS
10
2.8651788188976379
20
0.9774774803149606
11
2.8628553937007872
21
0.9846281889763779
0
LINE
8
BLACK
6
CONTINUOUS
10
2.8628553937007872
20
0.9846281889763779
11
2.8590960629921258
21
0.9911395275590551
0
LINE
8
BLACK
6
CONTINUOUS
10
2.8590960629921258
20
0.9911395275590551
11
2.85734405511811
21
0.9930853149606299
0
LINE
8
BLACK
6
CONTINUOUS
10
2.85734405511811
20
0.9930853149606299
11
2.8540651574803149
21
0.9967269291338583
0
LINE
8
BLACK
6
CONTINUOUS
10
2.8540651574803149
20
0.9967269291338583
11
2.8540651181102361
21
0.9967269291338583
0
LINE
8
BLACK
6
CONTINUOUS
10
2.8540651181102361
20
0.9967269291338583
11
2.8540650787401574
21
0.9967270078740157
0
LINE
8
BLACK
6
CONTINUOUS
10
2.8540650787401574
20
0.9967270078740157
11
2.8479823622047244
21
1.0011463779527559
0
LINE
8
BLACK
6
CONTINUOUS
10
2.8479823622047244
20
1.0011463779527559
11
2.8411137007874014
21
1.0042044881889765
0
LINE
8
BLACK
6
CONTINUOUS
10
2.8411137007874014
20
1.0042044881889765
11
2.83509562992126
21
1.0054836614173228
0
LINE
8
BLACK
6
CONTINUOUS
10
2.83509562992126
20
1.0054836614173228
11
2.8326361811023619
21
1.0068114960629921
0
LINE
8
BLACK
6
CONTINUOUS
10
2.8326361811023619
20
1.0068114960629921
11
2.8326274409448819
21
1.0068201574803148
0
LINE
8
BLACK
6
CONTINUOUS
10
2.8326274409448819
20
1.0068201574803148
11
2.8089292519685038
21
1.0305183070866142
0
LINE
8
BLACK
6
CONTINUOUS
10
2.8089292519685038
20
1.0305183070866142
11
2.8087251574803149
21
1.0307351181102362
0
LINE
8
BLACK
6
CONTINUOUS
10
2.8087251574803149
20
1.0307351181102362
11
2.8074225984251968
21
1.0322054724409448
0
LINE
8
BLACK
6
CONTINUOUS
10
2.8074225984251968
20
1.0322054724409448
11
2.8062336614173229
21
1.034735157480315
0
LINE
8
BLACK
6
CONTINUOUS
10
2.8062336614173229
20
1.034735157480315
11
2.8066011417322834
21
1.037506062992126
0
LINE
8
BLACK
6
CONTINUOUS
10
2.8066011417322834
20
1.037506062992126
11
2.8084083070866139
21
1.0396383858267717
0
LINE
8
BLACK
6
CONTINUOUS
10
2.8084083070866139
20
1.0396383858267717
11
2.8110814566929134
21
1.0404551968503937
0
LINE
8
BLACK
6
CONTINUOUS
10
2.8110814566929134
20
1.0404551968503937
11
2.8111357874015748
21
1.0404555118110237
0
LINE
8
BLACK
6
CONTINUOUS
10
2.8111357874015748
20
1.0404555118110237
11
2.8137899606299213
21
1.0404555118110237
0
LINE
8
BLACK
6
CONTINUOUS
10
2.8137899606299213
20
1.0404555118110237
11
2.8211443307086612
21
1.0420187401574803
0
LINE
8
BLACK
6
CONTINUOUS
10
2.8211443307086612
20
1.0420187401574803
11
2.8280129921259842
21
1.0450768503937007
0
LINE
8
BLACK
6
CONTINUOUS
10
2.8280129921259842
20
1.0450768503937007
11
2.8340957874015746
21
1.0494962598425197
0
LINE
8
BLACK
6
CONTINUOUS
10
2.8340957874015746
20
1.0494962598425197
11
2.8391264566929135
21
1.0550833858267716
0
LINE
8
BLACK
6
CONTINUOUS
10
2.8391264566929135
20
1.0550833858267716
11
2.8391267322834643
21
1.0550837795275589
0
LINE
8
BLACK
6
CONTINUOUS
10
2.8391267322834643
20
1.0550837795275589
11
2.8415605511811024
21
1.0592992519685038
0
LINE
8
BLACK
6
CONTINUOUS
10
2.8415605511811024
20
1.0592992519685038
11
2.842886023622047
21
1.0615950393700788
0
LINE
8
BLACK
6
CONTINUOUS
10
2.842886023622047
20
1.0615950393700788
11
2.8452094488188977
21
1.0687457480314961
0
LINE
8
BLACK
6
CONTINUOUS
10
2.8452094488188977
20
1.0687457480314961
11
2.8459953543307086
21
1.0762232283464566
0
LINE
8
BLACK
6
CONTINUOUS
10
2.8459953543307086
20
1.0762232283464566
11
2.8452094488188977
21
1.0837007086614172
0
LINE
8
BLACK
6
CONTINUOUS
10
2.8452094488188977
20
1.0837007086614172
11
2.842886023622047
21
1.0908514173228345
0
LINE
8
BLACK
6
CONTINUOUS
10
2.842886023622047
20
1.0908514173228345
11
2.8391266929133856
21
1.0973627559055117
0
LINE
8
BLACK
6
CONTINUOUS
10
2.8391266929133856
20
1.0973627559055117
11
2.8340957086614171
21
1.1029502362204724
0
LINE
8
BLACK
6
CONTINUOUS
10
2.8340957086614171
20
1.1029502362204724
11
2.8280129921259842
21
1.1073696062992127
0
LINE
8
BLACK
6
CONTINUOUS
10
2.8280129921259842
20
1.1073696062992127
11
2.8211443307086612
21
1.110427716535433
0
LINE
8
BLACK
6
CONTINUOUS
10
2.8211443307086612
20
1.110427716535433
11
2.8137899606299213
21
1.1119909448818897
0
LINE
8
BLACK
6
CONTINUOUS
10
2.8137899606299213
20
1.1119909448818897
11
2.8062712992125984
21
1.1119909448818897
0
LINE
8
BLACK
6
CONTINUOUS
10
2.8062712992125984
20
1.1119909448818897
11
2.798916929133858
21
1.110427716535433
0
LINE
8
BLACK
6
CONTINUOUS
10
2.798916929133858
20
1.110427716535433
11
2.7920482677165355
21
1.1073696062992127
0
LINE
8
BLACK
6
CONTINUOUS
10
2.7920482677165355
20
1.1073696062992127
11
2.7920482283464567
21
1.1073695669291339
0
LINE
8
BLACK
6
CONTINUOUS
10
2.7920482283464567
20
1.1073695669291339
11
2.7888753543307088
21
1.1050643307086614
0
LINE
8
BLACK
6
CONTINUOUS
10
2.7888753543307088
20
1.1050643307086614
11
2.7862427559055116
21
1.1041250393700788
0
LINE
8
BLACK
6
CONTINUOUS
10
2.7862427559055116
20
1.1041250393700788
11
2.7859595669291339
21
1.1041169291338582
0
LINE
8
BLACK
6
CONTINUOUS
10
2.7859595669291339
20
1.1041169291338582
11
2.7273854330708662
21
1.1041169291338582
0
LINE
8
BLACK
6
CONTINUOUS
10
2.7273854330708662
20
1.1041169291338582
11
2.724703503937008
21
1.104904409448819
0
LINE
8
BLACK
6
CONTINUOUS
10
2.724703503937008
20
1.104904409448819
11
2.7238779527559056
21
1.1055696456692914
0
LINE
8
BLACK
6
CONTINUOUS
10
2.7238779527559056
20
1.1055696456692914
11
2.6767976771653541
21
1.1526498818897637
0
LINE
8
BLACK
6
CONTINUOUS
10
2.6767976771653541
20
1.1526498818897637
11
2.6754582283464567
21
1.1551029921259843
0
LINE
8
BLACK
6
CONTINUOUS
10
2.6754582283464567
20
1.1551029921259843
11
2.6753720078740155
21
1.1556391338582677
0
LINE
8
BLACK
6
CONTINUOUS
10
2.6753720078740155
20
1.1556391338582677
11
2.6752681889763781
21
1.1566273622047243
0
LINE
8
BLACK
6
CONTINUOUS
10
2.6752681889763781
20
1.1566273622047243
11
2.6757711417322834
21
1.1593768897637795
0
LINE
8
BLACK
6
CONTINUOUS
10
2.6757711417322834
20
1.1593768897637795
11
2.6776807480314959
21
1.1614180314960629
0
LINE
8
BLACK
6
CONTINUOUS
10
2.6776807480314959
20
1.1614180314960629
11
2.6802016535433069
21
1.1621062992125983
0
LINE
8
BLACK
6
CONTINUOUS
10
2.6802016535433069
20
1.1621062992125983
11
3.0417361023622047
21
1.1621062992125983
0
LINE
8
BLACK
6
CONTINUOUS
10
3.0417361023622047
20
1.1621062992125983
11
3.0420356299212599
21
1.1620972440944881
0
LINE
8
BLACK
6
CONTINUOUS
10
3.0420356299212599
20
1.1620972440944881
11
3.0444255118110237
21
1.1619526771653543
0
LINE
8
BLACK
6
CONTINUOUS
10
3.0444255118110237
20
1.1619526771653543
11
3.0444255511811025
21
1.1619526771653543
0
LINE
8
BLACK
6
CONTINUOUS
10
3.0444255511811025
20
1.1619526771653543
11
3.04572437007874
21
1.1621906692913386
0
LINE
8
BLACK
6
CONTINUOUS
10
3.04572437007874
20
1.1621906692913386
11
3.0467806692913384
21
1.1623842125984252
0
LINE
8
BLACK
6
CONTINUOUS
10
3.0467806692913384
20
1.1623842125984252
11
3.0470766929133859
21
1.1624292913385827
0
LINE
8
BLACK
6
CONTINUOUS
10
3.0470766929133859
20
1.1624292913385827
11
3.0494531102362203
21
1.1627178346456692
0
LINE
8
BLACK
6
CONTINUOUS
10
3.0494531102362203
20
1.1627178346456692
11
3.0494532677165354
21
1.162717874015748
0
LINE
8
BLACK
6
CONTINUOUS
10
3.0494532677165354
20
1.162717874015748
11
3.0494533858267716
21
1.1627179133858268
0
LINE
8
BLACK
6
CONTINUOUS
10
3.0494533858267716
20
1.1627179133858268
11
3.0498287795275592
21
1.1628602362204725
0
LINE
8
BLACK
6
CONTINUOUS
10
3.0498287795275592
20
1.1628602362204725
11
3.0506929527559055
21
1.1631011811023622
0
LINE
8
BLACK
6
CONTINUOUS
10
3.0506929527559055
20
1.1631011811023622
11
3.0510883464566927
21
1.1631736614173227
0
LINE
8
BLACK
6
CONTINUOUS
10
3.0510883464566927
20
1.1631736614173227
11
3.0510883858267714
21
1.1631736614173227
0
LINE
8
BLACK
6
CONTINUOUS
10
3.0510883858267714
20
1.1631736614173227
11
3.0510884645669289
21
1.1631737007874015
0
LINE
8
BLACK
6
CONTINUOUS
10
3.0510884645669289
20
1.1631737007874015
11
3.0532720078740159
21
1.1641563779527559
0
LINE
8
BLACK
6
CONTINUOUS
10
3.0532720078740159
20
1.1641563779527559
11
3.0535486614173228
21
1.1642709842519685
0
LINE
8
BLACK
6
CONTINUOUS
10
3.0535486614173228
20
1.1642709842519685
11
3.0551244881889765
21
1.1648686614173227
0
LINE
8
BLACK
6
CONTINUOUS
10
3.0551244881889765
20
1.1648686614173227
11
3.0557870078740157
21
1.1651199212598424
0
LINE
8
BLACK
6
CONTINUOUS
10
3.0557870078740157
20
1.1651199212598424
11
3.0561175196850394
21
1.1653480708661417
0
LINE
8
BLACK
6
CONTINUOUS
10
3.0561175196850394
20
1.1653480708661417
11
3.0568989763779526
21
1.165788779527559
0
LINE
8
BLACK
6
CONTINUOUS
10
3.0568989763779526
20
1.165788779527559
11
3.0572652362204722
21
1.1659536614173227
0
LINE
8
BLACK
6
CONTINUOUS
10
3.0572652362204722
20
1.1659536614173227
11
3.0572653937007872
21
1.1659537401574802
0
LINE
8
BLACK
6
CONTINUOUS
10
3.0572653937007872
20
1.1659537401574802
11
3.0591499212598423
21
1.167430157480315
0
LINE
8
BLACK
6
CONTINUOUS
10
3.0591499212598423
20
1.167430157480315
11
3.0593911417322834
21
1.1676076377952755
0
LINE
8
BLACK
6
CONTINUOUS
10
3.0593911417322834
20
1.1676076377952755
11
3.0613616535433068
21
1.1689678346456693
0
LINE
8
BLACK
6
CONTINUOUS
10
3.0613616535433068
20
1.1689678346456693
11
3.0622586614173226
21
1.1699803149606298
0
LINE
8
BLACK
6
CONTINUOUS
10
3.0622586614173226
20
1.1699803149606298
11
3.0629498425196848
21
1.1707605118110236
0
LINE
8
BLACK
6
CONTINUOUS
10
3.0629498425196848
20
1.1707605118110236
11
3.0631551968503938
21
1.170978622047244
0
LINE
8
BLACK
6
CONTINUOUS
10
3.0631551968503938
20
1.170978622047244
11
3.0823832677165353
21
1.1902066929133859
0
LINE
8
BLACK
6
CONTINUOUS
10
3.0823832677165353
20
1.1902066929133859
11
3.0848364960629922
21
1.1915462992125985
0
LINE
8
BLACK
6
CONTINUOUS
10
3.0848364960629922
20
1.1915462992125985
11
3.0876244881889763
21
1.1913468897637796
0
LINE
8
BLACK
6
CONTINUOUS
10
3.0876244881889763
20
1.1913468897637796
11
3.0879085433070865
21
1.1912307874015748
0
LINE
8
BLACK
6
CONTINUOUS
10
3.0879085433070865
20
1.1912307874015748
11
3.0888861023622045
21
1.1907955118110236
0
LINE
8
BLACK
6
CONTINUOUS
10
3.0888861023622045
20
1.1907955118110236
11
3.0962406692913387
21
1.189232283464567
0
LINE
8
BLACK
6
CONTINUOUS
10
3.0962406692913387
20
1.189232283464567
11
3.1037593307086615
21
1.189232283464567
0
LINE
8
BLACK
6
CONTINUOUS
10
3.1037593307086615
20
1.189232283464567
11
3.1111137007874015
21
1.1907955118110236
0
LINE
8
BLACK
6
CONTINUOUS
10
3.1111137007874015
20
1.1907955118110236
11
3.1179823622047245
21
1.193853622047244
0
LINE
8
BLACK
6
CONTINUOUS
10
3.1179823622047245
20
1.193853622047244
11
3.1240651574803149
21
1.198273031496063
0
LINE
8
BLACK
6
CONTINUOUS
10
3.1240651574803149
20
1.198273031496063
11
3.1290958267716533
21
1.2038601574803149
0
LINE
8
BLACK
6
CONTINUOUS
10
3.1290958267716533
20
1.2038601574803149
11
3.1290961023622046
21
1.2038605511811022
0
LINE
8
BLACK
6
CONTINUOUS
10
3.1290961023622046
20
1.2038605511811022
11
3.1291580708661417
21
1.203967874015748
0
LINE
8
BLACK
6
CONTINUOUS
10
3.1291580708661417
20
1.203967874015748
11
3.1328553937007872
21
1.2103718110236221
0
LINE
8
BLACK
6
CONTINUOUS
10
3.1328553937007872
20
1.2103718110236221
11
3.1351788188976379
21
1.2175225196850394
0
LINE
8
BLACK
6
CONTINUOUS
10
3.1351788188976379
20
1.2175225196850394
11
3.1359647244094488
21
1.2249999999999999
0
LINE
8
BLACK
6
CONTINUOUS
10
3.1359647244094488
20
1.2249999999999999
11
3.1351788188976379
21
1.2324774803149605
0
LINE
8
BLACK
6
CONTINUOUS
10
3.1351788188976379
20
1.2324774803149605
11
3.1328553937007872
21
1.2396281889763778
0
LINE
8
BLACK
6
CONTINUOUS
10
3.1328553937007872
20
1.2396281889763778
11
3.1290960629921258
21
1.246139527559055
0
LINE
8
BLACK
6
CONTINUOUS
10
3.1290960629921258
20
1.246139527559055
11
3.1279683464566927
21
1.247391968503937
0
LINE
8
BLACK
6
CONTINUOUS
10
3.1279683464566927
20
1.247391968503937
11
3.1240651574803149
21
1.2517269291338582
0
LINE
8
BLACK
6
CONTINUOUS
10
3.1240651574803149
20
1.2517269291338582
11
3.1240651181102361
21
1.2517269291338582
0
LINE
8
BLACK
6
CONTINUOUS
10
3.1240651181102361
20
1.2517269291338582
11
3.1240650787401574
21
1.2517270078740157
0
LINE
8
BLACK
6
CONTINUOUS
10
3.1240650787401574
20
1.2517270078740157
11
3.1179823622047245
21
1.256146377952756
0
LINE
8
BLACK
6
CONTINUOUS
10
3.1179823622047245
20
1.256146377952756
11
3.1111137007874015
21
1.2592044881889763
0
LINE
8
BLACK
6
CONTINUOUS
10
3.1111137007874015
20
1.2592044881889763
11
3.1037593307086615
21
1.260767716535433
0
LINE
8
BLACK
6
CONTINUOUS
10
3.1037593307086615
20
1.260767716535433
11
3.0962406692913387
21
1.260767716535433
0
LINE
8
BLACK
6
CONTINUOUS
10
3.0962406692913387
20
1.260767716535433
11
3.0888862992125983
21
1.2592044881889763
0
LINE
8
BLACK
6
CONTINUOUS
10
3.0888862992125983
20
1.2592044881889763
11
3.0820176377952757
21
1.256146377952756
0
LINE
8
BLACK
6
CONTINUOUS
10
3.0820176377952757
20
1.256146377952756
11
3.082017598425197
21
1.2561463385826772
0
LINE
8
BLACK
6
CONTINUOUS
10
3.082017598425197
20
1.2561463385826772
11
3.0790593700787401
21
1.2539970472440944
0
LINE
8
BLACK
6
CONTINUOUS
10
3.0790593700787401
20
1.2539970472440944
11
3.0764268110236221
21
1.2530577559055118
0
LINE
8
BLACK
6
CONTINUOUS
10
3.0764268110236221
20
1.2530577559055118
11
3.0762108661417322
21
1.2530581102362204
0
LINE
8
BLACK
6
CONTINUOUS
10
3.0762108661417322
20
1.2530581102362204
11
3.0760324803149603
21
1.2530473228346457
0
LINE
8
BLACK
6
CONTINUOUS
10
3.0760324803149603
20
1.2530473228346457
11
3.076032440944882
21
1.253047283464567
0
LINE
8
BLACK
6
CONTINUOUS
10
3.076032440944882
20
1.253047283464567
11
3.0760324015748033
21
1.2530473228346457
0
LINE
8
BLACK
6
CONTINUOUS
10
3.0760324015748033
20
1.2530473228346457
11
3.0736761417322835
21
1.2526155118110236
0
LINE
8
BLACK
6
CONTINUOUS
10
3.0736761417322835
20
1.2526155118110236
11
3.0733823622047245
21
1.2525707874015748
0
LINE
8
BLACK
6
CONTINUOUS
10
3.0733823622047245
20
1.2525707874015748
11
3.0710044881889762
21
1.2522820866141733
0
LINE
8
BLACK
6
CONTINUOUS
10
3.0710044881889762
20
1.2522820866141733
11
3.0710044094488187
21
1.2522820472440945
0
LINE
8
BLACK
6
CONTINUOUS
10
3.0710044094488187
20
1.2522820472440945
11
3.0710043307086612
21
1.2522820472440945
0
LINE
8
BLACK
6
CONTINUOUS
10
3.0710043307086612
20
1.2522820472440945
11
3.0706292519685037
21
1.2521398031496063
0
LINE
8
BLACK
6
CONTINUOUS
10
3.0706292519685037
20
1.2521398031496063
11
3.0697645275590553
21
1.2518987007874016
0
LINE
8
BLACK
6
CONTINUOUS
10
3.0697645275590553
20
1.2518987007874016
11
3.0693695275590551
21
1.2518263385826771
0
LINE
8
BLACK
6
CONTINUOUS
10
3.0693695275590551
20
1.2518263385826771
11
3.0674657480314962
21
1.2509694881889764
0
LINE
8
BLACK
6
CONTINUOUS
10
3.0674657480314962
20
1.2509694881889764
11
3.0671859448818899
21
1.2508435826771653
0
LINE
8
BLACK
6
CONTINUOUS
10
3.0671859448818899
20
1.2508435826771653
11
3.0669090944881887
21
1.250728937007874
0
LINE
8
BLACK
6
CONTINUOUS
10
3.0669090944881887
20
1.250728937007874
11
3.0646711417322834
21
1.2498801968503936
0
LINE
8
BLACK
6
CONTINUOUS
10
3.0646711417322834
20
1.2498801968503936
11
3.0646710236220471
21
1.2498801181102361
0
LINE
8
BLACK
6
CONTINUOUS
10
3.0646710236220471
20
1.2498801181102361
11
3.0646708661417321
21
1.2498800787401574
0
LINE
8
BLACK
6
CONTINUOUS
10
3.0646708661417321
20
1.2498800787401574
11
3.0646707480314959
21
1.2498799999999999
0
LINE
8
BLACK
6
CONTINUOUS
10
3.0646707480314959
20
1.2498799999999999
11
3.0646706692913384
21
1.2498799606299211
0
LINE
8
BLACK
6
CONTINUOUS
10
3.0646706692913384
20
1.2498799606299211
11
3.0643405511811022
21
1.2496520866141732
0
LINE
8
BLACK
6
CONTINUOUS
10
3.0643405511811022
20
1.2496520866141732
11
3.0635584645669289
21
1.2492109448818898
0
LINE
8
BLACK
6
CONTINUOUS
10
3.0635584645669289
20
1.2492109448818898
11
3.0631924803149606
21
1.2490462598425196
0
LINE
8
BLACK
6
CONTINUOUS
10
3.0631924803149606
20
1.2490462598425196
11
3.0631924409448819
21
1.2490462204724408
0
LINE
8
BLACK
6
CONTINUOUS
10
3.0631924409448819
20
1.2490462204724408
11
3.0613076377952755
21
1.2475695669291338
0
LINE
8
BLACK
6
CONTINUOUS
10
3.0613076377952755
20
1.2475695669291338
11
3.0610662598425198
21
1.247391968503937
0
LINE
8
BLACK
6
CONTINUOUS
10
3.0610662598425198
20
1.247391968503937
11
3.0590961417322835
21
1.2460320866141732
0
LINE
8
BLACK
6
CONTINUOUS
10
3.0590961417322835
20
1.2460320866141732
11
3.0590960236220472
21
1.2460319685039369
0
LINE
8
BLACK
6
CONTINUOUS
10
3.0590960236220472
20
1.2460319685039369
11
3.0575079527559055
21
1.2442394488188977
0
LINE
8
BLACK
6
CONTINUOUS
10
3.0575079527559055
20
1.2442394488188977
11
3.0573025984251969
21
1.2440212992125983
0
LINE
8
BLACK
6
CONTINUOUS
10
3.0573025984251969
20
1.2440212992125983
11
3.0326279527559055
21
1.2193466535433071
0
LINE
8
BLACK
6
CONTINUOUS
10
3.0326279527559055
20
1.2193466535433071
11
3.0301747244094486
21
1.2180070472440945
0
LINE
8
BLACK
6
CONTINUOUS
10
3.0301747244094486
20
1.2180070472440945
11
3.0291202755905511
21
1.2178937007874016
0
LINE
8
BLACK
6
CONTINUOUS
10
3.0291202755905511
20
1.2178937007874016
11
2.5157271653543307
21
1.2178937007874016
0
LINE
8
BLACK
6
CONTINUOUS
10
2.5157271653543307
20
1.2178937007874016
11
2.5130452362204725
21
1.2186811811023621
0
LINE
8
BLACK
6
CONTINUOUS
10
2.5130452362204725
20
1.2186811811023621
11
2.5112148031496062
21
1.2207936220472442
0
LINE
8
BLACK
6
CONTINUOUS
10
2.5112148031496062
20
1.2207936220472442
11
2.5107937007874015
21
1.2233728346456694
0
LINE
8
BLACK
6
CONTINUOUS
10
2.5107937007874015
20
1.2233728346456694
11
2.5109647244094488
21
1.2249999999999999
0
LINE
8
BLACK
6
CONTINUOUS
10
2.5109647244094488
20
1.2249999999999999
11
2.5101788188976379
21
1.2324774803149605
0
LINE
8
BLACK
6
CONTINUOUS
10
2.5101788188976379
20
1.2324774803149605
11
2.5078553937007872
21
1.2396281889763778
0
LINE
8
BLACK
6
CONTINUOUS
10
2.5078553937007872
20
1.2396281889763778
11
2.5040960629921258
21
1.246139527559055
0
LINE
8
BLACK
6
CONTINUOUS
10
2.5040960629921258
20
1.246139527559055
11
2.5029683464566927
21
1.247391968503937
0
LINE
8
BLACK
6
CONTINUOUS
10
2.5029683464566927
20
1.247391968503937
11
2.4990651574803149
21
1.2517269291338582
0
LINE
8
BLACK
6
CONTINUOUS
10
2.4990651574803149
20
1.2517269291338582
11
2.4990651181102361
21
1.2517269291338582
0
LINE
8
BLACK
6
CONTINUOUS
10
2.4990651181102361
20
1.2517269291338582
11
2.4990650787401574
21
1.2517270078740157
0
LINE
8
BLACK
6
CONTINUOUS
10
2.4990650787401574
20
1.2517270078740157
11
2.4929823622047245
21
1.256146377952756
0
LINE
8
BLACK
6
CONTINUOUS
10
2.4929823622047245
20
1.256146377952756
11
2.4861137007874015
21
1.2592044881889763
0
LINE
8
BLACK
6
CONTINUOUS
10
2.4861137007874015
20
1.2592044881889763
11
2.4787593307086615
21
1.260767716535433
0
LINE
8
BLACK
6
CONTINUOUS
10
2.4787593307086615
20
1.260767716535433
11
2.4712406692913387
21
1.260767716535433
0
LINE
8
BLACK
6
CONTINUOUS
10
2.4712406692913387
20
1.260767716535433
11
2.4638862992125983
21
1.2592044881889763
0
LINE
8
BLACK
6
CONTINUOUS
10
2.4638862992125983
20
1.2592044881889763
11
2.4570176377952757
21
1.256146377952756
0
LINE
8
BLACK
6
CONTINUOUS
10
2.4570176377952757
20
1.256146377952756
11
2.457017598425197
21
1.2561463385826772
0
LINE
8
BLACK
6
CONTINUOUS
10
2.457017598425197
20
1.2561463385826772
11
2.4538447244094486
21
1.2538411023622047
0
LINE
8
BLACK
6
CONTINUOUS
10
2.4538447244094486
20
1.2538411023622047
11
2.4512121259842519
21
1.2529018110236221
0
LINE
8
BLACK
6
CONTINUOUS
10
2.4512121259842519
20
1.2529018110236221
11
2.4509289370078742
21
1.2528937007874015
0
LINE
8
BLACK
6
CONTINUOUS
10
2.4509289370078742
20
1.2528937007874015
11
2.1538359842519683
21
1.2528937007874015
0
LINE
8
BLACK
6
CONTINUOUS
10
2.1538359842519683
20
1.2528937007874015
11
2.1527404330708659
21
1.2507435433070866
0
LINE
8
BLACK
6
CONTINUOUS
10
2.1527404330708659
20
1.2507435433070866
11
2.1492564566929135
21
1.2472595669291338
0
LINE
8
BLACK
6
CONTINUOUS
10
2.1492564566929135
20
1.2472595669291338
11
2.1448664173228345
21
1.2450227165354331
0
LINE
8
BLACK
6
CONTINUOUS
10
2.1448664173228345
20
1.2450227165354331
11
2.1400000000000001
21
1.244251968503937
0
LINE
8
BLACK
6
CONTINUOUS
10
2.1400000000000001
20
1.244251968503937
11
2.1351335826771654
21
1.2450227165354331
0
LINE
8
BLACK
6
CONTINUOUS
10
2.1351335826771654
20
1.2450227165354331
11
2.1307435433070867
21
1.2472595669291338
0
LINE
8
BLACK
6
CONTINUOUS
10
2.1307435433070867
20
1.2472595669291338
11
2.1272595669291339
21
1.2507435433070866
0
LINE
8
BLACK
6
CONTINUOUS
10
2.1272595669291339
20
1.2507435433070866
11
2.1261640157480315
21
1.2528937007874015
0
LINE
8
BLACK
6
CONTINUOUS
10
2.1261640157480315
20
1.2528937007874015
11
2.0138359842519686
21
1.2528937007874015
0
LINE
8
BLACK
6
CONTINUOUS
10
2.0138359842519686
20
1.2528937007874015
11
2.0127404330708663
21
1.2507435433070866
0
LINE
8
BLACK
6
CONTINUOUS
10
2.0127404330708663
20
1.2507435433070866
11
2.0092564566929134
21
1.2472595669291338
0
LINE
8
BLACK
6
CONTINUOUS
10
2.0092564566929134
20
1.2472595669291338
11
2.0048664173228348
21
1.2450227165354331
0
LINE
8
BLACK
6
CONTINUOUS
10
2.0048664173228348
20
1.2450227165354331
11
2.
21
1.244251968503937
0
LINE
8
BLACK
6
CONTINUOUS
10
2.
20
1.244251968503937
11
1.9951335826771652
21
1.2450227165354331
0
LINE
8
BLACK
6
CONTINUOUS
10
1.9951335826771652
20
1.2450227165354331
11
1.9907435433070866
21
1.2472595669291338
0
LINE
8
BLACK
6
CONTINUOUS
10
1.9907435433070866
20
1.2472595669291338
11
1.9872595669291337
21
1.2507435433070866
0
LINE
8
BLACK
6
CONTINUOUS
10
1.9872595669291337
20
1.2507435433070866
11
1.9861640157480314
21
1.2528937007874015
0
LINE
8
BLACK
6
CONTINUOUS
10
1.9861640157480314
20
1.2528937007874015
11
1.9538359842519684
21
1.2528937007874015
0
LINE
8
BLACK
6
CONTINUOUS
10
1.9538359842519684
20
1.2528937007874015
11
1.9527404330708662
21
1.2507435433070866
0
LINE
8
BLACK
6
CONTINUOUS
10
1.9527404330708662
20
1.2507435433070866
11
1.9492564566929134
21
1.2472595669291338
0
LINE
8
BLACK
6
CONTINUOUS
10
1.9492564566929134
20
1.2472595669291338
11
1.9448664173228345
21
1.2450227165354331
0
LINE
8
BLACK
6
CONTINUOUS
10
1.9448664173228345
20
1.2450227165354331
11
1.9399999999999999
21
1.244251968503937
0
LINE
8
BLACK
6
CONTINUOUS
10
1.9399999999999999
20
1.244251968503937
11
1.9351335826771654
21
1.2450227165354331
0
LINE
8
BLACK
6
CONTINUOUS
10
1.9351335826771654
20
1.2450227165354331
11
1.9307435433070865
21
1.2472595669291338
0
LINE
8
BLACK
6
CONTINUOUS
10
1.9307435433070865
20
1.2472595669291338
11
1.9272595669291339
21
1.2507435433070866
0
LINE
8
BLACK
6
CONTINUOUS
10
1.9272595669291339
20
1.2507435433070866
11
1.9261640157480315
21
1.2528937007874015
0
LINE
8
BLACK
6
CONTINUOUS
10
1.9261640157480315
20
1.2528937007874015
11
1.7401271653543307
21
1.2528937007874015
0
LINE
8
BLACK
6
CONTINUOUS
10
1.7401271653543307
20
1.2528937007874015
11
1.7374452362204724
21
1.2536811811023623
0
LINE
8
BLACK
6
CONTINUOUS
10
1.7374452362204724
20
1.2536811811023623
11
1.7356148031496064
21
1.2557936220472441
0
LINE
8
BLACK
6
CONTINUOUS
10
1.7356148031496064
20
1.2557936220472441
11
1.7351937007874014
21
1.2573359842519685
0
LINE
8
BLACK
6
CONTINUOUS
10
1.7351937007874014
20
1.2573359842519685
11
1.7351883070866141
21
1.2573869685039369
0
LINE
8
BLACK
6
CONTINUOUS
10
1.7351883070866141
20
1.2573869685039369
11
1.7351788188976378
21
1.2574774803149606
0
LINE
8
BLACK
6
CONTINUOUS
10
1.7351788188976378
20
1.2574774803149606
11
1.7328553937007873
21
1.264628188976378
0
LINE
8
BLACK
6
CONTINUOUS
10
1.7328553937007873
20
1.264628188976378
11
1.7290960629921259
21
1.2711395275590551
0
LINE
8
BLACK
6
CONTINUOUS
10
1.7290960629921259
20
1.2711395275590551
11
1.728097559055118
21
1.2722484645669292
0
LINE
8
BLACK
6
CONTINUOUS
10
1.728097559055118
20
1.2722484645669292
11
1.724065157480315
21
1.2767269291338583
0
LINE
8
BLACK
6
CONTINUOUS
10
1.724065157480315
20
1.2767269291338583
11
1.7240651181102362
21
1.2767269291338583
0
LINE
8
BLACK
6
CONTINUOUS
10
1.7240651181102362
20
1.2767269291338583
11
1.7240650787401575
21
1.2767270078740158
0
LINE
8
BLACK
6
CONTINUOUS
10
1.7240650787401575
20
1.2767270078740158
11
1.7179823622047243
21
1.2811463779527559
0
LINE
8
BLACK
6
CONTINUOUS
10
1.7179823622047243
20
1.2811463779527559
11
1.7111137007874015
21
1.2842044881889763
0
LINE
8
BLACK
6
CONTINUOUS
10
1.7111137007874015
20
1.2842044881889763
11
1.7037593307086614
21
1.2857677165354331
0
LINE
8
BLACK
6
CONTINUOUS
10
1.7037593307086614
20
1.2857677165354331
11
1.6962406692913385
21
1.2857677165354331
0
LINE
8
BLACK
6
CONTINUOUS
10
1.6962406692913385
20
1.2857677165354331
11
1.6888862992125984
21
1.2842044881889763
0
LINE
8
BLACK
6
CONTINUOUS
10
1.6888862992125984
20
1.2842044881889763
11
1.6820176377952756
21
1.2811463779527559
0
LINE
8
BLACK
6
CONTINUOUS
10
1.6820176377952756
20
1.2811463779527559
11
1.6801146062992125
21
1.2797637401574802
0
LINE
8
BLACK
6
CONTINUOUS
10
1.6801146062992125
20
1.2797637401574802
11
1.6759348031496062
21
1.2767269291338583
0
LINE
8
BLACK
6
CONTINUOUS
10
1.6759348031496062
20
1.2767269291338583
11
1.6709041338582677
21
1.2711398031496062
0
LINE
8
BLACK
6
CONTINUOUS
10
1.6709041338582677
20
1.2711398031496062
11
1.6709038582677165
21
1.2711394094488189
0
LINE
8
BLACK
6
CONTINUOUS
10
1.6709038582677165
20
1.2711394094488189
11
1.6696372047244095
21
1.2689455118110236
0
LINE
8
BLACK
6
CONTINUOUS
10
1.6696372047244095
20
1.2689455118110236
11
1.6671446062992126
21
1.264628188976378
0
LINE
8
BLACK
6
CONTINUOUS
10
1.6671446062992126
20
1.264628188976378
11
1.6670678346456693
21
1.2643918897637796
0
LINE
8
BLACK
6
CONTINUOUS
10
1.6670678346456693
20
1.2643918897637796
11
1.6648211417322833
21
1.2574774409448819
0
LINE
8
BLACK
6
CONTINUOUS
10
1.6648211417322833
20
1.2574774409448819
11
1.6640352755905512
21
1.25
0
LINE
8
BLACK
6
CONTINUOUS
10
1.6640352755905512
20
1.25
11
1.6648211417322833
21
1.2425225196850394
0
LINE
8
BLACK
6
CONTINUOUS
10
1.6648211417322833
20
1.2425225196850394
11
1.6671446062992126
21
1.2353718503937008
0
LINE
8
BLACK
6
CONTINUOUS
10
1.6671446062992126
20
1.2353718503937008
11
1.6671447244094488
21
1.2353715748031495
0
LINE
8
BLACK
6
CONTINUOUS
10
1.6671447244094488
20
1.2353715748031495
11
1.6709038582677165
21
1.2288605511811024
0
LINE
8
BLACK
6
CONTINUOUS
10
1.6709038582677165
20
1.2288605511811024
11
1.6709041338582677
21
1.2288601574803149
0
LINE
8
BLACK
6
CONTINUOUS
10
1.6709041338582677
20
1.2288601574803149
11
1.6759348031496062
21
1.2232730314960629
0
LINE
8
BLACK
6
CONTINUOUS
10
1.6759348031496062
20
1.2232730314960629
11
1.6820175984251968
21
1.2188536220472441
0
LINE
8
BLACK
6
CONTINUOUS
10
1.6820175984251968
20
1.2188536220472441
11
1.6888864566929134
21
1.215795433070866
0
LINE
8
BLACK
6
CONTINUOUS
10
1.6888864566929134
20
1.215795433070866
11
1.6894896850393701
21
1.2156672047244095
0
LINE
8
BLACK
6
CONTINUOUS
10
1.6894896850393701
20
1.2156672047244095
11
1.6899999999999999
21
1.2157480314960629
0
LINE
8
BLACK
6
CONTINUOUS
10
1.6899999999999999
20
1.2157480314960629
11
1.6948664173228347
21
1.2149772834645669
0
LINE
8
BLACK
6
CONTINUOUS
10
1.6948664173228347
20
1.2149772834645669
11
1.6992564566929134
21
1.2127404330708662
0
LINE
8
BLACK
6
CONTINUOUS
10
1.6992564566929134
20
1.2127404330708662
11
1.7027404330708662
21
1.2092564566929134
0
LINE
8
BLACK
6
CONTINUOUS
10
1.7027404330708662
20
1.2092564566929134
11
1.7042411417322834
21
1.2063111023622046
0
LINE
8
BLACK
6
CONTINUOUS
10
1.7042411417322834
20
1.2063111023622046
11
1.7045740551181101
21
1.2059782283464566
0
LINE
8
BLACK
6
CONTINUOUS
10
1.7045740551181101
20
1.2059782283464566
11
1.7047793700787401
21
1.2057601181102362
0
LINE
8
BLACK
6
CONTINUOUS
10
1.7047793700787401
20
1.2057601181102362
11
1.7063672047244094
21
1.203967874015748
0
LINE
8
BLACK
6
CONTINUOUS
10
1.7063672047244094
20
1.203967874015748
11
1.7063672047244094
21
1.2039678346456693
0
LINE
8
BLACK
6
CONTINUOUS
10
1.7063672047244094
20
1.2039678346456693
11
1.708338031496063
21
1.2026074409448819
0
LINE
8
BLACK
6
CONTINUOUS
10
1.708338031496063
20
1.2026074409448819
11
1.7085791732283464
21
1.2024299999999999
0
LINE
8
BLACK
6
CONTINUOUS
10
1.7085791732283464
20
1.2024299999999999
11
1.7104635826771653
21
1.2009537007874016
0
LINE
8
BLACK
6
CONTINUOUS
10
1.7104635826771653
20
1.2009537007874016
11
1.7104636614173228
21
1.2009536614173228
0
LINE
8
BLACK
6
CONTINUOUS
10
1.7104636614173228
20
1.2009536614173228
11
1.7108296850393701
21
1.2007889370078739
0
LINE
8
BLACK
6
CONTINUOUS
10
1.7108296850393701
20
1.2007889370078739
11
1.711611377952756
21
1.2003480708661418
0
LINE
8
BLACK
6
CONTINUOUS
10
1.711611377952756
20
1.2003480708661418
11
1.7119418503937007
21
1.2001199606299213
0
LINE
8
BLACK
6
CONTINUOUS
10
1.7119418503937007
20
1.2001199606299213
11
1.7119418897637795
21
1.2001199212598426
0
LINE
8
BLACK
6
CONTINUOUS
10
1.7119418897637795
20
1.2001199212598426
11
1.7119419291338582
21
1.2001199212598426
0
LINE
8
BLACK
6
CONTINUOUS
10
1.7119419291338582
20
1.2001199212598426
11
1.712554527559055
21
1.1998875590551181
0
LINE
8
BLACK
6
CONTINUOUS
10
1.712554527559055
20
1.1998875590551181
11
1.7141805905511811
21
1.1992708661417322
0
LINE
8
BLACK
6
CONTINUOUS
10
1.7141805905511811
20
1.1992708661417322
11
1.7144572047244093
21
1.1991562598425196
0
LINE
8
BLACK
6
CONTINUOUS
10
1.7144572047244093
20
1.1991562598425196
11
1.71664031496063
21
1.1981737401574803
0
LINE
8
BLACK
6
CONTINUOUS
10
1.71664031496063
20
1.1981737401574803
11
1.7166408661417323
21
1.1981735826771653
0
LINE
8
BLACK
6
CONTINUOUS
10
1.7166408661417323
20
1.1981735826771653
11
1.7170358267716535
21
1.1981011811023621
0
LINE
8
BLACK
6
CONTINUOUS
10
1.7170358267716535
20
1.1981011811023621
11
1.7179000393700787
21
1.1978602755905512
0
LINE
8
BLACK
6
CONTINUOUS
10
1.7179000393700787
20
1.1978602755905512
11
1.7182753937007873
21
1.1977179133858267
0
LINE
8
BLACK
6
CONTINUOUS
10
1.7182753937007873
20
1.1977179133858267
11
1.7182756692913386
21
1.1977178346456692
0
LINE
8
BLACK
6
CONTINUOUS
10
1.7182756692913386
20
1.1977178346456692
11
1.7206522440944882
21
1.1974292913385827
0
LINE
8
BLACK
6
CONTINUOUS
10
1.7206522440944882
20
1.1974292913385827
11
1.7209483858267716
21
1.1973842125984251
0
LINE
8
BLACK
6
CONTINUOUS
10
1.7209483858267716
20
1.1973842125984251
11
1.7233033464566929
21
1.1969526771653543
0
LINE
8
BLACK
6
CONTINUOUS
10
1.7233033464566929
20
1.1969526771653543
11
1.7233033858267717
21
1.1969526377952755
0
LINE
8
BLACK
6
CONTINUOUS
10
1.7233033858267717
20
1.1969526377952755
11
1.725611811023622
21
1.197092283464567
0
LINE
8
BLACK
6
CONTINUOUS
10
1.725611811023622
20
1.197092283464567
11
1.7256935433070866
21
1.1970972440944883
0
LINE
8
BLACK
6
CONTINUOUS
10
1.7256935433070866
20
1.1970972440944883
11
1.7259929921259842
21
1.1971062992125985
0
LINE
8
BLACK
6
CONTINUOUS
10
1.7259929921259842
20
1.1971062992125985
11
2.3456826771653541
21
1.1971062992125985
0
LINE
8
BLACK
6
CONTINUOUS
10
2.3456826771653541
20
1.1971062992125985
11
2.3483646062992127
21
1.1963188188976377
0
LINE
8
BLACK
6
CONTINUOUS
10
2.3483646062992127
20
1.1963188188976377
11
2.3501950393700786
21
1.1942063779527559
0
LINE
8
BLACK
6
CONTINUOUS
10
2.3501950393700786
20
1.1942063779527559
11
2.3505928346456693
21
1.19143968503937
0
LINE
8
BLACK
6
CONTINUOUS
10
2.3505928346456693
20
1.19143968503937
11
2.3494316535433071
21
1.1888971653543308
0
LINE
8
BLACK
6
CONTINUOUS
10
2.3494316535433071
20
1.1888971653543308
11
2.3491903543307084
21
1.1886379921259842
0
LINE
8
BLACK
6
CONTINUOUS
10
2.3491903543307084
20
1.1886379921259842
11
2.3473805511811023
21
1.1868281889763779
0
LINE
8
BLACK
6
CONTINUOUS
10
2.3473805511811023
20
1.1868281889763779
11
2.3449273228346454
21
1.1854885826771653
0
LINE
8
BLACK
6
CONTINUOUS
10
2.3449273228346454
20
1.1854885826771653
11
2.3449158661417324
21
1.1854861023622048
0
LINE
8
BLACK
6
CONTINUOUS
10
2.3449158661417324
20
1.1854861023622048
11
2.3388862992125983
21
1.1842044881889764
0
LINE
8
BLACK
6
CONTINUOUS
10
2.3388862992125983
20
1.1842044881889764
11
2.3320176377952757
21
1.1811463779527558
0
LINE
8
BLACK
6
CONTINUOUS
10
2.3320176377952757
20
1.1811463779527558
11
2.3302746850393699
21
1.1798800393700788
0
LINE
8
BLACK
6
CONTINUOUS
10
2.3302746850393699
20
1.1798800393700788
11
2.3259348031496061
21
1.1767269291338582
0
LINE
8
BLACK
6
CONTINUOUS
10
2.3259348031496061
20
1.1767269291338582
11
2.3209041338582677
21
1.1711398031496063
0
LINE
8
BLACK
6
CONTINUOUS
10
2.3209041338582677
20
1.1711398031496063
11
2.3209038582677164
21
1.1711394094488188
0
LINE
8
BLACK
6
CONTINUOUS
10
2.3209038582677164
20
1.1711394094488188
11
2.3203825984251969
21
1.1702365748031496
0
LINE
8
BLACK
6
CONTINUOUS
10
2.3203825984251969
20
1.1702365748031496
11
2.3171446062992125
21
1.1646281889763779
0
LINE
8
BLACK
6
CONTINUOUS
10
2.3171446062992125
20
1.1646281889763779
11
2.3160693307086615
21
1.1613188188976378
0
LINE
8
BLACK
6
CONTINUOUS
10
2.3160693307086615
20
1.1613188188976378
11
2.3148211417322835
21
1.1574774409448818
0
LINE
8
BLACK
6
CONTINUOUS
10
2.3148211417322835
20
1.1574774409448818
11
2.3140352755905513
21
1.1499999999999999
0
LINE
8
BLACK
6
CONTINUOUS
10
2.3140352755905513
20
1.1499999999999999
11
2.3148211417322835
21
1.1425225196850393
0
LINE
8
BLACK
6
CONTINUOUS
10
2.3148211417322835
20
1.1425225196850393
11
2.3171446062992125
21
1.1353718503937007
0
LINE
8
BLACK
6
CONTINUOUS
10
2.3171446062992125
20
1.1353718503937007
11
2.3171447637795275
21
1.1353714566929134
0
LINE
8
BLACK
6
CONTINUOUS
10
2.3171447637795275
20
1.1353714566929134
11
2.3171660236220473
21
1.13533468503937
0
LINE
8
BLACK
6
CONTINUOUS
10
2.3171660236220473
20
1.13533468503937
11
2.3171718110236221
21
1.1353106692913386
0
LINE
8
BLACK
6
CONTINUOUS
10
2.3171718110236221
20
1.1353106692913386
11
2.3172503937007876
21
1.1351342519685039
0
LINE
8
BLACK
6
CONTINUOUS
10
2.3172503937007876
20
1.1351342519685039
11
2.3172181102362206
21
1.1351198818897636
0
LINE
8
BLACK
6
CONTINUOUS
10
2.3172181102362206
20
1.1351198818897636
11
2.3178250393700788
21
1.1326183464566928
0
LINE
8
BLACK
6
CONTINUOUS
10
2.3178250393700788
20
1.1326183464566928
11
2.3169109055118109
21
1.1299769291338582
0
LINE
8
BLACK
6
CONTINUOUS
10
2.3169109055118109
20
1.1299769291338582
11
2.3147137795275592
21
1.1282490551181101
0
LINE
8
BLACK
6
CONTINUOUS
10
2.3147137795275592
20
1.1282490551181101
11
2.3128700393700785
21
1.1278937007874015
0
LINE
8
BLACK
6
CONTINUOUS
10
2.3128700393700785
20
1.1278937007874015
11
1.9059929921259842
21
1.1278937007874015
0
LINE
8
BLACK
6
CONTINUOUS
10
1.9059929921259842
20
1.1278937007874015
11
1.9056935433070865
21
1.1279027165354329
0
LINE
8
BLACK
6
CONTINUOUS
10
1.9056935433070865
20
1.1279027165354329
11
1.9033034645669291
21
1.1280473228346457
0
LINE
8
BLACK
6
CONTINUOUS
10
1.9033034645669291
20
1.1280473228346457
11
1.9009472047244094
21
1.1276155118110236
0
LINE
8
BLACK
6
CONTINUOUS
10
1.9009472047244094
20
1.1276155118110236
11
1.9006534251968503
21
1.1275707874015748
0
LINE
8
BLACK
6
CONTINUOUS
10
1.9006534251968503
20
1.1275707874015748
11
1.8982755511811022
21
1.1272820866141733
0
LINE
8
BLACK
6
CONTINUOUS
10
1.8982755511811022
20
1.1272820866141733
11
1.8982754724409447
21
1.1272820472440945
0
LINE
8
BLACK
6
CONTINUOUS
10
1.8982754724409447
20
1.1272820472440945
11
1.8982753937007875
21
1.1272820472440945
0
LINE
8
BLACK
6
CONTINUOUS
10
1.8982753937007875
20
1.1272820472440945
11
1.8979003149606299
21
1.1271398031496063
0
LINE
8
BLACK
6
CONTINUOUS
10
1.8979003149606299
20
1.1271398031496063
11
1.8970355905511811
21
1.1268987007874016
0
LINE
8
BLACK
6
CONTINUOUS
10
1.8970355905511811
20
1.1268987007874016
11
1.8966405905511809
21
1.1268263385826771
0
LINE
8
BLACK
6
CONTINUOUS
10
1.8966405905511809
20
1.1268263385826771
11
1.8944559842519684
21
1.1258430708661418
0
LINE
8
BLACK
6
CONTINUOUS
10
1.8944559842519684
20
1.1258430708661418
11
1.8941807874015748
21
1.1257291338582678
0
LINE
8
BLACK
6
CONTINUOUS
10
1.8941807874015748
20
1.1257291338582678
11
1.8919419291338582
21
1.1248800787401574
0
LINE
8
BLACK
6
CONTINUOUS
10
1.8919419291338582
20
1.1248800787401574
11
1.8916115748031495
21
1.1246520472440944
0
LINE
8
BLACK
6
CONTINUOUS
10
1.8916115748031495
20
1.1246520472440944
11
1.890829527559055
21
1.1242109448818898
0
LINE
8
BLACK
6
CONTINUOUS
10
1.890829527559055
20
1.1242109448818898
11
1.8904635826771654
21
1.1240462598425196
0
LINE
8
BLACK
6
CONTINUOUS
10
1.8904635826771654
20
1.1240462598425196
11
1.8885785433070865
21
1.1225694094488188
0
LINE
8
BLACK
6
CONTINUOUS
10
1.8885785433070865
20
1.1225694094488188
11
1.8883387401574803
21
1.1223929527559056
0
LINE
8
BLACK
6
CONTINUOUS
10
1.8883387401574803
20
1.1223929527559056
11
1.8863672047244093
21
1.1210320866141732
0
LINE
8
BLACK
6
CONTINUOUS
10
1.8863672047244093
20
1.1210320866141732
11
1.8863670866141733
21
1.1210319685039369
0
LINE
8
BLACK
6
CONTINUOUS
10
1.8863670866141733
20
1.1210319685039369
11
1.8847790157480315
21
1.1192394488188977
0
LINE
8
BLACK
6
CONTINUOUS
10
1.8847790157480315
20
1.1192394488188977
11
1.8845736614173227
21
1.1190212992125983
0
LINE
8
BLACK
6
CONTINUOUS
10
1.8845736614173227
20
1.1190212992125983
11
1.7831666929133858
21
1.0176143307086614
0
LINE
8
BLACK
6
CONTINUOUS
10
1.7831666929133858
20
1.0176143307086614
11
1.7807134645669291
21
1.0162747244094488
0
LINE
8
BLACK
6
CONTINUOUS
10
1.7807134645669291
20
1.0162747244094488
11
1.7796590157480314
21
1.0161613779527559
0
LINE
8
BLACK
6
CONTINUOUS
10
1.7796590157480314
20
1.0161613779527559
11
1.5414766929133858
21
1.0161613779527559
0
LINE
8
BLACK
6
CONTINUOUS
10
1.5414766929133858
20
1.0161613779527559
11
1.5412764960629921
21
1.0148973622047244
0
LINE
8
BLACK
6
CONTINUOUS
10
1.5412764960629921
20
1.0148973622047244
11
1.5390396456692914
21
1.0105073228346457
0
LINE
8
BLACK
6
CONTINUOUS
10
1.5390396456692914
20
1.0105073228346457
11
1.5355556692913386
21
1.0070233464566929
0
LINE
8
BLACK
6
CONTINUOUS
10
1.5355556692913386
20
1.0070233464566929
11
1.5311656299212597
21
1.0047864960629922
0
LINE
8
BLACK
6
CONTINUOUS
10
1.5311656299212597
20
1.0047864960629922
11
1.5262992125984252
21
1.004015748031496
0
LINE
8
BLACK
6
CONTINUOUS
10
1.5262992125984252
20
1.004015748031496
11
1.5214327952755906
21
1.0047864960629922
0
LINE
8
BLACK
6
CONTINUOUS
10
1.5214327952755906
20
1.0047864960629922
11
1.5170427559055117
21
1.0070233464566929
0
LINE
8
BLACK
6
CONTINUOUS
10
1.5170427559055117
20
1.0070233464566929
11
1.5135587795275591
21
1.0105073228346457
0
LINE
8
BLACK
6
CONTINUOUS
10
1.5135587795275591
20
1.0105073228346457
11
1.5113219291338582
21
1.0148973622047244
0
LINE
8
BLACK
6
CONTINUOUS
10
1.5113219291338582
20
1.0148973622047244
11
1.5111217322834645
21
1.0161613779527559
0
LINE
8
BLACK
6
CONTINUOUS
10
1.5111217322834645
20
1.0161613779527559
11
1.3675653937007874
21
1.0161613779527559
0
LINE
8
BLACK
6
CONTINUOUS
10
1.3675653937007874
20
1.0161613779527559
11
1.364883464566929
21
1.0169488582677164
0
LINE
8
BLACK
6
CONTINUOUS
10
1.364883464566929
20
1.0169488582677164
11
1.3630530314960629
21
1.0190612992125985
0
LINE
8
BLACK
6
CONTINUOUS
10
1.3630530314960629
20
1.0190612992125985
11
1.3626552362204725
21
1.0218279921259843
0
LINE
8
BLACK
6
CONTINUOUS
10
1.3626552362204725
20
1.0218279921259843
11
1.3632693700787402
21
1.0236023228346456
0
LINE
8
BLACK
6
CONTINUOUS
10
1.3632693700787402
20
1.0236023228346456
11
1.3641546062992125
21
1.025135590551181
0
LINE
8
BLACK
6
CONTINUOUS
10
1.3641546062992125
20
1.025135590551181
11
1.366478031496063
21
1.0322862992125985
0
LINE
8
BLACK
6
CONTINUOUS
10
1.366478031496063
20
1.0322862992125985
11
1.3666712204724409
21
1.0341247244094487
0
LINE
8
BLACK
6
CONTINUOUS
10
1.3666712204724409
20
1.0341247244094487
11
1.3677346456692914
21
1.0367096062992125
0
LINE
8
BLACK
6
CONTINUOUS
10
1.3677346456692914
20
1.0367096062992125
11
1.3680970078740158
21
1.0371139370078739
0
LINE
8
BLACK
6
CONTINUOUS
10
1.3680970078740158
20
1.0371139370078739
11
1.5003205118110237
21
1.1693374409448818
0
LINE
8
BLACK
6
CONTINUOUS
10
1.5003205118110237
20
1.1693374409448818
11
1.5005386614173228
21
1.1695427952755906
0
LINE
8
BLACK
6
CONTINUOUS
10
1.5005386614173228
20
1.1695427952755906
11
1.5023311811023621
21
1.1711308661417323
0
LINE
8
BLACK
6
CONTINUOUS
10
1.5023311811023621
20
1.1711308661417323
11
1.5023312992125983
21
1.1711309842519684
0
LINE
8
BLACK
6
CONTINUOUS
10
1.5023312992125983
20
1.1711309842519684
11
1.5036921653543307
21
1.1731025196850393
0
LINE
8
BLACK
6
CONTINUOUS
10
1.5036921653543307
20
1.1731025196850393
11
1.5038686220472441
21
1.1733423228346456
0
LINE
8
BLACK
6
CONTINUOUS
10
1.5038686220472441
20
1.1733423228346456
11
1.5053454724409447
21
1.1752273622047245
0
LINE
8
BLACK
6
CONTINUOUS
10
1.5053454724409447
20
1.1752273622047245
11
1.5055101574803149
21
1.1755933070866142
0
LINE
8
BLACK
6
CONTINUOUS
10
1.5055101574803149
20
1.1755933070866142
11
1.5059512598425195
21
1.1763753543307087
0
LINE
8
BLACK
6
CONTINUOUS
10
1.5059512598425195
20
1.1763753543307087
11
1.5061792913385827
21
1.1767057086614172
0
LINE
8
BLACK
6
CONTINUOUS
10
1.5061792913385827
20
1.1767057086614172
11
1.5070283464566929
21
1.1789445669291339
0
LINE
8
BLACK
6
CONTINUOUS
10
1.5070283464566929
20
1.1789445669291339
11
1.5071422834645669
21
1.1792197637795276
0
LINE
8
BLACK
6
CONTINUOUS
10
1.5071422834645669
20
1.1792197637795276
11
1.5081255511811023
21
1.1814043700787402
0
LINE
8
BLACK
6
CONTINUOUS
10
1.5081255511811023
20
1.1814043700787402
11
1.5081979133858268
21
1.1817993700787401
0
LINE
8
BLACK
6
CONTINUOUS
10
1.5081979133858268
20
1.1817993700787401
11
1.5084390157480314
21
1.182664094488189
0
LINE
8
BLACK
6
CONTINUOUS
10
1.5084390157480314
20
1.182664094488189
11
1.5085812598425197
21
1.1830391732283465
0
LINE
8
BLACK
6
CONTINUOUS
10
1.5085812598425197
20
1.1830391732283465
11
1.5085812598425197
21
1.183039251968504
0
LINE
8
BLACK
6
CONTINUOUS
10
1.5085812598425197
20
1.183039251968504
11
1.5085812992125984
21
1.1830393307086613
0
LINE
8
BLACK
6
CONTINUOUS
10
1.5085812992125984
20
1.1830393307086613
11
1.5088699999999999
21
1.1854172047244094
0
LINE
8
BLACK
6
CONTINUOUS
10
1.5088699999999999
20
1.1854172047244094
11
1.5089147244094487
21
1.1857109842519684
0
LINE
8
BLACK
6
CONTINUOUS
10
1.5089147244094487
20
1.1857109842519684
11
1.5093465354330708
21
1.1880672440944882
0
LINE
8
BLACK
6
CONTINUOUS
10
1.5093465354330708
20
1.1880672440944882
11
1.5092019291338583
21
1.1904573228346456
0
LINE
8
BLACK
6
CONTINUOUS
10
1.5092019291338583
20
1.1904573228346456
11
1.5091929133858268
21
1.1907567716535432
0
LINE
8
BLACK
6
CONTINUOUS
10
1.5091929133858268
20
1.1907567716535432
11
1.5091929133858268
21
1.3599999999999999
0
LINE
8
BLACK
6
CONTINUOUS
10
1.5091929133858268
20
1.3599999999999999
11
1.5091929133858268
21
1.4153846456692913
0
LINE
8
BLACK
6
CONTINUOUS
10
1.5091929133858268
20
1.4153846456692913
11
1.5099803937007874
21
1.4180665748031496
0
LINE
8
BLACK
6
CONTINUOUS
10
1.5099803937007874
20
1.4180665748031496
11
1.5102444094488188
21
1.4184124409448819
0
LINE
8
BLACK
6
CONTINUOUS
10
1.5102444094488188
20
1.4184124409448819
11
1.5102424409448818
21
1.4184138976377954
0
LINE
8
BLACK
6
CONTINUOUS
10
1.5102424409448818
20
1.4184138976377954
11
1.5103953543307087
21
1.4186243700787402
0
LINE
8
BLACK
6
CONTINUOUS
10
1.5103953543307087
20
1.4186243700787402
11
1.5136640157480314
21
1.4242858661417324
0
LINE
8
BLACK
6
CONTINUOUS
10
1.5136640157480314
20
1.4242858661417324
11
1.5141546062992126
21
1.4251355905511811
0
LINE
8
BLACK
6
CONTINUOUS
10
1.5141546062992126
20
1.4251355905511811
11
1.5164780314960629
21
1.4322862992125984
0
LINE
8
BLACK
6
CONTINUOUS
10
1.5164780314960629
20
1.4322862992125984
11
1.517263937007874
21
1.4397637795275591
0
LINE
8
BLACK
6
CONTINUOUS
10
1.517263937007874
20
1.4397637795275591
11
1.5164780314960629
21
1.4472412598425197
0
LINE
8
BLACK
6
CONTINUOUS
10
1.5164780314960629
20
1.4472412598425197
11
1.5141546062992126
21
1.454391968503937
0
LINE
8
BLACK
6
CONTINUOUS
10
1.5141546062992126
20
1.454391968503937
11
1.5103952755905512
21
1.4609033070866142
0
LINE
8
BLACK
6
CONTINUOUS
10
1.5103952755905512
20
1.4609033070866142
11
1.5053642913385827
21
1.4664907874015747
0
LINE
8
BLACK
6
CONTINUOUS
10
1.5053642913385827
20
1.4664907874015747
11
1.4992815748031496
21
1.470910157480315
0
LINE
8
BLACK
6
CONTINUOUS
10
1.4992815748031496
20
1.470910157480315
11
1.4924129133858268
21
1.4739682677165353
0
LINE
8
BLACK
6
CONTINUOUS
10
1.4924129133858268
20
1.4739682677165353
11
1.4850585433070866
21
1.4755314960629922
0
LINE
8
BLACK
6
CONTINUOUS
10
1.4850585433070866
20
1.4755314960629922
11
1.4775398818897638
21
1.4755314960629922
0
LINE
8
BLACK
6
CONTINUOUS
10
1.4775398818897638
20
1.4755314960629922
11
1.4701855118110236
21
1.4739682677165353
0
LINE
8
BLACK
6
CONTINUOUS
10
1.4701855118110236
20
1.4739682677165353
11
1.4633168503937009
21
1.470910157480315
0
LINE
8
BLACK
6
CONTINUOUS
10
1.4633168503937009
20
1.470910157480315
11
1.4633168110236221
21
1.4709101181102362
0
LINE
8
BLACK
6
CONTINUOUS
10
1.4633168110236221
20
1.4709101181102362
11
1.4572340157480315
21
1.4664907086614174
0
LINE
8
BLACK
6
CONTINUOUS
10
1.4572340157480315
20
1.4664907086614174
11
1.4522033464566928
21
1.4609035826771652
0
LINE
8
BLACK
6
CONTINUOUS
10
1.4522033464566928
20
1.4609035826771652
11
1.4522030708661418
21
1.4609031889763779
0
LINE
8
BLACK
6
CONTINUOUS
10
1.4522030708661418
20
1.4609031889763779
11
1.4517508661417322
21
1.4601199212598426
0
LINE
8
BLACK
6
CONTINUOUS
10
1.4517508661417322
20
1.4601199212598426
11
1.4484438188976378
21
1.454391968503937
0
LINE
8
BLACK
6
CONTINUOUS
10
1.4484438188976378
20
1.454391968503937
11
1.4476390944881889
21
1.4519153149606299
0
LINE
8
BLACK
6
CONTINUOUS
10
1.4476390944881889
20
1.4519153149606299
11
1.4461203543307086
21
1.447241220472441
0
LINE
8
BLACK
6
CONTINUOUS
10
1.4461203543307086
20
1.447241220472441
11
1.4453344881889763
21
1.4397637795275591
0
LINE
8
BLACK
6
CONTINUOUS
10
1.4453344881889763
20
1.4397637795275591
11
1.4461203543307086
21
1.4322862992125984
0
LINE
8
BLACK
6
CONTINUOUS
10
1.4461203543307086
20
1.4322862992125984
11
1.4484438188976378
21
1.4251356299212599
0
LINE
8
BLACK
6
CONTINUOUS
10
1.4484438188976378
20
1.4251356299212599
11
1.4484439370078739
21
1.4251353543307086
0
LINE
8
BLACK
6
CONTINUOUS
10
1.4484439370078739
20
1.4251353543307086
11
1.452203031496063
21
1.4186243700787402
0
LINE
8
BLACK
6
CONTINUOUS
10
1.452203031496063
20
1.4186243700787402
11
1.4523559842519684
21
1.4184138976377954
0
LINE
8
BLACK
6
CONTINUOUS
10
1.4523559842519684
20
1.4184138976377954
11
1.4522927559055119
21
1.4183679527559054
0
LINE
8
BLACK
6
CONTINUOUS
10
1.4522927559055119
20
1.4183679527559054
11
1.4533407874015747
21
1.4161832677165354
0
LINE
8
BLACK
6
CONTINUOUS
10
1.4533407874015747
20
1.4161832677165354
11
1.4534055118110236
21
1.4153846456692913
0
LINE
8
BLACK
6
CONTINUOUS
10
1.4534055118110236
20
1.4153846456692913
11
1.4534055118110236
21
1.2033724409448818
0
LINE
8
BLACK
6
CONTINUOUS
10
1.4534055118110236
20
1.2033724409448818
11
1.4526180314960631
21
1.2006905118110236
0
LINE
8
BLACK
6
CONTINUOUS
10
1.4526180314960631
20
1.2006905118110236
11
1.4519525590551181
21
1.1998647637795274
0
LINE
8
BLACK
6
CONTINUOUS
10
1.4519525590551181
20
1.1998647637795274
11
1.3286797637795276
21
1.0765919685039369
0
LINE
8
BLACK
6
CONTINUOUS
10
1.3286797637795276
20
1.0765919685039369
11
1.3262265354330709
21
1.0752523622047243
0
LINE
8
BLACK
6
CONTINUOUS
10
1.3262265354330709
20
1.0752523622047243
11
1.3262150787401574
21
1.0752498818897638
0
LINE
8
BLACK
6
CONTINUOUS
10
1.3262150787401574
20
1.0752498818897638
11
1.3201855118110235
21
1.0739682677165354
0
LINE
8
BLACK
6
CONTINUOUS
10
1.3201855118110235
20
1.0739682677165354
11
1.3133168503937007
21
1.070910157480315
0
LINE
8
BLACK
6
CONTINUOUS
10
1.3133168503937007
20
1.070910157480315
11
1.3104862992125983
21
1.068853622047244
0
LINE
8
BLACK
6
CONTINUOUS
10
1.3104862992125983
20
1.068853622047244
11
1.3072340157480316
21
1.0664907086614173
0
LINE
8
BLACK
6
CONTINUOUS
10
1.3072340157480316
20
1.0664907086614173
11
1.3022033464566929
21
1.0609035826771653
0
LINE
8
BLACK
6
CONTINUOUS
10
1.3022033464566929
20
1.0609035826771653
11
1.3022030708661416
21
1.060903188976378
0
LINE
8
BLACK
6
CONTINUOUS
10
1.3022030708661416
20
1.060903188976378
11
1.2999006692913386
21
1.0569153149606298
0
LINE
8
BLACK
6
CONTINUOUS
10
1.2999006692913386
20
1.0569153149606298
11
1.2984438188976377
21
1.0543919685039369
0
LINE
8
BLACK
6
CONTINUOUS
10
1.2984438188976377
20
1.0543919685039369
11
1.297639094488189
21
1.05191531496063
0
LINE
8
BLACK
6
CONTINUOUS
10
1.297639094488189
20
1.05191531496063
11
1.2961203543307087
21
1.0472412204724408
0
LINE
8
BLACK
6
CONTINUOUS
10
1.2961203543307087
20
1.0472412204724408
11
1.2953344881889763
21
1.0397637401574802
0
LINE
8
BLACK
6
CONTINUOUS
10
1.2953344881889763
20
1.0397637401574802
11
1.2954806692913385
21
1.0383727952755906
0
LINE
8
BLACK
6
CONTINUOUS
10
1.2954806692913385
20
1.0383727952755906
11
1.2949777952755905
21
1.0356232677165353
0
LINE
8
BLACK
6
CONTINUOUS
10
1.2949777952755905
20
1.0356232677165353
11
1.2930682677165355
21
1.0335820866141732
0
LINE
8
BLACK
6
CONTINUOUS
10
1.2930682677165355
20
1.0335820866141732
11
1.2905472047244093
21
1.0328937007874015
0
LINE
8
BLACK
6
CONTINUOUS
10
1.2905472047244093
20
1.0328937007874015
11
1.2640710629921259
21
1.0328937007874015
0
LINE
8
BLACK
6
CONTINUOUS
10
1.2640710629921259
20
1.0328937007874015
11
1.2613891338582677
21
1.0336811811023623
0
LINE
8
BLACK
6
CONTINUOUS
10
1.2613891338582677
20
1.0336811811023623
11
1.2611552755905511
21
1.0338411023622047
0
LINE
8
BLACK
6
CONTINUOUS
10
1.2611552755905511
20
1.0338411023622047
11
1.2607649606299212
21
1.0341246850393702
0
LINE
8
BLACK
6
CONTINUOUS
10
1.2607649606299212
20
1.0341246850393702
11
1.2579823622047244
21
1.036146377952756
0
LINE
8
BLACK
6
CONTINUOUS
10
1.2579823622047244
20
1.036146377952756
11
1.2511137007874016
21
1.0392044881889764
0
LINE
8
BLACK
6
CONTINUOUS
10
1.2511137007874016
20
1.0392044881889764
11
1.2437593307086614
21
1.040767716535433
0
LINE
8
BLACK
6
CONTINUOUS
10
1.2437593307086614
20
1.040767716535433
11
1.2362406692913386
21
1.040767716535433
0
LINE
8
BLACK
6
CONTINUOUS
10
1.2362406692913386
20
1.040767716535433
11
1.2288862992125984
21
1.0392044881889764
0
LINE
8
BLACK
6
CONTINUOUS
10
1.2288862992125984
20
1.0392044881889764
11
1.2220176377952756
21
1.036146377952756
0
LINE
8
BLACK
6
CONTINUOUS
10
1.2220176377952756
20
1.036146377952756
11
1.2220175984251969
21
1.0361463385826772
0
LINE
8
BLACK
6
CONTINUOUS
10
1.2220175984251969
20
1.0361463385826772
11
1.2159348031496062
21
1.0317269291338582
0
LINE
8
BLACK
6
CONTINUOUS
10
1.2159348031496062
20
1.0317269291338582
11
1.2109041338582678
21
1.0261398031496063
0
LINE
8
BLACK
6
CONTINUOUS
10
1.2109041338582678
20
1.0261398031496063
11
1.2109038582677165
21
1.026139409448819
0
LINE
8
BLACK
6
CONTINUOUS
10
1.2109038582677165
20
1.026139409448819
11
1.2082614566929133
21
1.0215626377952756
0
LINE
8
BLACK
6
CONTINUOUS
10
1.2082614566929133
20
1.0215626377952756
11
1.2071446062992126
21
1.0196281889763779
0
LINE
8
BLACK
6
CONTINUOUS
10
1.2071446062992126
20
1.0196281889763779
11
1.2060549999999999
21
1.0162747244094488
0
LINE
8
BLACK
6
CONTINUOUS
10
1.2060549999999999
20
1.0162747244094488
11
1.2048211417322834
21
1.0124774409448818
0
LINE
8
BLACK
6
CONTINUOUS
10
1.2048211417322834
20
1.0124774409448818
11
1.2040352755905512
21
1.0049999999999999
0
LINE
8
BLACK
6
CONTINUOUS
10
1.2040352755905512
20
1.0049999999999999
11
1.2048211417322834
21
0.9975225196850394
0
LINE
8
BLACK
6
CONTINUOUS
10
0.5814772047244094
20
0.8371853149606299
11
0.5830069291338582
21
0.8324774803149606
0
LINE
8
BLACK
6
CONTINUOUS
10
0.5830069291338582
20
0.8324774803149606
11
0.5837822047244094
21
0.8300913779527559
0
LINE
8
BLACK
6
CONTINUOUS
10
0.5837822047244094
20
0.8300913779527559
11
0.5838006692913386
21
0.8300346456692913
0
LINE
8
BLACK
6
CONTINUOUS
10
0.5838006692913386
20
0.8300346456692913
11
0.5838007874015748
21
0.8300343700787401
0
LINE
8
BLACK
6
CONTINUOUS
10
0.5838007874015748
20
0.8300343700787401
11
0.5875599212598425
21
0.8235233464566929
0
LINE
8
BLACK
6
CONTINUOUS
10
0.5875599212598425
20
0.8235233464566929
11
0.5875601968503937
21
0.8235229527559055
0
LINE
8
BLACK
6
CONTINUOUS
10
0.5875601968503937
20
0.8235229527559055
11
0.5925908661417323
21
0.8179358267716536
0
LINE
8
BLACK
6
CONTINUOUS
10
0.5925908661417323
20
0.8179358267716536
11
0.5986736614173228
21
0.8135164173228346
0
LINE
8
BLACK
6
CONTINUOUS
10
0.5986736614173228
20
0.8135164173228346
11
0.6055423228346457
21
0.8104583070866141
0
LINE
8
BLACK
6
CONTINUOUS
10
0.6055423228346457
20
0.8104583070866141
11
0.6128967322834645
21
0.8088950787401574
0
LINE
8
BLACK
6
CONTINUOUS
10
0.6128967322834645
20
0.8088950787401574
11
0.6204153937007874
21
0.8088950787401574
0
LINE
8
BLACK
6
CONTINUOUS
10
0.6204153937007874
20
0.8088950787401574
11
0.6277697637795275
21
0.8104583070866141
0
LINE
8
BLACK
6
CONTINUOUS
10
0.6277697637795275
20
0.8104583070866141
11
0.6346384251968504
21
0.8135164173228346
0
LINE
8
BLACK
6
CONTINUOUS
10
0.6346384251968504
20
0.8135164173228346
11
0.640721220472441
21
0.8179358267716536
0
LINE
8
BLACK
6
CONTINUOUS
10
0.640721220472441
20
0.8179358267716536
11
0.6457518897637795
21
0.8235229527559055
0
LINE
8
BLACK
6
CONTINUOUS
10
0.6457518897637795
20
0.8235229527559055
11
0.6457521653543307
21
0.8235233464566929
0
LINE
8
BLACK
6
CONTINUOUS
10
0.6457521653543307
20
0.8235233464566929
11
0.6495114566929133
21
0.8300346062992126
0
LINE
8
BLACK
6
CONTINUOUS
10
0.6495114566929133
20
0.8300346062992126
11
0.6518348818897638
21
0.8371853149606299
0
LINE
8
BLACK
6
CONTINUOUS
10
0.6518348818897638
20
0.8371853149606299
11
0.6520280708661417
21
0.8390237401574803
0
LINE
8
BLACK
6
CONTINUOUS
10
0.6520280708661417
20
0.8390237401574803
11
0.6530914960629921
21
0.8416086220472441
0
LINE
8
BLACK
6
CONTINUOUS
10
0.6530914960629921
20
0.8416086220472441
11
0.6534538582677165
21
0.8420129527559055
0
LINE
8
BLACK
6
CONTINUOUS
10
0.6534538582677165
20
0.8420129527559055
11
0.6753205118110236
21
0.8638796062992126
0
LINE
8
BLACK
6
CONTINUOUS
10
0.6753205118110236
20
0.8638796062992126
11
0.6755386614173228
21
0.8640849606299212
0
LINE
8
BLACK
6
CONTINUOUS
10
0.6755386614173228
20
0.8640849606299212
11
0.6773311811023622
21
0.865673031496063
0
LINE
8
BLACK
6
CONTINUOUS
10
0.6773311811023622
20
0.865673031496063
11
0.6773312992125984
21
0.8656731496062992
0
LINE
8
BLACK
6
CONTINUOUS
10
0.6773312992125984
20
0.8656731496062992
11
0.6786921653543307
21
0.8676446850393701
0
LINE
8
BLACK
6
CONTINUOUS
10
0.6786921653543307
20
0.8676446850393701
11
0.6788686220472441
21
0.8678844881889763
0
LINE
8
BLACK
6
CONTINUOUS
10
0.6788686220472441
20
0.8678844881889763
11
0.6803454724409449
21
0.8697695275590551
0
LINE
8
BLACK
6
CONTINUOUS
10
0.6803454724409449
20
0.8697695275590551
11
0.680510157480315
21
0.8701354724409449
0
LINE
8
BLACK
6
CONTINUOUS
10
0.680510157480315
20
0.8701354724409449
11
0.6809512598425197
21
0.8709175196850394
0
LINE
8
BLACK
6
CONTINUOUS
10
0.6809512598425197
20
0.8709175196850394
11
0.6811792913385827
21
0.871247874015748
0
LINE
8
BLACK
6
CONTINUOUS
10
0.6811792913385827
20
0.871247874015748
11
0.6820283464566929
21
0.8734867322834645
0
LINE
8
BLACK
6
CONTINUOUS
10
0.6820283464566929
20
0.8734867322834645
11
0.682142283464567
21
0.8737619291338582
0
LINE
8
BLACK
6
CONTINUOUS
10
0.682142283464567
20
0.8737619291338582
11
0.6831255511811023
21
0.8759465354330709
0
LINE
8
BLACK
6
CONTINUOUS
10
0.6831255511811023
20
0.8759465354330709
11
0.6831979133858268
21
0.8763415354330708
0
LINE
8
BLACK
6
CONTINUOUS
10
0.6831979133858268
20
0.8763415354330708
11
0.6834390157480315
21
0.8772062598425197
0
LINE
8
BLACK
6
CONTINUOUS
10
0.6834390157480315
20
0.8772062598425197
11
0.6835812598425197
21
0.8775813385826772
0
LINE
8
BLACK
6
CONTINUOUS
10
0.6835812598425197
20
0.8775813385826772
11
0.6835812598425197
21
0.8775814173228347
0
LINE
8
BLACK
6
CONTINUOUS
10
0.6835812598425197
20
0.8775814173228347
11
0.6835812992125984
21
0.8775814960629921
0
LINE
8
BLACK
6
CONTINUOUS
10
0.6835812992125984
20
0.8775814960629921
11
0.68387
21
0.8799593700787401
0
LINE
8
BLACK
6
CONTINUOUS
10
0.68387
20
0.8799593700787401
11
0.6839147244094488
21
0.8802531496062992
0
LINE
8
BLACK
6
CONTINUOUS
10
0.6839147244094488
20
0.8802531496062992
11
0.6843465354330709
21
0.8826094094488188
0
LINE
8
BLACK
6
CONTINUOUS
10
0.6843465354330709
20
0.8826094094488188
11
0.6842019291338582
21
0.8849994881889763
0
LINE
8
BLACK
6
CONTINUOUS
10
0.6842019291338582
20
0.8849994881889763
11
0.6841929133858268
21
0.885298937007874
0
LINE
8
BLACK
6
CONTINUOUS
10
0.6841929133858268
20
0.885298937007874
11
0.6841929133858268
21
1.2253846456692914
0
LINE
8
BLACK
6
CONTINUOUS
10
0.6841929133858268
20
1.2253846456692914
11
0.6849803937007873
21
1.2280665748031496
0
LINE
8
BLACK
6
CONTINUOUS
10
0.6849803937007873
20
1.2280665748031496
11
0.6852444094488189
21
1.2284124409448818
0
LINE
8
BLACK
6
CONTINUOUS
10
0.6852444094488189
20
1.2284124409448818
11
0.6852424409448818
21
1.2284138976377952
0
LINE
8
BLACK
6
CONTINUOUS
10
0.6852424409448818
20
1.2284138976377952
11
0.6853953543307086
21
1.22862437007874
0
LINE
8
BLACK
6
CONTINUOUS
10
0.6853953543307086
20
1.22862437007874
11
0.6876199212598425
21
1.2324774409448818
0
LINE
8
BLACK
6
CONTINUOUS
10
0.6876199212598425
20
1.2324774409448818
11
0.6891546062992125
21
1.2351355905511812
0
LINE
8
BLACK
6
CONTINUOUS
10
0.6891546062992125
20
1.2351355905511812
11
0.691478031496063
21
1.2422862992125985
0
LINE
8
BLACK
6
CONTINUOUS
10
0.691478031496063
20
1.2422862992125985
11
0.692263937007874
21
1.2497637795275591
0
LINE
8
BLACK
6
CONTINUOUS
10
0.692263937007874
20
1.2497637795275591
11
0.691478031496063
21
1.2572412598425196
0
LINE
8
BLACK
6
CONTINUOUS
10
0.691478031496063
20
1.2572412598425196
11
0.6891546062992125
21
1.2643919685039369
0
LINE
8
BLACK
6
CONTINUOUS
10
0.6891546062992125
20
1.2643919685039369
11
0.6853952755905511
21
1.2709033070866143
0
LINE
8
BLACK
6
CONTINUOUS
10
0.6853952755905511
20
1.2709033070866143
11
0.6852591338582678
21
1.2710544881889763
0
LINE
8
BLACK
6
CONTINUOUS
10
0.6852591338582678
20
1.2710544881889763
11
0.6803643700787402
21
1.2764907086614172
0
LINE
8
BLACK
6
CONTINUOUS
10
0.6803643700787402
20
1.2764907086614172
11
0.6803643307086614
21
1.2764907086614172
0
LINE
8
BLACK
6
CONTINUOUS
10
0.6803643307086614
20
1.2764907086614172
11
0.6803642913385827
21
1.2764907874015747
0
LINE
8
BLACK
6
CONTINUOUS
10
0.6803642913385827
20
1.2764907874015747
11
0.6742815748031495
21
1.280910157480315
0
LINE
8
BLACK
6
CONTINUOUS
10
0.6742815748031495
20
1.280910157480315
11
0.6674129133858268
21
1.2839682677165354
0
LINE
8
BLACK
6
CONTINUOUS
10
0.6674129133858268
20
1.2839682677165354
11
0.6600585433070866
21
1.285531496062992
0
LINE
8
BLACK
6
CONTINUOUS
10
0.6600585433070866
20
1.285531496062992
11
0.6525398818897638
21
1.285531496062992
0
LINE
8
BLACK
6
CONTINUOUS
10
0.6525398818897638
20
1.285531496062992
11
0.6451855118110236
21
1.2839682677165354
0
LINE
8
BLACK
6
CONTINUOUS
10
0.6451855118110236
20
1.2839682677165354
11
0.6383168503937008
21
1.280910157480315
0
LINE
8
BLACK
6
CONTINUOUS
10
0.6383168503937008
20
1.280910157480315
11
0.6366246062992126
21
1.2796806692913385
0
LINE
8
BLACK
6
CONTINUOUS
10
0.6366246062992126
20
1.2796806692913385
11
0.6322340157480315
21
1.2764907086614172
0
LINE
8
BLACK
6
CONTINUOUS
10
0.6322340157480315
20
1.2764907086614172
11
0.6272033464566928
21
1.2709035826771653
0
LINE
8
BLACK
6
CONTINUOUS
10
0.6272033464566928
20
1.2709035826771653
11
0.6272030708661417
21
1.270903188976378
0
LINE
8
BLACK
6
CONTINUOUS
10
0.6272030708661417
20
1.270903188976378
11
0.6266816141732283
21
1.27
0
LINE
8
BLACK
6
CONTINUOUS
10
0.6266816141732283
20
1.27
11
0.6234438188976378
21
1.2643919685039369
0
LINE
8
BLACK
6
CONTINUOUS
10
0.6234438188976378
20
1.2643919685039369
11
0.6226648031496063
21
1.2619943700787402
0
LINE
8
BLACK
6
CONTINUOUS
10
0.6226648031496063
20
1.2619943700787402
11
0.6211203543307087
21
1.257241220472441
0
LINE
8
BLACK
6
CONTINUOUS
10
0.6211203543307087
20
1.257241220472441
11
0.6203344881889764
21
1.2497637795275591
0
LINE
8
BLACK
6
CONTINUOUS
10
0.6203344881889764
20
1.2497637795275591
11
0.6211203543307087
21
1.2422862992125985
0
LINE
8
BLACK
6
CONTINUOUS
10
0.6211203543307087
20
1.2422862992125985
11
0.6219840551181102
21
1.2396281889763778
0
LINE
8
BLACK
6
CONTINUOUS
10
0.6219840551181102
20
1.2396281889763778
11
0.6233671259842519
21
1.2353715748031495
0
LINE
8
BLACK
6
CONTINUOUS
10
0.6233671259842519
20
1.2353715748031495
11
0.6234438188976378
21
1.2351356299212599
0
LINE
8
BLACK
6
CONTINUOUS
10
0.6234438188976378
20
1.2351356299212599
11
0.623443937007874
21
1.2351353543307086
0
LINE
8
BLACK
6
CONTINUOUS
10
0.623443937007874
20
1.2351353543307086
11
0.6272030314960629
21
1.22862437007874
0
LINE
8
BLACK
6
CONTINUOUS
10
0.6272030314960629
20
1.22862437007874
11
0.6273559842519685
21
1.2284138976377952
0
LINE
8
BLACK
6
CONTINUOUS
10
0.6273559842519685
20
1.2284138976377952
11
0.6272927559055118
21
1.2283679527559055
0
LINE
8
BLACK
6
CONTINUOUS
10
0.6272927559055118
20
1.2283679527559055
11
0.6283407874015748
21
1.2261832677165354
0
LINE
8
BLACK
6
CONTINUOUS
10
0.6283407874015748
20
1.2261832677165354
11
0.6284055118110236
21
1.2253846456692914
0
LINE
8
BLACK
6
CONTINUOUS
10
0.6284055118110236
20
1.2253846456692914
11
0.6284055118110236
21
0.8979146062992126
0
LINE
8
BLACK
6
CONTINUOUS
10
0.6284055118110236
20
0.8979146062992126
11
0.627618031496063
21
0.8952326771653543
0
LINE
8
BLACK
6
CONTINUOUS
10
0.627618031496063
20
0.8952326771653543
11
0.626952559055118
21
0.8944069291338582
0
LINE
8
BLACK
6
CONTINUOUS
10
0.626952559055118
20
0.8944069291338582
11
0.6140366141732283
21
0.8814909842519685
0
LINE
8
BLACK
6
CONTINUOUS
10
0.6140366141732283
20
0.8814909842519685
11
0.6115833858267716
21
0.8801513779527559
0
LINE
8
BLACK
6
CONTINUOUS
10
0.6115833858267716
20
0.8801513779527559
11
0.6115719291338583
21
0.8801488976377952
0
LINE
8
BLACK
6
CONTINUOUS
10
0.6115719291338583
20
0.8801488976377952
11
0.6055423622047243
21
0.8788672834645669
0
LINE
8
BLACK
6
CONTINUOUS
10
0.6055423622047243
20
0.8788672834645669
11
0.5986737007874016
21
0.8758091732283464
0
LINE
8
BLACK
6
CONTINUOUS
10
0.5986737007874016
20
0.8758091732283464
11
0.5970482283464567
21
0.874628188976378
0
LINE
8
BLACK
6
CONTINUOUS
10
0.5970482283464567
20
0.874628188976378
11
0.5925908661417323
21
0.8713897244094488
0
LINE
8
BLACK
6
CONTINUOUS
10
0.5925908661417323
20
0.8713897244094488
11
0.5875601968503937
21
0.8658025984251968
0
LINE
8
BLACK
6
CONTINUOUS
10
0.5875601968503937
20
0.8658025984251968
11
0.5875599212598425
21
0.8658022047244094
0
LINE
8
BLACK
6
CONTINUOUS
10
0.5875599212598425
20
0.8658022047244094
11
0.5874853543307087
21
0.865673031496063
0
LINE
8
BLACK
6
CONTINUOUS
10
0.5874853543307087
20
0.865673031496063
11
0.5838006692913386
21
0.8592909842519685
0
LINE
8
BLACK
6
CONTINUOUS
10
0.5838006692913386
20
0.8592909842519685
11
0.5835059842519685
21
0.8583840157480315
0
LINE
8
BLACK
6
CONTINUOUS
10
0.5835059842519685
20
0.8583840157480315
11
0.5814772047244094
21
0.8521402362204724
0
LINE
8
BLACK
6
CONTINUOUS
10
0.5814772047244094
20
0.8521402362204724
11
0.5806913385826772
21
0.8446627952755905
0
LINE
8
BLACK
6
CONTINUOUS
10
0.5806913385826772
20
0.8446627952755905
11
0.5814772047244094
21
0.8371853149606299
0
LINE
8
BLACK
6
CONTINUOUS
10
3.313084842519685
20
1.0700196456692914
11
3.3130846456692913
21
1.0700196456692914
0
LINE
8
BLACK
6
CONTINUOUS
10
3.3130846456692913
20
1.0700196456692914
11
3.3107009055118111
21
1.0697633858267717
0
LINE
8
BLACK
6
CONTINUOUS
10
3.3107009055118111
20
1.0697633858267717
11
3.310700590551181
21
1.0697633070866142
0
LINE
8
BLACK
6
CONTINUOUS
10
3.310700590551181
20
1.0697633070866142
11
3.3094627952755906
21
1.0693016141732283
0
LINE
8
BLACK
6
CONTINUOUS
10
3.3094627952755906
20
1.0693016141732283
11
3.3053069291338582
21
1.0677515354330709
0
LINE
8
BLACK
6
CONTINUOUS
10
3.3053069291338582
20
1.0677515354330709
11
3.3053068503937006
21
1.0677514960629921
0
LINE
8
BLACK
6
CONTINUOUS
10
3.3053068503937006
20
1.0677514960629921
11
3.3053067716535431
21
1.0677514566929134
0
LINE
8
BLACK
6
CONTINUOUS
10
3.3053067716535431
20
1.0677514566929134
11
3.3006983464566928
21
1.0643016141732282
0
LINE
8
BLACK
6
CONTINUOUS
10
3.3006983464566928
20
1.0643016141732282
11
3.2972485039370079
21
1.0596931889763779
0
LINE
8
BLACK
6
CONTINUOUS
10
3.2972485039370079
20
1.0596931889763779
11
3.2972484251968504
21
1.0596929921259843
0
LINE
8
BLACK
6
CONTINUOUS
10
3.2972484251968504
20
1.0596929921259843
11
3.2952366535433071
21
1.0542993700787402
0
LINE
8
BLACK
6
CONTINUOUS
10
3.2952366535433071
20
1.0542993700787402
11
3.2952365748031496
21
1.0542990551181102
0
LINE
8
BLACK
6
CONTINUOUS
10
3.2952365748031496
20
1.0542990551181102
11
3.2949803149606298
21
1.05191531496063
0
LINE
8
BLACK
6
CONTINUOUS
10
3.2949803149606298
20
1.05191531496063
11
3.2949803149606298
21
0.9880846456692913
0
LINE
8
BLACK
6
CONTINUOUS
10
3.2949803149606298
20
0.9880846456692913
11
3.2952365748031496
21
0.985700905511811
0
LINE
8
BLACK
6
CONTINUOUS
10
3.2952365748031496
20
0.985700905511811
11
3.2952366535433071
21
0.9857005905511811
0
LINE
8
BLACK
6
CONTINUOUS
10
3.2952366535433071
20
0.9857005905511811
11
3.2972484251968504
21
0.9803069685039369
0
LINE
8
BLACK
6
CONTINUOUS
10
3.2972484251968504
20
0.9803069685039369
11
3.2972485039370079
21
0.9803067716535433
0
LINE
8
BLACK
6
CONTINUOUS
10
3.2972485039370079
20
0.9803067716535433
11
3.3006983858267716
21
0.9756983464566928
0
LINE
8
BLACK
6
CONTINUOUS
10
3.3006983858267716
20
0.9756983464566928
11
3.3030056299212598
21
0.9739711417322835
0
LINE
8
BLACK
6
CONTINUOUS
10
3.3030056299212598
20
0.9739711417322835
11
3.3046806692913386
21
0.9717335039370079
0
LINE
8
BLACK
6
CONTINUOUS
10
3.3046806692913386
20
0.9717335039370079
11
3.3048800393700786
21
0.9689455118110236
0
LINE
8
BLACK
6
CONTINUOUS
10
3.3048800393700786
20
0.9689455118110236
11
3.303540472440945
21
0.9664922834645669
0
LINE
8
BLACK
6
CONTINUOUS
10
3.303540472440945
20
0.9664922834645669
11
3.3030056299212598
21
0.9660288582677166
0
LINE
8
BLACK
6
CONTINUOUS
10
3.3030056299212598
20
0.9660288582677166
11
3.3006983858267716
21
0.9643016141732283
0
LINE
8
BLACK
6
CONTINUOUS
10
3.3006983858267716
20
0.9643016141732283
11
3.2972485039370079
21
0.9596931889763779
0
LINE
8
BLACK
6
CONTINUOUS
10
3.2972485039370079
20
0.9596931889763779
11
3.2972484251968504
21
0.9596929921259842
0
LINE
8
BLACK
6
CONTINUOUS
10
3.2972484251968504
20
0.9596929921259842
11
3.2952366535433071
21
0.9542993700787401
0
LINE
8
BLACK
6
CONTINUOUS
10
3.2952366535433071
20
0.9542993700787401
11
3.2952365748031496
21
0.9542990551181102
0
LINE
8
BLACK
6
CONTINUOUS
10
3.2952365748031496
20
0.9542990551181102
11
3.2949803149606298
21
0.9519153149606299
0
LINE
8
BLACK
6
CONTINUOUS
10
3.2949803149606298
20
0.9519153149606299
11
3.2949803149606298
21
0.8880846456692914
0
LINE
8
BLACK
6
CONTINUOUS
10
3.2949803149606298
20
0.8880846456692914
11
3.2952365748031496
21
0.885700905511811
0
LINE
8
BLACK
6
CONTINUOUS
10
3.2952365748031496
20
0.885700905511811
11
3.2952366535433071
21
0.8857005905511811
0
LINE
8
BLACK
6
CONTINUOUS
10
3.2952366535433071
20
0.8857005905511811
11
3.2972484251968504
21
0.880306968503937
0
LINE
8
BLACK
6
CONTINUOUS
10
3.2972484251968504
20
0.880306968503937
11
3.2972485039370079
21
0.8803067716535433
0
LINE
8
BLACK
6
CONTINUOUS
10
3.2972485039370079
20
0.8803067716535433
11
3.3006983464566928
21
0.8756983464566929
0
LINE
8
BLACK
6
CONTINUOUS
10
3.3006983464566928
20
0.8756983464566929
11
3.3053067716535431
21
0.8722485039370078
0
LINE
8
BLACK
6
CONTINUOUS
10
3.3053067716535431
20
0.8722485039370078
11
3.3053069685039369
21
0.8722484251968504
0
LINE
8
BLACK
6
CONTINUOUS
10
3.3053069685039369
20
0.8722484251968504
11
3.310700590551181
21
0.870236653543307
0
LINE
8
BLACK
6
CONTINUOUS
10
3.310700590551181
20
0.870236653543307
11
3.3107009055118111
21
0.8702365748031495
0
LINE
8
BLACK
6
CONTINUOUS
10
3.3107009055118111
20
0.8702365748031495
11
3.3130846456692913
21
0.8699803149606299
0
LINE
8
BLACK
6
CONTINUOUS
10
3.3130846456692913
20
0.8699803149606299
11
3.3130851181102363
21
0.8699803149606299
0
LINE
8
BLACK
6
CONTINUOUS
10
3.3130851181102363
20
0.8699803149606299
11
3.3769153149606299
21
0.8699803149606299
0
LINE
8
BLACK
6
CONTINUOUS
10
3.3769153149606299
20
0.8699803149606299
11
3.3792990551181101
21
0.8702365748031495
0
LINE
8
BLACK
6
CONTINUOUS
10
3.3792990551181101
20
0.8702365748031495
11
3.3792993700787402
21
0.870236653543307
0
LINE
8
BLACK
6
CONTINUOUS
10
3.3792993700787402
20
0.870236653543307
11
3.3846929921259843
21
0.8722484251968504
0
LINE
8
BLACK
6
CONTINUOUS
10
3.3846929921259843
20
0.8722484251968504
11
3.3846931889763781
21
0.8722485039370078
0
LINE
8
BLACK
6
CONTINUOUS
10
3.3846931889763781
20
0.8722485039370078
11
3.3893016141732284
21
0.8756983858267716
0
LINE
8
BLACK
6
CONTINUOUS
10
3.3893016141732284
20
0.8756983858267716
11
3.3910288582677164
21
0.8780056299212599
0
LINE
8
BLACK
6
CONTINUOUS
10
3.3910288582677164
20
0.8780056299212599
11
3.3932664960629921
21
0.8796806692913386
0
LINE
8
BLACK
6
CONTINUOUS
10
3.3932664960629921
20
0.8796806692913386
11
3.3960544881889763
21
0.8798800393700787
0
LINE
8
BLACK
6
CONTINUOUS
10
3.3960544881889763
20
0.8798800393700787
11
3.3985077165354332
21
0.8785404724409449
0
LINE
8
BLACK
6
CONTINUOUS
10
3.3985077165354332
20
0.8785404724409449
11
3.3989711417322832
21
0.8780056299212599
0
LINE
8
BLACK
6
CONTINUOUS
10
3.3989711417322832
20
0.8780056299212599
11
3.4006983464566929
21
0.8756983858267716
0
LINE
8
BLACK
6
CONTINUOUS
10
3.4006983464566929
20
0.8756983858267716
11
3.4053067716535432
21
0.8722485039370078
0
LINE
8
BLACK
6
CONTINUOUS
10
3.4053067716535432
20
0.8722485039370078
11
3.405306968503937
21
0.8722484251968504
0
LINE
8
BLACK
6
CONTINUOUS
10
3.405306968503937
20
0.8722484251968504
11
3.4107005905511811
21
0.870236653543307
0
LINE
8
BLACK
6
CONTINUOUS
10
3.4107005905511811
20
0.870236653543307
11
3.4107009055118112
21
0.8702365748031495
0
LINE
8
BLACK
6
CONTINUOUS
10
3.4107009055118112
20
0.8702365748031495
11
3.4130846456692914
21
0.8699803149606299
0
LINE
8
BLACK
6
CONTINUOUS
10
3.4130846456692914
20
0.8699803149606299
11
3.413085118110236
21
0.8699803149606299
0
LINE
8
BLACK
6
CONTINUOUS
10
3.413085118110236
20
0.8699803149606299
11
3.47691531496063
21
0.8699803149606299
0
LINE
8
BLACK
6
CONTINUOUS
10
3.47691531496063
20
0.8699803149606299
11
3.4792990551181102
21
0.8702365748031495
0
LINE
8
BLACK
6
CONTINUOUS
10
3.4792990551181102
20
0.8702365748031495
11
3.4792993700787402
21
0.870236653543307
0
LINE
8
BLACK
6
CONTINUOUS
10
3.4792993700787402
20
0.870236653543307
11
3.4846929921259844
21
0.8722484251968504
0
LINE
8
BLACK
6
CONTINUOUS
10
3.4846929921259844
20
0.8722484251968504
11
3.4846931889763777
21
0.8722485039370078
0
LINE
8
BLACK
6
CONTINUOUS
10
3.4846931889763777
20
0.8722485039370078
11
3.4893016141732285
21
0.8756983464566929
0
LINE
8
BLACK
6
CONTINUOUS
10
3.4893016141732285
20
0.8756983464566929
11
3.4927514566929134
21
0.8803067716535433
0
LINE
8
BLACK
6
CONTINUOUS
10
3.4927514566929134
20
0.8803067716535433
11
3.4927515354330709
21
0.880306968503937
0
LINE
8
BLACK
6
CONTINUOUS
10
3.4927515354330709
20
0.880306968503937
11
3.4927976377952756
21
0.8804305118110236
0
LINE
8
BLACK
6
CONTINUOUS
10
3.4927976377952756
20
0.8804305118110236
11
3.4945017716535434
21
0.8849994488188976
0
LINE
8
BLACK
6
CONTINUOUS
10
3.4945017716535434
20
0.8849994488188976
11
3.4947633070866142
21
0.8857005905511811
0
LINE
8
BLACK
6
CONTINUOUS
10
3.4947633070866142
20
0.8857005905511811
11
3.4947633858267717
21
0.885700905511811
0
LINE
8
BLACK
6
CONTINUOUS
10
3.4947633858267717
20
0.885700905511811
11
3.4950196456692915
21
0.8880846456692914
0
LINE
8
BLACK
6
CONTINUOUS
10
3.4950196456692915
20
0.8880846456692914
11
3.4950196850393702
21
0.8880853149606299
0
LINE
8
BLACK
6
CONTINUOUS
10
3.4950196850393702
20
0.8880853149606299
11
3.4950196850393702
21
0.9519146456692913
0
LINE
8
BLACK
6
CONTINUOUS
10
3.4950196850393702
20
0.9519146456692913
11
3.4950196456692915
21
0.9519153149606299
0
LINE
8
BLACK
6
CONTINUOUS
10
3.4950196456692915
20
0.9519153149606299
11
3.4947633858267717
21
0.9542990551181102
0
LINE
8
BLACK
6
CONTINUOUS
10
3.4947633858267717
20
0.9542990551181102
11
3.4947633070866142
21
0.9542993700787401
0
LINE
8
BLACK
6
CONTINUOUS
10
3.4947633070866142
20
0.9542993700787401
11
3.4937875984251967
21
0.9569153149606299
0
LINE
8
BLACK
6
CONTINUOUS
10
3.4937875984251967
20
0.9569153149606299
11
3.4927515354330709
21
0.9596930708661418
0
LINE
8
BLACK
6
CONTINUOUS
10
3.4927515354330709
20
0.9596930708661418
11
3.4923567716535433
21
0.9602203937007874
0
LINE
8
BLACK
6
CONTINUOUS
10
3.4923567716535433
20
0.9602203937007874
11
3.4893016141732285
21
0.9643016141732283
0
LINE
8
BLACK
6
CONTINUOUS
10
3.4893016141732285
20
0.9643016141732283
11
3.4869943700787402
21
0.9660288188976378
0
LINE
8
BLACK
6
CONTINUOUS
10
3.4869943700787402
20
0.9660288188976378
11
3.4853192913385826
21
0.9682664566929133
0
LINE
8
BLACK
6
CONTINUOUS
10
3.4853192913385826
20
0.9682664566929133
11
3.4851199212598423
21
0.9710544881889763
0
LINE
8
BLACK
6
CONTINUOUS
10
3.4851199212598423
20
0.9710544881889763
11
3.4864594881889763
21
0.973507716535433
0
LINE
8
BLACK
6
CONTINUOUS
10
3.4864594881889763
20
0.973507716535433
11
3.4869943700787402
21
0.9739711811023621
0
LINE
8
BLACK
6
CONTINUOUS
10
3.4869943700787402
20
0.9739711811023621
11
3.4893016141732285
21
0.9756983464566928
0
LINE
8
BLACK
6
CONTINUOUS
10
3.4893016141732285
20
0.9756983464566928
11
3.4927514566929134
21
0.9803067716535433
0
LINE
8
BLACK
6
CONTINUOUS
10
3.4927514566929134
20
0.9803067716535433
11
3.4927515354330709
21
0.9803069685039369
0
LINE
8
BLACK
6
CONTINUOUS
10
3.4927515354330709
20
0.9803069685039369
11
3.4928975590551179
21
0.9806983858267716
0
LINE
8
BLACK
6
CONTINUOUS
10
3.4928975590551179
20
0.9806983858267716
11
3.4940769685039368
21
0.9838604724409449
0
LINE
8
BLACK
6
CONTINUOUS
10
3.4940769685039368
20
0.9838604724409449
11
3.4947633070866142
21
0.9857005905511811
0
LINE
8
BLACK
6
CONTINUOUS
10
3.4947633070866142
20
0.9857005905511811
11
3.4947633858267717
21
0.985700905511811
0
LINE
8
BLACK
6
CONTINUOUS
10
3.4947633858267717
20
0.985700905511811
11
3.4950196456692915
21
0.9880846456692913
0
LINE
8
BLACK
6
CONTINUOUS
10
3.4950196456692915
20
0.9880846456692913
11
3.4950196850393702
21
0.9880853149606299
0
LINE
8
BLACK
6
CONTINUOUS
10
3.4950196850393702
20
0.9880853149606299
11
3.4950196850393702
21
1.0519146456692914
0
LINE
8
BLACK
6
CONTINUOUS
10
3.4950196850393702
20
1.0519146456692914
11
3.4950196456692915
21
1.05191531496063
0
LINE
8
BLACK
6
CONTINUOUS
10
3.4950196456692915
20
1.05191531496063
11
3.4947633858267717
21
1.0542990551181102
0
LINE
8
BLACK
6
CONTINUOUS
10
3.4947633858267717
20
1.0542990551181102
11
3.4947633070866142
21
1.0542993700787402
0
LINE
8
BLACK
6
CONTINUOUS
10
3.4947633070866142
20
1.0542993700787402
11
3.4937875984251967
21
1.0569153149606298
0
LINE
8
BLACK
6
CONTINUOUS
10
3.4937875984251967
20
1.0569153149606298
11
3.4927515354330709
21
1.0596930708661416
0
LINE
8
BLACK
6
CONTINUOUS
10
3.4927515354330709
20
1.0596930708661416
11
3.4913277165354328
21
1.0615950393700788
0
LINE
8
BLACK
6
CONTINUOUS
10
3.4913277165354328
20
1.0615950393700788
11
3.4893016141732285
21
1.0643016141732282
0
LINE
8
BLACK
6
CONTINUOUS
10
3.4893016141732285
20
1.0643016141732282
11
3.4846931889763777
21
1.0677514566929134
0
LINE
8
BLACK
6
CONTINUOUS
10
3.4846931889763777
20
1.0677514566929134
11
3.4846931496062989
21
1.0677514566929134
0
LINE
8
BLACK
6
CONTINUOUS
10
3.4846931496062989
20
1.0677514566929134
11
3.4846930708661414
21
1.0677515354330709
0
LINE
8
BLACK
6
CONTINUOUS
10
3.4846930708661414
20
1.0677515354330709
11
3.479299251968504
21
1.0697633464566929
0
LINE
8
BLACK
6
CONTINUOUS
10
3.479299251968504
20
1.0697633464566929
11
3.4792991732283465
21
1.0697633464566929
0
LINE
8
BLACK
6
CONTINUOUS
10
3.4792991732283465
20
1.0697633464566929
11
3.4792990551181102
21
1.0697633858267717
0
LINE
8
BLACK
6
CONTINUOUS
10
3.4792990551181102
20
1.0697633858267717
11
3.47691531496063
21
1.0700196456692914
0
LINE
8
BLACK
6
CONTINUOUS
10
3.47691531496063
20
1.0700196456692914
11
3.476915157480315
21
1.0700196456692914
0
LINE
8
BLACK
6
CONTINUOUS
10
3.476915157480315
20
1.0700196456692914
11
3.4769148818897637
21
1.0700196850393699
0
LINE
8
BLACK
6
CONTINUOUS
10
3.4769148818897637
20
1.0700196850393699
11
3.413085118110236
21
1.0700196850393699
0
LINE
8
BLACK
6
CONTINUOUS
10
3.413085118110236
20
1.0700196850393699
11
3.4130848425196851
21
1.0700196456692914
0
LINE
8
BLACK
6
CONTINUOUS
10
3.4130848425196851
20
1.0700196456692914
11
3.4130846456692914
21
1.0700196456692914
0
LINE
8
BLACK
6
CONTINUOUS
10
3.4130846456692914
20
1.0700196456692914
11
3.4107009055118112
21
1.0697633858267717
0
LINE
8
BLACK
6
CONTINUOUS
10
3.4107009055118112
20
1.0697633858267717
11
3.4107005905511811
21
1.0697633070866142
0
LINE
8
BLACK
6
CONTINUOUS
10
3.4107005905511811
20
1.0697633070866142
11
3.4094627952755903
21
1.0693016141732283
0
LINE
8
BLACK
6
CONTINUOUS
10
3.4094627952755903
20
1.0693016141732283
11
3.4053069291338582
21
1.0677515354330709
0
LINE
8
BLACK
6
CONTINUOUS
10
3.4053069291338582
20
1.0677515354330709
11
3.4053068503937007
21
1.0677514960629921
0
LINE
8
BLACK
6
CONTINUOUS
10
3.4053068503937007
20
1.0677514960629921
11
3.4053067716535432
21
1.0677514566929134
0
LINE
8
BLACK
6
CONTINUOUS
10
3.4053067716535432
20
1.0677514566929134
11
3.4006983464566929
21
1.0643016141732282
0
LINE
8
BLACK
6
CONTINUOUS
10
3.4006983464566929
20
1.0643016141732282
11
3.398971181102362
21
1.0619943700787402
0
LINE
8
BLACK
6
CONTINUOUS
10
3.398971181102362
20
1.0619943700787402
11
3.3967335433070867
21
1.0603192913385826
0
LINE
8
BLACK
6
CONTINUOUS
10
3.3967335433070867
20
1.0603192913385826
11
3.3939455118110233
21
1.0601199212598424
0
LINE
8
BLACK
6
CONTINUOUS
10
3.3939455118110233
20
1.0601199212598424
11
3.3914922834645669
21
1.0614594881889763
0
LINE
8
BLACK
6
CONTINUOUS
10
3.3914922834645669
20
1.0614594881889763
11
3.3910288188976376
21
1.0619943700787402
0
LINE
8
BLACK
6
CONTINUOUS
10
3.3910288188976376
20
1.0619943700787402
11
3.3893016141732284
21
1.0643016141732282
0
LINE
8
BLACK
6
CONTINUOUS
10
3.3893016141732284
20
1.0643016141732282
11
3.3846931889763781
21
1.0677514566929134
0
LINE
8
BLACK
6
CONTINUOUS
10
3.3846931889763781
20
1.0677514566929134
11
3.3846931496062993
21
1.0677514566929134
0
LINE
8
BLACK
6
CONTINUOUS
10
3.3846931496062993
20
1.0677514566929134
11
3.3846930708661418
21
1.0677515354330709
0
LINE
8
BLACK
6
CONTINUOUS
10
3.3846930708661418
20
1.0677515354330709
11
3.3792992519685039
21
1.0697633464566929
0
LINE
8
BLACK
6
CONTINUOUS
10
3.3792992519685039
20
1.0697633464566929
11
3.3792991732283464
21
1.0697633464566929
0
LINE
8
BLACK
6
CONTINUOUS
10
3.3792991732283464
20
1.0697633464566929
11
3.3792990551181101
21
1.0697633858267717
0
LINE
8
BLACK
6
CONTINUOUS
10
3.3792990551181101
20
1.0697633858267717
11
3.3769153149606299
21
1.0700196456692914
0
LINE
8
BLACK
6
CONTINUOUS
10
3.3769153149606299
20
1.0700196456692914
11
3.3769151574803149
21
1.0700196456692914
0
LINE
8
BLACK
6
CONTINUOUS
10
3.3769151574803149
20
1.0700196456692914
11
3.3769148818897636
21
1.0700196850393699
0
LINE
8
BLACK
6
CONTINUOUS
10
3.3769148818897636
20
1.0700196850393699
11
3.3130851181102363
21
1.0700196850393699
0
LINE
8
BLACK
6
CONTINUOUS
10
3.3130851181102363
20
1.0700196850393699
11
3.313084842519685
21
1.0700196456692914
0
LINE
8
BLACK
6
CONTINUOUS
10
2.3448211417322833
20
1.3525225196850394
11
2.3471446062992127
21
1.3453718503937007
0
LINE
8
BLACK
6
CONTINUOUS
10
2.3471446062992127
20
1.3453718503937007
11
2.3471447244094485
21
1.3453715748031496
0
LINE
8
BLACK
6
CONTINUOUS
10
2.3471447244094485
20
1.3453715748031496
11
2.3509038582677166
21
1.3388605511811023
0
LINE
8
BLACK
6
CONTINUOUS
10
2.3509038582677166
20
1.3388605511811023
11
2.3509041338582675
21
1.3388601574803149
0
LINE
8
BLACK
6
CONTINUOUS
10
2.3509041338582675
20
1.3388601574803149
11
2.3559348031496063
21
1.333273031496063
0
LINE
8
BLACK
6
CONTINUOUS
10
2.3559348031496063
20
1.333273031496063
11
2.3620175984251968
21
1.328853622047244
0
LINE
8
BLACK
6
CONTINUOUS
10
2.3620175984251968
20
1.328853622047244
11
2.3688862598425198
21
1.3257955118110236
0
LINE
8
BLACK
6
CONTINUOUS
10
2.3688862598425198
20
1.3257955118110236
11
2.3762406692913385
21
1.324232283464567
0
LINE
8
BLACK
6
CONTINUOUS
10
2.3762406692913385
20
1.324232283464567
11
2.3837594094488188
21
1.324232283464567
0
LINE
8
BLACK
6
CONTINUOUS
10
2.3837594094488188
20
1.324232283464567
11
2.3874805511811021
21
1.3250232283464567
0
LINE
8
BLACK
6
CONTINUOUS
10
2.3874805511811021
20
1.3250232283464567
11
2.3902675590551179
21
1.3248105511811024
0
LINE
8
BLACK
6
CONTINUOUS
10
2.3902675590551179
20
1.3248105511811024
11
2.3924972047244095
21
1.3231248425196851
0
LINE
8
BLACK
6
CONTINUOUS
10
2.3924972047244095
20
1.3231248425196851
11
2.3934453543307086
21
1.3206894881889764
0
LINE
8
BLACK
6
CONTINUOUS
10
2.3934453543307086
20
1.3206894881889764
11
2.3942429133858267
21
1.313100748031496
0
LINE
8
BLACK
6
CONTINUOUS
10
2.3942429133858267
20
1.313100748031496
11
2.3965663779527557
21
1.3059500787401574
0
LINE
8
BLACK
6
CONTINUOUS
10
2.3965663779527557
20
1.3059500787401574
11
2.396566496062992
21
1.3059498031496062
0
LINE
8
BLACK
6
CONTINUOUS
10
2.396566496062992
20
1.3059498031496062
11
2.4003256299212596
21
1.299438779527559
0
LINE
8
BLACK
6
CONTINUOUS
10
2.4003256299212596
20
1.299438779527559
11
2.4003259055118109
21
1.2994383858267715
0
LINE
8
BLACK
6
CONTINUOUS
10
2.4003259055118109
20
1.2994383858267715
11
2.4053565748031493
21
1.2938512598425196
0
LINE
8
BLACK
6
CONTINUOUS
10
2.4053565748031493
20
1.2938512598425196
11
2.4114393700787402
21
1.2894318503937008
0
LINE
8
BLACK
6
CONTINUOUS
10
2.4114393700787402
20
1.2894318503937008
11
2.4183080314960628
21
1.2863737401574802
0
LINE
8
BLACK
6
CONTINUOUS
10
2.4183080314960628
20
1.2863737401574802
11
2.4256624409448819
21
1.2848105118110236
0
LINE
8
BLACK
6
CONTINUOUS
10
2.4256624409448819
20
1.2848105118110236
11
2.4331811023622048
21
1.2848105118110236
0
LINE
8
BLACK
6
CONTINUOUS
10
2.4331811023622048
20
1.2848105118110236
11
2.4405354724409447
21
1.2863737401574802
0
LINE
8
BLACK
6
CONTINUOUS
10
2.4405354724409447
20
1.2863737401574802
11
2.4474041338582677
21
1.2894318503937008
0
LINE
8
BLACK
6
CONTINUOUS
10
2.4474041338582677
20
1.2894318503937008
11
2.4534869291338581
21
1.2938512598425196
0
LINE
8
BLACK
6
CONTINUOUS
10
2.4534869291338581
20
1.2938512598425196
11
2.458517598425197
21
1.2994383858267715
0
LINE
8
BLACK
6
CONTINUOUS
10
2.458517598425197
20
1.2994383858267715
11
2.4585178740157478
21
1.299438779527559
0
LINE
8
BLACK
6
CONTINUOUS
10
2.4585178740157478
20
1.299438779527559
11
2.4622784251968501
21
1.3059522047244094
0
LINE
8
BLACK
6
CONTINUOUS
10
2.4622784251968501
20
1.3059522047244094
11
2.4643013779527561
21
1.307881062992126
0
LINE
8
BLACK
6
CONTINUOUS
10
2.4643013779527561
20
1.307881062992126
11
2.4665744488188976
21
1.3084325196850393
0
LINE
8
BLACK
6
CONTINUOUS
10
2.4665744488188976
20
1.3084325196850393
11
2.4694122047244096
21
1.3084325196850393
0
LINE
8
BLACK
6
CONTINUOUS
10
2.4694122047244096
20
1.3084325196850393
11
2.4720941338582678
21
1.3076450393700787
0
LINE
8
BLACK
6
CONTINUOUS
10
2.4720941338582678
20
1.3076450393700787
11
2.4739245669291337
21
1.3055325984251969
0
LINE
8
BLACK
6
CONTINUOUS
10
2.4739245669291337
20
1.3055325984251969
11
2.4743456692913384
21
1.3029534251968504
0
LINE
8
BLACK
6
CONTINUOUS
10
2.4743456692913384
20
1.3029534251968504
11
2.474035275590551
21
1.3
0
LINE
8
BLACK
6
CONTINUOUS
10
2.474035275590551
20
1.3
11
2.4748211417322836
21
1.2925225196850394
0
LINE
8
BLACK
6
CONTINUOUS
10
2.4748211417322836
20
1.2925225196850394
11
2.4758253937007875
21
1.2894318503937008
0
LINE
8
BLACK
6
CONTINUOUS
10
2.4758253937007875
20
1.2894318503937008
11
2.4770377165354329
21
1.2857007480314961
0
LINE
8
BLACK
6
CONTINUOUS
10
2.4770377165354329
20
1.2857007480314961
11
2.4771446062992126
21
1.2853718503937008
0
LINE
8
BLACK
6
CONTINUOUS
10
2.4771446062992126
20
1.2853718503937008
11
2.4771447244094489
21
1.2853715748031496
0
LINE
8
BLACK
6
CONTINUOUS
10
2.4771447244094489
20
1.2853715748031496
11
2.4809038582677165
21
1.2788605511811024
0
LINE
8
BLACK
6
CONTINUOUS
10
2.4809038582677165
20
1.2788605511811024
11
2.4809041338582678
21
1.2788601574803149
0
LINE
8
BLACK
6
CONTINUOUS
10
2.4809041338582678
20
1.2788601574803149
11
2.4859348031496062
21
1.273273031496063
0
LINE
8
BLACK
6
CONTINUOUS
10
2.4859348031496062
20
1.273273031496063
11
2.4920175984251967
21
1.2688536220472442
0
LINE
8
BLACK
6
CONTINUOUS
10
2.4920175984251967
20
1.2688536220472442
11
2.4988862598425197
21
1.2657955118110236
0
LINE
8
BLACK
6
CONTINUOUS
10
2.4988862598425197
20
1.2657955118110236
11
2.5049651968503936
21
1.2645033858267716
0
LINE
8
BLACK
6
CONTINUOUS
10
2.5049651968503936
20
1.2645033858267716
11
2.5050227165354331
21
1.2648664173228346
0
LINE
8
BLACK
6
CONTINUOUS
10
2.5050227165354331
20
1.2648664173228346
11
2.5072595669291338
21
1.2692564566929134
0
LINE
8
BLACK
6
CONTINUOUS
10
2.5072595669291338
20
1.2692564566929134
11
2.5107435433070866
21
1.272740433070866
0
LINE
8
BLACK
6
CONTINUOUS
10
2.5107435433070866
20
1.272740433070866
11
2.5151335826771652
21
1.274977283464567
0
LINE
8
BLACK
6
CONTINUOUS
10
2.5151335826771652
20
1.274977283464567
11
2.52
21
1.275748031496063
0
LINE
8
BLACK
6
CONTINUOUS
10
2.52
20
1.275748031496063
11
2.5248664173228348
21
1.274977283464567
0
LINE
8
BLACK
6
CONTINUOUS
10
2.5248664173228348
20
1.274977283464567
11
2.5292564566929134
21
1.272740433070866
0
LINE
8
BLACK
6
CONTINUOUS
10
2.5292564566929134
20
1.272740433070866
11
2.5309714960629921
21
1.2710253543307086
0
LINE
8
BLACK
6
CONTINUOUS
10
2.5309714960629921
20
1.2710253543307086
11
2.5311552755905513
21
1.2711588976377952
0
LINE
8
BLACK
6
CONTINUOUS
10
2.5311552755905513
20
1.2711588976377952
11
2.533787874015748
21
1.2720981889763778
0
LINE
8
BLACK
6
CONTINUOUS
10
2.533787874015748
20
1.2720981889763778
11
2.5340710629921261
21
1.2721062992125984
0
LINE
8
BLACK
6
CONTINUOUS
10
2.5340710629921261
20
1.2721062992125984
11
2.9759289370078741
21
1.2721062992125984
0
LINE
8
BLACK
6
CONTINUOUS
10
2.9759289370078741
20
1.2721062992125984
11
2.9786108661417323
21
1.2713188188976379
0
LINE
8
BLACK
6
CONTINUOUS
10
2.9786108661417323
20
1.2713188188976379
11
2.9788447244094489
21
1.2711588976377952
0
LINE
8
BLACK
6
CONTINUOUS
10
2.9788447244094489
20
1.2711588976377952
11
2.9820175984251969
21
1.2688536220472442
0
LINE
8
BLACK
6
CONTINUOUS
10
2.9820175984251969
20
1.2688536220472442
11
2.9888862598425194
21
1.2657955118110236
0
LINE
8
BLACK
6
CONTINUOUS
10
2.9888862598425194
20
1.2657955118110236
11
2.9962406692913386
21
1.264232283464567
0
LINE
8
BLACK
6
CONTINUOUS
10
2.9962406692913386
20
1.264232283464567
11
3.0037593307086614
21
1.264232283464567
0
LINE
8
BLACK
6
CONTINUOUS
10
3.0037593307086614
20
1.264232283464567
11
3.0111137007874014
21
1.2657955118110236
0
LINE
8
BLACK
6
CONTINUOUS
10
3.0111137007874014
20
1.2657955118110236
11
3.0179823622047244
21
1.2688536220472442
0
LINE
8
BLACK
6
CONTINUOUS
10
3.0179823622047244
20
1.2688536220472442
11
3.0240651574803148
21
1.273273031496063
0
LINE
8
BLACK
6
CONTINUOUS
10
3.0240651574803148
20
1.273273031496063
11
3.0290958267716537
21
1.2788601574803149
0
LINE
8
BLACK
6
CONTINUOUS
10
3.0290958267716537
20
1.2788601574803149
11
3.0290961023622045
21
1.2788605511811024
0
LINE
8
BLACK
6
CONTINUOUS
10
3.0290961023622045
20
1.2788605511811024
11
3.029617598425197
21
1.2797637795275589
0
LINE
8
BLACK
6
CONTINUOUS
10
3.029617598425197
20
1.2797637795275589
11
3.0328553937007872
21
1.2853718110236221
0
LINE
8
BLACK
6
CONTINUOUS
10
3.0328553937007872
20
1.2853718110236221
11
3.0351788188976379
21
1.2925225196850394
0
LINE
8
BLACK
6
CONTINUOUS
10
3.0351788188976379
20
1.2925225196850394
11
3.0359647244094488
21
1.3
0
LINE
8
BLACK
6
CONTINUOUS
10
3.0359647244094488
20
1.3
11
3.0356936614173229
21
1.3025791732283465
0
LINE
8
BLACK
6
CONTINUOUS
10
3.0356936614173229
20
1.3025791732283465
11
3.0356543307086614
21
1.3029534251968504
0
LINE
8
BLACK
6
CONTINUOUS
10
3.0356543307086614
20
1.3029534251968504
11
3.0361572047244092
21
1.3057029527559054
0
LINE
8
BLACK
6
CONTINUOUS
10
3.0361572047244092
20
1.3057029527559054
11
3.0380667322834647
21
1.3077441338582676
0
LINE
8
BLACK
6
CONTINUOUS
10
3.0380667322834647
20
1.3077441338582676
11
3.0405877952755906
21
1.3084325196850393
0
LINE
8
BLACK
6
CONTINUOUS
10
3.0405877952755906
20
1.3084325196850393
11
3.1719864173228345
21
1.3084325196850393
0
LINE
8
BLACK
6
CONTINUOUS
10
3.1719864173228345
20
1.3084325196850393
11
3.2900196850393701
21
1.3084325196850393
0
LINE
8
BLACK
6
CONTINUOUS
10
3.2900196850393701
20
1.3084325196850393
11
3.2927016141732284
21
1.3076450393700787
0
LINE
8
BLACK
6
CONTINUOUS
10
3.2927016141732284
20
1.3076450393700787
11
3.2945320472440942
21
1.3055325984251969
0
LINE
8
BLACK
6
CONTINUOUS
10
3.2945320472440942
20
1.3055325984251969
11
3.2949803149606298
21
1.3034718897637796
0
LINE
8
BLACK
6
CONTINUOUS
10
3.2949803149606298
20
1.3034718897637796
11
3.2949803149606298
21
1.2880846456692914
0
LINE
8
BLACK
6
CONTINUOUS
10
3.2949803149606298
20
1.2880846456692914
11
3.2952365748031496
21
1.2857009055118109
0
LINE
8
BLACK
6
CONTINUOUS
10
3.2952365748031496
20
1.2857009055118109
11
3.2952366535433071
21
1.2857005905511811
0
LINE
8
BLACK
6
CONTINUOUS
10
3.2952366535433071
20
1.2857005905511811
11
3.2972484251968504
21
1.280306968503937
0
LINE
8
BLACK
6
CONTINUOUS
10
3.2972484251968504
20
1.280306968503937
11
3.2972485039370079
21
1.2803067716535432
0
LINE
8
BLACK
6
CONTINUOUS
10
3.2972485039370079
20
1.2803067716535432
11
3.3006983858267716
21
1.2756983464566929
0
LINE
8
BLACK
6
CONTINUOUS
10
3.3006983858267716
20
1.2756983464566929
11
3.3030056299212598
21
1.2739711417322834
0
LINE
8
BLACK
6
CONTINUOUS
10
3.3030056299212598
20
1.2739711417322834
11
3.3046806692913386
21
1.2717335039370079
0
LINE
8
BLACK
6
CONTINUOUS
10
3.3046806692913386
20
1.2717335039370079
11
3.3048800393700786
21
1.2689455118110236
0
LINE
8
BLACK
6
CONTINUOUS
10
3.3048800393700786
20
1.2689455118110236
11
3.303540472440945
21
1.2664922834645669
0
LINE
8
BLACK
6
CONTINUOUS
10
3.303540472440945
20
1.2664922834645669
11
3.3030056299212598
21
1.2660288582677166
0
LINE
8
BLACK
6
CONTINUOUS
10
3.3030056299212598
20
1.2660288582677166
11
3.3006983858267716
21
1.2643016141732284
0
LINE
8
BLACK
6
CONTINUOUS
10
3.3006983858267716
20
1.2643016141732284
11
3.2972485039370079
21
1.2596931889763778
0
LINE
8
BLACK
6
CONTINUOUS
10
3.2972485039370079
20
1.2596931889763778
11
3.2972484251968504
21
1.2596929921259843
0
LINE
8
BLACK
6
CONTINUOUS
10
3.2972484251968504
20
1.2596929921259843
11
3.2952366535433071
21
1.2542993700787402
0
LINE
8
BLACK
6
CONTINUOUS
10
3.2952366535433071
20
1.2542993700787402
11
3.2952365748031496
21
1.2542990551181101
0
LINE
8
BLACK
6
CONTINUOUS
10
3.2952365748031496
20
1.2542990551181101
11
3.2949803149606298
21
1.2519153149606299
0
LINE
8
BLACK
6
CONTINUOUS
10
3.2949803149606298
20
1.2519153149606299
11
3.2949803149606298
21
1.1880846456692913
0
LINE
8
BLACK
6
CONTINUOUS
10
3.2949803149606298
20
1.1880846456692913
11
3.2952365748031496
21
1.1857009055118111
0
LINE
8
BLACK
6
CONTINUOUS
10
3.2952365748031496
20
1.1857009055118111
11
3.2952366535433071
21
1.185700590551181
0
LINE
8
BLACK
6
CONTINUOUS
10
3.2952366535433071
20
1.185700590551181
11
3.2972484251968504
21
1.1803069685039369
0
LINE
8
BLACK
6
CONTINUOUS
10
3.2972484251968504
20
1.1803069685039369
11
3.2972485039370079
21
1.1803067716535434
0
LINE
8
BLACK
6
CONTINUOUS
10
3.2972485039370079
20
1.1803067716535434
11
3.3006983464566928
21
1.1756983464566928
0
LINE
8
BLACK
6
CONTINUOUS
10
3.3006983464566928
20
1.1756983464566928
11
3.3053067716535431
21
1.1722485039370079
0
LINE
8
BLACK
6
CONTINUOUS
10
3.3053067716535431
20
1.1722485039370079
11
3.3053069685039369
21
1.1722484251968504
0
LINE
8
BLACK
6
CONTINUOUS
10
3.3053069685039369
20
1.1722484251968504
11
3.310700590551181
21
1.1702366535433071
0
LINE
8
BLACK
6
CONTINUOUS
10
3.310700590551181
20
1.1702366535433071
11
3.3107009055118111
21
1.1702365748031496
0
LINE
8
BLACK
6
CONTINUOUS
10
3.3107009055118111
20
1.1702365748031496
11
3.3130846456692913
21
1.1699803149606298
0
LINE
8
BLACK
6
CONTINUOUS
10
3.3130846456692913
20
1.1699803149606298
11
3.3130851181102363
21
1.1699803149606298
0
LINE
8
BLACK
6
CONTINUOUS
10
3.3130851181102363
20
1.1699803149606298
11
3.3769153149606299
21
1.1699803149606298
0
LINE
8
BLACK
6
CONTINUOUS
10
3.3769153149606299
20
1.1699803149606298
11
3.3792990551181101
21
1.1702365748031496
0
LINE
8
BLACK
6
CONTINUOUS
10
3.3792990551181101
20
1.1702365748031496
11
3.3792993700787402
21
1.1702366535433071
0
LINE
8
BLACK
6
CONTINUOUS
10
3.3792993700787402
20
1.1702366535433071
11
3.3846929921259843
21
1.1722484251968504
0
LINE
8
BLACK
6
CONTINUOUS
10
3.3846929921259843
20
1.1722484251968504
11
3.3846931889763781
21
1.1722485039370079
0
LINE
8
BLACK
6
CONTINUOUS
10
3.3846931889763781
20
1.1722485039370079
11
3.3893016141732284
21
1.1756983858267716
0
LINE
8
BLACK
6
CONTINUOUS
10
3.3893016141732284
20
1.1756983858267716
11
3.3910288582677164
21
1.1780056299212598
0
LINE
8
BLACK
6
CONTINUOUS
10
3.3910288582677164
20
1.1780056299212598
11
3.3932664960629921
21
1.1796806692913386
0
LINE
8
BLACK
6
CONTINUOUS
10
3.3932664960629921
20
1.1796806692913386
11
3.3960544881889763
21
1.1798800393700788
0
LINE
8
BLACK
6
CONTINUOUS
10
3.3960544881889763
20
1.1798800393700788
11
3.3985077165354332
21
1.178540472440945
0
LINE
8
BLACK
6
CONTINUOUS
10
3.3985077165354332
20
1.178540472440945
11
3.3989711417322832
21
1.1780056299212598
0
LINE
8
BLACK
6
CONTINUOUS
10
3.3989711417322832
20
1.1780056299212598
11
3.4006983464566929
21
1.1756983858267716
0
LINE
8
BLACK
6
CONTINUOUS
10
3.4006983464566929
20
1.1756983858267716
11
3.4053067716535432
21
1.1722485039370079
0
LINE
8
BLACK
6
CONTINUOUS
10
3.4053067716535432
20
1.1722485039370079
11
3.405306968503937
21
1.1722484251968504
0
LINE
8
BLACK
6
CONTINUOUS
10
3.405306968503937
20
1.1722484251968504
11
3.4107005905511811
21
1.1702366535433071
0
LINE
8
BLACK
6
CONTINUOUS
10
3.4107005905511811
20
1.1702366535433071
11
3.4107009055118112
21
1.1702365748031496
0
LINE
8
BLACK
6
CONTINUOUS
10
3.4107009055118112
20
1.1702365748031496
11
3.4130846456692914
21
1.1699803149606298
0
LINE
8
BLACK
6
CONTINUOUS
10
3.4130846456692914
20
1.1699803149606298
11
3.413085118110236
21
1.1699803149606298
0
LINE
8
BLACK
6
CONTINUOUS
10
3.413085118110236
20
1.1699803149606298
11
3.47691531496063
21
1.1699803149606298
0
LINE
8
BLACK
6
CONTINUOUS
10
3.47691531496063
20
1.1699803149606298
11
3.4792990551181102
21
1.1702365748031496
0
LINE
8
BLACK
6
CONTINUOUS
10
3.4792990551181102
20
1.1702365748031496
11
3.4792993700787402
21
1.1702366535433071
0
LINE
8
BLACK
6
CONTINUOUS
10
3.4792993700787402
20
1.1702366535433071
11
3.4846929921259844
21
1.1722484251968504
0
LINE
8
BLACK
6
CONTINUOUS
10
3.4846929921259844
20
1.1722484251968504
11
3.4846931889763777
21
1.1722485039370079
0
LINE
8
BLACK
6
CONTINUOUS
10
3.4846931889763777
20
1.1722485039370079
11
3.4893016141732285
21
1.1756983464566928
0
LINE
8
BLACK
6
CONTINUOUS
10
3.4893016141732285
20
1.1756983464566928
11
3.4927514566929134
21
1.1803067716535434
0
LINE
8
BLACK
6
CONTINUOUS
10
3.4927514566929134
20
1.1803067716535434
11
3.4927515354330709
21
1.1803069685039369
0
LINE
8
BLACK
6
CONTINUOUS
10
3.4927515354330709
20
1.1803069685039369
11
3.4947633070866142
21
1.185700590551181
0
LINE
8
BLACK
6
CONTINUOUS
10
3.4947633070866142
20
1.185700590551181
11
3.4947633858267717
21
1.1857009055118111
0
LINE
8
BLACK
6
CONTINUOUS
10
3.4947633858267717
20
1.1857009055118111
11
3.4950196456692915
21
1.1880846456692913
0
LINE
8
BLACK
6
CONTINUOUS
10
3.4950196456692915
20
1.1880846456692913
11
3.4950196850393702
21
1.1880853149606299
0
LINE
8
BLACK
6
CONTINUOUS
10
3.4950196850393702
20
1.1880853149606299
11
3.4950196850393702
21
1.2519146456692913
0
LINE
8
BLACK
6
CONTINUOUS
10
3.4950196850393702
20
1.2519146456692913
11
3.4950196456692915
21
1.2519153149606299
0
LINE
8
BLACK
6
CONTINUOUS
10
3.4950196456692915
20
1.2519153149606299
11
3.4947633858267717
21
1.2542990551181101
0
LINE
8
BLACK
6
CONTINUOUS
10
3.4947633858267717
20
1.2542990551181101
11
3.4947633070866142
21
1.2542993700787402
0
LINE
8
BLACK
6
CONTINUOUS
10
3.4947633070866142
20
1.2542993700787402
11
3.4936660236220471
21
1.2572412598425196
0
LINE
8
BLACK
6
CONTINUOUS
10
3.4936660236220471
20
1.2572412598425196
11
3.4927515354330709
21
1.2596930708661418
0
LINE
8
BLACK
6
CONTINUOUS
10
3.4927515354330709
20
1.2596930708661418
11
3.4919470472440945
21
1.260767716535433
0
LINE
8
BLACK
6
CONTINUOUS
10
3.4919470472440945
20
1.260767716535433
11
3.4893016141732285
21
1.2643016141732284
0
LINE
8
BLACK
6
CONTINUOUS
10
3.4893016141732285
20
1.2643016141732284
11
3.4869943700787402
21
1.2660288188976379
0
LINE
8
BLACK
6
CONTINUOUS
10
3.4869943700787402
20
1.2660288188976379
11
3.4853192913385826
21
1.2682664566929134
0
LINE
8
BLACK
6
CONTINUOUS
10
3.4853192913385826
20
1.2682664566929134
11
3.4851199212598423
21
1.2710544881889763
0
LINE
8
BLACK
6
CONTINUOUS
10
3.4851199212598423
20
1.2710544881889763
11
3.4864594881889763
21
1.2735077165354329
0
LINE
8
BLACK
6
CONTINUOUS
10
3.4864594881889763
20
1.2735077165354329
11
3.4869943700787402
21
1.2739711811023622
0
LINE
8
BLACK
6
CONTINUOUS
10
3.4869943700787402
20
1.2739711811023622
11
3.4893016141732285
21
1.2756983464566929
0
LINE
8
BLACK
6
CONTINUOUS
10
3.4893016141732285
20
1.2756983464566929
11
3.4927514566929134
21
1.2803067716535432
0
LINE
8
BLACK
6
CONTINUOUS
10
3.4927514566929134
20
1.2803067716535432
11
3.4927515354330709
21
1.280306968503937
0
LINE
8
BLACK
6
CONTINUOUS
10
3.4927515354330709
20
1.280306968503937
11
3.4947633070866142
21
1.2857005905511811
0
LINE
8
BLACK
6
CONTINUOUS
10
3.4947633070866142
20
1.2857005905511811
11
3.4947633858267717
21
1.2857009055118109
0
LINE
8
BLACK
6
CONTINUOUS
10
3.4947633858267717
20
1.2857009055118109
11
3.4950196456692915
21
1.2880846456692914
0
LINE
8
BLACK
6
CONTINUOUS
10
3.4950196456692915
20
1.2880846456692914
11
3.4950196850393702
21
1.2880853149606299
0
LINE
8
BLACK
6
CONTINUOUS
10
3.4950196850393702
20
1.2880853149606299
11
3.4950196850393702
21
1.3519146456692912
0
LINE
8
BLACK
6
CONTINUOUS
10
3.4950196850393702
20
1.3519146456692912
11
3.4950196456692915
21
1.35191531496063
0
LINE
8
BLACK
6
CONTINUOUS
10
3.4950196456692915
20
1.35191531496063
11
3.4947633858267717
21
1.3542990551181102
0
LINE
8
BLACK
6
CONTINUOUS
10
3.4947633858267717
20
1.3542990551181102
11
3.4947633070866142
21
1.35429937007874
0
LINE
8
BLACK
6
CONTINUOUS
10
3.4947633070866142
20
1.35429937007874
11
3.4940887007874015
21
1.3561079921259842
0
LINE
8
BLACK
6
CONTINUOUS
10
3.4940887007874015
20
1.3561079921259842
11
3.4927515354330709
21
1.3596930708661417
0
LINE
8
BLACK
6
CONTINUOUS
10
3.4927515354330709
20
1.3596930708661417
11
3.4893016141732285
21
1.3643016141732283
0
LINE
8
BLACK
6
CONTINUOUS
10
3.4893016141732285
20
1.3643016141732283
11
3.4869943700787402
21
1.3660288188976377
0
LINE
8
BLACK
6
CONTINUOUS
10
3.4869943700787402
20
1.3660288188976377
11
3.4853192913385826
21
1.3682664566929132
0
LINE
8
BLACK
6
CONTINUOUS
10
3.4853192913385826
20
1.3682664566929132
11
3.4851199212598423
21
1.3710544881889764
0
LINE
8
BLACK
6
CONTINUOUS
10
3.4851199212598423
20
1.3710544881889764
11
3.4864594881889763
21
1.373507716535433
0
LINE
8
BLACK
6
CONTINUOUS
10
3.4864594881889763
20
1.373507716535433
11
3.4869943700787402
21
1.3739711811023623
0
LINE
8
BLACK
6
CONTINUOUS
10
3.4869943700787402
20
1.3739711811023623
11
3.4893016141732285
21
1.375698346456693
0
LINE
8
BLACK
6
CONTINUOUS
10
3.4893016141732285
20
1.375698346456693
11
3.4927514566929134
21
1.3803067716535433
0
LINE
8
BLACK
6
CONTINUOUS
10
3.4927514566929134
20
1.3803067716535433
11
3.4927515354330709
21
1.3803069685039371
0
LINE
8
BLACK
6
CONTINUOUS
10
3.4927515354330709
20
1.3803069685039371
11
3.4947633070866142
21
1.385700590551181
0
LINE
8
BLACK
6
CONTINUOUS
10
3.4947633070866142
20
1.385700590551181
11
3.4947633858267717
21
1.385700905511811
0
LINE
8
BLACK
6
CONTINUOUS
10
3.4947633858267717
20
1.385700905511811
11
3.4950196456692915
21
1.3880846456692912
0
LINE
8
BLACK
6
CONTINUOUS
10
3.4950196456692915
20
1.3880846456692912
11
3.4950196850393702
21
1.3880853149606298
0
LINE
8
BLACK
6
CONTINUOUS
10
3.4950196850393702
20
1.3880853149606298
11
3.4950196850393702
21
1.4519146456692913
0
LINE
8
BLACK
6
CONTINUOUS
10
3.4950196850393702
20
1.4519146456692913
11
3.4950196456692915
21
1.4519153149606299
0
LINE
8
BLACK
6
CONTINUOUS
10
3.4950196456692915
20
1.4519153149606299
11
3.4947633858267717
21
1.4542990551181103
0
LINE
8
BLACK
6
CONTINUOUS
10
3.4947633858267717
20
1.4542990551181103
11
3.4947633070866142
21
1.4542993700787401
0
LINE
8
BLACK
6
CONTINUOUS
10
3.4947633070866142
20
1.4542993700787401
11
3.4943273622047242
21
1.4554681102362204
0
LINE
8
BLACK
6
CONTINUOUS
10
3.4943273622047242
20
1.4554681102362204
11
3.4927515354330709
21
1.4596930708661418
0
LINE
8
BLACK
6
CONTINUOUS
10
3.4927515354330709
20
1.4596930708661418
11
3.4893016141732285
21
1.4643016141732283
0
LINE
8
BLACK
6
CONTINUOUS
10
3.4893016141732285
20
1.4643016141732283
11
3.4846930708661414
21
1.4677515354330708
0
LINE
8
BLACK
6
CONTINUOUS
10
3.4846930708661414
20
1.4677515354330708
11
3.479299251968504
21
1.4697633464566928
0
LINE
8
BLACK
6
CONTINUOUS
10
3.479299251968504
20
1.4697633464566928
11
3.4792991732283465
21
1.4697633464566928
0
LINE
8
BLACK
6
CONTINUOUS
10
3.4792991732283465
20
1.4697633464566928
11
3.4792990551181102
21
1.4697633858267716
0
LINE
8
BLACK
6
CONTINUOUS
10
3.4792990551181102
20
1.4697633858267716
11
3.47691531496063
21
1.4700196456692913
0
LINE
8
BLACK
6
CONTINUOUS
10
3.47691531496063
20
1.4700196456692913
11
3.476915157480315
21
1.4700196456692913
0
LINE
8
BLACK
6
CONTINUOUS
10
3.476915157480315
20
1.4700196456692913
11
3.4769148818897637
21
1.4700196850393701
0
LINE
8
BLACK
6
CONTINUOUS
10
3.4769148818897637
20
1.4700196850393701
11
3.413085118110236
21
1.4700196850393701
0
LINE
8
BLACK
6
CONTINUOUS
10
3.413085118110236
20
1.4700196850393701
11
3.4130848425196851
21
1.4700196456692913
0
LINE
8
BLACK
6
CONTINUOUS
10
3.4130848425196851
20
1.4700196456692913
11
3.4130846456692914
21
1.4700196456692913
0
LINE
8
BLACK
6
CONTINUOUS
10
3.4130846456692914
20
1.4700196456692913
11
3.4107009055118112
21
1.4697633858267716
0
LINE
8
BLACK
6
CONTINUOUS
10
3.4107009055118112
20
1.4697633858267716
11
3.4107005905511811
21
1.4697633070866141
0
LINE
8
BLACK
6
CONTINUOUS
10
3.4107005905511811
20
1.4697633070866141
11
3.4076328740157478
21
1.4686190551181102
0
LINE
8
BLACK
6
CONTINUOUS
10
3.4076328740157478
20
1.4686190551181102
11
3.4053069291338582
21
1.4677515354330708
0
LINE
8
BLACK
6
CONTINUOUS
10
3.4053069291338582
20
1.4677515354330708
11
3.4053068503937007
21
1.467751496062992
0
LINE
8
BLACK
6
CONTINUOUS
10
3.4053068503937007
20
1.467751496062992
11
3.4053067716535432
21
1.4677514566929133
0
LINE
8
BLACK
6
CONTINUOUS
10
3.4053067716535432
20
1.4677514566929133
11
3.4006983464566929
21
1.4643016141732283
0
LINE
8
BLACK
6
CONTINUOUS
10
3.4006983464566929
20
1.4643016141732283
11
3.398971181102362
21
1.4619943700787401
0
LINE
8
BLACK
6
CONTINUOUS
10
3.398971181102362
20
1.4619943700787401
11
3.3967335433070867
21
1.4603192913385827
0
LINE
8
BLACK
6
CONTINUOUS
10
3.3967335433070867
20
1.4603192913385827
11
3.3939455118110233
21
1.4601199212598426
0
LINE
8
BLACK
6
CONTINUOUS
10
3.3939455118110233
20
1.4601199212598426
11
3.3914922834645669
21
1.4614594881889764
0
LINE
8
BLACK
6
CONTINUOUS
10
3.3914922834645669
20
1.4614594881889764
11
3.3910288188976376
21
1.4619943700787401
0
LINE
8
BLACK
6
CONTINUOUS
10
3.3910288188976376
20
1.4619943700787401
11
3.3893016141732284
21
1.4643016141732283
0
LINE
8
BLACK
6
CONTINUOUS
10
3.3893016141732284
20
1.4643016141732283
11
3.3846931889763781
21
1.4677514566929133
0
LINE
8
BLACK
6
CONTINUOUS
10
3.3846931889763781
20
1.4677514566929133
11
3.3846931496062993
21
1.4677514566929133
0
LINE
8
BLACK
6
CONTINUOUS
10
3.3846931496062993
20
1.4677514566929133
11
3.3846930708661418
21
1.4677515354330708
0
LINE
8
BLACK
6
CONTINUOUS
10
3.3846930708661418
20
1.4677515354330708
11
3.3792992519685039
21
1.4697633464566928
0
LINE
8
BLACK
6
CONTINUOUS
10
3.3792992519685039
20
1.4697633464566928
11
3.3792991732283464
21
1.4697633464566928
0
LINE
8
BLACK
6
CONTINUOUS
10
3.3792991732283464
20
1.4697633464566928
11
3.3792990551181101
21
1.4697633858267716
0
LINE
8
BLACK
6
CONTINUOUS
10
3.3792990551181101
20
1.4697633858267716
11
3.3769153149606299
21
1.4700196456692913
0
LINE
8
BLACK
6
CONTINUOUS
10
3.3769153149606299
20
1.4700196456692913
11
3.3769151574803149
21
1.4700196456692913
0
LINE
8
BLACK
6
CONTINUOUS
10
3.3769151574803149
20
1.4700196456692913
11
3.3769148818897636
21
1.4700196850393701
0
LINE
8
BLACK
6
CONTINUOUS
10
3.3769148818897636
20
1.4700196850393701
11
3.3130851181102363
21
1.4700196850393701
0
LINE
8
BLACK
6
CONTINUOUS
10
3.3130851181102363
20
1.4700196850393701
11
3.313084842519685
21
1.4700196456692913
0
LINE
8
BLACK
6
CONTINUOUS
10
3.313084842519685
20
1.4700196456692913
11
3.3130846456692913
21
1.4700196456692913
0
LINE
8
BLACK
6
CONTINUOUS
10
3.3130846456692913
20
1.4700196456692913
11
3.3107009055118111
21
1.4697633858267716
0
LINE
8
BLACK
6
CONTINUOUS
10
3.3107009055118111
20
1.4697633858267716
11
3.310700590551181
21
1.4697633070866141
0
LINE
8
BLACK
6
CONTINUOUS
10
3.310700590551181
20
1.4697633070866141
11
3.3076328740157481
21
1.4686190551181102
0
LINE
8
BLACK
6
CONTINUOUS
10
3.3076328740157481
20
1.4686190551181102
11
3.3053069291338582
21
1.4677515354330708
0
LINE
8
BLACK
6
CONTINUOUS
10
3.3053069291338582
20
1.4677515354330708
11
3.3053068503937006
21
1.467751496062992
0
LINE
8
BLACK
6
CONTINUOUS
10
3.3053068503937006
20
1.467751496062992
11
3.3053067716535431
21
1.4677514566929133
0
LINE
8
BLACK
6
CONTINUOUS
10
3.3053067716535431
20
1.4677514566929133
11
3.3006983464566928
21
1.4643016141732283
0
LINE
8
BLACK
6
CONTINUOUS
10
3.3006983464566928
20
1.4643016141732283
11
3.2972485039370079
21
1.459693188976378
0
LINE
8
BLACK
6
CONTINUOUS
10
3.2972485039370079
20
1.459693188976378
11
3.2972484251968504
21
1.4596929921259842
0
LINE
8
BLACK
6
CONTINUOUS
10
3.2972484251968504
20
1.4596929921259842
11
3.2952366535433071
21
1.4542993700787401
0
LINE
8
BLACK
6
CONTINUOUS
10
3.2952366535433071
20
1.4542993700787401
11
3.2952365748031496
21
1.4542990551181103
0
LINE
8
BLACK
6
CONTINUOUS
10
3.2952365748031496
20
1.4542990551181103
11
3.2949803149606298
21
1.4519153149606299
0
LINE
8
BLACK
6
CONTINUOUS
10
3.2949803149606298
20
1.4519153149606299
11
3.2949803149606298
21
1.4228543307086614
0
LINE
8
BLACK
6
CONTINUOUS
10
3.2949803149606298
20
1.4228543307086614
11
3.2941928346456693
21
1.4201724015748032
0
LINE
8
BLACK
6
CONTINUOUS
10
3.2941928346456693
20
1.4201724015748032
11
3.2920803937007874
21
1.4183419685039369
0
LINE
8
BLACK
6
CONTINUOUS
10
3.2920803937007874
20
1.4183419685039369
11
3.2900196850393701
21
1.4178937007874015
0
LINE
8
BLACK
6
CONTINUOUS
10
3.2900196850393701
20
1.4178937007874015
11
3.108607125984252
21
1.4178937007874015
0
LINE
8
BLACK
6
CONTINUOUS
10
3.108607125984252
20
1.4178937007874015
11
3.1059251968503938
21
1.4186811811023621
0
LINE
8
BLACK
6
CONTINUOUS
10
3.1059251968503938
20
1.4186811811023621
11
3.1040947637795275
21
1.4207936220472441
0
LINE
8
BLACK
6
CONTINUOUS
10
3.1040947637795275
20
1.4207936220472441
11
3.1036969685039368
21
1.42356031496063
0
LINE
8
BLACK
6
CONTINUOUS
10
3.1036969685039368
20
1.42356031496063
11
3.104858149606299
21
1.4261028346456692
0
LINE
8
BLACK
6
CONTINUOUS
10
3.104858149606299
20
1.4261028346456692
11
3.1053854724409446
21
1.4266264173228347
0
LINE
8
BLACK
6
CONTINUOUS
10
3.1053854724409446
20
1.4266264173228347
11
3.1096938582677165
21
1.4303061023622048
0
LINE
8
BLACK
6
CONTINUOUS
10
3.1096938582677165
20
1.4303061023622048
11
3.1161351574803149
21
1.4378479133858268
0
LINE
8
BLACK
6
CONTINUOUS
10
3.1161351574803149
20
1.4378479133858268
11
3.1161351968503936
21
1.4378479921259841
0
LINE
8
BLACK
6
CONTINUOUS
10
3.1161351968503936
20
1.4378479921259841
11
3.1161352755905511
21
1.4378480708661416
0
LINE
8
BLACK
6
CONTINUOUS
10
3.1161352755905511
20
1.4378480708661416
11
3.1213175590551181
21
1.4463047637795274
0
LINE
8
BLACK
6
CONTINUOUS
10
3.1213175590551181
20
1.4463047637795274
11
3.1251131102362204
21
1.4554680708661416
0
LINE
8
BLACK
6
CONTINUOUS
10
3.1251131102362204
20
1.4554680708661416
11
3.127428464566929
21
1.4651122834645669
0
LINE
8
BLACK
6
CONTINUOUS
10
3.127428464566929
20
1.4651122834645669
11
3.1282066535433071
21
1.4749999999999999
0
LINE
8
BLACK
6
CONTINUOUS
10
3.1282066535433071
20
1.4749999999999999
11
3.127428464566929
21
1.4848877165354331
0
LINE
8
BLACK
6
CONTINUOUS
10
3.127428464566929
20
1.4848877165354331
11
3.1251131102362204
21
1.4945319291338581
0
LINE
8
BLACK
6
CONTINUOUS
10
3.1251131102362204
20
1.4945319291338581
11
3.1213175590551181
21
1.5036952362204723
0
LINE
8
BLACK
6
CONTINUOUS
10
3.1213175590551181
20
1.5036952362204723
11
3.1161352755905511
21
1.5121519291338583
0
LINE
8
BLACK
6
CONTINUOUS
10
3.1161352755905511
20
1.5121519291338583
11
3.1096938582677165
21
1.5196938582677164
0
LINE
8
BLACK
6
CONTINUOUS
10
3.1096938582677165
20
1.5196938582677164
11
3.1021519291338584
21
1.5261352755905511
0
LINE
8
BLACK
6
CONTINUOUS
10
3.1021519291338584
20
1.5261352755905511
11
3.0936952362204724
21
1.531317559055118
0
LINE
8
BLACK
6
CONTINUOUS
10
3.0936952362204724
20
1.531317559055118
11
3.084531929133858
21
1.5351131102362205
0
LINE
8
BLACK
6
CONTINUOUS
10
3.084531929133858
20
1.5351131102362205
11
3.0748877165354331
21
1.5374284645669292
0
LINE
8
BLACK
6
CONTINUOUS
10
3.0748877165354331
20
1.5374284645669292
11
3.0674756692913383
21
1.5380118110236221
0
LINE
8
BLACK
6
CONTINUOUS
10
3.0674756692913383
20
1.5380118110236221
11
3.0625243307086611
21
1.5380118110236221
0
LINE
8
BLACK
6
CONTINUOUS
10
3.0625243307086611
20
1.5380118110236221
11
3.0551122834645668
21
1.5374284645669292
0
LINE
8
BLACK
6
CONTINUOUS
10
3.0551122834645668
20
1.5374284645669292
11
3.0454680708661415
21
1.5351131102362205
0
LINE
8
BLACK
6
CONTINUOUS
10
3.0454680708661415
20
1.5351131102362205
11
3.0363047637795275
21
1.531317559055118
0
LINE
8
BLACK
6
CONTINUOUS
10
3.0363047637795275
20
1.531317559055118
11
3.0278480708661415
21
1.5261352755905511
0
LINE
8
BLACK
6
CONTINUOUS
10
3.0278480708661415
20
1.5261352755905511
11
3.027847992125984
21
1.5261351968503936
0
LINE
8
BLACK
6
CONTINUOUS
10
3.027847992125984
20
1.5261351968503936
11
3.0278479133858265
21
1.526135157480315
0
LINE
8
BLACK
6
CONTINUOUS
10
3.0278479133858265
20
1.526135157480315
11
3.0203061023622046
21
1.5196938582677164
0
LINE
8
BLACK
6
CONTINUOUS
10
3.0203061023622046
20
1.5196938582677164
11
3.0138648031496063
21
1.5121520472440944
0
LINE
8
BLACK
6
CONTINUOUS
10
3.0138648031496063
20
1.5121520472440944
11
3.0138647637795275
21
1.5121519685039371
0
LINE
8
BLACK
6
CONTINUOUS
10
3.0138647637795275
20
1.5121519685039371
11
3.008682401574803
21
1.503695157480315
0
LINE
8
BLACK
6
CONTINUOUS
10
3.008682401574803
20
1.503695157480315
11
3.0048868503937007
21
1.4945318503937008
0
LINE
8
BLACK
6
CONTINUOUS
10
3.0048868503937007
20
1.4945318503937008
11
3.0025715354330709
21
1.4848876771653543
0
LINE
8
BLACK
6
CONTINUOUS
10
3.0025715354330709
20
1.4848876771653543
11
3.0017933464566928
21
1.4749999999999999
0
LINE
8
BLACK
6
CONTINUOUS
10
3.0017933464566928
20
1.4749999999999999
11
3.0025715354330709
21
1.4651122834645669
0
LINE
8
BLACK
6
CONTINUOUS
10
3.0025715354330709
20
1.4651122834645669
11
3.0048868503937007
21
1.4554681102362204
0
LINE
8
BLACK
6
CONTINUOUS
10
3.0048868503937007
20
1.4554681102362204
11
3.008682401574803
21
1.4463048031496062
0
LINE
8
BLACK
6
CONTINUOUS
10
3.008682401574803
20
1.4463048031496062
11
3.0138647637795275
21
1.4378479921259841
0
LINE
8
BLACK
6
CONTINUOUS
10
3.0138647637795275
20
1.4378479921259841
11
3.0138648031496063
21
1.4378479133858268
0
LINE
8
BLACK
6
CONTINUOUS
10
3.0138648031496063
20
1.4378479133858268
11
3.0203061023622046
21
1.4303061023622048
0
LINE
8
BLACK
6
CONTINUOUS
10
3.0203061023622046
20
1.4303061023622048
11
3.0246145275590552
21
1.4266264173228347
0
LINE
8
BLACK
6
CONTINUOUS
10
3.0246145275590552
20
1.4266264173228347
11
3.0261424803149604
21
1.4242858661417324
0
LINE
8
BLACK
6
CONTINUOUS
10
3.0261424803149604
20
1.4242858661417324
11
3.0261624409448817
21
1.4214907874015748
0
LINE
8
BLACK
6
CONTINUOUS
10
3.0261624409448817
20
1.4214907874015748
11
3.0246680708661415
21
1.4191286220472441
0
LINE
8
BLACK
6
CONTINUOUS
10
3.0246680708661415
20
1.4191286220472441
11
3.0221338976377954
21
1.4179493700787402
0
LINE
8
BLACK
6
CONTINUOUS
10
3.0221338976377954
20
1.4179493700787402
11
3.0213928740157479
21
1.4178937007874015
0
LINE
8
BLACK
6
CONTINUOUS
10
3.0213928740157479
20
1.4178937007874015
11
2.4109929921259843
21
1.4178937007874015
0
LINE
8
BLACK
6
CONTINUOUS
10
2.4109929921259843
20
1.4178937007874015
11
2.4106935433070866
21
1.417902716535433
0
LINE
8
BLACK
6
CONTINUOUS
10
2.4106935433070866
20
1.417902716535433
11
2.408303464566929
21
1.4180473228346457
0
LINE
8
BLACK
6
CONTINUOUS
10
2.408303464566929
20
1.4180473228346457
11
2.4059472047244093
21
1.4176155118110236
0
LINE
8
BLACK
6
CONTINUOUS
10
2.4059472047244093
20
1.4176155118110236
11
2.4056534251968502
21
1.4175707874015748
0
LINE
8
BLACK
6
CONTINUOUS
10
2.4056534251968502
20
1.4175707874015748
11
2.4032755511811024
21
1.4172820866141731
0
LINE
8
BLACK
6
CONTINUOUS
10
2.4032755511811024
20
1.4172820866141731
11
2.4032754724409449
21
1.4172820472440943
0
LINE
8
BLACK
6
CONTINUOUS
10
2.4032754724409449
20
1.4172820472440943
11
2.4032753937007874
21
1.4172820472440943
0
LINE
8
BLACK
6
CONTINUOUS
10
2.4032753937007874
20
1.4172820472440943
11
2.4029003149606298
21
1.4171398031496063
0
LINE
8
BLACK
6
CONTINUOUS
10
2.4029003149606298
20
1.4171398031496063
11
2.402035590551181
21
1.4168987007874014
0
LINE
8
BLACK
6
CONTINUOUS
10
2.402035590551181
20
1.4168987007874014
11
2.4016405905511808
21
1.4168263385826771
0
LINE
8
BLACK
6
CONTINUOUS
10
2.4016405905511808
20
1.4168263385826771
11
2.4002117716535434
21
1.4161832677165354
0
LINE
8
BLACK
6
CONTINUOUS
10
2.4002117716535434
20
1.4161832677165354
11
2.3994570078740156
21
1.4158435826771654
0
LINE
8
BLACK
6
CONTINUOUS
10
2.3994570078740156
20
1.4158435826771654
11
2.3991801574803149
21
1.4157289370078741
0
LINE
8
BLACK
6
CONTINUOUS
10
2.3991801574803149
20
1.4157289370078741
11
2.3969422047244096
21
1.4148801968503937
0
LINE
8
BLACK
6
CONTINUOUS
10
2.3969422047244096
20
1.4148801968503937
11
2.3969420866141733
21
1.4148801181102362
0
LINE
8
BLACK
6
CONTINUOUS
10
2.3969420866141733
20
1.4148801181102362
11
2.3969419291338583
21
1.4148800787401574
0
LINE
8
BLACK
6
CONTINUOUS
10
2.3969419291338583
20
1.4148800787401574
11
2.396941811023622
21
1.4148799999999999
0
LINE
8
BLACK
6
CONTINUOUS
10
2.396941811023622
20
1.4148799999999999
11
2.3969417322834645
21
1.4148799606299212
0
LINE
8
BLACK
6
CONTINUOUS
10
2.3969417322834645
20
1.4148799606299212
11
2.3966116141732283
21
1.4146520866141732
0
LINE
8
BLACK
6
CONTINUOUS
10
2.3966116141732283
20
1.4146520866141732
11
2.3958295275590551
21
1.4142109448818898
0
LINE
8
BLACK
6
CONTINUOUS
10
2.3958295275590551
20
1.4142109448818898
11
2.3954635433070868
21
1.4140462598425196
0
LINE
8
BLACK
6
CONTINUOUS
10
2.3954635433070868
20
1.4140462598425196
11
2.395463503937008
21
1.4140462204724409
0
LINE
8
BLACK
6
CONTINUOUS
10
2.395463503937008
20
1.4140462204724409
11
2.3935787007874016
21
1.4125695669291338
0
LINE
8
BLACK
6
CONTINUOUS
10
2.3935787007874016
20
1.4125695669291338
11
2.3933373228346455
21
1.412391968503937
0
LINE
8
BLACK
6
CONTINUOUS
10
2.3933373228346455
20
1.412391968503937
11
2.3913672047244092
21
1.4110320866141732
0
LINE
8
BLACK
6
CONTINUOUS
10
2.3913672047244092
20
1.4110320866141732
11
2.391367086614173
21
1.411031968503937
0
LINE
8
BLACK
6
CONTINUOUS
10
2.391367086614173
20
1.411031968503937
11
2.3897790157480316
21
1.4092394488188975
0
LINE
8
BLACK
6
CONTINUOUS
10
2.3897790157480316
20
1.4092394488188975
11
2.3895736614173226
21
1.4090212992125983
0
LINE
8
BLACK
6
CONTINUOUS
10
2.3895736614173226
20
1.4090212992125983
11
2.3773805511811021
21
1.3968281889763778
0
LINE
8
BLACK
6
CONTINUOUS
10
2.3773805511811021
20
1.3968281889763778
11
2.3749273228346457
21
1.3954885826771652
0
LINE
8
BLACK
6
CONTINUOUS
10
2.3749273228346457
20
1.3954885826771652
11
2.3749158661417322
21
1.3954861023622047
0
LINE
8
BLACK
6
CONTINUOUS
10
2.3749158661417322
20
1.3954861023622047
11
2.3688862992125985
21
1.3942044881889764
0
LINE
8
BLACK
6
CONTINUOUS
10
2.3688862992125985
20
1.3942044881889764
11
2.3620176377952755
21
1.391146377952756
0
LINE
8
BLACK
6
CONTINUOUS
10
2.3620176377952755
20
1.391146377952756
11
2.3583464173228346
21
1.3884790551181101
0
LINE
8
BLACK
6
CONTINUOUS
10
2.3583464173228346
20
1.3884790551181101
11
2.3559348031496063
21
1.3867269291338582
0
LINE
8
BLACK
6
CONTINUOUS
10
2.3559348031496063
20
1.3867269291338582
11
2.3509041338582675
21
1.3811398031496063
0
LINE
8
BLACK
6
CONTINUOUS
10
2.3509041338582675
20
1.3811398031496063
11
2.3509038582677166
21
1.381139409448819
0
LINE
8
BLACK
6
CONTINUOUS
10
2.3509038582677166
20
1.381139409448819
11
2.3492864173228347
21
1.3783379133858267
0
LINE
8
BLACK
6
CONTINUOUS
10
2.3492864173228347
20
1.3783379133858267
11
2.3471446062992127
21
1.3746281889763778
0
LINE
8
BLACK
6
CONTINUOUS
10
2.3471446062992127
20
1.3746281889763778
11
2.3467805511811024
21
1.373507716535433
0
LINE
8
BLACK
6
CONTINUOUS
10
2.3467805511811024
20
1.373507716535433
11
2.3448211417322833
21
1.3674774409448818
0
LINE
8
BLACK
6
CONTINUOUS
10
2.3448211417322833
20
1.3674774409448818
11
2.3440352755905511
21
1.3599999999999999
0
LINE
8
BLACK
6
CONTINUOUS
10
2.3440352755905511
20
1.3599999999999999
11
2.3448211417322833
21
1.3525225196850394
0
LINE
8
BLACK
6
CONTINUOUS
10
0.457321968503937
20
1.3547820078740158
11
0.4550566929133858
21
1.3632360629921259
0
LINE
8
BLACK
6
CONTINUOUS
10
0.4550566929133858
20
1.3632360629921259
11
0.4513577952755906
21
1.3711683464566928
0
LINE
8
BLACK
6
CONTINUOUS
10
0.4513577952755906
20
1.3711683464566928
11
0.4463376771653543
21
1.3783378346456692
0
LINE
8
BLACK
6
CONTINUOUS
10
0.4463376771653543
20
1.3783378346456692
11
0.4401488582677165
21
1.384526653543307
0
LINE
8
BLACK
6
CONTINUOUS
10
0.4401488582677165
20
1.384526653543307
11
0.4329794094488189
21
1.3895467716535432
0
LINE
8
BLACK
6
CONTINUOUS
10
0.4329794094488189
20
1.3895467716535432
11
0.4250470866141732
21
1.3932456692913386
0
LINE
8
BLACK
6
CONTINUOUS
10
0.4250470866141732
20
1.3932456692913386
11
0.416593031496063
21
1.3955109448818896
0
LINE
8
BLACK
6
CONTINUOUS
10
0.416593031496063
20
1.3955109448818896
11
0.4078740157480315
21
1.3962737401574803
0
LINE
8
BLACK
6
CONTINUOUS
10
0.4078740157480315
20
1.3962737401574803
11
0.399155
21
1.3955109448818896
0
LINE
8
BLACK
6
CONTINUOUS
10
0.399155
20
1.3955109448818896
11
0.3907009448818898
21
1.3932456692913386
0
LINE
8
BLACK
6
CONTINUOUS
10
0.3907009448818898
20
1.3932456692913386
11
0.3827686614173229
21
1.3895467716535432
0
LINE
8
BLACK
6
CONTINUOUS
10
0.3827686614173229
20
1.3895467716535432
11
0.3755991732283465
21
1.384526653543307
0
LINE
8
BLACK
6
CONTINUOUS
10
0.3755991732283465
20
1.384526653543307
11
0.3755990551181102
21
1.3845265354330709
0
LINE
8
BLACK
6
CONTINUOUS
10
0.3755990551181102
20
1.3845265354330709
11
0.3694104330708661
21
1.3783379133858267
0
LINE
8
BLACK
6
CONTINUOUS
10
0.3694104330708661
20
1.3783379133858267
11
0.3694102362204724
21
1.3783376771653544
0
LINE
8
BLACK
6
CONTINUOUS
10
0.3694102362204724
20
1.3783376771653544
11
0.3684866535433071
21
1.3770186614173228
0
LINE
8
BLACK
6
CONTINUOUS
10
0.3684866535433071
20
1.3770186614173228
11
0.3643902362204725
21
1.3711683464566928
0
LINE
8
BLACK
6
CONTINUOUS
10
0.3643902362204725
20
1.3711683464566928
11
0.3606913385826772
21
1.3632360629921259
0
LINE
8
BLACK
6
CONTINUOUS
10
0.3606913385826772
20
1.3632360629921259
11
0.358426062992126
21
1.3547820078740158
0
LINE
8
BLACK
6
CONTINUOUS
10
0.358426062992126
20
1.3547820078740158
11
0.3576632677165354
21
1.3460629921259841
0
LINE
8
BLACK
6
CONTINUOUS
10
0.3576632677165354
20
1.3460629921259841
11
0.358426062992126
21
1.3373439763779527
0
LINE
8
BLACK
6
CONTINUOUS
10
0.358426062992126
20
1.3373439763779527
11
0.3595168897637795
21
1.333273031496063
0
LINE
8
BLACK
6
CONTINUOUS
10
0.3595168897637795
20
1.333273031496063
11
0.3606912992125984
21
1.3288899999999999
0
LINE
8
BLACK
6
CONTINUOUS
10
0.3606912992125984
20
1.3288899999999999
11
0.3606913779527559
21
1.3288897637795276
0
LINE
8
BLACK
6
CONTINUOUS
10
0.3606913779527559
20
1.3288897637795276
11
0.3643901968503937
21
1.3209576377952756
0
LINE
8
BLACK
6
CONTINUOUS
10
0.3643901968503937
20
1.3209576377952756
11
0.3643902362204725
21
1.3209575590551181
0
LINE
8
BLACK
6
CONTINUOUS
10
0.3643902362204725
20
1.3209575590551181
11
0.3694100787401575
21
1.3137884645669291
0
LINE
8
BLACK
6
CONTINUOUS
10
0.3694100787401575
20
1.3137884645669291
11
0.3694104330708661
21
1.313788031496063
0
LINE
8
BLACK
6
CONTINUOUS
10
0.3694104330708661
20
1.313788031496063
11
0.3755990551181102
21
1.3075994094488188
0
LINE
8
BLACK
6
CONTINUOUS
10
0.3755990551181102
20
1.3075994094488188
11
0.3755994881889764
21
1.3075990551181103
0
LINE
8
BLACK
6
CONTINUOUS
10
0.3755994881889764
20
1.3075990551181103
11
0.3827685826771653
21
1.3025792125984252
0
LINE
8
BLACK
6
CONTINUOUS
10
0.3827685826771653
20
1.3025792125984252
11
0.3827686614173229
21
1.3025791732283465
0
LINE
8
BLACK
6
CONTINUOUS
10
0.3827686614173229
20
1.3025791732283465
11
0.3907007874015748
21
1.2988803543307086
0
LINE
8
BLACK
6
CONTINUOUS
10
0.3907007874015748
20
1.2988803543307086
11
0.3907010236220472
21
1.2988802755905511
0
LINE
8
BLACK
6
CONTINUOUS
10
0.3907010236220472
20
1.2988802755905511
11
0.3946245275590551
21
1.2978289763779527
0
LINE
8
BLACK
6
CONTINUOUS
10
0.3946245275590551
20
1.2978289763779527
11
0.399155
21
1.2966150393700786
0
LINE
8
BLACK
6
CONTINUOUS
10
0.399155
20
1.2966150393700786
11
0.4078740157480315
21
1.2958522440944882
0
LINE
8
BLACK
6
CONTINUOUS
10
0.4078740157480315
20
1.2958522440944882
11
0.416593031496063
21
1.2966150393700786
0
LINE
8
BLACK
6
CONTINUOUS
10
0.416593031496063
20
1.2966150393700786
11
0.4233887401574803
21
1.2984359448818896
0
LINE
8
BLACK
6
CONTINUOUS
10
0.4233887401574803
20
1.2984359448818896
11
0.425046968503937
21
1.2988802755905511
0
LINE
8
BLACK
6
CONTINUOUS
10
0.425046968503937
20
1.2988802755905511
11
0.4250472047244094
21
1.2988803543307086
0
LINE
8
BLACK
6
CONTINUOUS
10
0.4250472047244094
20
1.2988803543307086
11
0.4329793307086614
21
1.3025791732283465
0
LINE
8
BLACK
6
CONTINUOUS
10
0.4329793307086614
20
1.3025791732283465
11
0.4329794094488189
21
1.3025792125984252
0
LINE
8
BLACK
6
CONTINUOUS
10
0.4329794094488189
20
1.3025792125984252
11
0.4401485039370079
21
1.3075990551181103
0
LINE
8
BLACK
6
CONTINUOUS
10
0.4401485039370079
20
1.3075990551181103
11
0.440148937007874
21
1.3075994094488188
0
LINE
8
BLACK
6
CONTINUOUS
10
0.440148937007874
20
1.3075994094488188
11
0.4463375590551181
21
1.313788031496063
0
LINE
8
BLACK
6
CONTINUOUS
10
0.4463375590551181
20
1.313788031496063
11
0.4463376771653543
21
1.3137881496062991
0
LINE
8
BLACK
6
CONTINUOUS
10
0.4463376771653543
20
1.3137881496062991
11
0.4464638188976378
21
1.3139682677165354
0
LINE
8
BLACK
6
CONTINUOUS
10
0.4464638188976378
20
1.3139682677165354
11
0.4510921653543307
21
1.3205782283464567
0
LINE
8
BLACK
6
CONTINUOUS
10
0.4510921653543307
20
1.3205782283464567
11
0.4513577952755906
21
1.3209575984251969
0
LINE
8
BLACK
6
CONTINUOUS
10
0.4513577952755906
20
1.3209575984251969
11
0.4550566929133858
21
1.3288899212598424
0
LINE
8
BLACK
6
CONTINUOUS
10
0.4550566929133858
20
1.3288899212598424
11
0.457321968503937
21
1.3373439763779527
0
LINE
8
BLACK
6
CONTINUOUS
10
0.457321968503937
20
1.3373439763779527
11
0.4580847637795276
21
1.3460629921259841
0
LINE
8
BLACK
6
CONTINUOUS
10
0.4580847637795276
20
1.3460629921259841
11
0.457321968503937
21
1.3547820078740158
0
LINE
8
BLACK
6
CONTINUOUS
10
0.5552764566929134
20
1.3373439763779527
11
0.5563672834645669
21
1.333273031496063
0
LINE
8
BLACK
6
CONTINUOUS
10
0.5563672834645669
20
1.333273031496063
11
0.5575416929133858
21
1.3288899999999999
0
LINE
8
BLACK
6
CONTINUOUS
10
0.5575416929133858
20
1.3288899999999999
11
0.5575417716535433
21
1.3288897637795276
0
LINE
8
BLACK
6
CONTINUOUS
10
0.5575417716535433
20
1.3288897637795276
11
0.5612405905511811
21
1.3209576377952756
0
LINE
8
BLACK
6
CONTINUOUS
10
0.5612405905511811
20
1.3209576377952756
11
0.5612406299212598
21
1.3209575590551181
0
LINE
8
BLACK
6
CONTINUOUS
10
0.5612406299212598
20
1.3209575590551181
11
0.5662604724409449
21
1.3137884645669291
0
LINE
8
BLACK
6
CONTINUOUS
10
0.5662604724409449
20
1.3137884645669291
11
0.5662608267716536
21
1.313788031496063
0
LINE
8
BLACK
6
CONTINUOUS
10
0.5662608267716536
20
1.313788031496063
11
0.5724494488188976
21
1.3075994094488188
0
LINE
8
BLACK
6
CONTINUOUS
10
0.5724494488188976
20
1.3075994094488188
11
0.5724498818897638
21
1.3075990551181103
0
LINE
8
BLACK
6
CONTINUOUS
10
0.5724498818897638
20
1.3075990551181103
11
0.5796189763779528
21
1.3025792125984252
0
LINE
8
BLACK
6
CONTINUOUS
10
0.5796189763779528
20
1.3025792125984252
11
0.5796190551181102
21
1.3025791732283465
0
LINE
8
BLACK
6
CONTINUOUS
10
0.5796190551181102
20
1.3025791732283465
11
0.5875511811023622
21
1.2988803543307086
0
LINE
8
BLACK
6
CONTINUOUS
10
0.5875511811023622
20
1.2988803543307086
11
0.5875514173228347
21
1.2988802755905511
0
LINE
8
BLACK
6
CONTINUOUS
10
0.5875514173228347
20
1.2988802755905511
11
0.5914749212598425
21
1.2978289763779527
0
LINE
8
BLACK
6
CONTINUOUS
10
0.5914749212598425
20
1.2978289763779527
11
0.5960053937007874
21
1.2966150393700786
0
LINE
8
BLACK
6
CONTINUOUS
10
0.5960053937007874
20
1.2966150393700786
11
0.6047244094488189
21
1.2958522440944882
0
LINE
8
BLACK
6
CONTINUOUS
10
0.6047244094488189
20
1.2958522440944882
11
0.6134434251968504
21
1.2966150393700786
0
LINE
8
BLACK
6
CONTINUOUS
10
0.6134434251968504
20
1.2966150393700786
11
0.6202391338582677
21
1.2984359448818896
0
LINE
8
BLACK
6
CONTINUOUS
10
0.6202391338582677
20
1.2984359448818896
11
0.6218973622047244
21
1.2988802755905511
0
LINE
8
BLACK
6
CONTINUOUS
10
0.6218973622047244
20
1.2988802755905511
11
0.6218975984251969
21
1.2988803543307086
0
LINE
8
BLACK
6
CONTINUOUS
10
0.6218975984251969
20
1.2988803543307086
11
0.6298297244094488
21
1.3025791732283465
0
LINE
8
BLACK
6
CONTINUOUS
10
0.6298297244094488
20
1.3025791732283465
11
0.6298298031496062
21
1.3025792125984252
0
LINE
8
BLACK
6
CONTINUOUS
10
0.6298298031496062
20
1.3025792125984252
11
0.6369988976377953
21
1.3075990551181103
0
LINE
8
BLACK
6
CONTINUOUS
10
0.6369988976377953
20
1.3075990551181103
11
0.6369993307086614
21
1.3075994094488188
0
LINE
8
BLACK
6
CONTINUOUS
10
0.6369993307086614
20
1.3075994094488188
11
0.6431879527559055
21
1.313788031496063
0
LINE
8
BLACK
6
CONTINUOUS
10
0.6431879527559055
20
1.313788031496063
11
0.6431880708661417
21
1.3137881496062991
0
LINE
8
BLACK
6
CONTINUOUS
10
0.6431880708661417
20
1.3137881496062991
11
0.6433142125984251
21
1.3139682677165354
0
LINE
8
BLACK
6
CONTINUOUS
10
0.6433142125984251
20
1.3139682677165354
11
0.6479425590551181
21
1.3205782283464567
0
LINE
8
BLACK
6
CONTINUOUS
10
0.6479425590551181
20
1.3205782283464567
11
0.6482081889763779
21
1.3209575984251969
0
LINE
8
BLACK
6
CONTINUOUS
10
0.6482081889763779
20
1.3209575984251969
11
0.6519070866141732
21
1.3288899212598424
0
LINE
8
BLACK
6
CONTINUOUS
10
0.6519070866141732
20
1.3288899212598424
11
0.6541723622047244
21
1.3373439763779527
0
LINE
8
BLACK
6
CONTINUOUS
10
0.6541723622047244
20
1.3373439763779527
11
0.6549351574803149
21
1.3460629921259841
0
LINE
8
BLACK
6
CONTINUOUS
10
0.6549351574803149
20
1.3460629921259841
11
0.6541723622047244
21
1.3547820078740158
0
LINE
8
BLACK
6
CONTINUOUS
10
0.6541723622047244
20
1.3547820078740158
11
0.6519070866141732
21
1.3632360629921259
0
LINE
8
BLACK
6
CONTINUOUS
10
0.6519070866141732
20
1.3632360629921259
11
0.6482081889763779
21
1.3711683464566928
0
LINE
8
BLACK
6
CONTINUOUS
10
0.6482081889763779
20
1.3711683464566928
11
0.6431880708661417
21
1.3783378346456692
0
LINE
8
BLACK
6
CONTINUOUS
10
0.6431880708661417
20
1.3783378346456692
11
0.6369992519685039
21
1.384526653543307
0
LINE
8
BLACK
6
CONTINUOUS
10
0.6369992519685039
20
1.384526653543307
11
0.6298298031496062
21
1.3895467716535432
0
LINE
8
BLACK
6
CONTINUOUS
10
0.6298298031496062
20
1.3895467716535432
11
0.6218974803149606
21
1.3932456692913386
0
LINE
8
BLACK
6
CONTINUOUS
10
0.6218974803149606
20
1.3932456692913386
11
0.6134434251968504
21
1.3955109448818896
0
LINE
8
BLACK
6
CONTINUOUS
10
0.6134434251968504
20
1.3955109448818896
11
0.6047244094488189
21
1.3962737401574803
0
LINE
8
BLACK
6
CONTINUOUS
10
0.6047244094488189
20
1.3962737401574803
11
0.5960053937007874
21
1.3955109448818896
0
LINE
8
BLACK
6
CONTINUOUS
10
0.5960053937007874
20
1.3955109448818896
11
0.5875513385826772
21
1.3932456692913386
0
LINE
8
BLACK
6
CONTINUOUS
10
0.5875513385826772
20
1.3932456692913386
11
0.5796190551181102
21
1.3895467716535432
0
LINE
8
BLACK
6
CONTINUOUS
10
0.5796190551181102
20
1.3895467716535432
11
0.5724495669291338
21
1.384526653543307
0
LINE
8
BLACK
6
CONTINUOUS
10
0.5724495669291338
20
1.384526653543307
11
0.5724494488188976
21
1.3845265354330709
0
LINE
8
BLACK
6
CONTINUOUS
10
0.5724494488188976
20
1.3845265354330709
11
0.5662608267716536
21
1.3783379133858267
0
LINE
8
BLACK
6
CONTINUOUS
10
0.5662608267716536
20
1.3783379133858267
11
0.5662606299212598
21
1.3783376771653544
0
LINE
8
BLACK
6
CONTINUOUS
10
0.5662606299212598
20
1.3783376771653544
11
0.5654114566929134
21
1.3771249212598424
0
LINE
8
BLACK
6
CONTINUOUS
10
0.5654114566929134
20
1.3771249212598424
11
0.565748031496063
21
1.375
0
LINE
8
BLACK
6
CONTINUOUS
10
0.565748031496063
20
1.375
11
0.5649772834645669
21
1.3701335826771652
0
LINE
8
BLACK
6
CONTINUOUS
10
0.5649772834645669
20
1.3701335826771652
11
0.5627404330708661
21
1.3657435433070866
0
LINE
8
BLACK
6
CONTINUOUS
10
0.5627404330708661
20
1.3657435433070866
11
0.5592564566929134
21
1.3622595669291337
0
LINE
8
BLACK
6
CONTINUOUS
10
0.5592564566929134
20
1.3622595669291337
11
0.5569675590551181
21
1.3610933070866142
0
LINE
8
BLACK
6
CONTINUOUS
10
0.5569675590551181
20
1.3610933070866142
11
0.5552764566929134
21
1.3547820078740158
0
LINE
8
BLACK
6
CONTINUOUS
10
0.5552764566929134
20
1.3547820078740158
11
0.5545136614173228
21
1.3460629921259841
0
LINE
8
BLACK
6
CONTINUOUS
10
0.5545136614173228
20
1.3460629921259841
11
0.5552764566929134
21
1.3373439763779527
0
LINE
8
BLACK
6
CONTINUOUS
10
1.9348969291338582
20
1.3513592913385826
11
1.9371417716535433
21
1.342981496062992
0
LINE
8
BLACK
6
CONTINUOUS
10
1.9371417716535433
20
1.342981496062992
11
1.9371418503937008
21
1.3429812992125985
0
LINE
8
BLACK
6
CONTINUOUS
10
1.9371418503937008
20
1.3429812992125985
11
1.9408074015748031
21
1.3351205118110236
0
LINE
8
BLACK
6
CONTINUOUS
10
1.9408074015748031
20
1.3351205118110236
11
1.9408074409448819
21
1.3351204330708661
0
LINE
8
BLACK
6
CONTINUOUS
10
1.9408074409448819
20
1.3351204330708661
11
1.9457821259842518
21
1.3280158267716535
0
LINE
8
BLACK
6
CONTINUOUS
10
1.9457821259842518
20
1.3280158267716535
11
1.9457824803149606
21
1.3280153937007875
0
LINE
8
BLACK
6
CONTINUOUS
10
1.9457824803149606
20
1.3280153937007875
11
1.9519153937007874
21
1.3218824803149607
0
LINE
8
BLACK
6
CONTINUOUS
10
1.9519153937007874
20
1.3218824803149607
11
1.9519158267716534
21
1.3218821259842519
0
LINE
8
BLACK
6
CONTINUOUS
10
1.9519158267716534
20
1.3218821259842519
11
1.959020433070866
21
1.3169074409448818
0
LINE
8
BLACK
6
CONTINUOUS
10
1.959020433070866
20
1.3169074409448818
11
1.9590205118110235
21
1.316907401574803
0
LINE
8
BLACK
6
CONTINUOUS
10
1.9590205118110235
20
1.316907401574803
11
1.9668812992125984
21
1.3132418503937007
0
LINE
8
BLACK
6
CONTINUOUS
10
1.9668812992125984
20
1.3132418503937007
11
1.9668814960629921
21
1.3132417716535432
0
LINE
8
BLACK
6
CONTINUOUS
10
1.9668814960629921
20
1.3132417716535432
11
1.9752592913385827
21
1.3109969291338583
0
LINE
8
BLACK
6
CONTINUOUS
10
1.9752592913385827
20
1.3109969291338583
11
1.9839
21
1.3102409842519684
0
LINE
8
BLACK
6
CONTINUOUS
10
1.9839
20
1.3102409842519684
11
1.9925406692913386
21
1.3109969291338583
0
LINE
8
BLACK
6
CONTINUOUS
10
1.9925406692913386
20
1.3109969291338583
11
2.0009184645669289
21
1.3132417716535432
0
LINE
8
BLACK
6
CONTINUOUS
10
2.0009184645669289
20
1.3132417716535432
11
2.0009185039370077
21
1.3132417716535432
0
LINE
8
BLACK
6
CONTINUOUS
10
2.0009185039370077
20
1.3132417716535432
11
2.0009185826771652
21
1.3132418110236219
0
LINE
8
BLACK
6
CONTINUOUS
10
2.0009185826771652
20
1.3132418110236219
11
2.0087795275590552
21
1.3169074409448818
0
LINE
8
BLACK
6
CONTINUOUS
10
2.0087795275590552
20
1.3169074409448818
11
2.0158841338582678
21
1.3218821259842519
0
LINE
8
BLACK
6
CONTINUOUS
10
2.0158841338582678
20
1.3218821259842519
11
2.0158845669291336
21
1.3218824803149607
0
LINE
8
BLACK
6
CONTINUOUS
10
2.0158845669291336
20
1.3218824803149607
11
2.0220174803149606
21
1.3280153937007875
0
LINE
8
BLACK
6
CONTINUOUS
10
2.0220174803149606
20
1.3280153937007875
11
2.0220175984251969
21
1.3280155118110235
0
LINE
8
BLACK
6
CONTINUOUS
10
2.0220175984251969
20
1.3280155118110235
11
2.0269925590551181
21
1.3351204724409449
0
LINE
8
BLACK
6
CONTINUOUS
10
2.0269925590551181
20
1.3351204724409449
11
2.030658188976378
21
1.3429814173228347
0
LINE
8
BLACK
6
CONTINUOUS
10
2.030658188976378
20
1.3429814173228347
11
2.0329030708661415
21
1.3513594488188976
0
LINE
8
BLACK
6
CONTINUOUS
10
2.0329030708661415
20
1.3513594488188976
11
2.0336590157480314
21
1.3599999999999999
0
LINE
8
BLACK
6
CONTINUOUS
10
2.0336590157480314
20
1.3599999999999999
11
2.0329030708661415
21
1.3686405511811024
0
LINE
8
BLACK
6
CONTINUOUS
10
2.0329030708661415
20
1.3686405511811024
11
2.030658188976378
21
1.3770185826771653
0
LINE
8
BLACK
6
CONTINUOUS
10
2.030658188976378
20
1.3770185826771653
11
2.0269925590551181
21
1.3848794881889763
0
LINE
8
BLACK
6
CONTINUOUS
10
2.0269925590551181
20
1.3848794881889763
11
2.0220175984251969
21
1.3919844881889762
0
LINE
8
BLACK
6
CONTINUOUS
10
2.0220175984251969
20
1.3919844881889762
11
2.0158844881889761
21
1.3981175984251968
0
LINE
8
BLACK
6
CONTINUOUS
10
2.0158844881889761
20
1.3981175984251968
11
2.0087795275590552
21
1.403092559055118
0
LINE
8
BLACK
6
CONTINUOUS
10
2.0087795275590552
20
1.403092559055118
11
2.0009185826771652
21
1.4067581889763778
0
LINE
8
BLACK
6
CONTINUOUS
10
2.0009185826771652
20
1.4067581889763778
11
1.9925405511811023
21
1.4090030708661416
0
LINE
8
BLACK
6
CONTINUOUS
10
1.9925405511811023
20
1.4090030708661416
11
1.9839
21
1.4097590157480315
0
LINE
8
BLACK
6
CONTINUOUS
10
1.9839
20
1.4097590157480315
11
1.9752594488188977
21
1.4090030708661416
0
LINE
8
BLACK
6
CONTINUOUS
10
1.9752594488188977
20
1.4090030708661416
11
1.9668814173228346
21
1.4067581889763778
0
LINE
8
BLACK
6
CONTINUOUS
10
1.9668814173228346
20
1.4067581889763778
11
1.9590205118110235
21
1.403092559055118
0
LINE
8
BLACK
6
CONTINUOUS
10
1.9590205118110235
20
1.403092559055118
11
1.9519155118110236
21
1.3981175984251968
0
LINE
8
BLACK
6
CONTINUOUS
10
1.9519155118110236
20
1.3981175984251968
11
1.9519153937007874
21
1.3981174803149605
0
LINE
8
BLACK
6
CONTINUOUS
10
1.9519153937007874
20
1.3981174803149605
11
1.9457824803149606
21
1.3919845669291337
0
LINE
8
BLACK
6
CONTINUOUS
10
1.9457824803149606
20
1.3919845669291337
11
1.9457822834645668
21
1.3919843307086615
0
LINE
8
BLACK
6
CONTINUOUS
10
1.9457822834645668
20
1.3919843307086615
11
1.9408074409448819
21
1.3848794881889763
0
LINE
8
BLACK
6
CONTINUOUS
10
1.9408074409448819
20
1.3848794881889763
11
1.9371418503937008
21
1.3770186614173228
0
LINE
8
BLACK
6
CONTINUOUS
10
1.9371418503937008
20
1.3770186614173228
11
1.9371417716535433
21
1.377018464566929
0
LINE
8
BLACK
6
CONTINUOUS
10
1.9371417716535433
20
1.377018464566929
11
1.9348969291338582
21
1.3686406692913387
0
LINE
8
BLACK
6
CONTINUOUS
10
1.9348969291338582
20
1.3686406692913387
11
1.9341409842519686
21
1.3599999999999999
0
LINE
8
BLACK
6
CONTINUOUS
10
1.9341409842519686
20
1.3599999999999999
11
1.9348969291338582
21
1.3513592913385826
0
LINE
8
BLACK
6
CONTINUOUS
10
2.1270969291338582
20
1.3513592913385826
11
2.1293417716535434
21
1.342981496062992
0
LINE
8
BLACK
6
CONTINUOUS
10
2.1293417716535434
20
1.342981496062992
11
2.1293418503937009
21
1.3429812992125985
0
LINE
8
BLACK
6
CONTINUOUS
10
2.1293418503937009
20
1.3429812992125985
11
2.1330074015748033
21
1.3351205118110236
0
LINE
8
BLACK
6
CONTINUOUS
10
2.1330074015748033
20
1.3351205118110236
11
2.133007440944882
21
1.3351204330708661
0
LINE
8
BLACK
6
CONTINUOUS
10
2.133007440944882
20
1.3351204330708661
11
2.137982125984252
21
1.3280158267716535
0
LINE
8
BLACK
6
CONTINUOUS
10
2.137982125984252
20
1.3280158267716535
11
2.1379824803149607
21
1.3280153937007875
0
LINE
8
BLACK
6
CONTINUOUS
10
2.1379824803149607
20
1.3280153937007875
11
2.1441153937007873
21
1.3218824803149607
0
LINE
8
BLACK
6
CONTINUOUS
10
2.1441153937007873
20
1.3218824803149607
11
2.1441158267716536
21
1.3218821259842519
0
LINE
8
BLACK
6
CONTINUOUS
10
2.1441158267716536
20
1.3218821259842519
11
2.1512204330708662
21
1.3169074409448818
0
LINE
8
BLACK
6
CONTINUOUS
10
2.1512204330708662
20
1.3169074409448818
11
2.1512205118110237
21
1.316907401574803
0
LINE
8
BLACK
6
CONTINUOUS
10
2.1512205118110237
20
1.316907401574803
11
2.1590812992125983
21
1.3132418503937007
0
LINE
8
BLACK
6
CONTINUOUS
10
2.1590812992125983
20
1.3132418503937007
11
2.159081496062992
21
1.3132417716535432
0
LINE
8
BLACK
6
CONTINUOUS
10
2.159081496062992
20
1.3132417716535432
11
2.1674592913385826
21
1.3109969291338583
0
LINE
8
BLACK
6
CONTINUOUS
10
2.1674592913385826
20
1.3109969291338583
11
2.1760999999999999
21
1.3102409842519684
0
LINE
8
BLACK
6
CONTINUOUS
10
2.1760999999999999
20
1.3102409842519684
11
2.1847406692913385
21
1.3109969291338583
0
LINE
8
BLACK
6
CONTINUOUS
10
2.1847406692913385
20
1.3109969291338583
11
2.193118464566929
21
1.3132417716535432
0
LINE
8
BLACK
6
CONTINUOUS
10
2.193118464566929
20
1.3132417716535432
11
2.1931185039370078
21
1.3132417716535432
0
LINE
8
BLACK
6
CONTINUOUS
10
2.1931185039370078
20
1.3132417716535432
11
2.1931185826771653
21
1.3132418110236219
0
LINE
8
BLACK
6
CONTINUOUS
10
2.1931185826771653
20
1.3132418110236219
11
2.2009795275590549
21
1.3169074409448818
0
LINE
8
BLACK
6
CONTINUOUS
10
2.2009795275590549
20
1.3169074409448818
11
2.2080841338582675
21
1.3218821259842519
0
LINE
8
BLACK
6
CONTINUOUS
10
2.2080841338582675
20
1.3218821259842519
11
2.2080845669291338
21
1.3218824803149607
0
LINE
8
BLACK
6
CONTINUOUS
10
2.2080845669291338
20
1.3218824803149607
11
2.2142174803149608
21
1.3280153937007875
0
LINE
8
BLACK
6
CONTINUOUS
10
2.2142174803149608
20
1.3280153937007875
11
2.2142175984251966
21
1.3280155118110235
0
LINE
8
BLACK
6
CONTINUOUS
10
2.2142175984251966
20
1.3280155118110235
11
2.2191925590551183
21
1.3351204724409449
0
LINE
8
BLACK
6
CONTINUOUS
10
2.2191925590551183
20
1.3351204724409449
11
2.2228581889763781
21
1.3429814173228347
0
LINE
8
BLACK
6
CONTINUOUS
10
2.2228581889763781
20
1.3429814173228347
11
2.2251030708661417
21
1.3513594488188976
0
LINE
8
BLACK
6
CONTINUOUS
10
2.2251030708661417
20
1.3513594488188976
11
2.2258590157480316
21
1.3599999999999999
0
LINE
8
BLACK
6
CONTINUOUS
10
2.2258590157480316
20
1.3599999999999999
11
2.2251030708661417
21
1.3686405511811024
0
LINE
8
BLACK
6
CONTINUOUS
10
2.2251030708661417
20
1.3686405511811024
11
2.2228581889763781
21
1.3770185826771653
0
LINE
8
BLACK
6
CONTINUOUS
10
2.2228581889763781
20
1.3770185826771653
11
2.2191925590551183
21
1.3848794881889763
0
LINE
8
BLACK
6
CONTINUOUS
10
2.2191925590551183
20
1.3848794881889763
11
2.2142175984251966
21
1.3919844881889762
0
LINE
8
BLACK
6
CONTINUOUS
10
2.2142175984251966
20
1.3919844881889762
11
2.2080844881889763
21
1.3981175984251968
0
LINE
8
BLACK
6
CONTINUOUS
10
2.2080844881889763
20
1.3981175984251968
11
2.2009795275590549
21
1.403092559055118
0
LINE
8
BLACK
6
CONTINUOUS
10
2.2009795275590549
20
1.403092559055118
11
2.1931185826771653
21
1.4067581889763778
0
LINE
8
BLACK
6
CONTINUOUS
10
2.1931185826771653
20
1.4067581889763778
11
2.1847405511811022
21
1.4090030708661416
0
LINE
8
BLACK
6
CONTINUOUS
10
2.1847405511811022
20
1.4090030708661416
11
2.1760999999999999
21
1.4097590157480315
0
LINE
8
BLACK
6
CONTINUOUS
10
2.1760999999999999
20
1.4097590157480315
11
2.1674594488188976
21
1.4090030708661416
0
LINE
8
BLACK
6
CONTINUOUS
10
2.1674594488188976
20
1.4090030708661416
11
2.1590814173228345
21
1.4067581889763778
0
LINE
8
BLACK
6
CONTINUOUS
10
2.1590814173228345
20
1.4067581889763778
11
2.1512205118110237
21
1.403092559055118
0
LINE
8
BLACK
6
CONTINUOUS
10
2.1512205118110237
20
1.403092559055118
11
2.1441155118110236
21
1.3981175984251968
0
LINE
8
BLACK
6
CONTINUOUS
10
2.1441155118110236
20
1.3981175984251968
11
2.1441153937007873
21
1.3981174803149605
0
LINE
8
BLACK
6
CONTINUOUS
10
2.1441153937007873
20
1.3981174803149605
11
2.1379824803149607
21
1.3919845669291337
0
LINE
8
BLACK
6
CONTINUOUS
10
2.1379824803149607
20
1.3919845669291337
11
2.137982283464567
21
1.3919843307086615
0
LINE
8
BLACK
6
CONTINUOUS
10
2.137982283464567
20
1.3919843307086615
11
2.133007440944882
21
1.3848794881889763
0
LINE
8
BLACK
6
CONTINUOUS
10
2.133007440944882
20
1.3848794881889763
11
2.1293418503937009
21
1.3770186614173228
0
LINE
8
BLACK
6
CONTINUOUS
10
2.1293418503937009
20
1.3770186614173228
11
2.1293417716535434
21
1.377018464566929
0
LINE
8
BLACK
6
CONTINUOUS
10
2.1293417716535434
20
1.377018464566929
11
2.1270969291338582
21
1.3686406692913387
0
LINE
8
BLACK
6
CONTINUOUS
10
2.1270969291338582
20
1.3686406692913387
11
2.1263409842519683
21
1.3599999999999999
0
LINE
8
BLACK
6
CONTINUOUS
10
2.1263409842519683
20
1.3599999999999999
11
2.1270969291338582
21
1.3513592913385826
0
CIRCLE
8
BLACK
10
3.3999999999999999
20
1.8
40
0.0068897637795276
0
CIRCLE
8
BLACK
10
0.2
20
1.8
40
0.0068897637795276
0
CIRCLE
8
BLACK
10
0.2
20
0.2
40
0.0068897637795276
0
CIRCLE
8
BLACK
10
3.3449999999999998
20
1.02
40
0.0068897637795276
0
CIRCLE
8
BLACK
10
3.4449999999999998
20
1.02
40
0.0068897637795276
0
CIRCLE
8
BLACK
10
3.3449999999999998
20
1.1199999999999999
40
0.0068897637795276
0
CIRCLE
8
BLACK
10
3.4449999999999998
20
1.1199999999999999
40
0.0068897637795276
0
CIRCLE
8
BLACK
10
2.1499999999999999
20
1.0249999999999999
40
0.0068897637795276
0
CIRCLE
8
BLACK
10
2.1499999999999999
20
0.9249999999999999
40
0.0068897637795276
0
CIRCLE
8
BLACK
10
2.0499999999999998
20
1.0249999999999999
40
0.0068897637795276
0
CIRCLE
8
BLACK
10
2.0499999999999998
20
0.9249999999999999
40
0.0068897637795276
0
CIRCLE
8
BLACK
10
1.95
20
1.0249999999999999
40
0.0068897637795276
0
CIRCLE
8
BLACK
10
1.95
20
0.9249999999999999
40
0.0068897637795276
0
CIRCLE
8
BLACK
10
3.3449999999999998
20
0.9199999999999999
40
0.0068897637795276
0
CIRCLE
8
BLACK
10
3.4449999999999998
20
0.9199999999999999
40
0.0068897637795276
0
CIRCLE
8
BLACK
10
0.6047244094488189
20
1.3460629921259841
40
0.0068897637795276
0
CIRCLE
8
BLACK
10
0.4078740157480315
20
1.3460629921259841
40
0.0068897637795276
0
CIRCLE
8
BLACK
10
3.4449999999999998
20
1.3200000000000001
40
0.0068897637795276
0
CIRCLE
8
BLACK
10
3.4449999999999998
20
1.4199999999999999
40
0.0068897637795276
0
CIRCLE
8
BLACK
10
3.3449999999999998
20
1.3200000000000001
40
0.0068897637795276
0
CIRCLE
8
BLACK
10
3.3449999999999998
20
1.4199999999999999
40
0.0068897637795276
0
CIRCLE
8
BLACK
10
3.3449999999999998
20
1.22
40
0.0068897637795276
0
CIRCLE
8
BLACK
10
3.4449999999999998
20
1.22
40
0.0068897637795276
0
CIRCLE
8
BLACK
10
3.3999999999999999
20
0.2
40
0.0068897637795276
0
CIRCLE
8
BLACK
10
1.9839
20
1.3599999999999999
40
0.0068897637795276
0
CIRCLE
8
BLACK
10
2.1760999999999999
20
1.3599999999999999
40
0.0068897637795276
0
CIRCLE
8
BLACK
10
3.0649999999999999
20
1.4749999999999999
40
0.0068897637795276
0
CIRCLE
8
BLACK
10
2.9649999999999999
20
0.575
40
0.0078740157480315
0
CIRCLE
8
BLACK
10
1.3
20
0.54
40
0.0078740157480315
0
CIRCLE
8
BLACK
10
1.29
20
0.48
40
0.0078740157480315
0
CIRCLE
8
BLACK
10
1.3499999999999999
20
0.48
40
0.0078740157480315
0
CIRCLE
8
BLACK
10
1.4099999999999999
20
0.48
40
0.0078740157480315
0
CIRCLE
8
BLACK
10
1.47
20
0.48
40
0.0078740157480315
0
CIRCLE
8
BLACK
10
1.54
20
0.48
40
0.0078740157480315
0
CIRCLE
8
BLACK
10
1.5999999999999999
20
0.48
40
0.0078740157480315
0
CIRCLE
8
BLACK
10
1.125
20
0.45
40
0.0078740157480315
0
CIRCLE
8
BLACK
10
1.05
20
0.5
40
0.0078740157480315
0
CIRCLE
8
BLACK
10
1.05
20
0.5499999999999999
40
0.0078740157480315
0
CIRCLE
8
BLACK
10
1.0999999999999999
20
0.6
40
0.0078740157480315
0
CIRCLE
8
BLACK
10
1.0999999999999999
20
0.65
40
0.0078740157480315
0
CIRCLE
8
BLACK
10
1.075
20
0.7
40
0.0078740157480315
0
CIRCLE
8
BLACK
10
1.0249999999999999
20
0.725
40
0.0078740157480315
0
CIRCLE
8
BLACK
10
0.975
20
0.725
40
0.0078740157480315
0
CIRCLE
8
BLACK
10
0.9249999999999999
20
0.725
40
0.0078740157480315
0
CIRCLE
8
BLACK
10
0.875
20
0.725
40
0.0078740157480315
0
CIRCLE
8
BLACK
10
0.825
20
0.7
40
0.0078740157480315
0
CIRCLE
8
BLACK
10
0.775
20
0.65
40
0.0078740157480315
0
CIRCLE
8
BLACK
10
0.725
20
0.625
40
0.0078740157480315
0
CIRCLE
8
BLACK
10
0.6749999999999999
20
0.625
40
0.0078740157480315
0
CIRCLE
8
BLACK
10
0.6
20
0.625
40
0.0078740157480315
0
CIRCLE
8
BLACK
10
0.5499999999999999
20
0.6749999999999999
40
0.0078740157480315
0
CIRCLE
8
BLACK
10
0.5
20
0.6749999999999999
40
0.0078740157480315
0
CIRCLE
8
BLACK
10
0.7
20
0.75
40
0.0078740157480315
0
CIRCLE
8
BLACK
10
0.7
20
0.7999999999999999
40
0.0078740157480315
0
CIRCLE
8
BLACK
10
0.7
20
0.85
40
0.0078740157480315
0
CIRCLE
8
BLACK
10
0.75
20
0.85
40
0.0078740157480315
0
CIRCLE
8
BLACK
10
0.75
20
0.7999999999999999
40
0.0078740157480315
0
CIRCLE
8
BLACK
10
0.7999999999999999
20
0.85
40
0.0078740157480315
0
CIRCLE
8
BLACK
10
0.85
20
0.85
40
0.0078740157480315
0
CIRCLE
8
BLACK
10
0.9
20
0.85
40
0.0078740157480315
0
CIRCLE
8
BLACK
10
0.95
20
0.85
40
0.0078740157480315
0
CIRCLE
8
BLACK
10
1.
20
0.85
40
0.0078740157480315
0
CIRCLE
8
BLACK
10
1.05
20
0.85
40
0.0078740157480315
0
CIRCLE
8
BLACK
10
0.85
20
0.9
40
0.0078740157480315
0
CIRCLE
8
BLACK
10
0.85
20
0.95
40
0.0078740157480315
0
CIRCLE
8
BLACK
10
0.9
20
0.95
40
0.0078740157480315
0
CIRCLE
8
BLACK
10
0.9
20
0.9
40
0.0078740157480315
0
CIRCLE
8
BLACK
10
1.2249999999999999
20
0.875
40
0.0078740157480315
0
CIRCLE
8
BLACK
10
1.1799999999999999
20
0.86
40
0.0078740157480315
0
CIRCLE
8
BLACK
10
1.2
20
0.7999999999999999
40
0.0078740157480315
0
CIRCLE
8
BLACK
10
1.2
20
0.75
40
0.0078740157480315
0
CIRCLE
8
BLACK
10
1.25
20
0.75
40
0.0078740157480315
0
CIRCLE
8
BLACK
10
1.25
20
0.7999999999999999
40
0.0078740157480315
0
CIRCLE
8
BLACK
10
1.2749999999999999
20
0.85
40
0.0078740157480315
0
CIRCLE
8
BLACK
10
1.3499999999999999
20
0.875
40
0.0078740157480315
0
CIRCLE
8
BLACK
10
1.3400000000000001
20
0.6799999999999999
40
0.0078740157480315
0
CIRCLE
8
BLACK
10
1.3499999999999999
20
0.725
40
0.0078740157480315
0
CIRCLE
8
BLACK
10
1.325
20
0.775
40
0.0078740157480315
0
CIRCLE
8
BLACK
10
1.28
20
0.6799999999999999
40
0.0078740157480315
0
CIRCLE
8
BLACK
10
0.425
20
0.6749999999999999
40
0.0078740157480315
0
CIRCLE
8
BLACK
10
0.35
20
0.6749999999999999
40
0.0078740157480315
0
CIRCLE
8
BLACK
10
0.3
20
0.7
40
0.0078740157480315
0
CIRCLE
8
BLACK
10
0.225
20
0.7
40
0.0078740157480315
0
CIRCLE
8
BLACK
10
0.175
20
0.725
40
0.0078740157480315
0
CIRCLE
8
BLACK
10
0.125
20
0.775
40
0.0078740157480315
0
CIRCLE
8
BLACK
10
0.1
20
0.825
40
0.0078740157480315
0
CIRCLE
8
BLACK
10
0.1
20
0.875
40
0.0078740157480315
0
CIRCLE
8
BLACK
10
0.1
20
0.95
40
0.0078740157480315
0
CIRCLE
8
BLACK
10
0.1
20
1.0249999999999999
40
0.0078740157480315
0
CIRCLE
8
BLACK
10
0.1
20
1.0999999999999999
40
0.0078740157480315
0
CIRCLE
8
BLACK
10
0.1
20
1.175
40
0.0078740157480315
0
CIRCLE
8
BLACK
10
0.1
20
1.25
40
0.0078740157480315
0
CIRCLE
8
BLACK
10
0.15
20
1.3
40
0.0078740157480315
0
CIRCLE
8
BLACK
10
0.225
20
1.3
40
0.0078740157480315
0
CIRCLE
8
BLACK
10
0.275
20
1.25
40
0.0078740157480315
0
CIRCLE
8
BLACK
10
0.3
20
1.3
40
0.0078740157480315
0
CIRCLE
8
BLACK
10
0.325
20
1.3499999999999999
40
0.0078740157480315
0
CIRCLE
8
BLACK
10
0.325
20
1.3999999999999999
40
0.0078740157480315
0
CIRCLE
8
BLACK
10
0.4
20
1.425
40
0.0078740157480315
0
CIRCLE
8
BLACK
10
0.45
20
1.425
40
0.0078740157480315
0
CIRCLE
8
BLACK
10
0.475
20
1.375
40
0.0078740157480315
0
CIRCLE
8
BLACK
10
0.425
20
1.25
40
0.0078740157480315
0
CIRCLE
8
BLACK
10
0.475
20
1.3
40
0.0078740157480315
0
CIRCLE
8
BLACK
10
0.525
20
1.3
40
0.0078740157480315
0
CIRCLE
8
BLACK
10
0.5499999999999999
20
1.375
40
0.0078740157480315
0
CIRCLE
8
BLACK
10
0.575
20
1.425
40
0.0078740157480315
0
CIRCLE
8
BLACK
10
0.625
20
1.425
40
0.0078740157480315
0
CIRCLE
8
BLACK
10
0.65
20
1.4749999999999999
40
0.0078740157480315
0
CIRCLE
8
BLACK
10
0.65
20
1.5249999999999999
40
0.0078740157480315
0
CIRCLE
8
BLACK
10
0.775
20
1.2
40
0.0078740157480315
0
CIRCLE
8
BLACK
10
0.825
20
1.2
40
0.0078740157480315
0
CIRCLE
8
BLACK
10
0.875
20
1.2
40
0.0078740157480315
0
CIRCLE
8
BLACK
10
0.9199999999999999
20
1.1799999999999999
40
0.0078740157480315
0
CIRCLE
8
BLACK
10
0.975
20
1.25
40
0.0078740157480315
0
CIRCLE
8
BLACK
10
1.0249999999999999
20
1.2
40
0.0078740157480315
0
CIRCLE
8
BLACK
10
1.075
20
1.2
40
0.0078740157480315
0
CIRCLE
8
BLACK
10
1.075
20
1.25
40
0.0078740157480315
0
CIRCLE
8
BLACK
10
1.0999999999999999
20
1.3
40
0.0078740157480315
0
CIRCLE
8
BLACK
10
1.125
20
1.3499999999999999
40
0.0078740157480315
0
CIRCLE
8
BLACK
10
1.0249999999999999
20
1.325
40
0.0078740157480315
0
CIRCLE
8
BLACK
10
1.0249999999999999
20
1.3999999999999999
40
0.0078740157480315
0
CIRCLE
8
BLACK
10
1.075
20
1.425
40
0.0078740157480315
0
CIRCLE
8
BLACK
10
1.125
20
1.425
40
0.0078740157480315
0
CIRCLE
8
BLACK
10
1.175
20
1.3999999999999999
40
0.0078740157480315
0
CIRCLE
8
BLACK
10
1.2249999999999999
20
1.3999999999999999
40
0.0078740157480315
0
CIRCLE
8
BLACK
10
1.2749999999999999
20
1.3999999999999999
40
0.0078740157480315
0
CIRCLE
8
BLACK
10
1.325
20
1.3999999999999999
40
0.0078740157480315
0
CIRCLE
8
BLACK
10
1.375
20
1.3999999999999999
40
0.0078740157480315
0
CIRCLE
8
BLACK
10
1.425
20
1.425
40
0.0078740157480315
0
CIRCLE
8
BLACK
10
1.425
20
1.4749999999999999
40
0.0078740157480315
0
CIRCLE
8
BLACK
10
1.4749999999999999
20
1.5
40
0.0078740157480315
0
CIRCLE
8
BLACK
10
1.5249999999999999
20
1.4749999999999999
40
0.0078740157480315
0
CIRCLE
8
BLACK
10
1.575
20
1.4749999999999999
40
0.0078740157480315
0
CIRCLE
8
BLACK
10
1.6099999999999999
20
1.3899999999999999
40
0.0078740157480315
0
CIRCLE
8
BLACK
10
1.6099999999999999
20
1.3400000000000001
40
0.0078740157480315
0
CIRCLE
8
BLACK
10
1.6099999999999999
20
1.28
40
0.0078740157480315
0
CIRCLE
8
BLACK
10
1.6099999999999999
20
1.24
40
0.0078740157480315
0
CIRCLE
8
BLACK
10
1.6399999999999999
20
1.2
40
0.0078740157480315
0
CIRCLE
8
BLACK
10
1.6899999999999999
20
1.2
40
0.0078740157480315
0
CIRCLE
8
BLACK
10
1.72
20
1.1599999999999999
40
0.0078740157480315
0
CIRCLE
8
BLACK
10
1.9399999999999999
20
1.26
40
0.0078740157480315
0
CIRCLE
8
BLACK
10
2.
20
1.26
40
0.0078740157480315
0
CIRCLE
8
BLACK
10
2.1400000000000001
20
1.26
40
0.0078740157480315
0
CIRCLE
8
BLACK
10
2.
20
1.54
40
0.0078740157480315
0
CIRCLE
8
BLACK
10
2.0600000000000001
20
1.54
40
0.0078740157480315
0
CIRCLE
8
BLACK
10
2.1200000000000001
20
1.54
40
0.0078740157480315
0
CIRCLE
8
BLACK
10
2.1800000000000002
20
1.54
40
0.0078740157480315
0
CIRCLE
8
BLACK
10
2.2399999999999998
20
1.54
40
0.0078740157480315
0
CIRCLE
8
BLACK
10
2.2999999999999998
20
1.54
40
0.0078740157480315
0
CIRCLE
8
BLACK
10
2.3599999999999999
20
1.54
40
0.0078740157480315
0
CIRCLE
8
BLACK
10
2.4199999999999999
20
1.54
40
0.0078740157480315
0
CIRCLE
8
BLACK
10
2.3399999999999999
20
1.0600000000000001
40
0.0078740157480315
0
CIRCLE
8
BLACK
10
2.3999999999999999
20
1.0600000000000001
40
0.0078740157480315
0
CIRCLE
8
BLACK
10
2.4399999999999999
20
1.0600000000000001
40
0.0078740157480315
0
CIRCLE
8
BLACK
10
2.48
20
1.0600000000000001
40
0.0078740157480315
0
CIRCLE
8
BLACK
10
2.3199999999999998
20
0.7999999999999999
40
0.0078740157480315
0
CIRCLE
8
BLACK
10
2.1200000000000001
20
0.7999999999999999
40
0.0078740157480315
0
CIRCLE
8
BLACK
10
2.2799999999999998
20
0.98
40
0.0078740157480315
0
CIRCLE
8
BLACK
10
2.7399999999999998
20
0.98
40
0.0078740157480315
0
CIRCLE
8
BLACK
10
2.7599999999999998
20
0.88
40
0.0078740157480315
0
CIRCLE
8
BLACK
10
3.
20
1.24
40
0.0078740157480315
0
CIRCLE
8
BLACK
10
3.1899999999999999
20
1.48
40
0.0078740157480315
0
CIRCLE
8
BLACK
10
2.6200000000000001
20
1.24
40
0.0078740157480315
0
CIRCLE
8
BLACK
10
2.7399999999999998
20
1.46
40
0.0078740157480315
0
CIRCLE
8
BLACK
10
2.7799999999999998
20
1.45
40
0.0078740157480315
0
CIRCLE
8
BLACK
10
1.2112992125984252
20
1.1347637795275591
40
0.0078740157480315
0
CIRCLE
8
BLACK
10
1.2062992125984251
20
1.1897637795275591
40
0.0078740157480315
0
CIRCLE
8
BLACK
10
1.5262992125984252
20
1.0197637795275589
40
0.0078740157480315
0
CIRCLE
8
BLACK
10
0.4062992125984252
20
1.139763779527559
40
0.0078740157480315
0
CIRCLE
8
BLACK
10
2.0699999999999998
20
0.54
40
0.0078740157480315
0
CIRCLE
8
BLACK
10
0.4062992125984252
20
1.089763779527559
40
0.0078740157480315
0
CIRCLE
8
BLACK
10
0.5062992125984251
20
0.9397637795275591
40
0.0078740157480315
0
CIRCLE
8
BLACK
10
1.4749999999999999
20
0.625
40
0.0078740157480315
0
CIRCLE
8
BLACK
10
1.5312992125984251
20
0.864763779527559
40
0.0078740157480315
0
CIRCLE
8
BLACK
10
1.5312992125984251
20
1.1897637795275591
40
0.0078740157480315
0
CIRCLE
8
BLACK
10
1.3160703149606299
20
1.1299926771653543
40
0.0078740157480315
0
CIRCLE
8
BLACK
10
1.1756692913385827
20
1.1347637795275591
40
0.0078740157480315
0
CIRCLE
8
BLACK
10
0.5562992125984252
20
0.864763779527559
40
0.0078740157480315
0
CIRCLE
8
BLACK
10
1.5562992125984252
20
1.1647637795275589
40
0.0078740157480315
0
CIRCLE
8
BLACK
10
1.3162992125984252
20
0.969763779527559
40
0.0078740157480315
0
CIRCLE
8
BLACK
10
1.3562992125984252
20
1.1582677165354331
40
0.0078740157480315
0
CIRCLE
8
BLACK
10
2.52
20
1.26
40
0.0078740157480315
0
CIRCLE
8
BLACK
10
0.1962992125984252
20
1.0097637795275591
40
0.0078740157480315
0
CIRCLE
8
BLACK
10
0.1962992125984252
20
1.059763779527559
40
0.0078740157480315
0
CIRCLE
8
BLACK
10
0.4812992125984252
20
1.2397637795275591
40
0.0078740157480315
0
CIRCLE
8
BLACK
10
1.3077952755905511
20
1.089763779527559
40
0.0078740157480315
0
CIRCLE
8
BLACK
10
1.4812992125984252
20
0.864763779527559
40
0.0078740157480315
0
CIRCLE
8
BLACK
10
2.02
20
0.54
40
0.0078740157480315
0
CIRCLE
8
BLACK
10
0.5312992125984252
20
1.2397637795275591
40
0.0078740157480315
0
CIRCLE
8
BLACK
10
2.02
20
0.49
40
0.0078740157480315
0
CIRCLE
8
BLACK
10
1.97
20
0.54
40
0.0078740157480315
0
CIRCLE
8
BLACK
10
1.97
20
0.49
40
0.0078740157480315
0
CIRCLE
8
BLACK
10
1.2562992125984251
20
1.1897637795275591
40
0.0078740157480315
0
CIRCLE
8
BLACK
10
0.3662992125984252
20
0.869763779527559
40
0.0078740157480315
0
CIRCLE
8
BLACK
10
0.4062992125984252
20
0.864763779527559
40
0.0078740157480315
0
CIRCLE
8
BLACK
10
0.4812992125984252
20
0.864763779527559
40
0.0078740157480315
0
CIRCLE
8
BLACK
10
2.0699999999999998
20
0.49
40
0.0078740157480315
0
CIRCLE
8
BLACK
10
0.4062992125984252
20
1.014763779527559
40
0.0078740157480315
0
CIRCLE
8
BLACK
10
0.4062778346456693
20
1.1889986220472442
40
0.0078740157480315
0
CIRCLE
8
BLACK
10
1.4812992125984252
20
1.4397637795275591
40
0.0078740157480315
0
CIRCLE
8
BLACK
10
1.3312992125984251
20
1.0397637795275589
40
0.0078740157480315
0
CIRCLE
8
BLACK
10
3.1000000000000001
20
1.2249999999999999
40
0.0078740157480315
0
CIRCLE
8
BLACK
10
2.3500000000000001
20
1.1499999999999999
40
0.0078740157480315
0
CIRCLE
8
BLACK
10
2.8300000000000001
20
0.97
40
0.0078740157480315
0
CIRCLE
8
BLACK
10
2.5884769291338583
20
1.1569808661417322
40
0.0078740157480315
0
CIRCLE
8
BLACK
10
2.8100306299212598
20
1.0762232283464566
40
0.0078740157480315
0
CIRCLE
8
BLACK
10
2.6400000000000001
20
1.1499999999999999
40
0.0078740157480315
0
CIRCLE
8
BLACK
10
2.4294217716535433
20
1.3205782283464567
40
0.0078740157480315
0
CIRCLE
8
BLACK
10
2.3799999999999999
20
1.3599999999999999
40
0.0078740157480315
0
CIRCLE
8
BLACK
10
2.5350000000000001
20
0.77
40
0.0078740157480315
0
CIRCLE
8
BLACK
10
2.5099999999999998
20
1.3
40
0.0078740157480315
0
CIRCLE
8
BLACK
10
3.
20
1.3
40
0.0078740157480315
0
CIRCLE
8
BLACK
10
2.5350000000000001
20
0.8099999999999999
40
0.0078740157480315
0
CIRCLE
8
BLACK
10
1.1362992125984253
20
0.7897637795275591
40
0.0078740157480315
0
CIRCLE
8
BLACK
10
2.3300000000000001
20
0.605
40
0.0078740157480315
0
CIRCLE
8
BLACK
10
2.2999999999999998
20
0.605
40
0.0078740157480315
0
CIRCLE
8
BLACK
10
1.1362992125984253
20
1.2797637795275589
40
0.0078740157480315
0
CIRCLE
8
BLACK
10
2.5800000000000001
20
0.755
40
0.0078740157480315
0
CIRCLE
8
BLACK
10
2.0449999999999999
20
0.86
40
0.0078740157480315
0
CIRCLE
8
BLACK
10
1.24
20
1.0049999999999999
40
0.0078740157480315
0
CIRCLE
8
BLACK
10
0.6562992125984252
20
1.2497637795275591
40
0.0078740157480315
0
CIRCLE
8
BLACK
10
0.6166560629921259
20
0.8446627952755905
40
0.0078740157480315
0
CIRCLE
8
BLACK
10
2.5749999999999997
20
1.0999999999999999
40
0.0078740157480315
0
CIRCLE
8
BLACK
10
2.4750000000000001
20
1.2249999999999999
40
0.0078740157480315
0
CIRCLE
8
BLACK
10
1.7
20
1.25
40
0.0078740157480315
  0
ENDSEC
  0
EOF
