  0
SECTION
  2
HEADER
  9
$ANGBASE
  50
0.0
  9
$ANGDIR
  70
1
  9
$MEASUREMENT
  70
0
  0
ENDSEC
  0
SECTION
  2
TABLES
  0
TABLE
  2
LTYPE
  70
4
  0
LTYPE
  5
40F
  2
CONTINUOUS
  70
0
  3
Solid line
  72
65
  73
0
  40
0.0
  0
LTYPE
  5
410
  2
DASHDOT
 70
0
  3
Dash Dot ____ _ ____ _
 72
65
 73
4
 40
2.0
 49
1.25
 49
-0.25
 49
0.25
 49
-0.25
  0
LTYPE
  5
411
  2
DASHED
 70
0
  3
Dashed __ __ __ __ __
 72
65
 73
2
 40
0.75
 49
0.5
 49
-0.25
  0
LTYPE
  5
43B
  2
DOTTED
 70
0
  3
Dotted .  .  .  .
 72
65
 73
2
 40
0.2
 49
0.0
 49
-0.2
  0
ENDTAB
  0
TABLE
  2
STYLE
  70
4
  0
STYLE
  2
KICAD
  70
0
  40
0
  41
1
  42
1
  50
0
  71
0
  3
isocp.shx
  0
STYLE
  2
KICADB
  70
0
  40
0
  41
1
  42
1
  50
0
  71
0
  3
isocp.shx
  0
STYLE
  2
KICADI
  70
0
  40
0
  41
1
  42
1
  50
15
  71
0
  3
isocp.shx
  0
STYLE
  2
KICADBI
  70
0
  40
0
  41
1
  42
1
  50
15
  71
0
  3
isocp.shx
  0
ENDTAB
  0
TABLE
  2
LAYER
  70
1
  0
LAYER
  2
BLACK
  70
0
  62
7
  6
CONTINUOUS
  0
ENDTAB
  0
ENDSEC
  0
SECTION
  2
ENTITIES
0
LINE
8
BLACK
6
CONTINUOUS
10
0.2141057480314961
20
0.3251920866141732
11
0.2280341338582677
21
0.3228255511811023
0
LINE
8
BLACK
6
CONTINUOUS
10
0.2280341338582677
20
0.3228255511811023
11
0.2416099606299213
21
0.3189144488188976
0
LINE
8
BLACK
6
CONTINUOUS
10
0.2416099606299213
20
0.3189144488188976
11
0.2546625196850394
21
0.313507874015748
0
LINE
8
BLACK
6
CONTINUOUS
10
0.2546625196850394
20
0.313507874015748
11
0.2670276771653543
21
0.3066738976377953
0
LINE
8
BLACK
6
CONTINUOUS
10
0.2670276771653543
20
0.3066738976377953
11
0.2785498818897638
21
0.2984984645669291
0
LINE
8
BLACK
6
CONTINUOUS
10
0.2785498818897638
20
0.2984984645669291
11
0.2890843307086614
21
0.2890843307086614
0
LINE
8
BLACK
6
CONTINUOUS
10
0.2890843307086614
20
0.2890843307086614
11
0.2984984645669291
21
0.2785498818897638
0
LINE
8
BLACK
6
CONTINUOUS
10
0.2984984645669291
20
0.2785498818897638
11
0.3066738976377953
21
0.2670276771653543
0
LINE
8
BLACK
6
CONTINUOUS
10
0.3066738976377953
20
0.2670276771653543
11
0.313507874015748
21
0.2546625196850394
0
LINE
8
BLACK
6
CONTINUOUS
10
0.313507874015748
20
0.2546625196850394
11
0.3189144488188976
21
0.2416099606299213
0
LINE
8
BLACK
6
CONTINUOUS
10
0.3189144488188976
20
0.2416099606299213
11
0.3228255511811023
21
0.2280341338582677
0
LINE
8
BLACK
6
CONTINUOUS
10
0.3228255511811023
20
0.2280341338582677
11
0.3251920866141732
21
0.2141057480314961
0
LINE
8
BLACK
6
CONTINUOUS
10
0.3251920866141732
20
0.2141057480314961
11
0.3259842519685039
21
0.2
0
LINE
8
BLACK
6
CONTINUOUS
10
0.3259842519685039
20
0.2
11
0.3251920866141732
21
0.1858942519685039
0
LINE
8
BLACK
6
CONTINUOUS
10
0.3251920866141732
20
0.1858942519685039
11
0.3228255511811023
21
0.1719658661417323
0
LINE
8
BLACK
6
CONTINUOUS
10
0.3228255511811023
20
0.1719658661417323
11
0.3189144488188976
21
0.1583900393700787
0
LINE
8
BLACK
6
CONTINUOUS
10
0.3189144488188976
20
0.1583900393700787
11
0.313507874015748
21
0.1453374803149606
0
LINE
8
BLACK
6
CONTINUOUS
10
0.313507874015748
20
0.1453374803149606
11
0.3066738976377953
21
0.1329723228346457
0
LINE
8
BLACK
6
CONTINUOUS
10
0.3066738976377953
20
0.1329723228346457
11
0.2984984645669291
21
0.1214501181102362
0
LINE
8
BLACK
6
CONTINUOUS
10
0.2984984645669291
20
0.1214501181102362
11
0.2890843307086614
21
0.1109156692913386
0
LINE
8
BLACK
6
CONTINUOUS
10
0.2890843307086614
20
0.1109156692913386
11
0.2785498818897638
21
0.1015015354330709
0
LINE
8
BLACK
6
CONTINUOUS
10
0.2785498818897638
20
0.1015015354330709
11
0.2670276771653543
21
0.0933261023622047
0
LINE
8
BLACK
6
CONTINUOUS
10
0.2670276771653543
20
0.0933261023622047
11
0.2546625196850394
21
0.086492125984252
0
LINE
8
BLACK
6
CONTINUOUS
10
0.2546625196850394
20
0.086492125984252
11
0.2416099606299213
21
0.0810855511811024
0
LINE
8
BLACK
6
CONTINUOUS
10
0.2416099606299213
20
0.0810855511811024
11
0.2280341338582677
21
0.0771744488188976
0
LINE
8
BLACK
6
CONTINUOUS
10
0.2280341338582677
20
0.0771744488188976
11
0.2141057480314961
21
0.0748079133858268
0
LINE
8
BLACK
6
CONTINUOUS
10
0.2141057480314961
20
0.0748079133858268
11
0.2
21
0.0740157480314961
0
LINE
8
BLACK
6
CONTINUOUS
10
0.2
20
0.0740157480314961
11
0.1858942519685039
21
0.0748079133858268
0
LINE
8
BLACK
6
CONTINUOUS
10
0.1858942519685039
20
0.0748079133858268
11
0.1719658661417323
21
0.0771744488188976
0
LINE
8
BLACK
6
CONTINUOUS
10
0.1719658661417323
20
0.0771744488188976
11
0.1583900393700787
21
0.0810855511811024
0
LINE
8
BLACK
6
CONTINUOUS
10
0.1583900393700787
20
0.0810855511811024
11
0.1453374803149606
21
0.086492125984252
0
LINE
8
BLACK
6
CONTINUOUS
10
0.1453374803149606
20
0.086492125984252
11
0.1329723228346457
21
0.0933261023622047
0
LINE
8
BLACK
6
CONTINUOUS
10
0.1329723228346457
20
0.0933261023622047
11
0.1214501181102362
21
0.1015015354330709
0
LINE
8
BLACK
6
CONTINUOUS
10
0.1214501181102362
20
0.1015015354330709
11
0.1109156692913386
21
0.1109156692913386
0
LINE
8
BLACK
6
CONTINUOUS
10
0.1109156692913386
20
0.1109156692913386
11
0.1015015354330709
21
0.1214501181102362
0
LINE
8
BLACK
6
CONTINUOUS
10
0.1015015354330709
20
0.1214501181102362
11
0.0933261023622047
21
0.1329723228346457
0
LINE
8
BLACK
6
CONTINUOUS
10
0.0933261023622047
20
0.1329723228346457
11
0.086492125984252
21
0.1453374803149606
0
LINE
8
BLACK
6
CONTINUOUS
10
0.086492125984252
20
0.1453374803149606
11
0.0810855511811024
21
0.1583900393700787
0
LINE
8
BLACK
6
CONTINUOUS
10
0.0810855511811024
20
0.1583900393700787
11
0.0771744488188976
21
0.1719658661417323
0
LINE
8
BLACK
6
CONTINUOUS
10
0.0771744488188976
20
0.1719658661417323
11
0.0748079133858268
21
0.1858942519685039
0
LINE
8
BLACK
6
CONTINUOUS
10
0.0748079133858268
20
0.1858942519685039
11
0.0740157480314961
21
0.2
0
LINE
8
BLACK
6
CONTINUOUS
10
0.0740157480314961
20
0.2
11
0.0748079133858268
21
0.2141057480314961
0
LINE
8
BLACK
6
CONTINUOUS
10
0.0748079133858268
20
0.2141057480314961
11
0.0771744488188976
21
0.2280341338582677
0
LINE
8
BLACK
6
CONTINUOUS
10
0.0771744488188976
20
0.2280341338582677
11
0.0810855511811024
21
0.2416099606299213
0
LINE
8
BLACK
6
CONTINUOUS
10
0.0810855511811024
20
0.2416099606299213
11
0.086492125984252
21
0.2546625196850394
0
LINE
8
BLACK
6
CONTINUOUS
10
0.086492125984252
20
0.2546625196850394
11
0.0933261023622047
21
0.2670276771653543
0
LINE
8
BLACK
6
CONTINUOUS
10
0.0933261023622047
20
0.2670276771653543
11
0.1015015354330709
21
0.2785498818897638
0
LINE
8
BLACK
6
CONTINUOUS
10
0.1015015354330709
20
0.2785498818897638
11
0.1109156692913386
21
0.2890843307086614
0
LINE
8
BLACK
6
CONTINUOUS
10
0.1109156692913386
20
0.2890843307086614
11
0.1214501181102362
21
0.2984984645669291
0
LINE
8
BLACK
6
CONTINUOUS
10
0.1214501181102362
20
0.2984984645669291
11
0.1329723228346457
21
0.3066738976377953
0
LINE
8
BLACK
6
CONTINUOUS
10
0.1329723228346457
20
0.3066738976377953
11
0.1453374803149606
21
0.313507874015748
0
LINE
8
BLACK
6
CONTINUOUS
10
0.1453374803149606
20
0.313507874015748
11
0.1583900393700787
21
0.3189144488188976
0
LINE
8
BLACK
6
CONTINUOUS
10
0.1583900393700787
20
0.3189144488188976
11
0.1719658661417323
21
0.3228255511811023
0
LINE
8
BLACK
6
CONTINUOUS
10
0.1719658661417323
20
0.3228255511811023
11
0.1858942519685039
21
0.3251920866141732
0
LINE
8
BLACK
6
CONTINUOUS
10
0.1858942519685039
20
0.3251920866141732
11
0.2
21
0.3259842519685039
0
LINE
8
BLACK
6
CONTINUOUS
10
0.2
20
0.3259842519685039
11
0.2141057480314961
21
0.3251920866141732
0
LINE
8
BLACK
6
CONTINUOUS
10
3.414105748031496
20
0.3251920866141732
11
3.4280341338582678
21
0.3228255511811023
0
LINE
8
BLACK
6
CONTINUOUS
10
3.4280341338582678
20
0.3228255511811023
11
3.4416099606299211
21
0.3189144488188976
0
LINE
8
BLACK
6
CONTINUOUS
10
3.4416099606299211
20
0.3189144488188976
11
3.4546625196850393
21
0.313507874015748
0
LINE
8
BLACK
6
CONTINUOUS
10
3.4546625196850393
20
0.313507874015748
11
3.4670276771653543
21
0.3066738976377953
0
LINE
8
BLACK
6
CONTINUOUS
10
3.4670276771653543
20
0.3066738976377953
11
3.4785498818897636
21
0.2984984645669291
0
LINE
8
BLACK
6
CONTINUOUS
10
3.4785498818897636
20
0.2984984645669291
11
3.4890843307086614
21
0.2890843307086614
0
LINE
8
BLACK
6
CONTINUOUS
10
3.4890843307086614
20
0.2890843307086614
11
3.498498464566929
21
0.2785498818897638
0
LINE
8
BLACK
6
CONTINUOUS
10
3.498498464566929
20
0.2785498818897638
11
3.5066738976377954
21
0.2670276771653543
0
LINE
8
BLACK
6
CONTINUOUS
10
3.5066738976377954
20
0.2670276771653543
11
3.5135078740157479
21
0.2546625196850394
0
LINE
8
BLACK
6
CONTINUOUS
10
3.5135078740157479
20
0.2546625196850394
11
3.5189144488188977
21
0.2416099606299213
0
LINE
8
BLACK
6
CONTINUOUS
10
3.5189144488188977
20
0.2416099606299213
11
3.5228255511811022
21
0.2280341338582677
0
LINE
8
BLACK
6
CONTINUOUS
10
3.5228255511811022
20
0.2280341338582677
11
3.5251920866141733
21
0.2141057480314961
0
LINE
8
BLACK
6
CONTINUOUS
10
3.5251920866141733
20
0.2141057480314961
11
3.5259842519685041
21
0.2
0
LINE
8
BLACK
6
CONTINUOUS
10
3.5259842519685041
20
0.2
11
3.5251920866141733
21
0.1858942519685039
0
LINE
8
BLACK
6
CONTINUOUS
10
3.5251920866141733
20
0.1858942519685039
11
3.5228255511811022
21
0.1719658661417323
0
LINE
8
BLACK
6
CONTINUOUS
10
3.5228255511811022
20
0.1719658661417323
11
3.5189144488188977
21
0.1583900393700787
0
LINE
8
BLACK
6
CONTINUOUS
10
3.5189144488188977
20
0.1583900393700787
11
3.5135078740157479
21
0.1453374803149606
0
LINE
8
BLACK
6
CONTINUOUS
10
3.5135078740157479
20
0.1453374803149606
11
3.5066738976377954
21
0.1329723228346457
0
LINE
8
BLACK
6
CONTINUOUS
10
3.5066738976377954
20
0.1329723228346457
11
3.498498464566929
21
0.1214501181102362
0
LINE
8
BLACK
6
CONTINUOUS
10
3.498498464566929
20
0.1214501181102362
11
3.4890843307086614
21
0.1109156692913386
0
LINE
8
BLACK
6
CONTINUOUS
10
3.4890843307086614
20
0.1109156692913386
11
3.4785498818897636
21
0.1015015354330709
0
LINE
8
BLACK
6
CONTINUOUS
10
3.4785498818897636
20
0.1015015354330709
11
3.4670276771653543
21
0.0933261023622047
0
LINE
8
BLACK
6
CONTINUOUS
10
3.4670276771653543
20
0.0933261023622047
11
3.4546625196850393
21
0.086492125984252
0
LINE
8
BLACK
6
CONTINUOUS
10
3.4546625196850393
20
0.086492125984252
11
3.4416099606299211
21
0.0810855511811024
0
LINE
8
BLACK
6
CONTINUOUS
10
3.4416099606299211
20
0.0810855511811024
11
3.4280341338582678
21
0.0771744488188976
0
LINE
8
BLACK
6
CONTINUOUS
10
3.4280341338582678
20
0.0771744488188976
11
3.414105748031496
21
0.0748079133858268
0
LINE
8
BLACK
6
CONTINUOUS
10
3.414105748031496
20
0.0748079133858268
11
3.3999999999999999
21
0.0740157480314961
0
LINE
8
BLACK
6
CONTINUOUS
10
3.3999999999999999
20
0.0740157480314961
11
3.3858942519685038
21
0.0748079133858268
0
LINE
8
BLACK
6
CONTINUOUS
10
3.3858942519685038
20
0.0748079133858268
11
3.371965866141732
21
0.0771744488188976
0
LINE
8
BLACK
6
CONTINUOUS
10
3.371965866141732
20
0.0771744488188976
11
3.3583900393700787
21
0.0810855511811024
0
LINE
8
BLACK
6
CONTINUOUS
10
3.3583900393700787
20
0.0810855511811024
11
3.3453374803149605
21
0.086492125984252
0
LINE
8
BLACK
6
CONTINUOUS
10
3.3453374803149605
20
0.086492125984252
11
3.3329723228346455
21
0.0933261023622047
0
LINE
8
BLACK
6
CONTINUOUS
10
3.3329723228346455
20
0.0933261023622047
11
3.3214501181102363
21
0.1015015354330709
0
LINE
8
BLACK
6
CONTINUOUS
10
3.3214501181102363
20
0.1015015354330709
11
3.3109156692913384
21
0.1109156692913386
0
LINE
8
BLACK
6
CONTINUOUS
10
3.3109156692913384
20
0.1109156692913386
11
3.3015015354330708
21
0.1214501181102362
0
LINE
8
BLACK
6
CONTINUOUS
10
3.3015015354330708
20
0.1214501181102362
11
3.2933261023622045
21
0.1329723228346457
0
LINE
8
BLACK
6
CONTINUOUS
10
3.2933261023622045
20
0.1329723228346457
11
3.2864921259842519
21
0.1453374803149606
0
LINE
8
BLACK
6
CONTINUOUS
10
3.2864921259842519
20
0.1453374803149606
11
3.2810855511811021
21
0.1583900393700787
0
LINE
8
BLACK
6
CONTINUOUS
10
3.2810855511811021
20
0.1583900393700787
11
3.2771744488188976
21
0.1719658661417323
0
LINE
8
BLACK
6
CONTINUOUS
10
3.2771744488188976
20
0.1719658661417323
11
3.2748079133858266
21
0.1858942519685039
0
LINE
8
BLACK
6
CONTINUOUS
10
3.2748079133858266
20
0.1858942519685039
11
3.2740157480314962
21
0.2
0
LINE
8
BLACK
6
CONTINUOUS
10
3.2740157480314962
20
0.2
11
3.2748079133858266
21
0.2141057480314961
0
LINE
8
BLACK
6
CONTINUOUS
10
3.2748079133858266
20
0.2141057480314961
11
3.2771744488188976
21
0.2280341338582677
0
LINE
8
BLACK
6
CONTINUOUS
10
3.2771744488188976
20
0.2280341338582677
11
3.2810855511811021
21
0.2416099606299213
0
LINE
8
BLACK
6
CONTINUOUS
10
3.2810855511811021
20
0.2416099606299213
11
3.2864921259842519
21
0.2546625196850394
0
LINE
8
BLACK
6
CONTINUOUS
10
3.2864921259842519
20
0.2546625196850394
11
3.2933261023622045
21
0.2670276771653543
0
LINE
8
BLACK
6
CONTINUOUS
10
3.2933261023622045
20
0.2670276771653543
11
3.3015015354330708
21
0.2785498818897638
0
LINE
8
BLACK
6
CONTINUOUS
10
3.3015015354330708
20
0.2785498818897638
11
3.3109156692913384
21
0.2890843307086614
0
LINE
8
BLACK
6
CONTINUOUS
10
3.3109156692913384
20
0.2890843307086614
11
3.3214501181102363
21
0.2984984645669291
0
LINE
8
BLACK
6
CONTINUOUS
10
3.3214501181102363
20
0.2984984645669291
11
3.3329723228346455
21
0.3066738976377953
0
LINE
8
BLACK
6
CONTINUOUS
10
3.3329723228346455
20
0.3066738976377953
11
3.3453374803149605
21
0.313507874015748
0
LINE
8
BLACK
6
CONTINUOUS
10
3.3453374803149605
20
0.313507874015748
11
3.3583900393700787
21
0.3189144488188976
0
LINE
8
BLACK
6
CONTINUOUS
10
3.3583900393700787
20
0.3189144488188976
11
3.371965866141732
21
0.3228255511811023
0
LINE
8
BLACK
6
CONTINUOUS
10
3.371965866141732
20
0.3228255511811023
11
3.3858942519685038
21
0.3251920866141732
0
LINE
8
BLACK
6
CONTINUOUS
10
3.3858942519685038
20
0.3251920866141732
11
3.3999999999999999
21
0.3259842519685039
0
LINE
8
BLACK
6
CONTINUOUS
10
3.3999999999999999
20
0.3259842519685039
11
3.414105748031496
21
0.3251920866141732
0
LINE
8
BLACK
6
CONTINUOUS
10
1.9479345275590552
20
0.4926683464566929
11
1.9504890157480315
21
0.4909614566929134
0
LINE
8
BLACK
6
CONTINUOUS
10
1.9504890157480315
20
0.4909614566929134
11
1.952195905511811
21
0.488406968503937
0
LINE
8
BLACK
6
CONTINUOUS
10
1.952195905511811
20
0.488406968503937
11
1.9527952755905511
21
0.4853937007874016
0
LINE
8
BLACK
6
CONTINUOUS
10
1.9527952755905511
20
0.4853937007874016
11
1.9527952755905511
21
0.385
0
LINE
8
BLACK
6
CONTINUOUS
10
1.9527952755905511
20
0.385
11
1.952195905511811
21
0.3819867322834646
0
LINE
8
BLACK
6
CONTINUOUS
10
1.952195905511811
20
0.3819867322834646
11
1.9504890157480315
21
0.3794322440944882
0
LINE
8
BLACK
6
CONTINUOUS
10
1.9504890157480315
20
0.3794322440944882
11
1.9479345275590552
21
0.3777253543307086
0
LINE
8
BLACK
6
CONTINUOUS
10
1.9479345275590552
20
0.3777253543307086
11
1.9449212598425196
21
0.3771259842519685
0
LINE
8
BLACK
6
CONTINUOUS
10
1.9449212598425196
20
0.3771259842519685
11
1.8149999999999999
21
0.3771259842519685
0
LINE
8
BLACK
6
CONTINUOUS
10
1.8149999999999999
20
0.3771259842519685
11
1.8119867322834646
21
0.3777253543307086
0
LINE
8
BLACK
6
CONTINUOUS
10
1.8119867322834646
20
0.3777253543307086
11
1.8094322440944881
21
0.3794322440944882
0
LINE
8
BLACK
6
CONTINUOUS
10
1.8094322440944881
20
0.3794322440944882
11
1.8077253543307086
21
0.3819867322834646
0
LINE
8
BLACK
6
CONTINUOUS
10
1.8077253543307086
20
0.3819867322834646
11
1.8071259842519685
21
0.385
0
LINE
8
BLACK
6
CONTINUOUS
10
1.8071259842519685
20
0.385
11
1.8071259842519685
21
0.4853937007874016
0
LINE
8
BLACK
6
CONTINUOUS
10
1.8071259842519685
20
0.4853937007874016
11
1.8077253543307086
21
0.488406968503937
0
LINE
8
BLACK
6
CONTINUOUS
10
1.8077253543307086
20
0.488406968503937
11
1.8094322440944881
21
0.4909614566929134
0
LINE
8
BLACK
6
CONTINUOUS
10
1.8094322440944881
20
0.4909614566929134
11
1.8119867322834646
21
0.4926683464566929
0
LINE
8
BLACK
6
CONTINUOUS
10
1.8119867322834646
20
0.4926683464566929
11
1.8149999999999999
21
0.4932677165354331
0
LINE
8
BLACK
6
CONTINUOUS
10
1.8149999999999999
20
0.4932677165354331
11
1.9449212598425196
21
0.4932677165354331
0
LINE
8
BLACK
6
CONTINUOUS
10
1.9449212598425196
20
0.4932677165354331
11
1.9479345275590552
21
0.4926683464566929
0
LINE
8
BLACK
6
CONTINUOUS
10
2.1841550000000001
20
0.4316447244094488
11
2.1867094881889764
21
0.4299378346456693
0
LINE
8
BLACK
6
CONTINUOUS
10
2.1867094881889764
20
0.4299378346456693
11
2.1884163779527559
21
0.4273833464566929
0
LINE
8
BLACK
6
CONTINUOUS
10
2.1884163779527559
20
0.4273833464566929
11
2.1890157480314962
21
0.4243700787401575
0
LINE
8
BLACK
6
CONTINUOUS
10
2.1890157480314962
20
0.4243700787401575
11
2.1890157480314962
21
0.385
0
LINE
8
BLACK
6
CONTINUOUS
10
2.1890157480314962
20
0.385
11
2.1884163779527559
21
0.3819867322834646
0
LINE
8
BLACK
6
CONTINUOUS
10
2.1884163779527559
20
0.3819867322834646
11
2.1867094881889764
21
0.3794322440944882
0
LINE
8
BLACK
6
CONTINUOUS
10
2.1867094881889764
20
0.3794322440944882
11
2.1841550000000001
21
0.3777253543307086
0
LINE
8
BLACK
6
CONTINUOUS
10
2.1841550000000001
20
0.3777253543307086
11
2.1811417322834643
21
0.3771259842519685
0
LINE
8
BLACK
6
CONTINUOUS
10
2.1811417322834643
20
0.3771259842519685
11
2.0315354330708661
21
0.3771259842519685
0
LINE
8
BLACK
6
CONTINUOUS
10
2.0315354330708661
20
0.3771259842519685
11
2.0285221653543308
21
0.3777253543307086
0
LINE
8
BLACK
6
CONTINUOUS
10
2.0285221653543308
20
0.3777253543307086
11
2.0259676771653541
21
0.3794322440944882
0
LINE
8
BLACK
6
CONTINUOUS
10
2.0259676771653541
20
0.3794322440944882
11
2.0242607874015746
21
0.3819867322834646
0
LINE
8
BLACK
6
CONTINUOUS
10
2.0242607874015746
20
0.3819867322834646
11
2.0236614173228347
21
0.385
0
LINE
8
BLACK
6
CONTINUOUS
10
2.0236614173228347
20
0.385
11
2.0236614173228347
21
0.4243700787401575
0
LINE
8
BLACK
6
CONTINUOUS
10
2.0236614173228347
20
0.4243700787401575
11
2.0242607874015746
21
0.4273833464566929
0
LINE
8
BLACK
6
CONTINUOUS
10
2.0242607874015746
20
0.4273833464566929
11
2.0259676771653541
21
0.4299378346456693
0
LINE
8
BLACK
6
CONTINUOUS
10
2.0259676771653541
20
0.4299378346456693
11
2.0285221653543308
21
0.4316447244094488
0
LINE
8
BLACK
6
CONTINUOUS
10
2.0285221653543308
20
0.4316447244094488
11
2.0315354330708661
21
0.432244094488189
0
LINE
8
BLACK
6
CONTINUOUS
10
2.0315354330708661
20
0.432244094488189
11
2.1811417322834643
21
0.432244094488189
0
LINE
8
BLACK
6
CONTINUOUS
10
2.1811417322834643
20
0.432244094488189
11
2.1841550000000001
21
0.4316447244094488
0
LINE
8
BLACK
6
CONTINUOUS
10
2.420375472440945
20
0.4316447244094488
11
2.4229299606299213
21
0.4299378346456693
0
LINE
8
BLACK
6
CONTINUOUS
10
2.4229299606299213
20
0.4299378346456693
11
2.4246368503937008
21
0.4273833464566929
0
LINE
8
BLACK
6
CONTINUOUS
10
2.4246368503937008
20
0.4273833464566929
11
2.4252362204724407
21
0.4243700787401575
0
LINE
8
BLACK
6
CONTINUOUS
10
2.4252362204724407
20
0.4243700787401575
11
2.4252362204724407
21
0.385
0
LINE
8
BLACK
6
CONTINUOUS
10
2.4252362204724407
20
0.385
11
2.4246368503937008
21
0.3819867322834646
0
LINE
8
BLACK
6
CONTINUOUS
10
2.4246368503937008
20
0.3819867322834646
11
2.4229299606299213
21
0.3794322440944882
0
LINE
8
BLACK
6
CONTINUOUS
10
2.4229299606299213
20
0.3794322440944882
11
2.420375472440945
21
0.3777253543307086
0
LINE
8
BLACK
6
CONTINUOUS
10
2.420375472440945
20
0.3777253543307086
11
2.4173622047244092
21
0.3771259842519685
0
LINE
8
BLACK
6
CONTINUOUS
10
2.4173622047244092
20
0.3771259842519685
11
2.2677559055118111
21
0.3771259842519685
0
LINE
8
BLACK
6
CONTINUOUS
10
2.2677559055118111
20
0.3771259842519685
11
2.2647426377952757
21
0.3777253543307086
0
LINE
8
BLACK
6
CONTINUOUS
10
2.2647426377952757
20
0.3777253543307086
11
2.262188149606299
21
0.3794322440944882
0
LINE
8
BLACK
6
CONTINUOUS
10
2.262188149606299
20
0.3794322440944882
11
2.2604812598425195
21
0.3819867322834646
0
LINE
8
BLACK
6
CONTINUOUS
10
2.2604812598425195
20
0.3819867322834646
11
2.2598818897637796
21
0.385
0
LINE
8
BLACK
6
CONTINUOUS
10
2.2598818897637796
20
0.385
11
2.2598818897637796
21
0.4243700787401575
0
LINE
8
BLACK
6
CONTINUOUS
10
2.2598818897637796
20
0.4243700787401575
11
2.2604812598425195
21
0.4273833464566929
0
LINE
8
BLACK
6
CONTINUOUS
10
2.2604812598425195
20
0.4273833464566929
11
2.262188149606299
21
0.4299378346456693
0
LINE
8
BLACK
6
CONTINUOUS
10
2.262188149606299
20
0.4299378346456693
11
2.2647426377952757
21
0.4316447244094488
0
LINE
8
BLACK
6
CONTINUOUS
10
2.2647426377952757
20
0.4316447244094488
11
2.2677559055118111
21
0.432244094488189
0
LINE
8
BLACK
6
CONTINUOUS
10
2.2677559055118111
20
0.432244094488189
11
2.4173622047244092
21
0.432244094488189
0
LINE
8
BLACK
6
CONTINUOUS
10
2.4173622047244092
20
0.432244094488189
11
2.420375472440945
21
0.4316447244094488
0
LINE
8
BLACK
6
CONTINUOUS
10
2.6565959448818899
20
0.4316447244094488
11
2.6591504330708662
21
0.4299378346456693
0
LINE
8
BLACK
6
CONTINUOUS
10
2.6591504330708662
20
0.4299378346456693
11
2.6608573228346457
21
0.4273833464566929
0
LINE
8
BLACK
6
CONTINUOUS
10
2.6608573228346457
20
0.4273833464566929
11
2.6614566929133856
21
0.4243700787401575
0
LINE
8
BLACK
6
CONTINUOUS
10
2.6614566929133856
20
0.4243700787401575
11
2.6614566929133856
21
0.385
0
LINE
8
BLACK
6
CONTINUOUS
10
2.6614566929133856
20
0.385
11
2.6608573228346457
21
0.3819867322834646
0
LINE
8
BLACK
6
CONTINUOUS
10
2.6608573228346457
20
0.3819867322834646
11
2.6591504330708662
21
0.3794322440944882
0
LINE
8
BLACK
6
CONTINUOUS
10
2.6591504330708662
20
0.3794322440944882
11
2.6565959448818899
21
0.3777253543307086
0
LINE
8
BLACK
6
CONTINUOUS
10
2.6565959448818899
20
0.3777253543307086
11
2.6535826771653541
21
0.3771259842519685
0
LINE
8
BLACK
6
CONTINUOUS
10
2.6535826771653541
20
0.3771259842519685
11
2.503976377952756
21
0.3771259842519685
0
LINE
8
BLACK
6
CONTINUOUS
10
2.503976377952756
20
0.3771259842519685
11
2.5009631102362202
21
0.3777253543307086
0
LINE
8
BLACK
6
CONTINUOUS
10
2.5009631102362202
20
0.3777253543307086
11
2.4984086220472439
21
0.3794322440944882
0
LINE
8
BLACK
6
CONTINUOUS
10
2.4984086220472439
20
0.3794322440944882
11
2.4967017322834644
21
0.3819867322834646
0
LINE
8
BLACK
6
CONTINUOUS
10
2.4967017322834644
20
0.3819867322834646
11
2.4961023622047245
21
0.385
0
LINE
8
BLACK
6
CONTINUOUS
10
2.4961023622047245
20
0.385
11
2.4961023622047245
21
0.4243700787401575
0
LINE
8
BLACK
6
CONTINUOUS
10
2.4961023622047245
20
0.4243700787401575
11
2.4967017322834644
21
0.4273833464566929
0
LINE
8
BLACK
6
CONTINUOUS
10
2.4967017322834644
20
0.4273833464566929
11
2.4984086220472439
21
0.4299378346456693
0
LINE
8
BLACK
6
CONTINUOUS
10
2.4984086220472439
20
0.4299378346456693
11
2.5009631102362202
21
0.4316447244094488
0
LINE
8
BLACK
6
CONTINUOUS
10
2.5009631102362202
20
0.4316447244094488
11
2.503976377952756
21
0.432244094488189
0
LINE
8
BLACK
6
CONTINUOUS
10
2.503976377952756
20
0.432244094488189
11
2.6535826771653541
21
0.432244094488189
0
LINE
8
BLACK
6
CONTINUOUS
10
2.6535826771653541
20
0.432244094488189
11
2.6565959448818899
21
0.4316447244094488
0
LINE
8
BLACK
6
CONTINUOUS
10
2.8928164173228348
20
0.4316447244094488
11
2.8953709055118111
21
0.4299378346456693
0
LINE
8
BLACK
6
CONTINUOUS
10
2.8953709055118111
20
0.4299378346456693
11
2.8970777952755906
21
0.4273833464566929
0
LINE
8
BLACK
6
CONTINUOUS
10
2.8970777952755906
20
0.4273833464566929
11
2.8976771653543305
21
0.4243700787401575
0
LINE
8
BLACK
6
CONTINUOUS
10
2.8976771653543305
20
0.4243700787401575
11
2.8976771653543305
21
0.385
0
LINE
8
BLACK
6
CONTINUOUS
10
2.8976771653543305
20
0.385
11
2.8970777952755906
21
0.3819867322834646
0
LINE
8
BLACK
6
CONTINUOUS
10
2.8970777952755906
20
0.3819867322834646
11
2.8953709055118111
21
0.3794322440944882
0
LINE
8
BLACK
6
CONTINUOUS
10
2.8953709055118111
20
0.3794322440944882
11
2.8928164173228348
21
0.3777253543307086
0
LINE
8
BLACK
6
CONTINUOUS
10
2.8928164173228348
20
0.3777253543307086
11
2.889803149606299
21
0.3771259842519685
0
LINE
8
BLACK
6
CONTINUOUS
10
2.889803149606299
20
0.3771259842519685
11
2.7401968503937009
21
0.3771259842519685
0
LINE
8
BLACK
6
CONTINUOUS
10
2.7401968503937009
20
0.3771259842519685
11
2.7371835826771651
21
0.3777253543307086
0
LINE
8
BLACK
6
CONTINUOUS
10
2.7371835826771651
20
0.3777253543307086
11
2.7346290944881888
21
0.3794322440944882
0
LINE
8
BLACK
6
CONTINUOUS
10
2.7346290944881888
20
0.3794322440944882
11
2.7329222047244093
21
0.3819867322834646
0
LINE
8
BLACK
6
CONTINUOUS
10
2.7329222047244093
20
0.3819867322834646
11
2.7323228346456694
21
0.385
0
LINE
8
BLACK
6
CONTINUOUS
10
2.7323228346456694
20
0.385
11
2.7323228346456694
21
0.4243700787401575
0
LINE
8
BLACK
6
CONTINUOUS
10
2.7323228346456694
20
0.4243700787401575
11
2.7329222047244093
21
0.4273833464566929
0
LINE
8
BLACK
6
CONTINUOUS
10
2.7329222047244093
20
0.4273833464566929
11
2.7346290944881888
21
0.4299378346456693
0
LINE
8
BLACK
6
CONTINUOUS
10
2.7346290944881888
20
0.4299378346456693
11
2.7371835826771651
21
0.4316447244094488
0
LINE
8
BLACK
6
CONTINUOUS
10
2.7371835826771651
20
0.4316447244094488
11
2.7401968503937009
21
0.432244094488189
0
LINE
8
BLACK
6
CONTINUOUS
10
2.7401968503937009
20
0.432244094488189
11
2.889803149606299
21
0.432244094488189
0
LINE
8
BLACK
6
CONTINUOUS
10
2.889803149606299
20
0.432244094488189
11
2.8928164173228348
21
0.4316447244094488
0
LINE
8
BLACK
6
CONTINUOUS
10
3.1290368897637793
20
0.4316447244094488
11
3.131591377952756
21
0.4299378346456693
0
LINE
8
BLACK
6
CONTINUOUS
10
3.131591377952756
20
0.4299378346456693
11
3.1332982677165355
21
0.4273833464566929
0
LINE
8
BLACK
6
CONTINUOUS
10
3.1332982677165355
20
0.4273833464566929
11
3.1338976377952754
21
0.4243700787401575
0
LINE
8
BLACK
6
CONTINUOUS
10
3.1338976377952754
20
0.4243700787401575
11
3.1338976377952754
21
0.385
0
LINE
8
BLACK
6
CONTINUOUS
10
3.1338976377952754
20
0.385
11
3.1332982677165355
21
0.3819867322834646
0
LINE
8
BLACK
6
CONTINUOUS
10
3.1332982677165355
20
0.3819867322834646
11
3.131591377952756
21
0.3794322440944882
0
LINE
8
BLACK
6
CONTINUOUS
10
3.131591377952756
20
0.3794322440944882
11
3.1290368897637793
21
0.3777253543307086
0
LINE
8
BLACK
6
CONTINUOUS
10
3.1290368897637793
20
0.3777253543307086
11
3.1260236220472439
21
0.3771259842519685
0
LINE
8
BLACK
6
CONTINUOUS
10
3.1260236220472439
20
0.3771259842519685
11
2.9764173228346458
21
0.3771259842519685
0
LINE
8
BLACK
6
CONTINUOUS
10
2.9764173228346458
20
0.3771259842519685
11
2.97340405511811
21
0.3777253543307086
0
LINE
8
BLACK
6
CONTINUOUS
10
2.97340405511811
20
0.3777253543307086
11
2.9708495669291337
21
0.3794322440944882
0
LINE
8
BLACK
6
CONTINUOUS
10
2.9708495669291337
20
0.3794322440944882
11
2.9691426771653542
21
0.3819867322834646
0
LINE
8
BLACK
6
CONTINUOUS
10
2.9691426771653542
20
0.3819867322834646
11
2.9685433070866143
21
0.385
0
LINE
8
BLACK
6
CONTINUOUS
10
2.9685433070866143
20
0.385
11
2.9685433070866143
21
0.4243700787401575
0
LINE
8
BLACK
6
CONTINUOUS
10
2.9685433070866143
20
0.4243700787401575
11
2.9691426771653542
21
0.4273833464566929
0
LINE
8
BLACK
6
CONTINUOUS
10
2.9691426771653542
20
0.4273833464566929
11
2.9708495669291337
21
0.4299378346456693
0
LINE
8
BLACK
6
CONTINUOUS
10
2.9708495669291337
20
0.4299378346456693
11
2.97340405511811
21
0.4316447244094488
0
LINE
8
BLACK
6
CONTINUOUS
10
2.97340405511811
20
0.4316447244094488
11
2.9764173228346458
21
0.432244094488189
0
LINE
8
BLACK
6
CONTINUOUS
10
2.9764173228346458
20
0.432244094488189
11
3.1260236220472439
21
0.432244094488189
0
LINE
8
BLACK
6
CONTINUOUS
10
3.1260236220472439
20
0.432244094488189
11
3.1290368897637793
21
0.4316447244094488
0
LINE
8
BLACK
6
CONTINUOUS
10
3.3652573622047242
20
0.4316447244094488
11
3.3678118503937009
21
0.4299378346456693
0
LINE
8
BLACK
6
CONTINUOUS
10
3.3678118503937009
20
0.4299378346456693
11
3.3695187401574804
21
0.4273833464566929
0
LINE
8
BLACK
6
CONTINUOUS
10
3.3695187401574804
20
0.4273833464566929
11
3.3701181102362203
21
0.4243700787401575
0
LINE
8
BLACK
6
CONTINUOUS
10
3.3701181102362203
20
0.4243700787401575
11
3.3701181102362203
21
0.385
0
LINE
8
BLACK
6
CONTINUOUS
10
3.3701181102362203
20
0.385
11
3.3695187401574804
21
0.3819867322834646
0
LINE
8
BLACK
6
CONTINUOUS
10
3.3695187401574804
20
0.3819867322834646
11
3.3678118503937009
21
0.3794322440944882
0
LINE
8
BLACK
6
CONTINUOUS
10
3.3678118503937009
20
0.3794322440944882
11
3.3652573622047242
21
0.3777253543307086
0
LINE
8
BLACK
6
CONTINUOUS
10
3.3652573622047242
20
0.3777253543307086
11
3.3622440944881888
21
0.3771259842519685
0
LINE
8
BLACK
6
CONTINUOUS
10
3.3622440944881888
20
0.3771259842519685
11
3.2126377952755907
21
0.3771259842519685
0
LINE
8
BLACK
6
CONTINUOUS
10
3.2126377952755907
20
0.3771259842519685
11
3.2096245275590549
21
0.3777253543307086
0
LINE
8
BLACK
6
CONTINUOUS
10
3.2096245275590549
20
0.3777253543307086
11
3.2070700393700786
21
0.3794322440944882
0
LINE
8
BLACK
6
CONTINUOUS
10
3.2070700393700786
20
0.3794322440944882
11
3.2053631496062991
21
0.3819867322834646
0
LINE
8
BLACK
6
CONTINUOUS
10
3.2053631496062991
20
0.3819867322834646
11
3.2047637795275592
21
0.385
0
LINE
8
BLACK
6
CONTINUOUS
10
3.2047637795275592
20
0.385
11
3.2047637795275592
21
0.4243700787401575
0
LINE
8
BLACK
6
CONTINUOUS
10
3.2047637795275592
20
0.4243700787401575
11
3.2053631496062991
21
0.4273833464566929
0
LINE
8
BLACK
6
CONTINUOUS
10
3.2053631496062991
20
0.4273833464566929
11
3.2070700393700786
21
0.4299378346456693
0
LINE
8
BLACK
6
CONTINUOUS
10
3.2070700393700786
20
0.4299378346456693
11
3.2096245275590549
21
0.4316447244094488
0
LINE
8
BLACK
6
CONTINUOUS
10
3.2096245275590549
20
0.4316447244094488
11
3.2126377952755907
21
0.432244094488189
0
LINE
8
BLACK
6
CONTINUOUS
10
3.2126377952755907
20
0.432244094488189
11
3.3622440944881888
21
0.432244094488189
0
LINE
8
BLACK
6
CONTINUOUS
10
3.3622440944881888
20
0.432244094488189
11
3.3652573622047242
21
0.4316447244094488
0
LINE
8
BLACK
6
CONTINUOUS
10
3.5817927952755904
20
0.4926683464566929
11
3.5843472834645667
21
0.4909614566929134
0
LINE
8
BLACK
6
CONTINUOUS
10
3.5843472834645667
20
0.4909614566929134
11
3.5860541732283462
21
0.488406968503937
0
LINE
8
BLACK
6
CONTINUOUS
10
3.5860541732283462
20
0.488406968503937
11
3.5866535433070865
21
0.4853937007874016
0
LINE
8
BLACK
6
CONTINUOUS
10
3.5866535433070865
20
0.4853937007874016
11
3.5866535433070865
21
0.385
0
LINE
8
BLACK
6
CONTINUOUS
10
3.5866535433070865
20
0.385
11
3.5860541732283462
21
0.3819867322834646
0
LINE
8
BLACK
6
CONTINUOUS
10
3.5860541732283462
20
0.3819867322834646
11
3.5843472834645667
21
0.3794322440944882
0
LINE
8
BLACK
6
CONTINUOUS
10
3.5843472834645667
20
0.3794322440944882
11
3.5817927952755904
21
0.3777253543307086
0
LINE
8
BLACK
6
CONTINUOUS
10
3.5817927952755904
20
0.3777253543307086
11
3.578779527559055
21
0.3771259842519685
0
LINE
8
BLACK
6
CONTINUOUS
10
3.578779527559055
20
0.3771259842519685
11
3.4488582677165351
21
0.3771259842519685
0
LINE
8
BLACK
6
CONTINUOUS
10
3.4488582677165351
20
0.3771259842519685
11
3.4458449999999998
21
0.3777253543307086
0
LINE
8
BLACK
6
CONTINUOUS
10
3.4458449999999998
20
0.3777253543307086
11
3.4432905118110235
21
0.3794322440944882
0
LINE
8
BLACK
6
CONTINUOUS
10
3.4432905118110235
20
0.3794322440944882
11
3.441583622047244
21
0.3819867322834646
0
LINE
8
BLACK
6
CONTINUOUS
10
3.441583622047244
20
0.3819867322834646
11
3.4409842519685037
21
0.385
0
LINE
8
BLACK
6
CONTINUOUS
10
3.4409842519685037
20
0.385
11
3.4409842519685037
21
0.4853937007874016
0
LINE
8
BLACK
6
CONTINUOUS
10
3.4409842519685037
20
0.4853937007874016
11
3.441583622047244
21
0.488406968503937
0
LINE
8
BLACK
6
CONTINUOUS
10
3.441583622047244
20
0.488406968503937
11
3.4432905118110235
21
0.4909614566929134
0
LINE
8
BLACK
6
CONTINUOUS
10
3.4432905118110235
20
0.4909614566929134
11
3.4458449999999998
21
0.4926683464566929
0
LINE
8
BLACK
6
CONTINUOUS
10
3.4458449999999998
20
0.4926683464566929
11
3.4488582677165351
21
0.4932677165354331
0
LINE
8
BLACK
6
CONTINUOUS
10
3.4488582677165351
20
0.4932677165354331
11
3.578779527559055
21
0.4932677165354331
0
LINE
8
BLACK
6
CONTINUOUS
10
3.578779527559055
20
0.4932677165354331
11
3.5817927952755904
21
0.4926683464566929
0
LINE
8
BLACK
6
CONTINUOUS
10
0.1515959448818898
20
0.4950699212598425
11
0.1541504330708661
21
0.493363031496063
0
LINE
8
BLACK
6
CONTINUOUS
10
0.1541504330708661
20
0.493363031496063
11
0.1558573228346457
21
0.4908085433070866
0
LINE
8
BLACK
6
CONTINUOUS
10
0.1558573228346457
20
0.4908085433070866
11
0.1564566929133858
21
0.4877952755905512
0
LINE
8
BLACK
6
CONTINUOUS
10
0.1564566929133858
20
0.4877952755905512
11
0.1564566929133858
21
0.3874015748031496
0
LINE
8
BLACK
6
CONTINUOUS
10
0.1564566929133858
20
0.3874015748031496
11
0.1558573228346457
21
0.3843883070866141
0
LINE
8
BLACK
6
CONTINUOUS
10
0.1558573228346457
20
0.3843883070866141
11
0.1541504330708661
21
0.3818338188976378
0
LINE
8
BLACK
6
CONTINUOUS
10
0.1541504330708661
20
0.3818338188976378
11
0.1515959448818898
21
0.3801269291338583
0
LINE
8
BLACK
6
CONTINUOUS
10
0.1515959448818898
20
0.3801269291338583
11
0.1485826771653543
21
0.3795275590551181
0
LINE
8
BLACK
6
CONTINUOUS
10
0.1485826771653543
20
0.3795275590551181
11
0.0186614173228346
21
0.3795275590551181
0
LINE
8
BLACK
6
CONTINUOUS
10
0.0186614173228346
20
0.3795275590551181
11
0.0156481496062992
21
0.3801269291338583
0
LINE
8
BLACK
6
CONTINUOUS
10
0.0156481496062992
20
0.3801269291338583
11
0.0130936614173228
21
0.3818338188976378
0
LINE
8
BLACK
6
CONTINUOUS
10
0.0130936614173228
20
0.3818338188976378
11
0.0113867716535433
21
0.3843883070866141
0
LINE
8
BLACK
6
CONTINUOUS
10
0.0113867716535433
20
0.3843883070866141
11
0.0107874015748031
21
0.3874015748031496
0
LINE
8
BLACK
6
CONTINUOUS
10
0.0107874015748031
20
0.3874015748031496
11
0.0107874015748031
21
0.4877952755905512
0
LINE
8
BLACK
6
CONTINUOUS
10
0.0107874015748031
20
0.4877952755905512
11
0.0113867716535433
21
0.4908085433070866
0
LINE
8
BLACK
6
CONTINUOUS
10
0.0113867716535433
20
0.4908085433070866
11
0.0130936614173228
21
0.493363031496063
0
LINE
8
BLACK
6
CONTINUOUS
10
0.0130936614173228
20
0.493363031496063
11
0.0156481496062992
21
0.4950699212598425
0
LINE
8
BLACK
6
CONTINUOUS
10
0.0156481496062992
20
0.4950699212598425
11
0.0186614173228346
21
0.4956692913385827
0
LINE
8
BLACK
6
CONTINUOUS
10
0.0186614173228346
20
0.4956692913385827
11
0.1485826771653543
21
0.4956692913385827
0
LINE
8
BLACK
6
CONTINUOUS
10
0.1485826771653543
20
0.4956692913385827
11
0.1515959448818898
21
0.4950699212598425
0
LINE
8
BLACK
6
CONTINUOUS
10
0.3878164173228346
20
0.4340462992125984
11
0.390370905511811
21
0.4323394094488189
0
LINE
8
BLACK
6
CONTINUOUS
10
0.390370905511811
20
0.4323394094488189
11
0.3920777952755906
21
0.4297849212598425
0
LINE
8
BLACK
6
CONTINUOUS
10
0.3920777952755906
20
0.4297849212598425
11
0.3926771653543307
21
0.4267716535433071
0
LINE
8
BLACK
6
CONTINUOUS
10
0.3926771653543307
20
0.4267716535433071
11
0.3926771653543307
21
0.3874015748031496
0
LINE
8
BLACK
6
CONTINUOUS
10
0.3926771653543307
20
0.3874015748031496
11
0.3920777952755906
21
0.3843883070866141
0
LINE
8
BLACK
6
CONTINUOUS
10
0.3920777952755906
20
0.3843883070866141
11
0.390370905511811
21
0.3818338188976378
0
LINE
8
BLACK
6
CONTINUOUS
10
0.390370905511811
20
0.3818338188976378
11
0.3878164173228346
21
0.3801269291338583
0
LINE
8
BLACK
6
CONTINUOUS
10
0.3878164173228346
20
0.3801269291338583
11
0.3848031496062992
21
0.3795275590551181
0
LINE
8
BLACK
6
CONTINUOUS
10
0.3848031496062992
20
0.3795275590551181
11
0.2351968503937008
21
0.3795275590551181
0
LINE
8
BLACK
6
CONTINUOUS
10
0.2351968503937008
20
0.3795275590551181
11
0.2321835826771654
21
0.3801269291338583
0
LINE
8
BLACK
6
CONTINUOUS
10
0.2321835826771654
20
0.3801269291338583
11
0.229629094488189
21
0.3818338188976378
0
LINE
8
BLACK
6
CONTINUOUS
10
0.229629094488189
20
0.3818338188976378
11
0.2279222047244094
21
0.3843883070866141
0
LINE
8
BLACK
6
CONTINUOUS
10
0.2279222047244094
20
0.3843883070866141
11
0.2273228346456693
21
0.3874015748031496
0
LINE
8
BLACK
6
CONTINUOUS
10
0.2273228346456693
20
0.3874015748031496
11
0.2273228346456693
21
0.4267716535433071
0
LINE
8
BLACK
6
CONTINUOUS
10
0.2273228346456693
20
0.4267716535433071
11
0.2279222047244094
21
0.4297849212598425
0
LINE
8
BLACK
6
CONTINUOUS
10
0.2279222047244094
20
0.4297849212598425
11
0.229629094488189
21
0.4323394094488189
0
LINE
8
BLACK
6
CONTINUOUS
10
0.229629094488189
20
0.4323394094488189
11
0.2321835826771654
21
0.4340462992125984
0
LINE
8
BLACK
6
CONTINUOUS
10
0.2321835826771654
20
0.4340462992125984
11
0.2351968503937008
21
0.4346456692913386
0
LINE
8
BLACK
6
CONTINUOUS
10
0.2351968503937008
20
0.4346456692913386
11
0.3848031496062992
21
0.4346456692913386
0
LINE
8
BLACK
6
CONTINUOUS
10
0.3848031496062992
20
0.4346456692913386
11
0.3878164173228346
21
0.4340462992125984
0
LINE
8
BLACK
6
CONTINUOUS
10
0.6240368897637795
20
0.4340462992125984
11
0.6265913779527559
21
0.4323394094488189
0
LINE
8
BLACK
6
CONTINUOUS
10
0.6265913779527559
20
0.4323394094488189
11
0.6282982677165354
21
0.4297849212598425
0
LINE
8
BLACK
6
CONTINUOUS
10
0.6282982677165354
20
0.4297849212598425
11
0.6288976377952755
21
0.4267716535433071
0
LINE
8
BLACK
6
CONTINUOUS
10
0.6288976377952755
20
0.4267716535433071
11
0.6288976377952755
21
0.3874015748031496
0
LINE
8
BLACK
6
CONTINUOUS
10
0.6288976377952755
20
0.3874015748031496
11
0.6282982677165354
21
0.3843883070866141
0
LINE
8
BLACK
6
CONTINUOUS
10
0.6282982677165354
20
0.3843883070866141
11
0.6265913779527559
21
0.3818338188976378
0
LINE
8
BLACK
6
CONTINUOUS
10
0.6265913779527559
20
0.3818338188976378
11
0.6240368897637795
21
0.3801269291338583
0
LINE
8
BLACK
6
CONTINUOUS
10
0.6240368897637795
20
0.3801269291338583
11
0.621023622047244
21
0.3795275590551181
0
LINE
8
BLACK
6
CONTINUOUS
10
0.621023622047244
20
0.3795275590551181
11
0.4714173228346457
21
0.3795275590551181
0
LINE
8
BLACK
6
CONTINUOUS
10
0.4714173228346457
20
0.3795275590551181
11
0.4684040551181102
21
0.3801269291338583
0
LINE
8
BLACK
6
CONTINUOUS
10
0.4684040551181102
20
0.3801269291338583
11
0.4658495669291339
21
0.3818338188976378
0
LINE
8
BLACK
6
CONTINUOUS
10
0.4658495669291339
20
0.3818338188976378
11
0.4641426771653543
21
0.3843883070866141
0
LINE
8
BLACK
6
CONTINUOUS
10
0.4641426771653543
20
0.3843883070866141
11
0.4635433070866142
21
0.3874015748031496
0
LINE
8
BLACK
6
CONTINUOUS
10
0.4635433070866142
20
0.3874015748031496
11
0.4635433070866142
21
0.4267716535433071
0
LINE
8
BLACK
6
CONTINUOUS
10
0.4635433070866142
20
0.4267716535433071
11
0.4641426771653543
21
0.4297849212598425
0
LINE
8
BLACK
6
CONTINUOUS
10
0.4641426771653543
20
0.4297849212598425
11
0.4658495669291339
21
0.4323394094488189
0
LINE
8
BLACK
6
CONTINUOUS
10
0.4658495669291339
20
0.4323394094488189
11
0.4684040551181102
21
0.4340462992125984
0
LINE
8
BLACK
6
CONTINUOUS
10
0.4684040551181102
20
0.4340462992125984
11
0.4714173228346457
21
0.4346456692913386
0
LINE
8
BLACK
6
CONTINUOUS
10
0.4714173228346457
20
0.4346456692913386
11
0.621023622047244
21
0.4346456692913386
0
LINE
8
BLACK
6
CONTINUOUS
10
0.621023622047244
20
0.4346456692913386
11
0.6240368897637795
21
0.4340462992125984
0
LINE
8
BLACK
6
CONTINUOUS
10
0.8602573622047244
20
0.4340462992125984
11
0.8628118503937008
21
0.4323394094488189
0
LINE
8
BLACK
6
CONTINUOUS
10
0.8628118503937008
20
0.4323394094488189
11
0.8645187401574803
21
0.4297849212598425
0
LINE
8
BLACK
6
CONTINUOUS
10
0.8645187401574803
20
0.4297849212598425
11
0.8651181102362204
21
0.4267716535433071
0
LINE
8
BLACK
6
CONTINUOUS
10
0.8651181102362204
20
0.4267716535433071
11
0.8651181102362204
21
0.3874015748031496
0
LINE
8
BLACK
6
CONTINUOUS
10
0.8651181102362204
20
0.3874015748031496
11
0.8645187401574803
21
0.3843883070866141
0
LINE
8
BLACK
6
CONTINUOUS
10
0.8645187401574803
20
0.3843883070866141
11
0.8628118503937008
21
0.3818338188976378
0
LINE
8
BLACK
6
CONTINUOUS
10
0.8628118503937008
20
0.3818338188976378
11
0.8602573622047244
21
0.3801269291338583
0
LINE
8
BLACK
6
CONTINUOUS
10
0.8602573622047244
20
0.3801269291338583
11
0.8572440944881889
21
0.3795275590551181
0
LINE
8
BLACK
6
CONTINUOUS
10
0.8572440944881889
20
0.3795275590551181
11
0.7076377952755906
21
0.3795275590551181
0
LINE
8
BLACK
6
CONTINUOUS
10
0.7076377952755906
20
0.3795275590551181
11
0.7046245275590551
21
0.3801269291338583
0
LINE
8
BLACK
6
CONTINUOUS
10
0.7046245275590551
20
0.3801269291338583
11
0.7020700393700787
21
0.3818338188976378
0
LINE
8
BLACK
6
CONTINUOUS
10
0.7020700393700787
20
0.3818338188976378
11
0.7003631496062992
21
0.3843883070866141
0
LINE
8
BLACK
6
CONTINUOUS
10
0.7003631496062992
20
0.3843883070866141
11
0.6997637795275591
21
0.3874015748031496
0
LINE
8
BLACK
6
CONTINUOUS
10
0.6997637795275591
20
0.3874015748031496
11
0.6997637795275591
21
0.4267716535433071
0
LINE
8
BLACK
6
CONTINUOUS
10
0.6997637795275591
20
0.4267716535433071
11
0.7003631496062992
21
0.4297849212598425
0
LINE
8
BLACK
6
CONTINUOUS
10
0.7003631496062992
20
0.4297849212598425
11
0.7020700393700787
21
0.4323394094488189
0
LINE
8
BLACK
6
CONTINUOUS
10
0.7020700393700787
20
0.4323394094488189
11
0.7046245275590551
21
0.4340462992125984
0
LINE
8
BLACK
6
CONTINUOUS
10
0.7046245275590551
20
0.4340462992125984
11
0.7076377952755906
21
0.4346456692913386
0
LINE
8
BLACK
6
CONTINUOUS
10
0.7076377952755906
20
0.4346456692913386
11
0.8572440944881889
21
0.4346456692913386
0
LINE
8
BLACK
6
CONTINUOUS
10
0.8572440944881889
20
0.4346456692913386
11
0.8602573622047244
21
0.4340462992125984
0
LINE
8
BLACK
6
CONTINUOUS
10
1.0964778346456692
20
0.4340462992125984
11
1.0990323228346457
21
0.4323394094488189
0
LINE
8
BLACK
6
CONTINUOUS
10
1.0990323228346457
20
0.4323394094488189
11
1.1007392125984252
21
0.4297849212598425
0
LINE
8
BLACK
6
CONTINUOUS
10
1.1007392125984252
20
0.4297849212598425
11
1.1013385826771653
21
0.4267716535433071
0
LINE
8
BLACK
6
CONTINUOUS
10
1.1013385826771653
20
0.4267716535433071
11
1.1013385826771653
21
0.3874015748031496
0
LINE
8
BLACK
6
CONTINUOUS
10
1.1013385826771653
20
0.3874015748031496
11
1.1007392125984252
21
0.3843883070866141
0
LINE
8
BLACK
6
CONTINUOUS
10
1.1007392125984252
20
0.3843883070866141
11
1.0990323228346457
21
0.3818338188976378
0
LINE
8
BLACK
6
CONTINUOUS
10
1.0990323228346457
20
0.3818338188976378
11
1.0964778346456692
21
0.3801269291338583
0
LINE
8
BLACK
6
CONTINUOUS
10
1.0964778346456692
20
0.3801269291338583
11
1.0934645669291339
21
0.3795275590551181
0
LINE
8
BLACK
6
CONTINUOUS
10
1.0934645669291339
20
0.3795275590551181
11
0.9438582677165354
21
0.3795275590551181
0
LINE
8
BLACK
6
CONTINUOUS
10
0.9438582677165354
20
0.3795275590551181
11
0.9408449999999999
21
0.3801269291338583
0
LINE
8
BLACK
6
CONTINUOUS
10
0.9408449999999999
20
0.3801269291338583
11
0.9382905118110236
21
0.3818338188976378
0
LINE
8
BLACK
6
CONTINUOUS
10
0.9382905118110236
20
0.3818338188976378
11
0.9365836220472441
21
0.3843883070866141
0
LINE
8
BLACK
6
CONTINUOUS
10
0.9365836220472441
20
0.3843883070866141
11
0.9359842519685039
21
0.3874015748031496
0
LINE
8
BLACK
6
CONTINUOUS
10
0.9359842519685039
20
0.3874015748031496
11
0.9359842519685039
21
0.4267716535433071
0
LINE
8
BLACK
6
CONTINUOUS
10
0.9359842519685039
20
0.4267716535433071
11
0.9365836220472441
21
0.4297849212598425
0
LINE
8
BLACK
6
CONTINUOUS
10
0.9365836220472441
20
0.4297849212598425
11
0.9382905118110236
21
0.4323394094488189
0
LINE
8
BLACK
6
CONTINUOUS
10
0.9382905118110236
20
0.4323394094488189
11
0.9408449999999999
21
0.4340462992125984
0
LINE
8
BLACK
6
CONTINUOUS
10
0.9408449999999999
20
0.4340462992125984
11
0.9438582677165354
21
0.4346456692913386
0
LINE
8
BLACK
6
CONTINUOUS
10
0.9438582677165354
20
0.4346456692913386
11
1.0934645669291339
21
0.4346456692913386
0
LINE
8
BLACK
6
CONTINUOUS
10
1.0934645669291339
20
0.4346456692913386
11
1.0964778346456692
21
0.4340462992125984
0
LINE
8
BLACK
6
CONTINUOUS
10
1.3326983070866141
20
0.4340462992125984
11
1.3352527952755906
21
0.4323394094488189
0
LINE
8
BLACK
6
CONTINUOUS
10
1.3352527952755906
20
0.4323394094488189
11
1.3369596850393701
21
0.4297849212598425
0
LINE
8
BLACK
6
CONTINUOUS
10
1.3369596850393701
20
0.4297849212598425
11
1.3375590551181102
21
0.4267716535433071
0
LINE
8
BLACK
6
CONTINUOUS
10
1.3375590551181102
20
0.4267716535433071
11
1.3375590551181102
21
0.3874015748031496
0
LINE
8
BLACK
6
CONTINUOUS
10
1.3375590551181102
20
0.3874015748031496
11
1.3369596850393701
21
0.3843883070866141
0
LINE
8
BLACK
6
CONTINUOUS
10
1.3369596850393701
20
0.3843883070866141
11
1.3352527952755906
21
0.3818338188976378
0
LINE
8
BLACK
6
CONTINUOUS
10
1.3352527952755906
20
0.3818338188976378
11
1.3326983070866141
21
0.3801269291338583
0
LINE
8
BLACK
6
CONTINUOUS
10
1.3326983070866141
20
0.3801269291338583
11
1.3296850393700788
21
0.3795275590551181
0
LINE
8
BLACK
6
CONTINUOUS
10
1.3296850393700788
20
0.3795275590551181
11
1.1800787401574804
21
0.3795275590551181
0
LINE
8
BLACK
6
CONTINUOUS
10
1.1800787401574804
20
0.3795275590551181
11
1.1770654724409448
21
0.3801269291338583
0
LINE
8
BLACK
6
CONTINUOUS
10
1.1770654724409448
20
0.3801269291338583
11
1.1745109842519685
21
0.3818338188976378
0
LINE
8
BLACK
6
CONTINUOUS
10
1.1745109842519685
20
0.3818338188976378
11
1.172804094488189
21
0.3843883070866141
0
LINE
8
BLACK
6
CONTINUOUS
10
1.172804094488189
20
0.3843883070866141
11
1.1722047244094489
21
0.3874015748031496
0
LINE
8
BLACK
6
CONTINUOUS
10
1.1722047244094489
20
0.3874015748031496
11
1.1722047244094489
21
0.4267716535433071
0
LINE
8
BLACK
6
CONTINUOUS
10
1.1722047244094489
20
0.4267716535433071
11
1.172804094488189
21
0.4297849212598425
0
LINE
8
BLACK
6
CONTINUOUS
10
1.172804094488189
20
0.4297849212598425
11
1.1745109842519685
21
0.4323394094488189
0
LINE
8
BLACK
6
CONTINUOUS
10
1.1745109842519685
20
0.4323394094488189
11
1.1770654724409448
21
0.4340462992125984
0
LINE
8
BLACK
6
CONTINUOUS
10
1.1770654724409448
20
0.4340462992125984
11
1.1800787401574804
21
0.4346456692913386
0
LINE
8
BLACK
6
CONTINUOUS
10
1.1800787401574804
20
0.4346456692913386
11
1.3296850393700788
21
0.4346456692913386
0
LINE
8
BLACK
6
CONTINUOUS
10
1.3296850393700788
20
0.4346456692913386
11
1.3326983070866141
21
0.4340462992125984
0
LINE
8
BLACK
6
CONTINUOUS
10
1.568918779527559
20
0.4340462992125984
11
1.5714732677165355
21
0.4323394094488189
0
LINE
8
BLACK
6
CONTINUOUS
10
1.5714732677165355
20
0.4323394094488189
11
1.573180157480315
21
0.4297849212598425
0
LINE
8
BLACK
6
CONTINUOUS
10
1.573180157480315
20
0.4297849212598425
11
1.5737795275590551
21
0.4267716535433071
0
LINE
8
BLACK
6
CONTINUOUS
10
1.5737795275590551
20
0.4267716535433071
11
1.5737795275590551
21
0.3874015748031496
0
LINE
8
BLACK
6
CONTINUOUS
10
1.5737795275590551
20
0.3874015748031496
11
1.573180157480315
21
0.3843883070866141
0
LINE
8
BLACK
6
CONTINUOUS
10
1.573180157480315
20
0.3843883070866141
11
1.5714732677165355
21
0.3818338188976378
0
LINE
8
BLACK
6
CONTINUOUS
10
1.5714732677165355
20
0.3818338188976378
11
1.568918779527559
21
0.3801269291338583
0
LINE
8
BLACK
6
CONTINUOUS
10
1.568918779527559
20
0.3801269291338583
11
1.5659055118110237
21
0.3795275590551181
0
LINE
8
BLACK
6
CONTINUOUS
10
1.5659055118110237
20
0.3795275590551181
11
1.4162992125984251
21
0.3795275590551181
0
LINE
8
BLACK
6
CONTINUOUS
10
1.4162992125984251
20
0.3795275590551181
11
1.4132859448818897
21
0.3801269291338583
0
LINE
8
BLACK
6
CONTINUOUS
10
1.4132859448818897
20
0.3801269291338583
11
1.4107314566929134
21
0.3818338188976378
0
LINE
8
BLACK
6
CONTINUOUS
10
1.4107314566929134
20
0.3818338188976378
11
1.4090245669291339
21
0.3843883070866141
0
LINE
8
BLACK
6
CONTINUOUS
10
1.4090245669291339
20
0.3843883070866141
11
1.4084251968503936
21
0.3874015748031496
0
LINE
8
BLACK
6
CONTINUOUS
10
1.4084251968503936
20
0.3874015748031496
11
1.4084251968503936
21
0.4267716535433071
0
LINE
8
BLACK
6
CONTINUOUS
10
1.4084251968503936
20
0.4267716535433071
11
1.4090245669291339
21
0.4297849212598425
0
LINE
8
BLACK
6
CONTINUOUS
10
1.4090245669291339
20
0.4297849212598425
11
1.4107314566929134
21
0.4323394094488189
0
LINE
8
BLACK
6
CONTINUOUS
10
1.4107314566929134
20
0.4323394094488189
11
1.4132859448818897
21
0.4340462992125984
0
LINE
8
BLACK
6
CONTINUOUS
10
1.4132859448818897
20
0.4340462992125984
11
1.4162992125984251
21
0.4346456692913386
0
LINE
8
BLACK
6
CONTINUOUS
10
1.4162992125984251
20
0.4346456692913386
11
1.5659055118110237
21
0.4346456692913386
0
LINE
8
BLACK
6
CONTINUOUS
10
1.5659055118110237
20
0.4346456692913386
11
1.568918779527559
21
0.4340462992125984
0
LINE
8
BLACK
6
CONTINUOUS
10
1.7854542125984252
20
0.4950699212598425
11
1.7880087007874015
21
0.493363031496063
0
LINE
8
BLACK
6
CONTINUOUS
10
1.7880087007874015
20
0.493363031496063
11
1.789715590551181
21
0.4908085433070866
0
LINE
8
BLACK
6
CONTINUOUS
10
1.789715590551181
20
0.4908085433070866
11
1.7903149606299211
21
0.4877952755905512
0
LINE
8
BLACK
6
CONTINUOUS
10
1.7903149606299211
20
0.4877952755905512
11
1.7903149606299211
21
0.3874015748031496
0
LINE
8
BLACK
6
CONTINUOUS
10
1.7903149606299211
20
0.3874015748031496
11
1.789715590551181
21
0.3843883070866141
0
LINE
8
BLACK
6
CONTINUOUS
10
1.789715590551181
20
0.3843883070866141
11
1.7880087007874015
21
0.3818338188976378
0
LINE
8
BLACK
6
CONTINUOUS
10
1.7880087007874015
20
0.3818338188976378
11
1.7854542125984252
21
0.3801269291338583
0
LINE
8
BLACK
6
CONTINUOUS
10
1.7854542125984252
20
0.3801269291338583
11
1.7824409448818896
21
0.3795275590551181
0
LINE
8
BLACK
6
CONTINUOUS
10
1.7824409448818896
20
0.3795275590551181
11
1.65251968503937
21
0.3795275590551181
0
LINE
8
BLACK
6
CONTINUOUS
10
1.65251968503937
20
0.3795275590551181
11
1.6495064173228347
21
0.3801269291338583
0
LINE
8
BLACK
6
CONTINUOUS
10
1.6495064173228347
20
0.3801269291338583
11
1.6469519291338581
21
0.3818338188976378
0
LINE
8
BLACK
6
CONTINUOUS
10
1.6469519291338581
20
0.3818338188976378
11
1.6452450393700786
21
0.3843883070866141
0
LINE
8
BLACK
6
CONTINUOUS
10
1.6452450393700786
20
0.3843883070866141
11
1.6446456692913385
21
0.3874015748031496
0
LINE
8
BLACK
6
CONTINUOUS
10
1.6446456692913385
20
0.3874015748031496
11
1.6446456692913385
21
0.4877952755905512
0
LINE
8
BLACK
6
CONTINUOUS
10
1.6446456692913385
20
0.4877952755905512
11
1.6452450393700786
21
0.4908085433070866
0
LINE
8
BLACK
6
CONTINUOUS
10
1.6452450393700786
20
0.4908085433070866
11
1.6469519291338581
21
0.493363031496063
0
LINE
8
BLACK
6
CONTINUOUS
10
1.6469519291338581
20
0.493363031496063
11
1.6495064173228347
21
0.4950699212598425
0
LINE
8
BLACK
6
CONTINUOUS
10
1.6495064173228347
20
0.4950699212598425
11
1.65251968503937
21
0.4956692913385827
0
LINE
8
BLACK
6
CONTINUOUS
10
1.65251968503937
20
0.4956692913385827
11
1.7824409448818896
21
0.4956692913385827
0
LINE
8
BLACK
6
CONTINUOUS
10
1.7824409448818896
20
0.4956692913385827
11
1.7854542125984252
21
0.4950699212598425
0
LINE
8
BLACK
6
CONTINUOUS
10
2.9817927952755903
20
0.5713297637795276
11
2.984347283464567
21
0.5696228740157481
0
LINE
8
BLACK
6
CONTINUOUS
10
2.984347283464567
20
0.5696228740157481
11
2.9860541732283465
21
0.5670683858267717
0
LINE
8
BLACK
6
CONTINUOUS
10
2.9860541732283465
20
0.5670683858267717
11
2.9866535433070864
21
0.5640551181102362
0
LINE
8
BLACK
6
CONTINUOUS
10
2.9866535433070864
20
0.5640551181102362
11
2.9866535433070864
21
0.5395898031496063
0
LINE
8
BLACK
6
CONTINUOUS
10
2.9866535433070864
20
0.5395898031496063
11
2.9869912992125984
21
0.5400953149606299
0
LINE
8
BLACK
6
CONTINUOUS
10
2.9869912992125984
20
0.5400953149606299
11
2.9895457874015747
21
0.5418022047244094
0
LINE
8
BLACK
6
CONTINUOUS
10
2.9895457874015747
20
0.5418022047244094
11
2.99255905511811
21
0.5424015748031495
0
LINE
8
BLACK
6
CONTINUOUS
10
2.99255905511811
20
0.5424015748031495
11
3.0437401574803147
21
0.5424015748031495
0
LINE
8
BLACK
6
CONTINUOUS
10
3.0437401574803147
20
0.5424015748031495
11
3.0467534251968504
21
0.5418022047244094
0
LINE
8
BLACK
6
CONTINUOUS
10
3.0467534251968504
20
0.5418022047244094
11
3.0493079133858267
21
0.5400953149606299
0
LINE
8
BLACK
6
CONTINUOUS
10
3.0493079133858267
20
0.5400953149606299
11
3.0510148031496063
21
0.5375408267716535
0
LINE
8
BLACK
6
CONTINUOUS
10
3.0510148031496063
20
0.5375408267716535
11
3.0516141732283466
21
0.5345275590551181
0
LINE
8
BLACK
6
CONTINUOUS
10
3.0516141732283466
20
0.5345275590551181
11
3.0516141732283466
21
0.4754724409448819
0
LINE
8
BLACK
6
CONTINUOUS
10
3.0516141732283466
20
0.4754724409448819
11
3.0510148031496063
21
0.4724591732283465
0
LINE
8
BLACK
6
CONTINUOUS
10
3.0510148031496063
20
0.4724591732283465
11
3.0493079133858267
21
0.4699046850393701
0
LINE
8
BLACK
6
CONTINUOUS
10
3.0493079133858267
20
0.4699046850393701
11
3.0467534251968504
21
0.4681977952755905
0
LINE
8
BLACK
6
CONTINUOUS
10
3.0467534251968504
20
0.4681977952755905
11
3.0437401574803147
21
0.4675984251968504
0
LINE
8
BLACK
6
CONTINUOUS
10
3.0437401574803147
20
0.4675984251968504
11
2.99255905511811
21
0.4675984251968504
0
LINE
8
BLACK
6
CONTINUOUS
10
2.99255905511811
20
0.4675984251968504
11
2.9895457874015747
21
0.4681977952755905
0
LINE
8
BLACK
6
CONTINUOUS
10
2.9895457874015747
20
0.4681977952755905
11
2.9869912992125984
21
0.4699046850393701
0
LINE
8
BLACK
6
CONTINUOUS
10
2.9869912992125984
20
0.4699046850393701
11
2.9866535433070864
21
0.4704101574803149
0
LINE
8
BLACK
6
CONTINUOUS
10
2.9866535433070864
20
0.4704101574803149
11
2.9866535433070864
21
0.4459448818897638
0
LINE
8
BLACK
6
CONTINUOUS
10
2.9866535433070864
20
0.4459448818897638
11
2.9860541732283465
21
0.4429316141732283
0
LINE
8
BLACK
6
CONTINUOUS
10
2.9860541732283465
20
0.4429316141732283
11
2.984347283464567
21
0.4403771259842519
0
LINE
8
BLACK
6
CONTINUOUS
10
2.984347283464567
20
0.4403771259842519
11
2.9817927952755903
21
0.4386702362204724
0
LINE
8
BLACK
6
CONTINUOUS
10
2.9817927952755903
20
0.4386702362204724
11
2.978779527559055
21
0.4380708661417323
0
LINE
8
BLACK
6
CONTINUOUS
10
2.978779527559055
20
0.4380708661417323
11
2.9512204724409448
21
0.4380708661417323
0
LINE
8
BLACK
6
CONTINUOUS
10
2.9512204724409448
20
0.4380708661417323
11
2.9482072047244094
21
0.4386702362204724
0
LINE
8
BLACK
6
CONTINUOUS
10
2.9482072047244094
20
0.4386702362204724
11
2.9456527165354331
21
0.4403771259842519
0
LINE
8
BLACK
6
CONTINUOUS
10
2.9456527165354331
20
0.4403771259842519
11
2.9439458267716536
21
0.4429316141732283
0
LINE
8
BLACK
6
CONTINUOUS
10
2.9439458267716536
20
0.4429316141732283
11
2.9433464566929133
21
0.4459448818897638
0
LINE
8
BLACK
6
CONTINUOUS
10
2.9433464566929133
20
0.4459448818897638
11
2.9433464566929133
21
0.4704101574803149
0
LINE
8
BLACK
6
CONTINUOUS
10
2.9433464566929133
20
0.4704101574803149
11
2.9430087007874013
21
0.4699046850393701
0
LINE
8
BLACK
6
CONTINUOUS
10
2.9430087007874013
20
0.4699046850393701
11
2.940454212598425
21
0.4681977952755905
0
LINE
8
BLACK
6
CONTINUOUS
10
2.940454212598425
20
0.4681977952755905
11
2.9374409448818897
21
0.4675984251968504
0
LINE
8
BLACK
6
CONTINUOUS
10
2.9374409448818897
20
0.4675984251968504
11
2.886259842519685
21
0.4675984251968504
0
LINE
8
BLACK
6
CONTINUOUS
10
2.886259842519685
20
0.4675984251968504
11
2.8832465748031497
21
0.4681977952755905
0
LINE
8
BLACK
6
CONTINUOUS
10
2.8832465748031497
20
0.4681977952755905
11
2.880692086614173
21
0.4699046850393701
0
LINE
8
BLACK
6
CONTINUOUS
10
2.880692086614173
20
0.4699046850393701
11
2.8789851968503934
21
0.4724591732283465
0
LINE
8
BLACK
6
CONTINUOUS
10
2.8789851968503934
20
0.4724591732283465
11
2.8783858267716536
21
0.4754724409448819
0
LINE
8
BLACK
6
CONTINUOUS
10
2.8783858267716536
20
0.4754724409448819
11
2.8783858267716536
21
0.5345275590551181
0
LINE
8
BLACK
6
CONTINUOUS
10
2.8783858267716536
20
0.5345275590551181
11
2.8789851968503934
21
0.5375408267716535
0
LINE
8
BLACK
6
CONTINUOUS
10
2.8789851968503934
20
0.5375408267716535
11
2.880692086614173
21
0.5400953149606299
0
LINE
8
BLACK
6
CONTINUOUS
10
2.880692086614173
20
0.5400953149606299
11
2.8832465748031497
21
0.5418022047244094
0
LINE
8
BLACK
6
CONTINUOUS
10
2.8832465748031497
20
0.5418022047244094
11
2.886259842519685
21
0.5424015748031495
0
LINE
8
BLACK
6
CONTINUOUS
10
2.886259842519685
20
0.5424015748031495
11
2.9374409448818897
21
0.5424015748031495
0
LINE
8
BLACK
6
CONTINUOUS
10
2.9374409448818897
20
0.5424015748031495
11
2.940454212598425
21
0.5418022047244094
0
LINE
8
BLACK
6
CONTINUOUS
10
2.940454212598425
20
0.5418022047244094
11
2.9430087007874013
21
0.5400953149606299
0
LINE
8
BLACK
6
CONTINUOUS
10
2.9430087007874013
20
0.5400953149606299
11
2.9433464566929133
21
0.5395898031496063
0
LINE
8
BLACK
6
CONTINUOUS
10
2.9433464566929133
20
0.5395898031496063
11
2.9433464566929133
21
0.5640551181102362
0
LINE
8
BLACK
6
CONTINUOUS
10
2.9433464566929133
20
0.5640551181102362
11
2.9439458267716536
21
0.5670683858267717
0
LINE
8
BLACK
6
CONTINUOUS
10
2.9439458267716536
20
0.5670683858267717
11
2.9456527165354331
21
0.5696228740157481
0
LINE
8
BLACK
6
CONTINUOUS
10
2.9456527165354331
20
0.5696228740157481
11
2.9482072047244094
21
0.5713297637795276
0
LINE
8
BLACK
6
CONTINUOUS
10
2.9482072047244094
20
0.5713297637795276
11
2.9512204724409448
21
0.5719291338582677
0
LINE
8
BLACK
6
CONTINUOUS
10
2.9512204724409448
20
0.5719291338582677
11
2.978779527559055
21
0.5719291338582677
0
LINE
8
BLACK
6
CONTINUOUS
10
2.978779527559055
20
0.5719291338582677
11
2.9817927952755903
21
0.5713297637795276
0
LINE
8
BLACK
6
CONTINUOUS
10
3.1355132677165352
20
0.5022746456692914
11
3.1380677559055119
21
0.5005677559055118
0
LINE
8
BLACK
6
CONTINUOUS
10
3.1380677559055119
20
0.5005677559055118
11
3.1397746456692914
21
0.4980132677165354
0
LINE
8
BLACK
6
CONTINUOUS
10
3.1397746456692914
20
0.4980132677165354
11
3.1403740157480313
21
0.495
0
LINE
8
BLACK
6
CONTINUOUS
10
3.1403740157480313
20
0.495
11
3.1403740157480313
21
0.46
0
LINE
8
BLACK
6
CONTINUOUS
10
3.1403740157480313
20
0.46
11
3.1397746456692914
21
0.4569867322834645
0
LINE
8
BLACK
6
CONTINUOUS
10
3.1397746456692914
20
0.4569867322834645
11
3.1380677559055119
21
0.4544322440944882
0
LINE
8
BLACK
6
CONTINUOUS
10
3.1380677559055119
20
0.4544322440944882
11
3.1355132677165352
21
0.4527253543307087
0
LINE
8
BLACK
6
CONTINUOUS
10
3.1355132677165352
20
0.4527253543307087
11
3.1324999999999998
21
0.4521259842519685
0
LINE
8
BLACK
6
CONTINUOUS
10
3.1324999999999998
20
0.4521259842519685
11
3.0775000000000001
21
0.4521259842519685
0
LINE
8
BLACK
6
CONTINUOUS
10
3.0775000000000001
20
0.4521259842519685
11
3.0744867322834644
21
0.4527253543307087
0
LINE
8
BLACK
6
CONTINUOUS
10
3.0744867322834644
20
0.4527253543307087
11
3.0719322440944881
21
0.4544322440944882
0
LINE
8
BLACK
6
CONTINUOUS
10
3.0719322440944881
20
0.4544322440944882
11
3.0702253543307085
21
0.4569867322834645
0
LINE
8
BLACK
6
CONTINUOUS
10
3.0702253543307085
20
0.4569867322834645
11
3.0696259842519686
21
0.46
0
LINE
8
BLACK
6
CONTINUOUS
10
3.0696259842519686
20
0.46
11
3.0696259842519686
21
0.495
0
LINE
8
BLACK
6
CONTINUOUS
10
3.0696259842519686
20
0.495
11
3.0702253543307085
21
0.4980132677165354
0
LINE
8
BLACK
6
CONTINUOUS
10
3.0702253543307085
20
0.4980132677165354
11
3.0719322440944881
21
0.5005677559055118
0
LINE
8
BLACK
6
CONTINUOUS
10
3.0719322440944881
20
0.5005677559055118
11
3.0744867322834644
21
0.5022746456692914
0
LINE
8
BLACK
6
CONTINUOUS
10
3.0744867322834644
20
0.5022746456692914
11
3.0775000000000001
21
0.5028740157480315
0
LINE
8
BLACK
6
CONTINUOUS
10
3.0775000000000001
20
0.5028740157480315
11
3.1324999999999998
21
0.5028740157480315
0
LINE
8
BLACK
6
CONTINUOUS
10
3.1324999999999998
20
0.5028740157480315
11
3.1355132677165352
21
0.5022746456692914
0
LINE
8
BLACK
6
CONTINUOUS
10
3.2336038188976377
20
0.5357392125984252
11
3.236158307086614
21
0.5340323228346456
0
LINE
8
BLACK
6
CONTINUOUS
10
3.236158307086614
20
0.5340323228346456
11
3.2378651968503935
21
0.5314778346456693
0
LINE
8
BLACK
6
CONTINUOUS
10
3.2378651968503935
20
0.5314778346456693
11
3.2384645669291339
21
0.5284645669291338
0
LINE
8
BLACK
6
CONTINUOUS
10
3.2384645669291339
20
0.5284645669291338
11
3.2384645669291339
21
0.4615354330708661
0
LINE
8
BLACK
6
CONTINUOUS
10
3.2384645669291339
20
0.4615354330708661
11
3.2378651968503935
21
0.4585221653543307
0
LINE
8
BLACK
6
CONTINUOUS
10
3.2378651968503935
20
0.4585221653543307
11
3.236158307086614
21
0.4559676771653543
0
LINE
8
BLACK
6
CONTINUOUS
10
3.236158307086614
20
0.4559676771653543
11
3.2336038188976377
21
0.4542607874015748
0
LINE
8
BLACK
6
CONTINUOUS
10
3.2336038188976377
20
0.4542607874015748
11
3.2305905511811024
21
0.4536614173228347
0
LINE
8
BLACK
6
CONTINUOUS
10
3.2305905511811024
20
0.4536614173228347
11
3.1794094488188978
21
0.4536614173228347
0
LINE
8
BLACK
6
CONTINUOUS
10
3.1794094488188978
20
0.4536614173228347
11
3.176396181102362
21
0.4542607874015748
0
LINE
8
BLACK
6
CONTINUOUS
10
3.176396181102362
20
0.4542607874015748
11
3.1738416929133857
21
0.4559676771653543
0
LINE
8
BLACK
6
CONTINUOUS
10
3.1738416929133857
20
0.4559676771653543
11
3.1721348031496062
21
0.4585221653543307
0
LINE
8
BLACK
6
CONTINUOUS
10
3.1721348031496062
20
0.4585221653543307
11
3.1715354330708663
21
0.4615354330708661
0
LINE
8
BLACK
6
CONTINUOUS
10
3.1715354330708663
20
0.4615354330708661
11
3.1715354330708663
21
0.5284645669291338
0
LINE
8
BLACK
6
CONTINUOUS
10
3.1715354330708663
20
0.5284645669291338
11
3.1721348031496062
21
0.5314778346456693
0
LINE
8
BLACK
6
CONTINUOUS
10
3.1721348031496062
20
0.5314778346456693
11
3.1738416929133857
21
0.5340323228346456
0
LINE
8
BLACK
6
CONTINUOUS
10
3.1738416929133857
20
0.5340323228346456
11
3.176396181102362
21
0.5357392125984252
0
LINE
8
BLACK
6
CONTINUOUS
10
3.176396181102362
20
0.5357392125984252
11
3.1794094488188978
21
0.5363385826771654
0
LINE
8
BLACK
6
CONTINUOUS
10
3.1794094488188978
20
0.5363385826771654
11
3.2305905511811024
21
0.5363385826771654
0
LINE
8
BLACK
6
CONTINUOUS
10
3.2305905511811024
20
0.5363385826771654
11
3.2336038188976377
21
0.5357392125984252
0
LINE
8
BLACK
6
CONTINUOUS
10
3.3713990944881891
20
0.5357392125984252
11
3.3739535826771654
21
0.5340323228346456
0
LINE
8
BLACK
6
CONTINUOUS
10
3.3739535826771654
20
0.5340323228346456
11
3.3756604724409449
21
0.5314778346456693
0
LINE
8
BLACK
6
CONTINUOUS
10
3.3756604724409449
20
0.5314778346456693
11
3.3762598425196848
21
0.5284645669291338
0
LINE
8
BLACK
6
CONTINUOUS
10
3.3762598425196848
20
0.5284645669291338
11
3.3762598425196848
21
0.4615354330708661
0
LINE
8
BLACK
6
CONTINUOUS
10
3.3762598425196848
20
0.4615354330708661
11
3.3756604724409449
21
0.4585221653543307
0
LINE
8
BLACK
6
CONTINUOUS
10
3.3756604724409449
20
0.4585221653543307
11
3.3739535826771654
21
0.4559676771653543
0
LINE
8
BLACK
6
CONTINUOUS
10
3.3739535826771654
20
0.4559676771653543
11
3.3713990944881891
21
0.4542607874015748
0
LINE
8
BLACK
6
CONTINUOUS
10
3.3713990944881891
20
0.4542607874015748
11
3.3683858267716533
21
0.4536614173228347
0
LINE
8
BLACK
6
CONTINUOUS
10
3.3683858267716533
20
0.4536614173228347
11
3.3172047244094487
21
0.4536614173228347
0
LINE
8
BLACK
6
CONTINUOUS
10
3.3172047244094487
20
0.4536614173228347
11
3.3141914566929134
21
0.4542607874015748
0
LINE
8
BLACK
6
CONTINUOUS
10
3.3141914566929134
20
0.4542607874015748
11
3.3116369685039371
21
0.4559676771653543
0
LINE
8
BLACK
6
CONTINUOUS
10
3.3116369685039371
20
0.4559676771653543
11
3.3099300787401575
21
0.4585221653543307
0
LINE
8
BLACK
6
CONTINUOUS
10
3.3099300787401575
20
0.4585221653543307
11
3.3093307086614172
21
0.4615354330708661
0
LINE
8
BLACK
6
CONTINUOUS
10
3.3093307086614172
20
0.4615354330708661
11
3.3093307086614172
21
0.5284645669291338
0
LINE
8
BLACK
6
CONTINUOUS
10
3.3093307086614172
20
0.5284645669291338
11
3.3099300787401575
21
0.5314778346456693
0
LINE
8
BLACK
6
CONTINUOUS
10
3.3099300787401575
20
0.5314778346456693
11
3.3116369685039371
21
0.5340323228346456
0
LINE
8
BLACK
6
CONTINUOUS
10
3.3116369685039371
20
0.5340323228346456
11
3.3141914566929134
21
0.5357392125984252
0
LINE
8
BLACK
6
CONTINUOUS
10
3.3141914566929134
20
0.5357392125984252
11
3.3172047244094487
21
0.5363385826771654
0
LINE
8
BLACK
6
CONTINUOUS
10
3.3172047244094487
20
0.5363385826771654
11
3.3683858267716533
21
0.5363385826771654
0
LINE
8
BLACK
6
CONTINUOUS
10
3.3683858267716533
20
0.5363385826771654
11
3.3713990944881891
21
0.5357392125984252
0
LINE
8
BLACK
6
CONTINUOUS
10
2.7655132677165355
20
0.5047746456692913
11
2.7680677559055118
21
0.5030677559055118
0
LINE
8
BLACK
6
CONTINUOUS
10
2.7680677559055118
20
0.5030677559055118
11
2.7697746456692913
21
0.5005132677165354
0
LINE
8
BLACK
6
CONTINUOUS
10
2.7697746456692913
20
0.5005132677165354
11
2.7703740157480312
21
0.4975
0
LINE
8
BLACK
6
CONTINUOUS
10
2.7703740157480312
20
0.4975
11
2.7703740157480312
21
0.4625
0
LINE
8
BLACK
6
CONTINUOUS
10
2.7703740157480312
20
0.4625
11
2.7697746456692913
21
0.4594867322834645
0
LINE
8
BLACK
6
CONTINUOUS
10
2.7697746456692913
20
0.4594867322834645
11
2.7680677559055118
21
0.4569322440944882
0
LINE
8
BLACK
6
CONTINUOUS
10
2.7680677559055118
20
0.4569322440944882
11
2.7655132677165355
21
0.4552253543307087
0
LINE
8
BLACK
6
CONTINUOUS
10
2.7655132677165355
20
0.4552253543307087
11
2.7624999999999997
21
0.4546259842519685
0
LINE
8
BLACK
6
CONTINUOUS
10
2.7624999999999997
20
0.4546259842519685
11
2.7075
21
0.4546259842519685
0
LINE
8
BLACK
6
CONTINUOUS
10
2.7075
20
0.4546259842519685
11
2.7044867322834647
21
0.4552253543307087
0
LINE
8
BLACK
6
CONTINUOUS
10
2.7044867322834647
20
0.4552253543307087
11
2.701932244094488
21
0.4569322440944882
0
LINE
8
BLACK
6
CONTINUOUS
10
2.701932244094488
20
0.4569322440944882
11
2.7002253543307084
21
0.4594867322834645
0
LINE
8
BLACK
6
CONTINUOUS
10
2.7002253543307084
20
0.4594867322834645
11
2.6996259842519685
21
0.4625
0
LINE
8
BLACK
6
CONTINUOUS
10
2.6996259842519685
20
0.4625
11
2.6996259842519685
21
0.4975
0
LINE
8
BLACK
6
CONTINUOUS
10
2.6996259842519685
20
0.4975
11
2.7002253543307084
21
0.5005132677165354
0
LINE
8
BLACK
6
CONTINUOUS
10
2.7002253543307084
20
0.5005132677165354
11
2.701932244094488
21
0.5030677559055118
0
LINE
8
BLACK
6
CONTINUOUS
10
2.701932244094488
20
0.5030677559055118
11
2.7044867322834647
21
0.5047746456692913
0
LINE
8
BLACK
6
CONTINUOUS
10
2.7044867322834647
20
0.5047746456692913
11
2.7075
21
0.5053740157480315
0
LINE
8
BLACK
6
CONTINUOUS
10
2.7075
20
0.5053740157480315
11
2.7624999999999997
21
0.5053740157480315
0
LINE
8
BLACK
6
CONTINUOUS
10
2.7624999999999997
20
0.5053740157480315
11
2.7655132677165355
21
0.5047746456692913
0
LINE
8
BLACK
6
CONTINUOUS
10
2.8605132677165352
20
0.5072746456692914
11
2.8630677559055115
21
0.5055677559055118
0
LINE
8
BLACK
6
CONTINUOUS
10
2.8630677559055115
20
0.5055677559055118
11
2.8647746456692911
21
0.5030132677165354
0
LINE
8
BLACK
6
CONTINUOUS
10
2.8647746456692911
20
0.5030132677165354
11
2.8653740157480314
21
0.5
0
LINE
8
BLACK
6
CONTINUOUS
10
2.8653740157480314
20
0.5
11
2.8653740157480314
21
0.465
0
LINE
8
BLACK
6
CONTINUOUS
10
2.8653740157480314
20
0.465
11
2.8647746456692911
21
0.4619867322834645
0
LINE
8
BLACK
6
CONTINUOUS
10
2.8647746456692911
20
0.4619867322834645
11
2.8630677559055115
21
0.4594322440944882
0
LINE
8
BLACK
6
CONTINUOUS
10
2.8630677559055115
20
0.4594322440944882
11
2.8605132677165352
21
0.4577253543307087
0
LINE
8
BLACK
6
CONTINUOUS
10
2.8605132677165352
20
0.4577253543307087
11
2.8574999999999999
21
0.4571259842519685
0
LINE
8
BLACK
6
CONTINUOUS
10
2.8574999999999999
20
0.4571259842519685
11
2.8024999999999998
21
0.4571259842519685
0
LINE
8
BLACK
6
CONTINUOUS
10
2.8024999999999998
20
0.4571259842519685
11
2.7994867322834645
21
0.4577253543307087
0
LINE
8
BLACK
6
CONTINUOUS
10
2.7994867322834645
20
0.4577253543307087
11
2.7969322440944882
21
0.4594322440944882
0
LINE
8
BLACK
6
CONTINUOUS
10
2.7969322440944882
20
0.4594322440944882
11
2.7952253543307086
21
0.4619867322834645
0
LINE
8
BLACK
6
CONTINUOUS
10
2.7952253543307086
20
0.4619867322834645
11
2.7946259842519683
21
0.465
0
LINE
8
BLACK
6
CONTINUOUS
10
2.7946259842519683
20
0.465
11
2.7946259842519683
21
0.5
0
LINE
8
BLACK
6
CONTINUOUS
10
2.7946259842519683
20
0.5
11
2.7952253543307086
21
0.5030132677165354
0
LINE
8
BLACK
6
CONTINUOUS
10
2.7952253543307086
20
0.5030132677165354
11
2.7969322440944882
21
0.5055677559055118
0
LINE
8
BLACK
6
CONTINUOUS
10
2.7969322440944882
20
0.5055677559055118
11
2.7994867322834645
21
0.5072746456692914
0
LINE
8
BLACK
6
CONTINUOUS
10
2.7994867322834645
20
0.5072746456692914
11
2.8024999999999998
21
0.5078740157480315
0
LINE
8
BLACK
6
CONTINUOUS
10
2.8024999999999998
20
0.5078740157480315
11
2.8574999999999999
21
0.5078740157480315
0
LINE
8
BLACK
6
CONTINUOUS
10
2.8574999999999999
20
0.5078740157480315
11
2.8605132677165352
21
0.5072746456692914
0
LINE
8
BLACK
6
CONTINUOUS
10
2.5822652362204725
20
0.5002667716535433
11
2.5848197244094488
21
0.4985598818897637
0
LINE
8
BLACK
6
CONTINUOUS
10
2.5848197244094488
20
0.4985598818897637
11
2.5865266141732284
21
0.4960053937007874
0
LINE
8
BLACK
6
CONTINUOUS
10
2.5865266141732284
20
0.4960053937007874
11
2.5871259842519683
21
0.492992125984252
0
LINE
8
BLACK
6
CONTINUOUS
10
2.5871259842519683
20
0.492992125984252
11
2.5871259842519683
21
0.4674015748031496
0
LINE
8
BLACK
6
CONTINUOUS
10
2.5871259842519683
20
0.4674015748031496
11
2.5865266141732284
21
0.4643883070866142
0
LINE
8
BLACK
6
CONTINUOUS
10
2.5865266141732284
20
0.4643883070866142
11
2.5848197244094488
21
0.4618338188976378
0
LINE
8
BLACK
6
CONTINUOUS
10
2.5848197244094488
20
0.4618338188976378
11
2.5822652362204725
21
0.4601269291338583
0
LINE
8
BLACK
6
CONTINUOUS
10
2.5822652362204725
20
0.4601269291338583
11
2.5792519685039368
21
0.4595275590551181
0
LINE
8
BLACK
6
CONTINUOUS
10
2.5792519685039368
20
0.4595275590551181
11
2.5375196850393702
21
0.4595275590551181
0
LINE
8
BLACK
6
CONTINUOUS
10
2.5375196850393702
20
0.4595275590551181
11
2.5345064173228344
21
0.4601269291338583
0
LINE
8
BLACK
6
CONTINUOUS
10
2.5345064173228344
20
0.4601269291338583
11
2.5319519291338581
21
0.4618338188976378
0
LINE
8
BLACK
6
CONTINUOUS
10
2.5319519291338581
20
0.4618338188976378
11
2.5302450393700786
21
0.4643883070866142
0
LINE
8
BLACK
6
CONTINUOUS
10
2.5302450393700786
20
0.4643883070866142
11
2.5296456692913387
21
0.4674015748031496
0
LINE
8
BLACK
6
CONTINUOUS
10
2.5296456692913387
20
0.4674015748031496
11
2.5296456692913387
21
0.492992125984252
0
LINE
8
BLACK
6
CONTINUOUS
10
2.5296456692913387
20
0.492992125984252
11
2.5302450393700786
21
0.4960053937007874
0
LINE
8
BLACK
6
CONTINUOUS
10
2.5302450393700786
20
0.4960053937007874
11
2.5319519291338581
21
0.4985598818897637
0
LINE
8
BLACK
6
CONTINUOUS
10
2.5319519291338581
20
0.4985598818897637
11
2.5345064173228344
21
0.5002667716535433
0
LINE
8
BLACK
6
CONTINUOUS
10
2.5345064173228344
20
0.5002667716535433
11
2.5375196850393702
21
0.5008661417322835
0
LINE
8
BLACK
6
CONTINUOUS
10
2.5375196850393702
20
0.5008661417322835
11
2.5792519685039368
21
0.5008661417322835
0
LINE
8
BLACK
6
CONTINUOUS
10
2.5792519685039368
20
0.5008661417322835
11
2.5822652362204725
21
0.5002667716535433
0
LINE
8
BLACK
6
CONTINUOUS
10
2.6688794094488189
20
0.5750699212598425
11
2.6714338976377952
21
0.5733630314960629
0
LINE
8
BLACK
6
CONTINUOUS
10
2.6714338976377952
20
0.5733630314960629
11
2.6731407874015747
21
0.5708085433070866
0
LINE
8
BLACK
6
CONTINUOUS
10
2.6731407874015747
20
0.5708085433070866
11
2.673740157480315
21
0.5677952755905512
0
LINE
8
BLACK
6
CONTINUOUS
10
2.673740157480315
20
0.5677952755905512
11
2.673740157480315
21
0.5422047244094488
0
LINE
8
BLACK
6
CONTINUOUS
10
2.673740157480315
20
0.5422047244094488
11
2.6731407874015747
21
0.5391914566929134
0
LINE
8
BLACK
6
CONTINUOUS
10
2.6731407874015747
20
0.5391914566929134
11
2.6714338976377952
21
0.5366369685039371
0
LINE
8
BLACK
6
CONTINUOUS
10
2.6714338976377952
20
0.5366369685039371
11
2.6709283858267714
21
0.5362992125984252
0
LINE
8
BLACK
6
CONTINUOUS
10
2.6709283858267714
20
0.5362992125984252
11
2.6714338976377952
21
0.5359614566929134
0
LINE
8
BLACK
6
CONTINUOUS
10
2.6714338976377952
20
0.5359614566929134
11
2.6731407874015747
21
0.533406968503937
0
LINE
8
BLACK
6
CONTINUOUS
10
2.6731407874015747
20
0.533406968503937
11
2.673740157480315
21
0.5303937007874016
0
LINE
8
BLACK
6
CONTINUOUS
10
2.673740157480315
20
0.5303937007874016
11
2.673740157480315
21
0.5048031496062992
0
LINE
8
BLACK
6
CONTINUOUS
10
2.673740157480315
20
0.5048031496062992
11
2.6731407874015747
21
0.5017898818897638
0
LINE
8
BLACK
6
CONTINUOUS
10
2.6731407874015747
20
0.5017898818897638
11
2.6714338976377952
21
0.4992353937007874
0
LINE
8
BLACK
6
CONTINUOUS
10
2.6714338976377952
20
0.4992353937007874
11
2.6709283858267714
21
0.4988976377952756
0
LINE
8
BLACK
6
CONTINUOUS
10
2.6709283858267714
20
0.4988976377952756
11
2.6714338976377952
21
0.4985598818897637
0
LINE
8
BLACK
6
CONTINUOUS
10
2.6714338976377952
20
0.4985598818897637
11
2.6731407874015747
21
0.4960053937007874
0
LINE
8
BLACK
6
CONTINUOUS
10
2.6731407874015747
20
0.4960053937007874
11
2.673740157480315
21
0.492992125984252
0
LINE
8
BLACK
6
CONTINUOUS
10
2.673740157480315
20
0.492992125984252
11
2.673740157480315
21
0.4674015748031496
0
LINE
8
BLACK
6
CONTINUOUS
10
2.673740157480315
20
0.4674015748031496
11
2.6731407874015747
21
0.4643883070866142
0
LINE
8
BLACK
6
CONTINUOUS
10
2.6731407874015747
20
0.4643883070866142
11
2.6714338976377952
21
0.4618338188976378
0
LINE
8
BLACK
6
CONTINUOUS
10
2.6714338976377952
20
0.4618338188976378
11
2.6688794094488189
21
0.4601269291338583
0
LINE
8
BLACK
6
CONTINUOUS
10
2.6688794094488189
20
0.4601269291338583
11
2.6658661417322835
21
0.4595275590551181
0
LINE
8
BLACK
6
CONTINUOUS
10
2.6658661417322835
20
0.4595275590551181
11
2.6241338582677165
21
0.4595275590551181
0
LINE
8
BLACK
6
CONTINUOUS
10
2.6241338582677165
20
0.4595275590551181
11
2.6211205905511812
21
0.4601269291338583
0
LINE
8
BLACK
6
CONTINUOUS
10
2.6211205905511812
20
0.4601269291338583
11
2.6185661023622049
21
0.4618338188976378
0
LINE
8
BLACK
6
CONTINUOUS
10
2.6185661023622049
20
0.4618338188976378
11
2.6168592125984254
21
0.4643883070866142
0
LINE
8
BLACK
6
CONTINUOUS
10
2.6168592125984254
20
0.4643883070866142
11
2.616259842519685
21
0.4674015748031496
0
LINE
8
BLACK
6
CONTINUOUS
10
2.616259842519685
20
0.4674015748031496
11
2.616259842519685
21
0.492992125984252
0
LINE
8
BLACK
6
CONTINUOUS
10
2.616259842519685
20
0.492992125984252
11
2.6168592125984254
21
0.4960053937007874
0
LINE
8
BLACK
6
CONTINUOUS
10
2.6168592125984254
20
0.4960053937007874
11
2.6185661023622049
21
0.4985598818897637
0
LINE
8
BLACK
6
CONTINUOUS
10
2.6185661023622049
20
0.4985598818897637
11
2.6190715748031494
21
0.4988976377952756
0
LINE
8
BLACK
6
CONTINUOUS
10
2.6190715748031494
20
0.4988976377952756
11
2.6185661023622049
21
0.4992353937007874
0
LINE
8
BLACK
6
CONTINUOUS
10
2.6185661023622049
20
0.4992353937007874
11
2.6168592125984254
21
0.5017898818897638
0
LINE
8
BLACK
6
CONTINUOUS
10
2.6168592125984254
20
0.5017898818897638
11
2.616259842519685
21
0.5048031496062992
0
LINE
8
BLACK
6
CONTINUOUS
10
2.616259842519685
20
0.5048031496062992
11
2.616259842519685
21
0.5303937007874016
0
LINE
8
BLACK
6
CONTINUOUS
10
2.616259842519685
20
0.5303937007874016
11
2.6168592125984254
21
0.533406968503937
0
LINE
8
BLACK
6
CONTINUOUS
10
2.6168592125984254
20
0.533406968503937
11
2.6185661023622049
21
0.5359614566929134
0
LINE
8
BLACK
6
CONTINUOUS
10
2.6185661023622049
20
0.5359614566929134
11
2.6190715748031494
21
0.5362992125984252
0
LINE
8
BLACK
6
CONTINUOUS
10
2.6190715748031494
20
0.5362992125984252
11
2.6185661023622049
21
0.5366369685039371
0
LINE
8
BLACK
6
CONTINUOUS
10
2.6185661023622049
20
0.5366369685039371
11
2.6168592125984254
21
0.5391914566929134
0
LINE
8
BLACK
6
CONTINUOUS
10
2.6168592125984254
20
0.5391914566929134
11
2.616259842519685
21
0.5422047244094488
0
LINE
8
BLACK
6
CONTINUOUS
10
2.616259842519685
20
0.5422047244094488
11
2.616259842519685
21
0.5677952755905512
0
LINE
8
BLACK
6
CONTINUOUS
10
2.616259842519685
20
0.5677952755905512
11
2.6168592125984254
21
0.5708085433070866
0
LINE
8
BLACK
6
CONTINUOUS
10
2.6168592125984254
20
0.5708085433070866
11
2.6185661023622049
21
0.5733630314960629
0
LINE
8
BLACK
6
CONTINUOUS
10
2.6185661023622049
20
0.5733630314960629
11
2.6211205905511812
21
0.5750699212598425
0
LINE
8
BLACK
6
CONTINUOUS
10
2.6211205905511812
20
0.5750699212598425
11
2.6241338582677165
21
0.5756692913385827
0
LINE
8
BLACK
6
CONTINUOUS
10
2.6241338582677165
20
0.5756692913385827
11
2.6658661417322835
21
0.5756692913385827
0
LINE
8
BLACK
6
CONTINUOUS
10
2.6658661417322835
20
0.5756692913385827
11
2.6688794094488189
21
0.5750699212598425
0
LINE
8
BLACK
6
CONTINUOUS
10
2.4855132677165352
20
0.5122746456692914
11
2.4880677559055115
21
0.5105677559055118
0
LINE
8
BLACK
6
CONTINUOUS
10
2.4880677559055115
20
0.5105677559055118
11
2.4897746456692911
21
0.5080132677165354
0
LINE
8
BLACK
6
CONTINUOUS
10
2.4897746456692911
20
0.5080132677165354
11
2.4903740157480314
21
0.505
0
LINE
8
BLACK
6
CONTINUOUS
10
2.4903740157480314
20
0.505
11
2.4903740157480314
21
0.47
0
LINE
8
BLACK
6
CONTINUOUS
10
2.4903740157480314
20
0.47
11
2.4897746456692911
21
0.4669867322834645
0
LINE
8
BLACK
6
CONTINUOUS
10
2.4897746456692911
20
0.4669867322834645
11
2.4880677559055115
21
0.4644322440944882
0
LINE
8
BLACK
6
CONTINUOUS
10
2.4880677559055115
20
0.4644322440944882
11
2.4855132677165352
21
0.4627253543307087
0
LINE
8
BLACK
6
CONTINUOUS
10
2.4855132677165352
20
0.4627253543307087
11
2.4824999999999999
21
0.4621259842519685
0
LINE
8
BLACK
6
CONTINUOUS
10
2.4824999999999999
20
0.4621259842519685
11
2.4274999999999998
21
0.4621259842519685
0
LINE
8
BLACK
6
CONTINUOUS
10
2.4274999999999998
20
0.4621259842519685
11
2.4244867322834645
21
0.4627253543307087
0
LINE
8
BLACK
6
CONTINUOUS
10
2.4244867322834645
20
0.4627253543307087
11
2.4219322440944882
21
0.4644322440944882
0
LINE
8
BLACK
6
CONTINUOUS
10
2.4219322440944882
20
0.4644322440944882
11
2.4202253543307086
21
0.4669867322834645
0
LINE
8
BLACK
6
CONTINUOUS
10
2.4202253543307086
20
0.4669867322834645
11
2.4196259842519683
21
0.47
0
LINE
8
BLACK
6
CONTINUOUS
10
2.4196259842519683
20
0.47
11
2.4196259842519683
21
0.505
0
LINE
8
BLACK
6
CONTINUOUS
10
2.4196259842519683
20
0.505
11
2.4202253543307086
21
0.5080132677165354
0
LINE
8
BLACK
6
CONTINUOUS
10
2.4202253543307086
20
0.5080132677165354
11
2.4219322440944882
21
0.5105677559055118
0
LINE
8
BLACK
6
CONTINUOUS
10
2.4219322440944882
20
0.5105677559055118
11
2.4244867322834645
21
0.5122746456692914
0
LINE
8
BLACK
6
CONTINUOUS
10
2.4244867322834645
20
0.5122746456692914
11
2.4274999999999998
21
0.5128740157480315
0
LINE
8
BLACK
6
CONTINUOUS
10
2.4274999999999998
20
0.5128740157480315
11
2.4824999999999999
21
0.5128740157480315
0
LINE
8
BLACK
6
CONTINUOUS
10
2.4824999999999999
20
0.5128740157480315
11
2.4855132677165352
21
0.5122746456692914
0
LINE
8
BLACK
6
CONTINUOUS
10
2.3955132677165354
20
0.5147746456692913
11
2.3980677559055117
21
0.5130677559055118
0
LINE
8
BLACK
6
CONTINUOUS
10
2.3980677559055117
20
0.5130677559055118
11
2.3997746456692912
21
0.5105132677165354
0
LINE
8
BLACK
6
CONTINUOUS
10
2.3997746456692912
20
0.5105132677165354
11
2.4003740157480316
21
0.5075
0
LINE
8
BLACK
6
CONTINUOUS
10
2.4003740157480316
20
0.5075
11
2.4003740157480316
21
0.4725
0
LINE
8
BLACK
6
CONTINUOUS
10
2.4003740157480316
20
0.4725
11
2.3997746456692912
21
0.4694867322834645
0
LINE
8
BLACK
6
CONTINUOUS
10
2.3997746456692912
20
0.4694867322834645
11
2.3980677559055117
21
0.4669322440944882
0
LINE
8
BLACK
6
CONTINUOUS
10
2.3980677559055117
20
0.4669322440944882
11
2.3955132677165354
21
0.4652253543307087
0
LINE
8
BLACK
6
CONTINUOUS
10
2.3955132677165354
20
0.4652253543307087
11
2.3925000000000001
21
0.4646259842519685
0
LINE
8
BLACK
6
CONTINUOUS
10
2.3925000000000001
20
0.4646259842519685
11
2.3374999999999999
21
0.4646259842519685
0
LINE
8
BLACK
6
CONTINUOUS
10
2.3374999999999999
20
0.4646259842519685
11
2.3344867322834646
21
0.4652253543307087
0
LINE
8
BLACK
6
CONTINUOUS
10
2.3344867322834646
20
0.4652253543307087
11
2.3319322440944883
21
0.4669322440944882
0
LINE
8
BLACK
6
CONTINUOUS
10
2.3319322440944883
20
0.4669322440944882
11
2.3302253543307088
21
0.4694867322834645
0
LINE
8
BLACK
6
CONTINUOUS
10
2.3302253543307088
20
0.4694867322834645
11
2.3296259842519684
21
0.4725
0
LINE
8
BLACK
6
CONTINUOUS
10
2.3296259842519684
20
0.4725
11
2.3296259842519684
21
0.5075
0
LINE
8
BLACK
6
CONTINUOUS
10
2.3296259842519684
20
0.5075
11
2.3302253543307088
21
0.5105132677165354
0
LINE
8
BLACK
6
CONTINUOUS
10
2.3302253543307088
20
0.5105132677165354
11
2.3319322440944883
21
0.5130677559055118
0
LINE
8
BLACK
6
CONTINUOUS
10
2.3319322440944883
20
0.5130677559055118
11
2.3344867322834646
21
0.5147746456692913
0
LINE
8
BLACK
6
CONTINUOUS
10
2.3344867322834646
20
0.5147746456692913
11
2.3374999999999999
21
0.5153740157480314
0
LINE
8
BLACK
6
CONTINUOUS
10
2.3374999999999999
20
0.5153740157480314
11
2.3925000000000001
21
0.5153740157480314
0
LINE
8
BLACK
6
CONTINUOUS
10
2.3925000000000001
20
0.5153740157480314
11
2.3955132677165354
21
0.5147746456692913
0
LINE
8
BLACK
6
CONTINUOUS
10
2.2775408267716535
20
0.6460148031496062
11
2.2800953149606298
21
0.6443079133858267
0
LINE
8
BLACK
6
CONTINUOUS
10
2.2800953149606298
20
0.6443079133858267
11
2.2818022047244093
21
0.6417534251968504
0
LINE
8
BLACK
6
CONTINUOUS
10
2.2818022047244093
20
0.6417534251968504
11
2.2824015748031496
21
0.638740157480315
0
LINE
8
BLACK
6
CONTINUOUS
10
2.2824015748031496
20
0.638740157480315
11
2.2824015748031496
21
0.5875590551181102
0
LINE
8
BLACK
6
CONTINUOUS
10
2.2824015748031496
20
0.5875590551181102
11
2.2818022047244093
21
0.5845457874015748
0
LINE
8
BLACK
6
CONTINUOUS
10
2.2818022047244093
20
0.5845457874015748
11
2.2800953149606298
21
0.5819912992125984
0
LINE
8
BLACK
6
CONTINUOUS
10
2.2800953149606298
20
0.5819912992125984
11
2.2795898425196848
21
0.5816535433070866
0
LINE
8
BLACK
6
CONTINUOUS
10
2.2795898425196848
20
0.5816535433070866
11
2.3040551181102362
21
0.5816535433070866
0
LINE
8
BLACK
6
CONTINUOUS
10
2.3040551181102362
20
0.5816535433070866
11
2.3070683858267715
21
0.5810541732283464
0
LINE
8
BLACK
6
CONTINUOUS
10
2.3070683858267715
20
0.5810541732283464
11
2.3096228740157478
21
0.5793472834645669
0
LINE
8
BLACK
6
CONTINUOUS
10
2.3096228740157478
20
0.5793472834645669
11
2.3113297637795274
21
0.5767927952755906
0
LINE
8
BLACK
6
CONTINUOUS
10
2.3113297637795274
20
0.5767927952755906
11
2.3119291338582677
21
0.5737795275590551
0
LINE
8
BLACK
6
CONTINUOUS
10
2.3119291338582677
20
0.5737795275590551
11
2.3119291338582677
21
0.5462204724409448
0
LINE
8
BLACK
6
CONTINUOUS
10
2.3119291338582677
20
0.5462204724409448
11
2.3113297637795274
21
0.5432072047244094
0
LINE
8
BLACK
6
CONTINUOUS
10
2.3113297637795274
20
0.5432072047244094
11
2.3096228740157478
21
0.540652716535433
0
LINE
8
BLACK
6
CONTINUOUS
10
2.3096228740157478
20
0.540652716535433
11
2.3070683858267715
21
0.5389458267716535
0
LINE
8
BLACK
6
CONTINUOUS
10
2.3070683858267715
20
0.5389458267716535
11
2.3040551181102362
21
0.5383464566929134
0
LINE
8
BLACK
6
CONTINUOUS
10
2.3040551181102362
20
0.5383464566929134
11
2.2795898425196848
21
0.5383464566929134
0
LINE
8
BLACK
6
CONTINUOUS
10
2.2795898425196848
20
0.5383464566929134
11
2.2800953149606298
21
0.5380087007874016
0
LINE
8
BLACK
6
CONTINUOUS
10
2.2800953149606298
20
0.5380087007874016
11
2.2818022047244093
21
0.5354542125984252
0
LINE
8
BLACK
6
CONTINUOUS
10
2.2818022047244093
20
0.5354542125984252
11
2.2824015748031496
21
0.5324409448818898
0
LINE
8
BLACK
6
CONTINUOUS
10
2.2824015748031496
20
0.5324409448818898
11
2.2824015748031496
21
0.481259842519685
0
LINE
8
BLACK
6
CONTINUOUS
10
2.2824015748031496
20
0.481259842519685
11
2.2818022047244093
21
0.4782465748031496
0
LINE
8
BLACK
6
CONTINUOUS
10
2.2818022047244093
20
0.4782465748031496
11
2.2800953149606298
21
0.4756920866141732
0
LINE
8
BLACK
6
CONTINUOUS
10
2.2800953149606298
20
0.4756920866141732
11
2.2775408267716535
21
0.4739851968503937
0
LINE
8
BLACK
6
CONTINUOUS
10
2.2775408267716535
20
0.4739851968503937
11
2.2745275590551182
21
0.4733858267716535
0
LINE
8
BLACK
6
CONTINUOUS
10
2.2745275590551182
20
0.4733858267716535
11
2.215472440944882
21
0.4733858267716535
0
LINE
8
BLACK
6
CONTINUOUS
10
2.215472440944882
20
0.4733858267716535
11
2.2124591732283463
21
0.4739851968503937
0
LINE
8
BLACK
6
CONTINUOUS
10
2.2124591732283463
20
0.4739851968503937
11
2.20990468503937
21
0.4756920866141732
0
LINE
8
BLACK
6
CONTINUOUS
10
2.20990468503937
20
0.4756920866141732
11
2.2081977952755905
21
0.4782465748031496
0
LINE
8
BLACK
6
CONTINUOUS
10
2.2081977952755905
20
0.4782465748031496
11
2.2075984251968501
21
0.481259842519685
0
LINE
8
BLACK
6
CONTINUOUS
10
2.2075984251968501
20
0.481259842519685
11
2.2075984251968501
21
0.5324409448818898
0
LINE
8
BLACK
6
CONTINUOUS
10
2.2075984251968501
20
0.5324409448818898
11
2.2081977952755905
21
0.5354542125984252
0
LINE
8
BLACK
6
CONTINUOUS
10
2.2081977952755905
20
0.5354542125984252
11
2.20990468503937
21
0.5380087007874016
0
LINE
8
BLACK
6
CONTINUOUS
10
2.20990468503937
20
0.5380087007874016
11
2.210410157480315
21
0.5383464566929134
0
LINE
8
BLACK
6
CONTINUOUS
10
2.210410157480315
20
0.5383464566929134
11
2.1859448818897635
21
0.5383464566929134
0
LINE
8
BLACK
6
CONTINUOUS
10
2.1859448818897635
20
0.5383464566929134
11
2.1829316141732282
21
0.5389458267716535
0
LINE
8
BLACK
6
CONTINUOUS
10
2.1829316141732282
20
0.5389458267716535
11
2.1803771259842519
21
0.540652716535433
0
LINE
8
BLACK
6
CONTINUOUS
10
2.1803771259842519
20
0.540652716535433
11
2.1786702362204724
21
0.5432072047244094
0
LINE
8
BLACK
6
CONTINUOUS
10
2.1786702362204724
20
0.5432072047244094
11
2.1780708661417321
21
0.5462204724409448
0
LINE
8
BLACK
6
CONTINUOUS
10
2.1780708661417321
20
0.5462204724409448
11
2.1780708661417321
21
0.5737795275590551
0
LINE
8
BLACK
6
CONTINUOUS
10
2.1780708661417321
20
0.5737795275590551
11
2.1786702362204724
21
0.5767927952755906
0
LINE
8
BLACK
6
CONTINUOUS
10
2.1786702362204724
20
0.5767927952755906
11
2.1803771259842519
21
0.5793472834645669
0
LINE
8
BLACK
6
CONTINUOUS
10
2.1803771259842519
20
0.5793472834645669
11
2.1829316141732282
21
0.5810541732283464
0
LINE
8
BLACK
6
CONTINUOUS
10
2.1829316141732282
20
0.5810541732283464
11
2.1859448818897635
21
0.5816535433070866
0
LINE
8
BLACK
6
CONTINUOUS
10
2.1859448818897635
20
0.5816535433070866
11
2.210410157480315
21
0.5816535433070866
0
LINE
8
BLACK
6
CONTINUOUS
10
2.210410157480315
20
0.5816535433070866
11
2.20990468503937
21
0.5819912992125984
0
LINE
8
BLACK
6
CONTINUOUS
10
2.20990468503937
20
0.5819912992125984
11
2.2081977952755905
21
0.5845457874015748
0
LINE
8
BLACK
6
CONTINUOUS
10
2.2081977952755905
20
0.5845457874015748
11
2.2075984251968501
21
0.5875590551181102
0
LINE
8
BLACK
6
CONTINUOUS
10
2.2075984251968501
20
0.5875590551181102
11
2.2075984251968501
21
0.638740157480315
0
LINE
8
BLACK
6
CONTINUOUS
10
2.2075984251968501
20
0.638740157480315
11
2.2081977952755905
21
0.6417534251968504
0
LINE
8
BLACK
6
CONTINUOUS
10
2.2081977952755905
20
0.6417534251968504
11
2.20990468503937
21
0.6443079133858267
0
LINE
8
BLACK
6
CONTINUOUS
10
2.20990468503937
20
0.6443079133858267
11
2.2124591732283463
21
0.6460148031496062
0
LINE
8
BLACK
6
CONTINUOUS
10
2.2124591732283463
20
0.6460148031496062
11
2.215472440944882
21
0.6466141732283465
0
LINE
8
BLACK
6
CONTINUOUS
10
2.215472440944882
20
0.6466141732283465
11
2.2745275590551182
21
0.6466141732283465
0
LINE
8
BLACK
6
CONTINUOUS
10
2.2745275590551182
20
0.6466141732283465
11
2.2775408267716535
21
0.6460148031496062
0
LINE
8
BLACK
6
CONTINUOUS
10
1.1268124803149606
20
0.5495384251968504
11
1.1293669685039369
21
0.5478315354330708
0
LINE
8
BLACK
6
CONTINUOUS
10
1.1293669685039369
20
0.5478315354330708
11
1.1310738582677164
21
0.5452770472440944
0
LINE
8
BLACK
6
CONTINUOUS
10
1.1310738582677164
20
0.5452770472440944
11
1.1316732283464566
21
0.542263779527559
0
LINE
8
BLACK
6
CONTINUOUS
10
1.1316732283464566
20
0.542263779527559
11
1.1316732283464566
21
0.4872637795275591
0
LINE
8
BLACK
6
CONTINUOUS
10
1.1316732283464566
20
0.4872637795275591
11
1.1310738582677164
21
0.4842505118110236
0
LINE
8
BLACK
6
CONTINUOUS
10
1.1310738582677164
20
0.4842505118110236
11
1.1293669685039369
21
0.4816960236220472
0
LINE
8
BLACK
6
CONTINUOUS
10
1.1293669685039369
20
0.4816960236220472
11
1.1268124803149606
21
0.4799891338582677
0
LINE
8
BLACK
6
CONTINUOUS
10
1.1268124803149606
20
0.4799891338582677
11
1.1237992125984251
21
0.4793897637795275
0
LINE
8
BLACK
6
CONTINUOUS
10
1.1237992125984251
20
0.4793897637795275
11
1.0887992125984252
21
0.4793897637795275
0
LINE
8
BLACK
6
CONTINUOUS
10
1.0887992125984252
20
0.4793897637795275
11
1.0857859448818898
21
0.4799891338582677
0
LINE
8
BLACK
6
CONTINUOUS
10
1.0857859448818898
20
0.4799891338582677
11
1.0832314566929133
21
0.4816960236220472
0
LINE
8
BLACK
6
CONTINUOUS
10
1.0832314566929133
20
0.4816960236220472
11
1.0815245669291338
21
0.4842505118110236
0
LINE
8
BLACK
6
CONTINUOUS
10
1.0815245669291338
20
0.4842505118110236
11
1.0809251968503937
21
0.4872637795275591
0
LINE
8
BLACK
6
CONTINUOUS
10
1.0809251968503937
20
0.4872637795275591
11
1.0809251968503937
21
0.542263779527559
0
LINE
8
BLACK
6
CONTINUOUS
10
1.0809251968503937
20
0.542263779527559
11
1.0815245669291338
21
0.5452770472440944
0
LINE
8
BLACK
6
CONTINUOUS
10
1.0815245669291338
20
0.5452770472440944
11
1.0832314566929133
21
0.5478315354330708
0
LINE
8
BLACK
6
CONTINUOUS
10
1.0832314566929133
20
0.5478315354330708
11
1.0857859448818898
21
0.5495384251968504
0
LINE
8
BLACK
6
CONTINUOUS
10
1.0857859448818898
20
0.5495384251968504
11
1.0887992125984252
21
0.5501377952755906
0
LINE
8
BLACK
6
CONTINUOUS
10
1.0887992125984252
20
0.5501377952755906
11
1.1237992125984251
21
0.5501377952755906
0
LINE
8
BLACK
6
CONTINUOUS
10
1.1237992125984251
20
0.5501377952755906
11
1.1268124803149606
21
0.5495384251968504
0
LINE
8
BLACK
6
CONTINUOUS
10
1.2018124803149606
20
0.5495384251968504
11
1.2043669685039369
21
0.5478315354330708
0
LINE
8
BLACK
6
CONTINUOUS
10
1.2043669685039369
20
0.5478315354330708
11
1.2060738582677164
21
0.5452770472440944
0
LINE
8
BLACK
6
CONTINUOUS
10
1.2060738582677164
20
0.5452770472440944
11
1.2066732283464567
21
0.542263779527559
0
LINE
8
BLACK
6
CONTINUOUS
10
1.2066732283464567
20
0.542263779527559
11
1.2066732283464567
21
0.4872637795275591
0
LINE
8
BLACK
6
CONTINUOUS
10
1.2066732283464567
20
0.4872637795275591
11
1.2060738582677164
21
0.4842505118110236
0
LINE
8
BLACK
6
CONTINUOUS
10
1.2060738582677164
20
0.4842505118110236
11
1.2043669685039369
21
0.4816960236220472
0
LINE
8
BLACK
6
CONTINUOUS
10
1.2043669685039369
20
0.4816960236220472
11
1.2018124803149606
21
0.4799891338582677
0
LINE
8
BLACK
6
CONTINUOUS
10
1.2018124803149606
20
0.4799891338582677
11
1.1987992125984253
21
0.4793897637795275
0
LINE
8
BLACK
6
CONTINUOUS
10
1.1987992125984253
20
0.4793897637795275
11
1.1637992125984251
21
0.4793897637795275
0
LINE
8
BLACK
6
CONTINUOUS
10
1.1637992125984251
20
0.4793897637795275
11
1.1607859448818898
21
0.4799891338582677
0
LINE
8
BLACK
6
CONTINUOUS
10
1.1607859448818898
20
0.4799891338582677
11
1.1582314566929133
21
0.4816960236220472
0
LINE
8
BLACK
6
CONTINUOUS
10
1.1582314566929133
20
0.4816960236220472
11
1.1565245669291337
21
0.4842505118110236
0
LINE
8
BLACK
6
CONTINUOUS
10
1.1565245669291337
20
0.4842505118110236
11
1.1559251968503936
21
0.4872637795275591
0
LINE
8
BLACK
6
CONTINUOUS
10
1.1559251968503936
20
0.4872637795275591
11
1.1559251968503936
21
0.542263779527559
0
LINE
8
BLACK
6
CONTINUOUS
10
1.1559251968503936
20
0.542263779527559
11
1.1565245669291337
21
0.5452770472440944
0
LINE
8
BLACK
6
CONTINUOUS
10
1.1565245669291337
20
0.5452770472440944
11
1.1582314566929133
21
0.5478315354330708
0
LINE
8
BLACK
6
CONTINUOUS
10
1.1582314566929133
20
0.5478315354330708
11
1.1607859448818898
21
0.5495384251968504
0
LINE
8
BLACK
6
CONTINUOUS
10
1.1607859448818898
20
0.5495384251968504
11
1.1637992125984251
21
0.5501377952755906
0
LINE
8
BLACK
6
CONTINUOUS
10
1.1637992125984251
20
0.5501377952755906
11
1.1987992125984253
21
0.5501377952755906
0
LINE
8
BLACK
6
CONTINUOUS
10
1.1987992125984253
20
0.5501377952755906
11
1.2018124803149606
21
0.5495384251968504
0
LINE
8
BLACK
6
CONTINUOUS
10
2.1505132677165353
20
0.5622746456692913
11
2.1530677559055116
21
0.5605677559055118
0
LINE
8
BLACK
6
CONTINUOUS
10
2.1530677559055116
20
0.5605677559055118
11
2.1547746456692911
21
0.5580132677165354
0
LINE
8
BLACK
6
CONTINUOUS
10
2.1547746456692911
20
0.5580132677165354
11
2.1553740157480314
21
0.5549999999999999
0
LINE
8
BLACK
6
CONTINUOUS
10
2.1553740157480314
20
0.5549999999999999
11
2.1553740157480314
21
0.52
0
LINE
8
BLACK
6
CONTINUOUS
10
2.1553740157480314
20
0.52
11
2.1547746456692911
21
0.5169867322834646
0
LINE
8
BLACK
6
CONTINUOUS
10
2.1547746456692911
20
0.5169867322834646
11
2.1530677559055116
21
0.5144322440944882
0
LINE
8
BLACK
6
CONTINUOUS
10
2.1530677559055116
20
0.5144322440944882
11
2.1505132677165353
21
0.5127253543307086
0
LINE
8
BLACK
6
CONTINUOUS
10
2.1505132677165353
20
0.5127253543307086
11
2.1475
21
0.5121259842519685
0
LINE
8
BLACK
6
CONTINUOUS
10
2.1475
20
0.5121259842519685
11
2.0924999999999998
21
0.5121259842519685
0
LINE
8
BLACK
6
CONTINUOUS
10
2.0924999999999998
20
0.5121259842519685
11
2.0894867322834645
21
0.5127253543307086
0
LINE
8
BLACK
6
CONTINUOUS
10
2.0894867322834645
20
0.5127253543307086
11
2.0869322440944882
21
0.5144322440944882
0
LINE
8
BLACK
6
CONTINUOUS
10
2.0869322440944882
20
0.5144322440944882
11
2.0852253543307087
21
0.5169867322834646
0
LINE
8
BLACK
6
CONTINUOUS
10
2.0852253543307087
20
0.5169867322834646
11
2.0846259842519683
21
0.52
0
LINE
8
BLACK
6
CONTINUOUS
10
2.0846259842519683
20
0.52
11
2.0846259842519683
21
0.5549999999999999
0
LINE
8
BLACK
6
CONTINUOUS
10
2.0846259842519683
20
0.5549999999999999
11
2.0852253543307087
21
0.5580132677165354
0
LINE
8
BLACK
6
CONTINUOUS
10
2.0852253543307087
20
0.5580132677165354
11
2.0869322440944882
21
0.5605677559055118
0
LINE
8
BLACK
6
CONTINUOUS
10
2.0869322440944882
20
0.5605677559055118
11
2.0894867322834645
21
0.5622746456692913
0
LINE
8
BLACK
6
CONTINUOUS
10
2.0894867322834645
20
0.5622746456692913
11
2.0924999999999998
21
0.5628740157480315
0
LINE
8
BLACK
6
CONTINUOUS
10
2.0924999999999998
20
0.5628740157480315
11
2.1475
21
0.5628740157480315
0
LINE
8
BLACK
6
CONTINUOUS
10
2.1475
20
0.5628740157480315
11
2.1505132677165353
21
0.5622746456692913
0
LINE
8
BLACK
6
CONTINUOUS
10
3.1355132677165352
20
0.5772746456692913
11
3.1380677559055119
21
0.5755677559055118
0
LINE
8
BLACK
6
CONTINUOUS
10
3.1380677559055119
20
0.5755677559055118
11
3.1397746456692914
21
0.5730132677165354
0
LINE
8
BLACK
6
CONTINUOUS
10
3.1397746456692914
20
0.5730132677165354
11
3.1403740157480313
21
0.57
0
LINE
8
BLACK
6
CONTINUOUS
10
3.1403740157480313
20
0.57
11
3.1403740157480313
21
0.535
0
LINE
8
BLACK
6
CONTINUOUS
10
3.1403740157480313
20
0.535
11
3.1397746456692914
21
0.5319867322834646
0
LINE
8
BLACK
6
CONTINUOUS
10
3.1397746456692914
20
0.5319867322834646
11
3.1380677559055119
21
0.5294322440944882
0
LINE
8
BLACK
6
CONTINUOUS
10
3.1380677559055119
20
0.5294322440944882
11
3.1355132677165352
21
0.5277253543307087
0
LINE
8
BLACK
6
CONTINUOUS
10
3.1355132677165352
20
0.5277253543307087
11
3.1324999999999998
21
0.5271259842519684
0
LINE
8
BLACK
6
CONTINUOUS
10
3.1324999999999998
20
0.5271259842519684
11
3.0775000000000001
21
0.5271259842519684
0
LINE
8
BLACK
6
CONTINUOUS
10
3.0775000000000001
20
0.5271259842519684
11
3.0744867322834644
21
0.5277253543307087
0
LINE
8
BLACK
6
CONTINUOUS
10
3.0744867322834644
20
0.5277253543307087
11
3.0719322440944881
21
0.5294322440944882
0
LINE
8
BLACK
6
CONTINUOUS
10
3.0719322440944881
20
0.5294322440944882
11
3.0702253543307085
21
0.5319867322834646
0
LINE
8
BLACK
6
CONTINUOUS
10
3.0702253543307085
20
0.5319867322834646
11
3.0696259842519686
21
0.535
0
LINE
8
BLACK
6
CONTINUOUS
10
3.0696259842519686
20
0.535
11
3.0696259842519686
21
0.57
0
LINE
8
BLACK
6
CONTINUOUS
10
3.0696259842519686
20
0.57
11
3.0702253543307085
21
0.5730132677165354
0
LINE
8
BLACK
6
CONTINUOUS
10
3.0702253543307085
20
0.5730132677165354
11
3.0719322440944881
21
0.5755677559055118
0
LINE
8
BLACK
6
CONTINUOUS
10
3.0719322440944881
20
0.5755677559055118
11
3.0744867322834644
21
0.5772746456692913
0
LINE
8
BLACK
6
CONTINUOUS
10
3.0744867322834644
20
0.5772746456692913
11
3.0775000000000001
21
0.5778740157480314
0
LINE
8
BLACK
6
CONTINUOUS
10
3.0775000000000001
20
0.5778740157480314
11
3.1324999999999998
21
0.5778740157480314
0
LINE
8
BLACK
6
CONTINUOUS
10
3.1324999999999998
20
0.5778740157480314
11
3.1355132677165352
21
0.5772746456692913
0
LINE
8
BLACK
6
CONTINUOUS
10
2.7655132677165355
20
0.5797746456692914
11
2.7680677559055118
21
0.5780677559055118
0
LINE
8
BLACK
6
CONTINUOUS
10
2.7680677559055118
20
0.5780677559055118
11
2.7697746456692913
21
0.5755132677165354
0
LINE
8
BLACK
6
CONTINUOUS
10
2.7697746456692913
20
0.5755132677165354
11
2.7703740157480312
21
0.5725
0
LINE
8
BLACK
6
CONTINUOUS
10
2.7703740157480312
20
0.5725
11
2.7703740157480312
21
0.5375
0
LINE
8
BLACK
6
CONTINUOUS
10
2.7703740157480312
20
0.5375
11
2.7697746456692913
21
0.5344867322834645
0
LINE
8
BLACK
6
CONTINUOUS
10
2.7697746456692913
20
0.5344867322834645
11
2.7680677559055118
21
0.5319322440944881
0
LINE
8
BLACK
6
CONTINUOUS
10
2.7680677559055118
20
0.5319322440944881
11
2.7655132677165355
21
0.5302253543307086
0
LINE
8
BLACK
6
CONTINUOUS
10
2.7655132677165355
20
0.5302253543307086
11
2.7624999999999997
21
0.5296259842519685
0
LINE
8
BLACK
6
CONTINUOUS
10
2.7624999999999997
20
0.5296259842519685
11
2.7075
21
0.5296259842519685
0
LINE
8
BLACK
6
CONTINUOUS
10
2.7075
20
0.5296259842519685
11
2.7044867322834647
21
0.5302253543307086
0
LINE
8
BLACK
6
CONTINUOUS
10
2.7044867322834647
20
0.5302253543307086
11
2.701932244094488
21
0.5319322440944881
0
LINE
8
BLACK
6
CONTINUOUS
10
2.701932244094488
20
0.5319322440944881
11
2.7002253543307084
21
0.5344867322834645
0
LINE
8
BLACK
6
CONTINUOUS
10
2.7002253543307084
20
0.5344867322834645
11
2.6996259842519685
21
0.5375
0
LINE
8
BLACK
6
CONTINUOUS
10
2.6996259842519685
20
0.5375
11
2.6996259842519685
21
0.5725
0
LINE
8
BLACK
6
CONTINUOUS
10
2.6996259842519685
20
0.5725
11
2.7002253543307084
21
0.5755132677165354
0
LINE
8
BLACK
6
CONTINUOUS
10
2.7002253543307084
20
0.5755132677165354
11
2.701932244094488
21
0.5780677559055118
0
LINE
8
BLACK
6
CONTINUOUS
10
2.701932244094488
20
0.5780677559055118
11
2.7044867322834647
21
0.5797746456692914
0
LINE
8
BLACK
6
CONTINUOUS
10
2.7044867322834647
20
0.5797746456692914
11
2.7075
21
0.5803740157480315
0
LINE
8
BLACK
6
CONTINUOUS
10
2.7075
20
0.5803740157480315
11
2.7624999999999997
21
0.5803740157480315
0
LINE
8
BLACK
6
CONTINUOUS
10
2.7624999999999997
20
0.5803740157480315
11
2.7655132677165355
21
0.5797746456692914
0
LINE
8
BLACK
6
CONTINUOUS
10
2.8605132677165352
20
0.5822746456692913
11
2.8630677559055115
21
0.5805677559055118
0
LINE
8
BLACK
6
CONTINUOUS
10
2.8630677559055115
20
0.5805677559055118
11
2.8647746456692911
21
0.5780132677165354
0
LINE
8
BLACK
6
CONTINUOUS
10
2.8647746456692911
20
0.5780132677165354
11
2.8653740157480314
21
0.575
0
LINE
8
BLACK
6
CONTINUOUS
10
2.8653740157480314
20
0.575
11
2.8653740157480314
21
0.54
0
LINE
8
BLACK
6
CONTINUOUS
10
2.8653740157480314
20
0.54
11
2.8647746456692911
21
0.5369867322834646
0
LINE
8
BLACK
6
CONTINUOUS
10
2.8647746456692911
20
0.5369867322834646
11
2.8630677559055115
21
0.5344322440944882
0
LINE
8
BLACK
6
CONTINUOUS
10
2.8630677559055115
20
0.5344322440944882
11
2.8605132677165352
21
0.5327253543307087
0
LINE
8
BLACK
6
CONTINUOUS
10
2.8605132677165352
20
0.5327253543307087
11
2.8574999999999999
21
0.5321259842519684
0
LINE
8
BLACK
6
CONTINUOUS
10
2.8574999999999999
20
0.5321259842519684
11
2.8024999999999998
21
0.5321259842519684
0
LINE
8
BLACK
6
CONTINUOUS
10
2.8024999999999998
20
0.5321259842519684
11
2.7994867322834645
21
0.5327253543307087
0
LINE
8
BLACK
6
CONTINUOUS
10
2.7994867322834645
20
0.5327253543307087
11
2.7969322440944882
21
0.5344322440944882
0
LINE
8
BLACK
6
CONTINUOUS
10
2.7969322440944882
20
0.5344322440944882
11
2.7952253543307086
21
0.5369867322834646
0
LINE
8
BLACK
6
CONTINUOUS
10
2.7952253543307086
20
0.5369867322834646
11
2.7946259842519683
21
0.54
0
LINE
8
BLACK
6
CONTINUOUS
10
2.7946259842519683
20
0.54
11
2.7946259842519683
21
0.575
0
LINE
8
BLACK
6
CONTINUOUS
10
2.7946259842519683
20
0.575
11
2.7952253543307086
21
0.5780132677165354
0
LINE
8
BLACK
6
CONTINUOUS
10
2.7952253543307086
20
0.5780132677165354
11
2.7969322440944882
21
0.5805677559055118
0
LINE
8
BLACK
6
CONTINUOUS
10
2.7969322440944882
20
0.5805677559055118
11
2.7994867322834645
21
0.5822746456692913
0
LINE
8
BLACK
6
CONTINUOUS
10
2.7994867322834645
20
0.5822746456692913
11
2.8024999999999998
21
0.5828740157480314
0
LINE
8
BLACK
6
CONTINUOUS
10
2.8024999999999998
20
0.5828740157480314
11
2.8574999999999999
21
0.5828740157480314
0
LINE
8
BLACK
6
CONTINUOUS
10
2.8574999999999999
20
0.5828740157480314
11
2.8605132677165352
21
0.5822746456692913
0
LINE
8
BLACK
6
CONTINUOUS
10
2.5822652362204725
20
0.5750699212598425
11
2.5848197244094488
21
0.5733630314960629
0
LINE
8
BLACK
6
CONTINUOUS
10
2.5848197244094488
20
0.5733630314960629
11
2.5865266141732284
21
0.5708085433070866
0
LINE
8
BLACK
6
CONTINUOUS
10
2.5865266141732284
20
0.5708085433070866
11
2.5871259842519683
21
0.5677952755905512
0
LINE
8
BLACK
6
CONTINUOUS
10
2.5871259842519683
20
0.5677952755905512
11
2.5871259842519683
21
0.5422047244094488
0
LINE
8
BLACK
6
CONTINUOUS
10
2.5871259842519683
20
0.5422047244094488
11
2.5865266141732284
21
0.5391914566929134
0
LINE
8
BLACK
6
CONTINUOUS
10
2.5865266141732284
20
0.5391914566929134
11
2.5848197244094488
21
0.5366369685039371
0
LINE
8
BLACK
6
CONTINUOUS
10
2.5848197244094488
20
0.5366369685039371
11
2.5822652362204725
21
0.5349300787401575
0
LINE
8
BLACK
6
CONTINUOUS
10
2.5822652362204725
20
0.5349300787401575
11
2.5792519685039368
21
0.5343307086614173
0
LINE
8
BLACK
6
CONTINUOUS
10
2.5792519685039368
20
0.5343307086614173
11
2.5375196850393702
21
0.5343307086614173
0
LINE
8
BLACK
6
CONTINUOUS
10
2.5375196850393702
20
0.5343307086614173
11
2.5345064173228344
21
0.5349300787401575
0
LINE
8
BLACK
6
CONTINUOUS
10
2.5345064173228344
20
0.5349300787401575
11
2.5319519291338581
21
0.5366369685039371
0
LINE
8
BLACK
6
CONTINUOUS
10
2.5319519291338581
20
0.5366369685039371
11
2.5302450393700786
21
0.5391914566929134
0
LINE
8
BLACK
6
CONTINUOUS
10
2.5302450393700786
20
0.5391914566929134
11
2.5296456692913387
21
0.5422047244094488
0
LINE
8
BLACK
6
CONTINUOUS
10
2.5296456692913387
20
0.5422047244094488
11
2.5296456692913387
21
0.5677952755905512
0
LINE
8
BLACK
6
CONTINUOUS
10
2.5296456692913387
20
0.5677952755905512
11
2.5302450393700786
21
0.5708085433070866
0
LINE
8
BLACK
6
CONTINUOUS
10
2.5302450393700786
20
0.5708085433070866
11
2.5319519291338581
21
0.5733630314960629
0
LINE
8
BLACK
6
CONTINUOUS
10
2.5319519291338581
20
0.5733630314960629
11
2.5345064173228344
21
0.5750699212598425
0
LINE
8
BLACK
6
CONTINUOUS
10
2.5345064173228344
20
0.5750699212598425
11
2.5375196850393702
21
0.5756692913385827
0
LINE
8
BLACK
6
CONTINUOUS
10
2.5375196850393702
20
0.5756692913385827
11
2.5792519685039368
21
0.5756692913385827
0
LINE
8
BLACK
6
CONTINUOUS
10
2.5792519685039368
20
0.5756692913385827
11
2.5822652362204725
21
0.5750699212598425
0
LINE
8
BLACK
6
CONTINUOUS
10
2.4855132677165352
20
0.5872746456692913
11
2.4880677559055115
21
0.5855677559055118
0
LINE
8
BLACK
6
CONTINUOUS
10
2.4880677559055115
20
0.5855677559055118
11
2.4897746456692911
21
0.5830132677165354
0
LINE
8
BLACK
6
CONTINUOUS
10
2.4897746456692911
20
0.5830132677165354
11
2.4903740157480314
21
0.58
0
LINE
8
BLACK
6
CONTINUOUS
10
2.4903740157480314
20
0.58
11
2.4903740157480314
21
0.545
0
LINE
8
BLACK
6
CONTINUOUS
10
2.4903740157480314
20
0.545
11
2.4897746456692911
21
0.5419867322834645
0
LINE
8
BLACK
6
CONTINUOUS
10
2.4897746456692911
20
0.5419867322834645
11
2.4880677559055115
21
0.5394322440944882
0
LINE
8
BLACK
6
CONTINUOUS
10
2.4880677559055115
20
0.5394322440944882
11
2.4855132677165352
21
0.5377253543307087
0
LINE
8
BLACK
6
CONTINUOUS
10
2.4855132677165352
20
0.5377253543307087
11
2.4824999999999999
21
0.5371259842519684
0
LINE
8
BLACK
6
CONTINUOUS
10
2.4824999999999999
20
0.5371259842519684
11
2.4274999999999998
21
0.5371259842519684
0
LINE
8
BLACK
6
CONTINUOUS
10
2.4274999999999998
20
0.5371259842519684
11
2.4244867322834645
21
0.5377253543307087
0
LINE
8
BLACK
6
CONTINUOUS
10
2.4244867322834645
20
0.5377253543307087
11
2.4219322440944882
21
0.5394322440944882
0
LINE
8
BLACK
6
CONTINUOUS
10
2.4219322440944882
20
0.5394322440944882
11
2.4202253543307086
21
0.5419867322834645
0
LINE
8
BLACK
6
CONTINUOUS
10
2.4202253543307086
20
0.5419867322834645
11
2.4196259842519683
21
0.545
0
LINE
8
BLACK
6
CONTINUOUS
10
2.4196259842519683
20
0.545
11
2.4196259842519683
21
0.58
0
LINE
8
BLACK
6
CONTINUOUS
10
2.4196259842519683
20
0.58
11
2.4202253543307086
21
0.5830132677165354
0
LINE
8
BLACK
6
CONTINUOUS
10
2.4202253543307086
20
0.5830132677165354
11
2.4219322440944882
21
0.5855677559055118
0
LINE
8
BLACK
6
CONTINUOUS
10
2.4219322440944882
20
0.5855677559055118
11
2.4244867322834645
21
0.5872746456692913
0
LINE
8
BLACK
6
CONTINUOUS
10
2.4244867322834645
20
0.5872746456692913
11
2.4274999999999998
21
0.5878740157480314
0
LINE
8
BLACK
6
CONTINUOUS
10
2.4274999999999998
20
0.5878740157480314
11
2.4824999999999999
21
0.5878740157480314
0
LINE
8
BLACK
6
CONTINUOUS
10
2.4824999999999999
20
0.5878740157480314
11
2.4855132677165352
21
0.5872746456692913
0
LINE
8
BLACK
6
CONTINUOUS
10
2.3955132677165354
20
0.5897746456692913
11
2.3980677559055117
21
0.5880677559055117
0
LINE
8
BLACK
6
CONTINUOUS
10
2.3980677559055117
20
0.5880677559055117
11
2.3997746456692912
21
0.5855132677165354
0
LINE
8
BLACK
6
CONTINUOUS
10
2.3997746456692912
20
0.5855132677165354
11
2.4003740157480316
21
0.5825
0
LINE
8
BLACK
6
CONTINUOUS
10
2.4003740157480316
20
0.5825
11
2.4003740157480316
21
0.5475
0
LINE
8
BLACK
6
CONTINUOUS
10
2.4003740157480316
20
0.5475
11
2.3997746456692912
21
0.5444867322834646
0
LINE
8
BLACK
6
CONTINUOUS
10
2.3997746456692912
20
0.5444867322834646
11
2.3980677559055117
21
0.5419322440944881
0
LINE
8
BLACK
6
CONTINUOUS
10
2.3980677559055117
20
0.5419322440944881
11
2.3955132677165354
21
0.5402253543307086
0
LINE
8
BLACK
6
CONTINUOUS
10
2.3955132677165354
20
0.5402253543307086
11
2.3925000000000001
21
0.5396259842519685
0
LINE
8
BLACK
6
CONTINUOUS
10
2.3925000000000001
20
0.5396259842519685
11
2.3374999999999999
21
0.5396259842519685
0
LINE
8
BLACK
6
CONTINUOUS
10
2.3374999999999999
20
0.5396259842519685
11
2.3344867322834646
21
0.5402253543307086
0
LINE
8
BLACK
6
CONTINUOUS
10
2.3344867322834646
20
0.5402253543307086
11
2.3319322440944883
21
0.5419322440944881
0
LINE
8
BLACK
6
CONTINUOUS
10
2.3319322440944883
20
0.5419322440944881
11
2.3302253543307088
21
0.5444867322834646
0
LINE
8
BLACK
6
CONTINUOUS
10
2.3302253543307088
20
0.5444867322834646
11
2.3296259842519684
21
0.5475
0
LINE
8
BLACK
6
CONTINUOUS
10
2.3296259842519684
20
0.5475
11
2.3296259842519684
21
0.5825
0
LINE
8
BLACK
6
CONTINUOUS
10
2.3296259842519684
20
0.5825
11
2.3302253543307088
21
0.5855132677165354
0
LINE
8
BLACK
6
CONTINUOUS
10
2.3302253543307088
20
0.5855132677165354
11
2.3319322440944883
21
0.5880677559055117
0
LINE
8
BLACK
6
CONTINUOUS
10
2.3319322440944883
20
0.5880677559055117
11
2.3344867322834646
21
0.5897746456692913
0
LINE
8
BLACK
6
CONTINUOUS
10
2.3344867322834646
20
0.5897746456692913
11
2.3374999999999999
21
0.5903740157480315
0
LINE
8
BLACK
6
CONTINUOUS
10
2.3374999999999999
20
0.5903740157480315
11
2.3925000000000001
21
0.5903740157480315
0
LINE
8
BLACK
6
CONTINUOUS
10
2.3925000000000001
20
0.5903740157480315
11
2.3955132677165354
21
0.5897746456692913
0
LINE
8
BLACK
6
CONTINUOUS
10
3.3036038188976375
20
0.6357392125984251
11
3.3061583070866143
21
0.6340323228346456
0
LINE
8
BLACK
6
CONTINUOUS
10
3.3061583070866143
20
0.6340323228346456
11
3.3078651968503938
21
0.6314778346456693
0
LINE
8
BLACK
6
CONTINUOUS
10
3.3078651968503938
20
0.6314778346456693
11
3.3084645669291337
21
0.6284645669291339
0
LINE
8
BLACK
6
CONTINUOUS
10
3.3084645669291337
20
0.6284645669291339
11
3.3084645669291337
21
0.5615354330708662
0
LINE
8
BLACK
6
CONTINUOUS
10
3.3084645669291337
20
0.5615354330708662
11
3.3078651968503938
21
0.5585221653543307
0
LINE
8
BLACK
6
CONTINUOUS
10
3.3078651968503938
20
0.5585221653543307
11
3.3061583070866143
21
0.5559676771653543
0
LINE
8
BLACK
6
CONTINUOUS
10
3.3061583070866143
20
0.5559676771653543
11
3.3036038188976375
21
0.5542607874015748
0
LINE
8
BLACK
6
CONTINUOUS
10
3.3036038188976375
20
0.5542607874015748
11
3.3005905511811022
21
0.5536614173228346
0
LINE
8
BLACK
6
CONTINUOUS
10
3.3005905511811022
20
0.5536614173228346
11
3.2494094488188976
21
0.5536614173228346
0
LINE
8
BLACK
6
CONTINUOUS
10
3.2494094488188976
20
0.5536614173228346
11
3.2463961811023623
21
0.5542607874015748
0
LINE
8
BLACK
6
CONTINUOUS
10
3.2463961811023623
20
0.5542607874015748
11
3.2438416929133855
21
0.5559676771653543
0
LINE
8
BLACK
6
CONTINUOUS
10
3.2438416929133855
20
0.5559676771653543
11
3.242134803149606
21
0.5585221653543307
0
LINE
8
BLACK
6
CONTINUOUS
10
3.242134803149606
20
0.5585221653543307
11
3.2415354330708661
21
0.5615354330708662
0
LINE
8
BLACK
6
CONTINUOUS
10
3.2415354330708661
20
0.5615354330708662
11
3.2415354330708661
21
0.6284645669291339
0
LINE
8
BLACK
6
CONTINUOUS
10
3.2415354330708661
20
0.6284645669291339
11
3.242134803149606
21
0.6314778346456693
0
LINE
8
BLACK
6
CONTINUOUS
10
3.242134803149606
20
0.6314778346456693
11
3.2438416929133855
21
0.6340323228346456
0
LINE
8
BLACK
6
CONTINUOUS
10
3.2438416929133855
20
0.6340323228346456
11
3.2463961811023623
21
0.6357392125984251
0
LINE
8
BLACK
6
CONTINUOUS
10
3.2463961811023623
20
0.6357392125984251
11
3.2494094488188976
21
0.6363385826771654
0
LINE
8
BLACK
6
CONTINUOUS
10
3.2494094488188976
20
0.6363385826771654
11
3.3005905511811022
21
0.6363385826771654
0
LINE
8
BLACK
6
CONTINUOUS
10
3.3005905511811022
20
0.6363385826771654
11
3.3036038188976375
21
0.6357392125984251
0
LINE
8
BLACK
6
CONTINUOUS
10
3.4413990944881889
20
0.6357392125984251
11
3.4439535826771652
21
0.6340323228346456
0
LINE
8
BLACK
6
CONTINUOUS
10
3.4439535826771652
20
0.6340323228346456
11
3.4456604724409448
21
0.6314778346456693
0
LINE
8
BLACK
6
CONTINUOUS
10
3.4456604724409448
20
0.6314778346456693
11
3.4462598425196851
21
0.6284645669291339
0
LINE
8
BLACK
6
CONTINUOUS
10
3.4462598425196851
20
0.6284645669291339
11
3.4462598425196851
21
0.5615354330708662
0
LINE
8
BLACK
6
CONTINUOUS
10
3.4462598425196851
20
0.5615354330708662
11
3.4456604724409448
21
0.5585221653543307
0
LINE
8
BLACK
6
CONTINUOUS
10
3.4456604724409448
20
0.5585221653543307
11
3.4439535826771652
21
0.5559676771653543
0
LINE
8
BLACK
6
CONTINUOUS
10
3.4439535826771652
20
0.5559676771653543
11
3.4413990944881889
21
0.5542607874015748
0
LINE
8
BLACK
6
CONTINUOUS
10
3.4413990944881889
20
0.5542607874015748
11
3.4383858267716536
21
0.5536614173228346
0
LINE
8
BLACK
6
CONTINUOUS
10
3.4383858267716536
20
0.5536614173228346
11
3.3872047244094485
21
0.5536614173228346
0
LINE
8
BLACK
6
CONTINUOUS
10
3.3872047244094485
20
0.5536614173228346
11
3.3841914566929132
21
0.5542607874015748
0
LINE
8
BLACK
6
CONTINUOUS
10
3.3841914566929132
20
0.5542607874015748
11
3.3816369685039369
21
0.5559676771653543
0
LINE
8
BLACK
6
CONTINUOUS
10
3.3816369685039369
20
0.5559676771653543
11
3.3799300787401574
21
0.5585221653543307
0
LINE
8
BLACK
6
CONTINUOUS
10
3.3799300787401574
20
0.5585221653543307
11
3.379330708661417
21
0.5615354330708662
0
LINE
8
BLACK
6
CONTINUOUS
10
3.379330708661417
20
0.5615354330708662
11
3.379330708661417
21
0.6284645669291339
0
LINE
8
BLACK
6
CONTINUOUS
10
3.379330708661417
20
0.6284645669291339
11
3.3799300787401574
21
0.6314778346456693
0
LINE
8
BLACK
6
CONTINUOUS
10
3.3799300787401574
20
0.6314778346456693
11
3.3816369685039369
21
0.6340323228346456
0
LINE
8
BLACK
6
CONTINUOUS
10
3.3816369685039369
20
0.6340323228346456
11
3.3841914566929132
21
0.6357392125984251
0
LINE
8
BLACK
6
CONTINUOUS
10
3.3841914566929132
20
0.6357392125984251
11
3.3872047244094485
21
0.6363385826771654
0
LINE
8
BLACK
6
CONTINUOUS
10
3.3872047244094485
20
0.6363385826771654
11
3.4383858267716536
21
0.6363385826771654
0
LINE
8
BLACK
6
CONTINUOUS
10
3.4383858267716536
20
0.6363385826771654
11
3.4413990944881889
21
0.6357392125984251
0
LINE
8
BLACK
6
CONTINUOUS
10
1.8573833464566929
20
0.7288888188976378
11
1.8599378346456692
21
0.7271819291338583
0
LINE
8
BLACK
6
CONTINUOUS
10
1.8599378346456692
20
0.7271819291338583
11
1.8616447244094487
21
0.7246274409448819
0
LINE
8
BLACK
6
CONTINUOUS
10
1.8616447244094487
20
0.7246274409448819
11
1.8622440944881888
21
0.7216141732283464
0
LINE
8
BLACK
6
CONTINUOUS
10
1.8622440944881888
20
0.7216141732283464
11
1.8622440944881888
21
0.572007874015748
0
LINE
8
BLACK
6
CONTINUOUS
10
1.8622440944881888
20
0.572007874015748
11
1.8616447244094487
21
0.5689946062992126
0
LINE
8
BLACK
6
CONTINUOUS
10
1.8616447244094487
20
0.5689946062992126
11
1.8599378346456692
21
0.5664401181102362
0
LINE
8
BLACK
6
CONTINUOUS
10
1.8599378346456692
20
0.5664401181102362
11
1.8573833464566929
21
0.5647332283464567
0
LINE
8
BLACK
6
CONTINUOUS
10
1.8573833464566929
20
0.5647332283464567
11
1.8543700787401574
21
0.5641338582677166
0
LINE
8
BLACK
6
CONTINUOUS
10
1.8543700787401574
20
0.5641338582677166
11
1.8149999999999999
21
0.5641338582677166
0
LINE
8
BLACK
6
CONTINUOUS
10
1.8149999999999999
20
0.5641338582677166
11
1.8119867322834646
21
0.5647332283464567
0
LINE
8
BLACK
6
CONTINUOUS
10
1.8119867322834646
20
0.5647332283464567
11
1.8094322440944881
21
0.5664401181102362
0
LINE
8
BLACK
6
CONTINUOUS
10
1.8094322440944881
20
0.5664401181102362
11
1.8077253543307086
21
0.5689946062992126
0
LINE
8
BLACK
6
CONTINUOUS
10
1.8077253543307086
20
0.5689946062992126
11
1.8071259842519685
21
0.572007874015748
0
LINE
8
BLACK
6
CONTINUOUS
10
1.8071259842519685
20
0.572007874015748
11
1.8071259842519685
21
0.7216141732283464
0
LINE
8
BLACK
6
CONTINUOUS
10
1.8071259842519685
20
0.7216141732283464
11
1.8077253543307086
21
0.7246274409448819
0
LINE
8
BLACK
6
CONTINUOUS
10
1.8077253543307086
20
0.7246274409448819
11
1.8094322440944881
21
0.7271819291338583
0
LINE
8
BLACK
6
CONTINUOUS
10
1.8094322440944881
20
0.7271819291338583
11
1.8119867322834646
21
0.7288888188976378
0
LINE
8
BLACK
6
CONTINUOUS
10
1.8119867322834646
20
0.7288888188976378
11
1.8149999999999999
21
0.7294881889763779
0
LINE
8
BLACK
6
CONTINUOUS
10
1.8149999999999999
20
0.7294881889763779
11
1.8543700787401574
21
0.7294881889763779
0
LINE
8
BLACK
6
CONTINUOUS
10
1.8543700787401574
20
0.7294881889763779
11
1.8573833464566929
21
0.7288888188976378
0
LINE
8
BLACK
6
CONTINUOUS
10
3.5817927952755904
20
0.7288888188976378
11
3.5843472834645667
21
0.7271819291338583
0
LINE
8
BLACK
6
CONTINUOUS
10
3.5843472834645667
20
0.7271819291338583
11
3.5860541732283462
21
0.7246274409448819
0
LINE
8
BLACK
6
CONTINUOUS
10
3.5860541732283462
20
0.7246274409448819
11
3.5866535433070865
21
0.7216141732283464
0
LINE
8
BLACK
6
CONTINUOUS
10
3.5866535433070865
20
0.7216141732283464
11
3.5866535433070865
21
0.572007874015748
0
LINE
8
BLACK
6
CONTINUOUS
10
3.5866535433070865
20
0.572007874015748
11
3.5860541732283462
21
0.5689946062992126
0
LINE
8
BLACK
6
CONTINUOUS
10
3.5860541732283462
20
0.5689946062992126
11
3.5843472834645667
21
0.5664401181102362
0
LINE
8
BLACK
6
CONTINUOUS
10
3.5843472834645667
20
0.5664401181102362
11
3.5817927952755904
21
0.5647332283464567
0
LINE
8
BLACK
6
CONTINUOUS
10
3.5817927952755904
20
0.5647332283464567
11
3.578779527559055
21
0.5641338582677166
0
LINE
8
BLACK
6
CONTINUOUS
10
3.578779527559055
20
0.5641338582677166
11
3.5394094488188976
21
0.5641338582677166
0
LINE
8
BLACK
6
CONTINUOUS
10
3.5394094488188976
20
0.5641338582677166
11
3.5363961811023623
21
0.5647332283464567
0
LINE
8
BLACK
6
CONTINUOUS
10
3.5363961811023623
20
0.5647332283464567
11
3.5338416929133856
21
0.5664401181102362
0
LINE
8
BLACK
6
CONTINUOUS
10
3.5338416929133856
20
0.5664401181102362
11
3.532134803149606
21
0.5689946062992126
0
LINE
8
BLACK
6
CONTINUOUS
10
3.532134803149606
20
0.5689946062992126
11
3.5315354330708661
21
0.572007874015748
0
LINE
8
BLACK
6
CONTINUOUS
10
3.5315354330708661
20
0.572007874015748
11
3.5315354330708661
21
0.7216141732283464
0
LINE
8
BLACK
6
CONTINUOUS
10
3.5315354330708661
20
0.7216141732283464
11
3.532134803149606
21
0.7246274409448819
0
LINE
8
BLACK
6
CONTINUOUS
10
3.532134803149606
20
0.7246274409448819
11
3.5338416929133856
21
0.7271819291338583
0
LINE
8
BLACK
6
CONTINUOUS
10
3.5338416929133856
20
0.7271819291338583
11
3.5363961811023623
21
0.7288888188976378
0
LINE
8
BLACK
6
CONTINUOUS
10
3.5363961811023623
20
0.7288888188976378
11
3.5394094488188976
21
0.7294881889763779
0
LINE
8
BLACK
6
CONTINUOUS
10
3.5394094488188976
20
0.7294881889763779
11
3.578779527559055
21
0.7294881889763779
0
LINE
8
BLACK
6
CONTINUOUS
10
3.578779527559055
20
0.7294881889763779
11
3.5817927952755904
21
0.7288888188976378
0
LINE
8
BLACK
6
CONTINUOUS
10
0.0610447637795276
20
0.7312903937007874
11
0.0635992519685039
21
0.7295835039370079
0
LINE
8
BLACK
6
CONTINUOUS
10
0.0635992519685039
20
0.7295835039370079
11
0.0653061417322835
21
0.7270290157480315
0
LINE
8
BLACK
6
CONTINUOUS
10
0.0653061417322835
20
0.7270290157480315
11
0.0659055118110236
21
0.724015748031496
0
LINE
8
BLACK
6
CONTINUOUS
10
0.0659055118110236
20
0.724015748031496
11
0.0659055118110236
21
0.5744094488188977
0
LINE
8
BLACK
6
CONTINUOUS
10
0.0659055118110236
20
0.5744094488188977
11
0.0653061417322835
21
0.5713961811023622
0
LINE
8
BLACK
6
CONTINUOUS
10
0.0653061417322835
20
0.5713961811023622
11
0.0635992519685039
21
0.5688416929133858
0
LINE
8
BLACK
6
CONTINUOUS
10
0.0635992519685039
20
0.5688416929133858
11
0.0610447637795276
21
0.5671348031496063
0
LINE
8
BLACK
6
CONTINUOUS
10
0.0610447637795276
20
0.5671348031496063
11
0.0580314960629921
21
0.5665354330708662
0
LINE
8
BLACK
6
CONTINUOUS
10
0.0580314960629921
20
0.5665354330708662
11
0.0186614173228346
21
0.5665354330708662
0
LINE
8
BLACK
6
CONTINUOUS
10
0.0186614173228346
20
0.5665354330708662
11
0.0156481496062992
21
0.5671348031496063
0
LINE
8
BLACK
6
CONTINUOUS
10
0.0156481496062992
20
0.5671348031496063
11
0.0130936614173228
21
0.5688416929133858
0
LINE
8
BLACK
6
CONTINUOUS
10
0.0130936614173228
20
0.5688416929133858
11
0.0113867716535433
21
0.5713961811023622
0
LINE
8
BLACK
6
CONTINUOUS
10
0.0113867716535433
20
0.5713961811023622
11
0.0107874015748031
21
0.5744094488188977
0
LINE
8
BLACK
6
CONTINUOUS
10
0.0107874015748031
20
0.5744094488188977
11
0.0107874015748031
21
0.724015748031496
0
LINE
8
BLACK
6
CONTINUOUS
10
0.0107874015748031
20
0.724015748031496
11
0.0113867716535433
21
0.7270290157480315
0
LINE
8
BLACK
6
CONTINUOUS
10
0.0113867716535433
20
0.7270290157480315
11
0.0130936614173228
21
0.7295835039370079
0
LINE
8
BLACK
6
CONTINUOUS
10
0.0130936614173228
20
0.7295835039370079
11
0.0156481496062992
21
0.7312903937007874
0
LINE
8
BLACK
6
CONTINUOUS
10
0.0156481496062992
20
0.7312903937007874
11
0.0186614173228346
21
0.7318897637795275
0
LINE
8
BLACK
6
CONTINUOUS
10
0.0186614173228346
20
0.7318897637795275
11
0.0580314960629921
21
0.7318897637795275
0
LINE
8
BLACK
6
CONTINUOUS
10
0.0580314960629921
20
0.7318897637795275
11
0.0610447637795276
21
0.7312903937007874
0
LINE
8
BLACK
6
CONTINUOUS
10
1.7854542125984252
20
0.7312903937007874
11
1.7880087007874015
21
0.7295835039370079
0
LINE
8
BLACK
6
CONTINUOUS
10
1.7880087007874015
20
0.7295835039370079
11
1.789715590551181
21
0.7270290157480315
0
LINE
8
BLACK
6
CONTINUOUS
10
1.789715590551181
20
0.7270290157480315
11
1.7903149606299211
21
0.724015748031496
0
LINE
8
BLACK
6
CONTINUOUS
10
1.7903149606299211
20
0.724015748031496
11
1.7903149606299211
21
0.5744094488188977
0
LINE
8
BLACK
6
CONTINUOUS
10
1.7903149606299211
20
0.5744094488188977
11
1.789715590551181
21
0.5713961811023622
0
LINE
8
BLACK
6
CONTINUOUS
10
1.789715590551181
20
0.5713961811023622
11
1.7880087007874015
21
0.5688416929133858
0
LINE
8
BLACK
6
CONTINUOUS
10
1.7880087007874015
20
0.5688416929133858
11
1.7854542125984252
21
0.5671348031496063
0
LINE
8
BLACK
6
CONTINUOUS
10
1.7854542125984252
20
0.5671348031496063
11
1.7824409448818896
21
0.5665354330708662
0
LINE
8
BLACK
6
CONTINUOUS
10
1.7824409448818896
20
0.5665354330708662
11
1.7430708661417322
21
0.5665354330708662
0
LINE
8
BLACK
6
CONTINUOUS
10
1.7430708661417322
20
0.5665354330708662
11
1.7400575984251969
21
0.5671348031496063
0
LINE
8
BLACK
6
CONTINUOUS
10
1.7400575984251969
20
0.5671348031496063
11
1.7375031102362204
21
0.5688416929133858
0
LINE
8
BLACK
6
CONTINUOUS
10
1.7375031102362204
20
0.5688416929133858
11
1.7357962204724409
21
0.5713961811023622
0
LINE
8
BLACK
6
CONTINUOUS
10
1.7357962204724409
20
0.5713961811023622
11
1.7351968503937008
21
0.5744094488188977
0
LINE
8
BLACK
6
CONTINUOUS
10
1.7351968503937008
20
0.5744094488188977
11
1.7351968503937008
21
0.724015748031496
0
LINE
8
BLACK
6
CONTINUOUS
10
1.7351968503937008
20
0.724015748031496
11
1.7357962204724409
21
0.7270290157480315
0
LINE
8
BLACK
6
CONTINUOUS
10
1.7357962204724409
20
0.7270290157480315
11
1.7375031102362204
21
0.7295835039370079
0
LINE
8
BLACK
6
CONTINUOUS
10
1.7375031102362204
20
0.7295835039370079
11
1.7400575984251969
21
0.7312903937007874
0
LINE
8
BLACK
6
CONTINUOUS
10
1.7400575984251969
20
0.7312903937007874
11
1.7430708661417322
21
0.7318897637795275
0
LINE
8
BLACK
6
CONTINUOUS
10
1.7430708661417322
20
0.7318897637795275
11
1.7824409448818896
21
0.7318897637795275
0
LINE
8
BLACK
6
CONTINUOUS
10
1.7824409448818896
20
0.7318897637795275
11
1.7854542125984252
21
0.7312903937007874
0
LINE
8
BLACK
6
CONTINUOUS
10
2.9817927952755903
20
0.7113297637795275
11
2.984347283464567
21
0.709622874015748
0
LINE
8
BLACK
6
CONTINUOUS
10
2.984347283464567
20
0.709622874015748
11
2.9860541732283465
21
0.7070683858267717
0
LINE
8
BLACK
6
CONTINUOUS
10
2.9860541732283465
20
0.7070683858267717
11
2.9866535433070864
21
0.7040551181102362
0
LINE
8
BLACK
6
CONTINUOUS
10
2.9866535433070864
20
0.7040551181102362
11
2.9866535433070864
21
0.6795898031496063
0
LINE
8
BLACK
6
CONTINUOUS
10
2.9866535433070864
20
0.6795898031496063
11
2.9869912992125984
21
0.6800953149606299
0
LINE
8
BLACK
6
CONTINUOUS
10
2.9869912992125984
20
0.6800953149606299
11
2.9895457874015747
21
0.6818022047244094
0
LINE
8
BLACK
6
CONTINUOUS
10
2.9895457874015747
20
0.6818022047244094
11
2.99255905511811
21
0.6824015748031496
0
LINE
8
BLACK
6
CONTINUOUS
10
2.99255905511811
20
0.6824015748031496
11
3.0437401574803147
21
0.6824015748031496
0
LINE
8
BLACK
6
CONTINUOUS
10
3.0437401574803147
20
0.6824015748031496
11
3.0467534251968504
21
0.6818022047244094
0
LINE
8
BLACK
6
CONTINUOUS
10
3.0467534251968504
20
0.6818022047244094
11
3.0493079133858267
21
0.6800953149606299
0
LINE
8
BLACK
6
CONTINUOUS
10
3.0493079133858267
20
0.6800953149606299
11
3.0510148031496063
21
0.6775408267716535
0
LINE
8
BLACK
6
CONTINUOUS
10
3.0510148031496063
20
0.6775408267716535
11
3.0516141732283466
21
0.6745275590551181
0
LINE
8
BLACK
6
CONTINUOUS
10
3.0516141732283466
20
0.6745275590551181
11
3.0516141732283466
21
0.6154724409448818
0
LINE
8
BLACK
6
CONTINUOUS
10
3.0516141732283466
20
0.6154724409448818
11
3.0510148031496063
21
0.6124591732283464
0
LINE
8
BLACK
6
CONTINUOUS
10
3.0510148031496063
20
0.6124591732283464
11
3.0493079133858267
21
0.6099046850393701
0
LINE
8
BLACK
6
CONTINUOUS
10
3.0493079133858267
20
0.6099046850393701
11
3.0467534251968504
21
0.6081977952755906
0
LINE
8
BLACK
6
CONTINUOUS
10
3.0467534251968504
20
0.6081977952755906
11
3.0437401574803147
21
0.6075984251968504
0
LINE
8
BLACK
6
CONTINUOUS
10
3.0437401574803147
20
0.6075984251968504
11
2.99255905511811
21
0.6075984251968504
0
LINE
8
BLACK
6
CONTINUOUS
10
2.99255905511811
20
0.6075984251968504
11
2.9895457874015747
21
0.6081977952755906
0
LINE
8
BLACK
6
CONTINUOUS
10
2.9895457874015747
20
0.6081977952755906
11
2.9869912992125984
21
0.6099046850393701
0
LINE
8
BLACK
6
CONTINUOUS
10
2.9869912992125984
20
0.6099046850393701
11
2.9866535433070864
21
0.6104101574803149
0
LINE
8
BLACK
6
CONTINUOUS
10
2.9866535433070864
20
0.6104101574803149
11
2.9866535433070864
21
0.5859448818897638
0
LINE
8
BLACK
6
CONTINUOUS
10
2.9866535433070864
20
0.5859448818897638
11
2.9860541732283465
21
0.5829316141732284
0
LINE
8
BLACK
6
CONTINUOUS
10
2.9860541732283465
20
0.5829316141732284
11
2.984347283464567
21
0.580377125984252
0
LINE
8
BLACK
6
CONTINUOUS
10
2.984347283464567
20
0.580377125984252
11
2.9817927952755903
21
0.5786702362204724
0
LINE
8
BLACK
6
CONTINUOUS
10
2.9817927952755903
20
0.5786702362204724
11
2.978779527559055
21
0.5780708661417323
0
LINE
8
BLACK
6
CONTINUOUS
10
2.978779527559055
20
0.5780708661417323
11
2.9512204724409448
21
0.5780708661417323
0
LINE
8
BLACK
6
CONTINUOUS
10
2.9512204724409448
20
0.5780708661417323
11
2.9482072047244094
21
0.5786702362204724
0
LINE
8
BLACK
6
CONTINUOUS
10
2.9482072047244094
20
0.5786702362204724
11
2.9456527165354331
21
0.580377125984252
0
LINE
8
BLACK
6
CONTINUOUS
10
2.9456527165354331
20
0.580377125984252
11
2.9439458267716536
21
0.5829316141732284
0
LINE
8
BLACK
6
CONTINUOUS
10
2.9439458267716536
20
0.5829316141732284
11
2.9433464566929133
21
0.5859448818897638
0
LINE
8
BLACK
6
CONTINUOUS
10
2.9433464566929133
20
0.5859448818897638
11
2.9433464566929133
21
0.6104101574803149
0
LINE
8
BLACK
6
CONTINUOUS
10
2.9433464566929133
20
0.6104101574803149
11
2.9430087007874013
21
0.6099046850393701
0
LINE
8
BLACK
6
CONTINUOUS
10
2.9430087007874013
20
0.6099046850393701
11
2.940454212598425
21
0.6081977952755906
0
LINE
8
BLACK
6
CONTINUOUS
10
2.940454212598425
20
0.6081977952755906
11
2.9374409448818897
21
0.6075984251968504
0
LINE
8
BLACK
6
CONTINUOUS
10
2.9374409448818897
20
0.6075984251968504
11
2.886259842519685
21
0.6075984251968504
0
LINE
8
BLACK
6
CONTINUOUS
10
2.886259842519685
20
0.6075984251968504
11
2.8832465748031497
21
0.6081977952755906
0
LINE
8
BLACK
6
CONTINUOUS
10
2.8832465748031497
20
0.6081977952755906
11
2.880692086614173
21
0.6099046850393701
0
LINE
8
BLACK
6
CONTINUOUS
10
2.880692086614173
20
0.6099046850393701
11
2.8789851968503934
21
0.6124591732283464
0
LINE
8
BLACK
6
CONTINUOUS
10
2.8789851968503934
20
0.6124591732283464
11
2.8783858267716536
21
0.6154724409448818
0
LINE
8
BLACK
6
CONTINUOUS
10
2.8783858267716536
20
0.6154724409448818
11
2.8783858267716536
21
0.6745275590551181
0
LINE
8
BLACK
6
CONTINUOUS
10
2.8783858267716536
20
0.6745275590551181
11
2.8789851968503934
21
0.6775408267716535
0
LINE
8
BLACK
6
CONTINUOUS
10
2.8789851968503934
20
0.6775408267716535
11
2.880692086614173
21
0.6800953149606299
0
LINE
8
BLACK
6
CONTINUOUS
10
2.880692086614173
20
0.6800953149606299
11
2.8832465748031497
21
0.6818022047244094
0
LINE
8
BLACK
6
CONTINUOUS
10
2.8832465748031497
20
0.6818022047244094
11
2.886259842519685
21
0.6824015748031496
0
LINE
8
BLACK
6
CONTINUOUS
10
2.886259842519685
20
0.6824015748031496
11
2.9374409448818897
21
0.6824015748031496
0
LINE
8
BLACK
6
CONTINUOUS
10
2.9374409448818897
20
0.6824015748031496
11
2.940454212598425
21
0.6818022047244094
0
LINE
8
BLACK
6
CONTINUOUS
10
2.940454212598425
20
0.6818022047244094
11
2.9430087007874013
21
0.6800953149606299
0
LINE
8
BLACK
6
CONTINUOUS
10
2.9430087007874013
20
0.6800953149606299
11
2.9433464566929133
21
0.6795898031496063
0
LINE
8
BLACK
6
CONTINUOUS
10
2.9433464566929133
20
0.6795898031496063
11
2.9433464566929133
21
0.7040551181102362
0
LINE
8
BLACK
6
CONTINUOUS
10
2.9433464566929133
20
0.7040551181102362
11
2.9439458267716536
21
0.7070683858267717
0
LINE
8
BLACK
6
CONTINUOUS
10
2.9439458267716536
20
0.7070683858267717
11
2.9456527165354331
21
0.709622874015748
0
LINE
8
BLACK
6
CONTINUOUS
10
2.9456527165354331
20
0.709622874015748
11
2.9482072047244094
21
0.7113297637795275
0
LINE
8
BLACK
6
CONTINUOUS
10
2.9482072047244094
20
0.7113297637795275
11
2.9512204724409448
21
0.7119291338582677
0
LINE
8
BLACK
6
CONTINUOUS
10
2.9512204724409448
20
0.7119291338582677
11
2.978779527559055
21
0.7119291338582677
0
LINE
8
BLACK
6
CONTINUOUS
10
2.978779527559055
20
0.7119291338582677
11
2.9817927952755903
21
0.7113297637795275
0
LINE
8
BLACK
6
CONTINUOUS
10
1.0351124803149605
20
0.6962384251968504
11
1.037666968503937
21
0.6945315354330709
0
LINE
8
BLACK
6
CONTINUOUS
10
1.037666968503937
20
0.6945315354330709
11
1.0393738582677166
21
0.6919770472440945
0
LINE
8
BLACK
6
CONTINUOUS
10
1.0393738582677166
20
0.6919770472440945
11
1.0399732283464567
21
0.6889637795275591
0
LINE
8
BLACK
6
CONTINUOUS
10
1.0399732283464567
20
0.6889637795275591
11
1.0399732283464567
21
0.590563779527559
0
LINE
8
BLACK
6
CONTINUOUS
10
1.0399732283464567
20
0.590563779527559
11
1.0393738582677166
21
0.5875505118110236
0
LINE
8
BLACK
6
CONTINUOUS
10
1.0393738582677166
20
0.5875505118110236
11
1.037666968503937
21
0.5849960236220473
0
LINE
8
BLACK
6
CONTINUOUS
10
1.037666968503937
20
0.5849960236220473
11
1.0351124803149605
21
0.5832891338582677
0
LINE
8
BLACK
6
CONTINUOUS
10
1.0351124803149605
20
0.5832891338582677
11
1.0320992125984252
21
0.5826897637795275
0
LINE
8
BLACK
6
CONTINUOUS
10
1.0320992125984252
20
0.5826897637795275
11
0.9316992125984251
21
0.5826897637795275
0
LINE
8
BLACK
6
CONTINUOUS
10
0.9316992125984251
20
0.5826897637795275
11
0.9286859448818897
21
0.5832891338582677
0
LINE
8
BLACK
6
CONTINUOUS
10
0.9286859448818897
20
0.5832891338582677
11
0.9261314566929134
21
0.5849960236220473
0
LINE
8
BLACK
6
CONTINUOUS
10
0.9261314566929134
20
0.5849960236220473
11
0.9244245669291339
21
0.5875505118110236
0
LINE
8
BLACK
6
CONTINUOUS
10
0.9244245669291339
20
0.5875505118110236
11
0.9238251968503937
21
0.590563779527559
0
LINE
8
BLACK
6
CONTINUOUS
10
0.9238251968503937
20
0.590563779527559
11
0.9238251968503937
21
0.6889637795275591
0
LINE
8
BLACK
6
CONTINUOUS
10
0.9238251968503937
20
0.6889637795275591
11
0.9244245669291339
21
0.6919770472440945
0
LINE
8
BLACK
6
CONTINUOUS
10
0.9244245669291339
20
0.6919770472440945
11
0.9261314566929134
21
0.6945315354330709
0
LINE
8
BLACK
6
CONTINUOUS
10
0.9261314566929134
20
0.6945315354330709
11
0.9286859448818897
21
0.6962384251968504
0
LINE
8
BLACK
6
CONTINUOUS
10
0.9286859448818897
20
0.6962384251968504
11
0.9316992125984251
21
0.6968377952755905
0
LINE
8
BLACK
6
CONTINUOUS
10
0.9316992125984251
20
0.6968377952755905
11
1.0320992125984252
21
0.6968377952755905
0
LINE
8
BLACK
6
CONTINUOUS
10
1.0320992125984252
20
0.6968377952755905
11
1.0351124803149605
21
0.6962384251968504
0
LINE
8
BLACK
6
CONTINUOUS
10
1.2339124803149606
20
0.6962384251968504
11
1.2364669685039369
21
0.6945315354330709
0
LINE
8
BLACK
6
CONTINUOUS
10
1.2364669685039369
20
0.6945315354330709
11
1.2381738582677164
21
0.6919770472440945
0
LINE
8
BLACK
6
CONTINUOUS
10
1.2381738582677164
20
0.6919770472440945
11
1.2387732283464568
21
0.6889637795275591
0
LINE
8
BLACK
6
CONTINUOUS
10
1.2387732283464568
20
0.6889637795275591
11
1.2387732283464568
21
0.590563779527559
0
LINE
8
BLACK
6
CONTINUOUS
10
1.2387732283464568
20
0.590563779527559
11
1.2381738582677164
21
0.5875505118110236
0
LINE
8
BLACK
6
CONTINUOUS
10
1.2381738582677164
20
0.5875505118110236
11
1.2364669685039369
21
0.5849960236220473
0
LINE
8
BLACK
6
CONTINUOUS
10
1.2364669685039369
20
0.5849960236220473
11
1.2339124803149606
21
0.5832891338582677
0
LINE
8
BLACK
6
CONTINUOUS
10
1.2339124803149606
20
0.5832891338582677
11
1.2308992125984253
21
0.5826897637795275
0
LINE
8
BLACK
6
CONTINUOUS
10
1.2308992125984253
20
0.5826897637795275
11
1.1304992125984252
21
0.5826897637795275
0
LINE
8
BLACK
6
CONTINUOUS
10
1.1304992125984252
20
0.5826897637795275
11
1.1274859448818897
21
0.5832891338582677
0
LINE
8
BLACK
6
CONTINUOUS
10
1.1274859448818897
20
0.5832891338582677
11
1.1249314566929134
21
0.5849960236220473
0
LINE
8
BLACK
6
CONTINUOUS
10
1.1249314566929134
20
0.5849960236220473
11
1.1232245669291339
21
0.5875505118110236
0
LINE
8
BLACK
6
CONTINUOUS
10
1.1232245669291339
20
0.5875505118110236
11
1.1226251968503937
21
0.590563779527559
0
LINE
8
BLACK
6
CONTINUOUS
10
1.1226251968503937
20
0.590563779527559
11
1.1226251968503937
21
0.6889637795275591
0
LINE
8
BLACK
6
CONTINUOUS
10
1.1226251968503937
20
0.6889637795275591
11
1.1232245669291339
21
0.6919770472440945
0
LINE
8
BLACK
6
CONTINUOUS
10
1.1232245669291339
20
0.6919770472440945
11
1.1249314566929134
21
0.6945315354330709
0
LINE
8
BLACK
6
CONTINUOUS
10
1.1249314566929134
20
0.6945315354330709
11
1.1274859448818897
21
0.6962384251968504
0
LINE
8
BLACK
6
CONTINUOUS
10
1.1274859448818897
20
0.6962384251968504
11
1.1304992125984252
21
0.6968377952755905
0
LINE
8
BLACK
6
CONTINUOUS
10
1.1304992125984252
20
0.6968377952755905
11
1.2308992125984253
21
0.6968377952755905
0
LINE
8
BLACK
6
CONTINUOUS
10
1.2308992125984253
20
0.6968377952755905
11
1.2339124803149606
21
0.6962384251968504
0
LINE
8
BLACK
6
CONTINUOUS
10
3.1355132677165352
20
0.6347746456692913
11
3.1380677559055119
21
0.6330677559055118
0
LINE
8
BLACK
6
CONTINUOUS
10
3.1380677559055119
20
0.6330677559055118
11
3.1397746456692914
21
0.6305132677165354
0
LINE
8
BLACK
6
CONTINUOUS
10
3.1397746456692914
20
0.6305132677165354
11
3.1403740157480313
21
0.6274999999999999
0
LINE
8
BLACK
6
CONTINUOUS
10
3.1403740157480313
20
0.6274999999999999
11
3.1403740157480313
21
0.5925
0
LINE
8
BLACK
6
CONTINUOUS
10
3.1403740157480313
20
0.5925
11
3.1397746456692914
21
0.5894867322834646
0
LINE
8
BLACK
6
CONTINUOUS
10
3.1397746456692914
20
0.5894867322834646
11
3.1380677559055119
21
0.5869322440944882
0
LINE
8
BLACK
6
CONTINUOUS
10
3.1380677559055119
20
0.5869322440944882
11
3.1355132677165352
21
0.5852253543307087
0
LINE
8
BLACK
6
CONTINUOUS
10
3.1355132677165352
20
0.5852253543307087
11
3.1324999999999998
21
0.5846259842519685
0
LINE
8
BLACK
6
CONTINUOUS
10
3.1324999999999998
20
0.5846259842519685
11
3.0775000000000001
21
0.5846259842519685
0
LINE
8
BLACK
6
CONTINUOUS
10
3.0775000000000001
20
0.5846259842519685
11
3.0744867322834644
21
0.5852253543307087
0
LINE
8
BLACK
6
CONTINUOUS
10
3.0744867322834644
20
0.5852253543307087
11
3.0719322440944881
21
0.5869322440944882
0
LINE
8
BLACK
6
CONTINUOUS
10
3.0719322440944881
20
0.5869322440944882
11
3.0702253543307085
21
0.5894867322834646
0
LINE
8
BLACK
6
CONTINUOUS
10
3.0702253543307085
20
0.5894867322834646
11
3.0696259842519686
21
0.5925
0
LINE
8
BLACK
6
CONTINUOUS
10
3.0696259842519686
20
0.5925
11
3.0696259842519686
21
0.6274999999999999
0
LINE
8
BLACK
6
CONTINUOUS
10
3.0696259842519686
20
0.6274999999999999
11
3.0702253543307085
21
0.6305132677165354
0
LINE
8
BLACK
6
CONTINUOUS
10
3.0702253543307085
20
0.6305132677165354
11
3.0719322440944881
21
0.6330677559055118
0
LINE
8
BLACK
6
CONTINUOUS
10
3.0719322440944881
20
0.6330677559055118
11
3.0744867322834644
21
0.6347746456692913
0
LINE
8
BLACK
6
CONTINUOUS
10
3.0744867322834644
20
0.6347746456692913
11
3.0775000000000001
21
0.6353740157480314
0
LINE
8
BLACK
6
CONTINUOUS
10
3.0775000000000001
20
0.6353740157480314
11
3.1324999999999998
21
0.6353740157480314
0
LINE
8
BLACK
6
CONTINUOUS
10
3.1324999999999998
20
0.6353740157480314
11
3.1355132677165352
21
0.6347746456692913
0
LINE
8
BLACK
6
CONTINUOUS
10
2.1505132677165353
20
0.6372746456692914
11
2.1530677559055116
21
0.6355677559055118
0
LINE
8
BLACK
6
CONTINUOUS
10
2.1530677559055116
20
0.6355677559055118
11
2.1547746456692911
21
0.6330132677165354
0
LINE
8
BLACK
6
CONTINUOUS
10
2.1547746456692911
20
0.6330132677165354
11
2.1553740157480314
21
0.63
0
LINE
8
BLACK
6
CONTINUOUS
10
2.1553740157480314
20
0.63
11
2.1553740157480314
21
0.595
0
LINE
8
BLACK
6
CONTINUOUS
10
2.1553740157480314
20
0.595
11
2.1547746456692911
21
0.5919867322834645
0
LINE
8
BLACK
6
CONTINUOUS
10
2.1547746456692911
20
0.5919867322834645
11
2.1530677559055116
21
0.5894322440944881
0
LINE
8
BLACK
6
CONTINUOUS
10
2.1530677559055116
20
0.5894322440944881
11
2.1505132677165353
21
0.5877253543307086
0
LINE
8
BLACK
6
CONTINUOUS
10
2.1505132677165353
20
0.5877253543307086
11
2.1475
21
0.5871259842519685
0
LINE
8
BLACK
6
CONTINUOUS
10
2.1475
20
0.5871259842519685
11
2.0924999999999998
21
0.5871259842519685
0
LINE
8
BLACK
6
CONTINUOUS
10
2.0924999999999998
20
0.5871259842519685
11
2.0894867322834645
21
0.5877253543307086
0
LINE
8
BLACK
6
CONTINUOUS
10
2.0894867322834645
20
0.5877253543307086
11
2.0869322440944882
21
0.5894322440944881
0
LINE
8
BLACK
6
CONTINUOUS
10
2.0869322440944882
20
0.5894322440944881
11
2.0852253543307087
21
0.5919867322834645
0
LINE
8
BLACK
6
CONTINUOUS
10
2.0852253543307087
20
0.5919867322834645
11
2.0846259842519683
21
0.595
0
LINE
8
BLACK
6
CONTINUOUS
10
2.0846259842519683
20
0.595
11
2.0846259842519683
21
0.63
0
LINE
8
BLACK
6
CONTINUOUS
10
2.0846259842519683
20
0.63
11
2.0852253543307087
21
0.6330132677165354
0
LINE
8
BLACK
6
CONTINUOUS
10
2.0852253543307087
20
0.6330132677165354
11
2.0869322440944882
21
0.6355677559055118
0
LINE
8
BLACK
6
CONTINUOUS
10
2.0869322440944882
20
0.6355677559055118
11
2.0894867322834645
21
0.6372746456692914
0
LINE
8
BLACK
6
CONTINUOUS
10
2.0894867322834645
20
0.6372746456692914
11
2.0924999999999998
21
0.6378740157480315
0
LINE
8
BLACK
6
CONTINUOUS
10
2.0924999999999998
20
0.6378740157480315
11
2.1475
21
0.6378740157480315
0
LINE
8
BLACK
6
CONTINUOUS
10
2.1475
20
0.6378740157480315
11
2.1505132677165353
21
0.6372746456692914
0
LINE
8
BLACK
6
CONTINUOUS
10
1.6118124803149605
20
0.6520384251968504
11
1.614366968503937
21
0.6503315354330709
0
LINE
8
BLACK
6
CONTINUOUS
10
1.614366968503937
20
0.6503315354330709
11
1.6160738582677165
21
0.6477770472440945
0
LINE
8
BLACK
6
CONTINUOUS
10
1.6160738582677165
20
0.6477770472440945
11
1.6166732283464567
21
0.644763779527559
0
LINE
8
BLACK
6
CONTINUOUS
10
1.6166732283464567
20
0.644763779527559
11
1.6166732283464567
21
0.609763779527559
0
LINE
8
BLACK
6
CONTINUOUS
10
1.6166732283464567
20
0.609763779527559
11
1.6160738582677165
21
0.6067505118110236
0
LINE
8
BLACK
6
CONTINUOUS
10
1.6160738582677165
20
0.6067505118110236
11
1.614366968503937
21
0.6041960236220473
0
LINE
8
BLACK
6
CONTINUOUS
10
1.614366968503937
20
0.6041960236220473
11
1.6118124803149605
21
0.6024891338582677
0
LINE
8
BLACK
6
CONTINUOUS
10
1.6118124803149605
20
0.6024891338582677
11
1.6087992125984252
21
0.6018897637795275
0
LINE
8
BLACK
6
CONTINUOUS
10
1.6087992125984252
20
0.6018897637795275
11
1.5537992125984252
21
0.6018897637795275
0
LINE
8
BLACK
6
CONTINUOUS
10
1.5537992125984252
20
0.6018897637795275
11
1.5507859448818897
21
0.6024891338582677
0
LINE
8
BLACK
6
CONTINUOUS
10
1.5507859448818897
20
0.6024891338582677
11
1.5482314566929134
21
0.6041960236220473
0
LINE
8
BLACK
6
CONTINUOUS
10
1.5482314566929134
20
0.6041960236220473
11
1.5465245669291339
21
0.6067505118110236
0
LINE
8
BLACK
6
CONTINUOUS
10
1.5465245669291339
20
0.6067505118110236
11
1.5459251968503938
21
0.609763779527559
0
LINE
8
BLACK
6
CONTINUOUS
10
1.5459251968503938
20
0.609763779527559
11
1.5459251968503938
21
0.644763779527559
0
LINE
8
BLACK
6
CONTINUOUS
10
1.5459251968503938
20
0.644763779527559
11
1.5465245669291339
21
0.6477770472440945
0
LINE
8
BLACK
6
CONTINUOUS
10
1.5465245669291339
20
0.6477770472440945
11
1.5482314566929134
21
0.6503315354330709
0
LINE
8
BLACK
6
CONTINUOUS
10
1.5482314566929134
20
0.6503315354330709
11
1.5507859448818897
21
0.6520384251968504
0
LINE
8
BLACK
6
CONTINUOUS
10
1.5507859448818897
20
0.6520384251968504
11
1.5537992125984252
21
0.6526377952755905
0
LINE
8
BLACK
6
CONTINUOUS
10
1.5537992125984252
20
0.6526377952755905
11
1.6087992125984252
21
0.6526377952755905
0
LINE
8
BLACK
6
CONTINUOUS
10
1.6087992125984252
20
0.6526377952755905
11
1.6118124803149605
21
0.6520384251968504
0
LINE
8
BLACK
6
CONTINUOUS
10
1.7118124803149606
20
0.6520384251968504
11
1.7143669685039369
21
0.6503315354330709
0
LINE
8
BLACK
6
CONTINUOUS
10
1.7143669685039369
20
0.6503315354330709
11
1.7160738582677164
21
0.6477770472440945
0
LINE
8
BLACK
6
CONTINUOUS
10
1.7160738582677164
20
0.6477770472440945
11
1.7166732283464567
21
0.644763779527559
0
LINE
8
BLACK
6
CONTINUOUS
10
1.7166732283464567
20
0.644763779527559
11
1.7166732283464567
21
0.609763779527559
0
LINE
8
BLACK
6
CONTINUOUS
10
1.7166732283464567
20
0.609763779527559
11
1.7160738582677164
21
0.6067505118110236
0
LINE
8
BLACK
6
CONTINUOUS
10
1.7160738582677164
20
0.6067505118110236
11
1.7143669685039369
21
0.6041960236220473
0
LINE
8
BLACK
6
CONTINUOUS
10
1.7143669685039369
20
0.6041960236220473
11
1.7118124803149606
21
0.6024891338582677
0
LINE
8
BLACK
6
CONTINUOUS
10
1.7118124803149606
20
0.6024891338582677
11
1.7087992125984253
21
0.6018897637795275
0
LINE
8
BLACK
6
CONTINUOUS
10
1.7087992125984253
20
0.6018897637795275
11
1.6537992125984251
21
0.6018897637795275
0
LINE
8
BLACK
6
CONTINUOUS
10
1.6537992125984251
20
0.6018897637795275
11
1.6507859448818898
21
0.6024891338582677
0
LINE
8
BLACK
6
CONTINUOUS
10
1.6507859448818898
20
0.6024891338582677
11
1.6482314566929133
21
0.6041960236220473
0
LINE
8
BLACK
6
CONTINUOUS
10
1.6482314566929133
20
0.6041960236220473
11
1.6465245669291337
21
0.6067505118110236
0
LINE
8
BLACK
6
CONTINUOUS
10
1.6465245669291337
20
0.6067505118110236
11
1.6459251968503936
21
0.609763779527559
0
LINE
8
BLACK
6
CONTINUOUS
10
1.6459251968503936
20
0.609763779527559
11
1.6459251968503936
21
0.644763779527559
0
LINE
8
BLACK
6
CONTINUOUS
10
1.6459251968503936
20
0.644763779527559
11
1.6465245669291337
21
0.6477770472440945
0
LINE
8
BLACK
6
CONTINUOUS
10
1.6465245669291337
20
0.6477770472440945
11
1.6482314566929133
21
0.6503315354330709
0
LINE
8
BLACK
6
CONTINUOUS
10
1.6482314566929133
20
0.6503315354330709
11
1.6507859448818898
21
0.6520384251968504
0
LINE
8
BLACK
6
CONTINUOUS
10
1.6507859448818898
20
0.6520384251968504
11
1.6537992125984251
21
0.6526377952755905
0
LINE
8
BLACK
6
CONTINUOUS
10
1.6537992125984251
20
0.6526377952755905
11
1.7087992125984253
21
0.6526377952755905
0
LINE
8
BLACK
6
CONTINUOUS
10
1.7087992125984253
20
0.6526377952755905
11
1.7118124803149606
21
0.6520384251968504
0
LINE
8
BLACK
6
CONTINUOUS
10
2.6103803149606297
20
0.6751242125984251
11
2.6153650000000002
21
0.67338
0
LINE
8
BLACK
6
CONTINUOUS
10
2.6153650000000002
20
0.67338
11
2.6196140944881887
21
0.6702440157480315
0
LINE
8
BLACK
6
CONTINUOUS
10
2.6196140944881887
20
0.6702440157480315
11
2.6227500787401574
21
0.6659949212598425
0
LINE
8
BLACK
6
CONTINUOUS
10
2.6227500787401574
20
0.6659949212598425
11
2.6244942913385825
21
0.6610102362204724
0
LINE
8
BLACK
6
CONTINUOUS
10
2.6244942913385825
20
0.6610102362204724
11
2.6248031496062993
21
0.6577165354330708
0
LINE
8
BLACK
6
CONTINUOUS
10
2.6248031496062993
20
0.6577165354330708
11
2.6248031496062993
21
0.6222834645669291
0
LINE
8
BLACK
6
CONTINUOUS
10
2.6248031496062993
20
0.6222834645669291
11
2.6244942913385825
21
0.6189897637795275
0
LINE
8
BLACK
6
CONTINUOUS
10
2.6244942913385825
20
0.6189897637795275
11
2.6227500787401574
21
0.6140050787401574
0
LINE
8
BLACK
6
CONTINUOUS
10
2.6227500787401574
20
0.6140050787401574
11
2.6196140944881887
21
0.6097559842519685
0
LINE
8
BLACK
6
CONTINUOUS
10
2.6196140944881887
20
0.6097559842519685
11
2.6153650000000002
21
0.6066199999999999
0
LINE
8
BLACK
6
CONTINUOUS
10
2.6153650000000002
20
0.6066199999999999
11
2.6103803149606297
21
0.6048757874015748
0
LINE
8
BLACK
6
CONTINUOUS
10
2.6103803149606297
20
0.6048757874015748
11
2.6070866141732281
21
0.6045669291338582
0
LINE
8
BLACK
6
CONTINUOUS
10
2.6070866141732281
20
0.6045669291338582
11
2.5814960629921258
21
0.6045669291338582
0
LINE
8
BLACK
6
CONTINUOUS
10
2.5814960629921258
20
0.6045669291338582
11
2.5782023622047245
21
0.6048757874015748
0
LINE
8
BLACK
6
CONTINUOUS
10
2.5782023622047245
20
0.6048757874015748
11
2.5732176771653541
21
0.6066199999999999
0
LINE
8
BLACK
6
CONTINUOUS
10
2.5732176771653541
20
0.6066199999999999
11
2.5689685826771651
21
0.6097559842519685
0
LINE
8
BLACK
6
CONTINUOUS
10
2.5689685826771651
20
0.6097559842519685
11
2.5658325984251968
21
0.6140050787401574
0
LINE
8
BLACK
6
CONTINUOUS
10
2.5658325984251968
20
0.6140050787401574
11
2.5640883858267718
21
0.6189897637795275
0
LINE
8
BLACK
6
CONTINUOUS
10
2.5640883858267718
20
0.6189897637795275
11
2.5637795275590549
21
0.6222834645669291
0
LINE
8
BLACK
6
CONTINUOUS
10
2.5637795275590549
20
0.6222834645669291
11
2.5637795275590549
21
0.6577165354330708
0
LINE
8
BLACK
6
CONTINUOUS
10
2.5637795275590549
20
0.6577165354330708
11
2.5640883858267718
21
0.6610102362204724
0
LINE
8
BLACK
6
CONTINUOUS
10
2.5640883858267718
20
0.6610102362204724
11
2.5658325984251968
21
0.6659949212598425
0
LINE
8
BLACK
6
CONTINUOUS
10
2.5658325984251968
20
0.6659949212598425
11
2.5689685826771651
21
0.6702440157480315
0
LINE
8
BLACK
6
CONTINUOUS
10
2.5689685826771651
20
0.6702440157480315
11
2.5732176771653541
21
0.67338
0
LINE
8
BLACK
6
CONTINUOUS
10
2.5732176771653541
20
0.67338
11
2.5782023622047245
21
0.6751242125984251
0
LINE
8
BLACK
6
CONTINUOUS
10
2.5782023622047245
20
0.6751242125984251
11
2.5814960629921258
21
0.6754330708661417
0
LINE
8
BLACK
6
CONTINUOUS
10
2.5814960629921258
20
0.6754330708661417
11
2.6070866141732281
21
0.6754330708661417
0
LINE
8
BLACK
6
CONTINUOUS
10
2.6070866141732281
20
0.6754330708661417
11
2.6103803149606297
21
0.6751242125984251
0
LINE
8
BLACK
6
CONTINUOUS
10
2.6910889763779529
20
0.6751242125984251
11
2.6960736614173229
21
0.67338
0
LINE
8
BLACK
6
CONTINUOUS
10
2.6960736614173229
20
0.67338
11
2.7003227559055119
21
0.6702440157480315
0
LINE
8
BLACK
6
CONTINUOUS
10
2.7003227559055119
20
0.6702440157480315
11
2.7034587401574801
21
0.6659949212598425
0
LINE
8
BLACK
6
CONTINUOUS
10
2.7034587401574801
20
0.6659949212598425
11
2.7052029527559056
21
0.6610102362204724
0
LINE
8
BLACK
6
CONTINUOUS
10
2.7052029527559056
20
0.6610102362204724
11
2.705511811023622
21
0.6577165354330708
0
LINE
8
BLACK
6
CONTINUOUS
10
2.705511811023622
20
0.6577165354330708
11
2.705511811023622
21
0.6222834645669291
0
LINE
8
BLACK
6
CONTINUOUS
10
2.705511811023622
20
0.6222834645669291
11
2.7052029527559056
21
0.6189897637795275
0
LINE
8
BLACK
6
CONTINUOUS
10
2.7052029527559056
20
0.6189897637795275
11
2.7034587401574801
21
0.6140050787401574
0
LINE
8
BLACK
6
CONTINUOUS
10
2.7034587401574801
20
0.6140050787401574
11
2.7003227559055119
21
0.6097559842519685
0
LINE
8
BLACK
6
CONTINUOUS
10
2.7003227559055119
20
0.6097559842519685
11
2.6960736614173229
21
0.6066199999999999
0
LINE
8
BLACK
6
CONTINUOUS
10
2.6960736614173229
20
0.6066199999999999
11
2.6910889763779529
21
0.6048757874015748
0
LINE
8
BLACK
6
CONTINUOUS
10
2.6910889763779529
20
0.6048757874015748
11
2.6877952755905512
21
0.6045669291338582
0
LINE
8
BLACK
6
CONTINUOUS
10
2.6877952755905512
20
0.6045669291338582
11
2.6622047244094489
21
0.6045669291338582
0
LINE
8
BLACK
6
CONTINUOUS
10
2.6622047244094489
20
0.6045669291338582
11
2.6589110236220472
21
0.6048757874015748
0
LINE
8
BLACK
6
CONTINUOUS
10
2.6589110236220472
20
0.6048757874015748
11
2.6539263385826772
21
0.6066199999999999
0
LINE
8
BLACK
6
CONTINUOUS
10
2.6539263385826772
20
0.6066199999999999
11
2.6496772440944882
21
0.6097559842519685
0
LINE
8
BLACK
6
CONTINUOUS
10
2.6496772440944882
20
0.6097559842519685
11
2.6465412598425195
21
0.6140050787401574
0
LINE
8
BLACK
6
CONTINUOUS
10
2.6465412598425195
20
0.6140050787401574
11
2.6447970472440945
21
0.6189897637795275
0
LINE
8
BLACK
6
CONTINUOUS
10
2.6447970472440945
20
0.6189897637795275
11
2.6444881889763781
21
0.6222834645669291
0
LINE
8
BLACK
6
CONTINUOUS
10
2.6444881889763781
20
0.6222834645669291
11
2.6444881889763781
21
0.6577165354330708
0
LINE
8
BLACK
6
CONTINUOUS
10
2.6444881889763781
20
0.6577165354330708
11
2.6447970472440945
21
0.6610102362204724
0
LINE
8
BLACK
6
CONTINUOUS
10
2.6447970472440945
20
0.6610102362204724
11
2.6465412598425195
21
0.6659949212598425
0
LINE
8
BLACK
6
CONTINUOUS
10
2.6465412598425195
20
0.6659949212598425
11
2.6496772440944882
21
0.6702440157480315
0
LINE
8
BLACK
6
CONTINUOUS
10
2.6496772440944882
20
0.6702440157480315
11
2.6539263385826772
21
0.67338
0
LINE
8
BLACK
6
CONTINUOUS
10
2.6539263385826772
20
0.67338
11
2.6589110236220472
21
0.6751242125984251
0
LINE
8
BLACK
6
CONTINUOUS
10
2.6589110236220472
20
0.6751242125984251
11
2.6622047244094489
21
0.6754330708661417
0
LINE
8
BLACK
6
CONTINUOUS
10
2.6622047244094489
20
0.6754330708661417
11
2.6877952755905512
21
0.6754330708661417
0
LINE
8
BLACK
6
CONTINUOUS
10
2.6877952755905512
20
0.6754330708661417
11
2.6910889763779529
21
0.6751242125984251
0
LINE
8
BLACK
6
CONTINUOUS
10
2.7680132677165354
20
0.6747746456692914
11
2.7705677559055117
21
0.6730677559055118
0
LINE
8
BLACK
6
CONTINUOUS
10
2.7705677559055117
20
0.6730677559055118
11
2.7722746456692913
21
0.6705132677165354
0
LINE
8
BLACK
6
CONTINUOUS
10
2.7722746456692913
20
0.6705132677165354
11
2.7728740157480316
21
0.6675
0
LINE
8
BLACK
6
CONTINUOUS
10
2.7728740157480316
20
0.6675
11
2.7728740157480316
21
0.6124999999999999
0
LINE
8
BLACK
6
CONTINUOUS
10
2.7728740157480316
20
0.6124999999999999
11
2.7722746456692913
21
0.6094867322834645
0
LINE
8
BLACK
6
CONTINUOUS
10
2.7722746456692913
20
0.6094867322834645
11
2.7705677559055117
21
0.6069322440944882
0
LINE
8
BLACK
6
CONTINUOUS
10
2.7705677559055117
20
0.6069322440944882
11
2.7680132677165354
21
0.6052253543307087
0
LINE
8
BLACK
6
CONTINUOUS
10
2.7680132677165354
20
0.6052253543307087
11
2.7650000000000001
21
0.6046259842519685
0
LINE
8
BLACK
6
CONTINUOUS
10
2.7650000000000001
20
0.6046259842519685
11
2.73
21
0.6046259842519685
0
LINE
8
BLACK
6
CONTINUOUS
10
2.73
20
0.6046259842519685
11
2.7269867322834647
21
0.6052253543307087
0
LINE
8
BLACK
6
CONTINUOUS
10
2.7269867322834647
20
0.6052253543307087
11
2.7244322440944879
21
0.6069322440944882
0
LINE
8
BLACK
6
CONTINUOUS
10
2.7244322440944879
20
0.6069322440944882
11
2.7227253543307084
21
0.6094867322834645
0
LINE
8
BLACK
6
CONTINUOUS
10
2.7227253543307084
20
0.6094867322834645
11
2.7221259842519685
21
0.6124999999999999
0
LINE
8
BLACK
6
CONTINUOUS
10
2.7221259842519685
20
0.6124999999999999
11
2.7221259842519685
21
0.6675
0
LINE
8
BLACK
6
CONTINUOUS
10
2.7221259842519685
20
0.6675
11
2.7227253543307084
21
0.6705132677165354
0
LINE
8
BLACK
6
CONTINUOUS
10
2.7227253543307084
20
0.6705132677165354
11
2.7244322440944879
21
0.6730677559055118
0
LINE
8
BLACK
6
CONTINUOUS
10
2.7244322440944879
20
0.6730677559055118
11
2.7269867322834647
21
0.6747746456692914
0
LINE
8
BLACK
6
CONTINUOUS
10
2.7269867322834647
20
0.6747746456692914
11
2.73
21
0.6753740157480315
0
LINE
8
BLACK
6
CONTINUOUS
10
2.73
20
0.6753740157480315
11
2.7650000000000001
21
0.6753740157480315
0
LINE
8
BLACK
6
CONTINUOUS
10
2.7650000000000001
20
0.6753740157480315
11
2.7680132677165354
21
0.6747746456692914
0
LINE
8
BLACK
6
CONTINUOUS
10
2.8430132677165352
20
0.6747746456692914
11
2.8455677559055119
21
0.6730677559055118
0
LINE
8
BLACK
6
CONTINUOUS
10
2.8455677559055119
20
0.6730677559055118
11
2.8472746456692914
21
0.6705132677165354
0
LINE
8
BLACK
6
CONTINUOUS
10
2.8472746456692914
20
0.6705132677165354
11
2.8478740157480313
21
0.6675
0
LINE
8
BLACK
6
CONTINUOUS
10
2.8478740157480313
20
0.6675
11
2.8478740157480313
21
0.6124999999999999
0
LINE
8
BLACK
6
CONTINUOUS
10
2.8478740157480313
20
0.6124999999999999
11
2.8472746456692914
21
0.6094867322834645
0
LINE
8
BLACK
6
CONTINUOUS
10
2.8472746456692914
20
0.6094867322834645
11
2.8455677559055119
21
0.6069322440944882
0
LINE
8
BLACK
6
CONTINUOUS
10
2.8455677559055119
20
0.6069322440944882
11
2.8430132677165352
21
0.6052253543307087
0
LINE
8
BLACK
6
CONTINUOUS
10
2.8430132677165352
20
0.6052253543307087
11
2.8399999999999999
21
0.6046259842519685
0
LINE
8
BLACK
6
CONTINUOUS
10
2.8399999999999999
20
0.6046259842519685
11
2.8049999999999997
21
0.6046259842519685
0
LINE
8
BLACK
6
CONTINUOUS
10
2.8049999999999997
20
0.6046259842519685
11
2.8019867322834644
21
0.6052253543307087
0
LINE
8
BLACK
6
CONTINUOUS
10
2.8019867322834644
20
0.6052253543307087
11
2.7994322440944881
21
0.6069322440944882
0
LINE
8
BLACK
6
CONTINUOUS
10
2.7994322440944881
20
0.6069322440944882
11
2.7977253543307086
21
0.6094867322834645
0
LINE
8
BLACK
6
CONTINUOUS
10
2.7977253543307086
20
0.6094867322834645
11
2.7971259842519682
21
0.6124999999999999
0
LINE
8
BLACK
6
CONTINUOUS
10
2.7971259842519682
20
0.6124999999999999
11
2.7971259842519682
21
0.6675
0
LINE
8
BLACK
6
CONTINUOUS
10
2.7971259842519682
20
0.6675
11
2.7977253543307086
21
0.6705132677165354
0
LINE
8
BLACK
6
CONTINUOUS
10
2.7977253543307086
20
0.6705132677165354
11
2.7994322440944881
21
0.6730677559055118
0
LINE
8
BLACK
6
CONTINUOUS
10
2.7994322440944881
20
0.6730677559055118
11
2.8019867322834644
21
0.6747746456692914
0
LINE
8
BLACK
6
CONTINUOUS
10
2.8019867322834644
20
0.6747746456692914
11
2.8049999999999997
21
0.6753740157480315
0
LINE
8
BLACK
6
CONTINUOUS
10
2.8049999999999997
20
0.6753740157480315
11
2.8399999999999999
21
0.6753740157480315
0
LINE
8
BLACK
6
CONTINUOUS
10
2.8399999999999999
20
0.6753740157480315
11
2.8430132677165352
21
0.6747746456692914
0
LINE
8
BLACK
6
CONTINUOUS
10
2.5405132677165354
20
0.6622746456692913
11
2.5430677559055117
21
0.6605677559055118
0
LINE
8
BLACK
6
CONTINUOUS
10
2.5430677559055117
20
0.6605677559055118
11
2.5447746456692912
21
0.6580132677165355
0
LINE
8
BLACK
6
CONTINUOUS
10
2.5447746456692912
20
0.6580132677165355
11
2.5453740157480316
21
0.655
0
LINE
8
BLACK
6
CONTINUOUS
10
2.5453740157480316
20
0.655
11
2.5453740157480316
21
0.62
0
LINE
8
BLACK
6
CONTINUOUS
10
2.5453740157480316
20
0.62
11
2.5447746456692912
21
0.6169867322834646
0
LINE
8
BLACK
6
CONTINUOUS
10
2.5447746456692912
20
0.6169867322834646
11
2.5430677559055117
21
0.6144322440944882
0
LINE
8
BLACK
6
CONTINUOUS
10
2.5430677559055117
20
0.6144322440944882
11
2.5405132677165354
21
0.6127253543307086
0
LINE
8
BLACK
6
CONTINUOUS
10
2.5405132677165354
20
0.6127253543307086
11
2.5375000000000001
21
0.6121259842519685
0
LINE
8
BLACK
6
CONTINUOUS
10
2.5375000000000001
20
0.6121259842519685
11
2.4824999999999999
21
0.6121259842519685
0
LINE
8
BLACK
6
CONTINUOUS
10
2.4824999999999999
20
0.6121259842519685
11
2.4794867322834646
21
0.6127253543307086
0
LINE
8
BLACK
6
CONTINUOUS
10
2.4794867322834646
20
0.6127253543307086
11
2.4769322440944883
21
0.6144322440944882
0
LINE
8
BLACK
6
CONTINUOUS
10
2.4769322440944883
20
0.6144322440944882
11
2.4752253543307088
21
0.6169867322834646
0
LINE
8
BLACK
6
CONTINUOUS
10
2.4752253543307088
20
0.6169867322834646
11
2.4746259842519684
21
0.62
0
LINE
8
BLACK
6
CONTINUOUS
10
2.4746259842519684
20
0.62
11
2.4746259842519684
21
0.655
0
LINE
8
BLACK
6
CONTINUOUS
10
2.4746259842519684
20
0.655
11
2.4752253543307088
21
0.6580132677165355
0
LINE
8
BLACK
6
CONTINUOUS
10
2.4752253543307088
20
0.6580132677165355
11
2.4769322440944883
21
0.6605677559055118
0
LINE
8
BLACK
6
CONTINUOUS
10
2.4769322440944883
20
0.6605677559055118
11
2.4794867322834646
21
0.6622746456692913
0
LINE
8
BLACK
6
CONTINUOUS
10
2.4794867322834646
20
0.6622746456692913
11
2.4824999999999999
21
0.6628740157480315
0
LINE
8
BLACK
6
CONTINUOUS
10
2.4824999999999999
20
0.6628740157480315
11
2.5375000000000001
21
0.6628740157480315
0
LINE
8
BLACK
6
CONTINUOUS
10
2.5375000000000001
20
0.6628740157480315
11
2.5405132677165354
21
0.6622746456692913
0
LINE
8
BLACK
6
CONTINUOUS
10
2.3655723228346455
20
0.6626683464566929
11
2.3681268110236222
21
0.6609614566929134
0
LINE
8
BLACK
6
CONTINUOUS
10
2.3681268110236222
20
0.6609614566929134
11
2.3698337007874017
21
0.658406968503937
0
LINE
8
BLACK
6
CONTINUOUS
10
2.3698337007874017
20
0.658406968503937
11
2.3704330708661416
21
0.6553937007874016
0
LINE
8
BLACK
6
CONTINUOUS
10
2.3704330708661416
20
0.6553937007874016
11
2.3704330708661416
21
0.6298031496062992
0
LINE
8
BLACK
6
CONTINUOUS
10
2.3704330708661416
20
0.6298031496062992
11
2.3698337007874017
21
0.6267898818897638
0
LINE
8
BLACK
6
CONTINUOUS
10
2.3698337007874017
20
0.6267898818897638
11
2.3681268110236222
21
0.6242353937007874
0
LINE
8
BLACK
6
CONTINUOUS
10
2.3681268110236222
20
0.6242353937007874
11
2.3655723228346455
21
0.6225285039370079
0
LINE
8
BLACK
6
CONTINUOUS
10
2.3655723228346455
20
0.6225285039370079
11
2.3625590551181102
21
0.6219291338582678
0
LINE
8
BLACK
6
CONTINUOUS
10
2.3625590551181102
20
0.6219291338582678
11
2.3208267716535431
21
0.6219291338582678
0
LINE
8
BLACK
6
CONTINUOUS
10
2.3208267716535431
20
0.6219291338582678
11
2.3178135039370078
21
0.6225285039370079
0
LINE
8
BLACK
6
CONTINUOUS
10
2.3178135039370078
20
0.6225285039370079
11
2.3152590157480315
21
0.6242353937007874
0
LINE
8
BLACK
6
CONTINUOUS
10
2.3152590157480315
20
0.6242353937007874
11
2.313552125984252
21
0.6267898818897638
0
LINE
8
BLACK
6
CONTINUOUS
10
2.313552125984252
20
0.6267898818897638
11
2.3129527559055116
21
0.6298031496062992
0
LINE
8
BLACK
6
CONTINUOUS
10
2.3129527559055116
20
0.6298031496062992
11
2.3129527559055116
21
0.6553937007874016
0
LINE
8
BLACK
6
CONTINUOUS
10
2.3129527559055116
20
0.6553937007874016
11
2.313552125984252
21
0.658406968503937
0
LINE
8
BLACK
6
CONTINUOUS
10
2.313552125984252
20
0.658406968503937
11
2.3152590157480315
21
0.6609614566929134
0
LINE
8
BLACK
6
CONTINUOUS
10
2.3152590157480315
20
0.6609614566929134
11
2.3178135039370078
21
0.6626683464566929
0
LINE
8
BLACK
6
CONTINUOUS
10
2.3178135039370078
20
0.6626683464566929
11
2.3208267716535431
21
0.663267716535433
0
LINE
8
BLACK
6
CONTINUOUS
10
2.3208267716535431
20
0.663267716535433
11
2.3625590551181102
21
0.663267716535433
0
LINE
8
BLACK
6
CONTINUOUS
10
2.3625590551181102
20
0.663267716535433
11
2.3655723228346455
21
0.6626683464566929
0
LINE
8
BLACK
6
CONTINUOUS
10
2.4521864960629922
20
0.7374714960629921
11
2.4547409842519685
21
0.7357646062992126
0
LINE
8
BLACK
6
CONTINUOUS
10
2.4547409842519685
20
0.7357646062992126
11
2.456447874015748
21
0.7332101181102362
0
LINE
8
BLACK
6
CONTINUOUS
10
2.456447874015748
20
0.7332101181102362
11
2.4570472440944879
21
0.7301968503937007
0
LINE
8
BLACK
6
CONTINUOUS
10
2.4570472440944879
20
0.7301968503937007
11
2.4570472440944879
21
0.7046062992125984
0
LINE
8
BLACK
6
CONTINUOUS
10
2.4570472440944879
20
0.7046062992125984
11
2.456447874015748
21
0.701593031496063
0
LINE
8
BLACK
6
CONTINUOUS
10
2.456447874015748
20
0.701593031496063
11
2.4547409842519685
21
0.6990385433070866
0
LINE
8
BLACK
6
CONTINUOUS
10
2.4547409842519685
20
0.6990385433070866
11
2.4542354724409448
21
0.6987007874015748
0
LINE
8
BLACK
6
CONTINUOUS
10
2.4542354724409448
20
0.6987007874015748
11
2.4547409842519685
21
0.6983630314960629
0
LINE
8
BLACK
6
CONTINUOUS
10
2.4547409842519685
20
0.6983630314960629
11
2.456447874015748
21
0.6958085433070866
0
LINE
8
BLACK
6
CONTINUOUS
10
2.456447874015748
20
0.6958085433070866
11
2.4570472440944879
21
0.6927952755905512
0
LINE
8
BLACK
6
CONTINUOUS
10
2.4570472440944879
20
0.6927952755905512
11
2.4570472440944879
21
0.6672047244094488
0
LINE
8
BLACK
6
CONTINUOUS
10
2.4570472440944879
20
0.6672047244094488
11
2.456447874015748
21
0.6641914566929134
0
LINE
8
BLACK
6
CONTINUOUS
10
2.456447874015748
20
0.6641914566929134
11
2.4547409842519685
21
0.6616369685039369
0
LINE
8
BLACK
6
CONTINUOUS
10
2.4547409842519685
20
0.6616369685039369
11
2.4542354724409448
21
0.6612992125984252
0
LINE
8
BLACK
6
CONTINUOUS
10
2.4542354724409448
20
0.6612992125984252
11
2.4547409842519685
21
0.6609614566929134
0
LINE
8
BLACK
6
CONTINUOUS
10
2.4547409842519685
20
0.6609614566929134
11
2.456447874015748
21
0.658406968503937
0
LINE
8
BLACK
6
CONTINUOUS
10
2.456447874015748
20
0.658406968503937
11
2.4570472440944879
21
0.6553937007874016
0
LINE
8
BLACK
6
CONTINUOUS
10
2.4570472440944879
20
0.6553937007874016
11
2.4570472440944879
21
0.6298031496062992
0
LINE
8
BLACK
6
CONTINUOUS
10
2.4570472440944879
20
0.6298031496062992
11
2.456447874015748
21
0.6267898818897638
0
LINE
8
BLACK
6
CONTINUOUS
10
2.456447874015748
20
0.6267898818897638
11
2.4547409842519685
21
0.6242353937007874
0
LINE
8
BLACK
6
CONTINUOUS
10
2.4547409842519685
20
0.6242353937007874
11
2.4521864960629922
21
0.6225285039370079
0
LINE
8
BLACK
6
CONTINUOUS
10
2.4521864960629922
20
0.6225285039370079
11
2.4491732283464565
21
0.6219291338582678
0
LINE
8
BLACK
6
CONTINUOUS
10
2.4491732283464565
20
0.6219291338582678
11
2.4074409448818899
21
0.6219291338582678
0
LINE
8
BLACK
6
CONTINUOUS
10
2.4074409448818899
20
0.6219291338582678
11
2.4044276771653541
21
0.6225285039370079
0
LINE
8
BLACK
6
CONTINUOUS
10
2.4044276771653541
20
0.6225285039370079
11
2.4018731889763778
21
0.6242353937007874
0
LINE
8
BLACK
6
CONTINUOUS
10
2.4018731889763778
20
0.6242353937007874
11
2.4001662992125983
21
0.6267898818897638
0
LINE
8
BLACK
6
CONTINUOUS
10
2.4001662992125983
20
0.6267898818897638
11
2.3995669291338584
21
0.6298031496062992
0
LINE
8
BLACK
6
CONTINUOUS
10
2.3995669291338584
20
0.6298031496062992
11
2.3995669291338584
21
0.6553937007874016
0
LINE
8
BLACK
6
CONTINUOUS
10
2.3995669291338584
20
0.6553937007874016
11
2.4001662992125983
21
0.658406968503937
0
LINE
8
BLACK
6
CONTINUOUS
10
2.4001662992125983
20
0.658406968503937
11
2.4018731889763778
21
0.6609614566929134
0
LINE
8
BLACK
6
CONTINUOUS
10
2.4018731889763778
20
0.6609614566929134
11
2.4023786614173228
21
0.6612992125984252
0
LINE
8
BLACK
6
CONTINUOUS
10
2.4023786614173228
20
0.6612992125984252
11
2.4018731889763778
21
0.6616369685039369
0
LINE
8
BLACK
6
CONTINUOUS
10
2.4018731889763778
20
0.6616369685039369
11
2.4001662992125983
21
0.6641914566929134
0
LINE
8
BLACK
6
CONTINUOUS
10
2.4001662992125983
20
0.6641914566929134
11
2.3995669291338584
21
0.6672047244094488
0
LINE
8
BLACK
6
CONTINUOUS
10
2.3995669291338584
20
0.6672047244094488
11
2.3995669291338584
21
0.6927952755905512
0
LINE
8
BLACK
6
CONTINUOUS
10
2.3995669291338584
20
0.6927952755905512
11
2.4001662992125983
21
0.6958085433070866
0
LINE
8
BLACK
6
CONTINUOUS
10
2.4001662992125983
20
0.6958085433070866
11
2.4018731889763778
21
0.6983630314960629
0
LINE
8
BLACK
6
CONTINUOUS
10
2.4018731889763778
20
0.6983630314960629
11
2.4023786614173228
21
0.6987007874015748
0
LINE
8
BLACK
6
CONTINUOUS
10
2.4023786614173228
20
0.6987007874015748
11
2.4018731889763778
21
0.6990385433070866
0
LINE
8
BLACK
6
CONTINUOUS
10
2.4018731889763778
20
0.6990385433070866
11
2.4001662992125983
21
0.701593031496063
0
LINE
8
BLACK
6
CONTINUOUS
10
2.4001662992125983
20
0.701593031496063
11
2.3995669291338584
21
0.7046062992125984
0
LINE
8
BLACK
6
CONTINUOUS
10
2.3995669291338584
20
0.7046062992125984
11
2.3995669291338584
21
0.7301968503937007
0
LINE
8
BLACK
6
CONTINUOUS
10
2.3995669291338584
20
0.7301968503937007
11
2.4001662992125983
21
0.7332101181102362
0
LINE
8
BLACK
6
CONTINUOUS
10
2.4001662992125983
20
0.7332101181102362
11
2.4018731889763778
21
0.7357646062992126
0
LINE
8
BLACK
6
CONTINUOUS
10
2.4018731889763778
20
0.7357646062992126
11
2.4044276771653541
21
0.7374714960629921
0
LINE
8
BLACK
6
CONTINUOUS
10
2.4044276771653541
20
0.7374714960629921
11
2.4074409448818899
21
0.7380708661417322
0
LINE
8
BLACK
6
CONTINUOUS
10
2.4074409448818899
20
0.7380708661417322
11
2.4491732283464565
21
0.7380708661417322
0
LINE
8
BLACK
6
CONTINUOUS
10
2.4491732283464565
20
0.7380708661417322
11
2.4521864960629922
21
0.7374714960629921
0
LINE
8
BLACK
6
CONTINUOUS
10
1.4393124803149606
20
0.7245384251968504
11
1.4418669685039369
21
0.7228315354330709
0
LINE
8
BLACK
6
CONTINUOUS
10
1.4418669685039369
20
0.7228315354330709
11
1.4435738582677164
21
0.7202770472440945
0
LINE
8
BLACK
6
CONTINUOUS
10
1.4435738582677164
20
0.7202770472440945
11
1.4441732283464566
21
0.717263779527559
0
LINE
8
BLACK
6
CONTINUOUS
10
1.4441732283464566
20
0.717263779527559
11
1.4441732283464566
21
0.662263779527559
0
LINE
8
BLACK
6
CONTINUOUS
10
1.4441732283464566
20
0.662263779527559
11
1.4435738582677164
21
0.6592505118110236
0
LINE
8
BLACK
6
CONTINUOUS
10
1.4435738582677164
20
0.6592505118110236
11
1.4418669685039369
21
0.6566960236220473
0
LINE
8
BLACK
6
CONTINUOUS
10
1.4418669685039369
20
0.6566960236220473
11
1.4393124803149606
21
0.6549891338582677
0
LINE
8
BLACK
6
CONTINUOUS
10
1.4393124803149606
20
0.6549891338582677
11
1.4362992125984251
21
0.6543897637795275
0
LINE
8
BLACK
6
CONTINUOUS
10
1.4362992125984251
20
0.6543897637795275
11
1.4012992125984252
21
0.6543897637795275
0
LINE
8
BLACK
6
CONTINUOUS
10
1.4012992125984252
20
0.6543897637795275
11
1.3982859448818898
21
0.6549891338582677
0
LINE
8
BLACK
6
CONTINUOUS
10
1.3982859448818898
20
0.6549891338582677
11
1.3957314566929133
21
0.6566960236220473
0
LINE
8
BLACK
6
CONTINUOUS
10
1.3957314566929133
20
0.6566960236220473
11
1.3940245669291338
21
0.6592505118110236
0
LINE
8
BLACK
6
CONTINUOUS
10
1.3940245669291338
20
0.6592505118110236
11
1.3934251968503937
21
0.662263779527559
0
LINE
8
BLACK
6
CONTINUOUS
10
1.3934251968503937
20
0.662263779527559
11
1.3934251968503937
21
0.717263779527559
0
LINE
8
BLACK
6
CONTINUOUS
10
1.3934251968503937
20
0.717263779527559
11
1.3940245669291338
21
0.7202770472440945
0
LINE
8
BLACK
6
CONTINUOUS
10
1.3940245669291338
20
0.7202770472440945
11
1.3957314566929133
21
0.7228315354330709
0
LINE
8
BLACK
6
CONTINUOUS
10
1.3957314566929133
20
0.7228315354330709
11
1.3982859448818898
21
0.7245384251968504
0
LINE
8
BLACK
6
CONTINUOUS
10
1.3982859448818898
20
0.7245384251968504
11
1.4012992125984252
21
0.7251377952755905
0
LINE
8
BLACK
6
CONTINUOUS
10
1.4012992125984252
20
0.7251377952755905
11
1.4362992125984251
21
0.7251377952755905
0
LINE
8
BLACK
6
CONTINUOUS
10
1.4362992125984251
20
0.7251377952755905
11
1.4393124803149606
21
0.7245384251968504
0
LINE
8
BLACK
6
CONTINUOUS
10
1.5143124803149606
20
0.7245384251968504
11
1.5168669685039369
21
0.7228315354330709
0
LINE
8
BLACK
6
CONTINUOUS
10
1.5168669685039369
20
0.7228315354330709
11
1.5185738582677164
21
0.7202770472440945
0
LINE
8
BLACK
6
CONTINUOUS
10
1.5185738582677164
20
0.7202770472440945
11
1.5191732283464567
21
0.717263779527559
0
LINE
8
BLACK
6
CONTINUOUS
10
1.5191732283464567
20
0.717263779527559
11
1.5191732283464567
21
0.662263779527559
0
LINE
8
BLACK
6
CONTINUOUS
10
1.5191732283464567
20
0.662263779527559
11
1.5185738582677164
21
0.6592505118110236
0
LINE
8
BLACK
6
CONTINUOUS
10
1.5185738582677164
20
0.6592505118110236
11
1.5168669685039369
21
0.6566960236220473
0
LINE
8
BLACK
6
CONTINUOUS
10
1.5168669685039369
20
0.6566960236220473
11
1.5143124803149606
21
0.6549891338582677
0
LINE
8
BLACK
6
CONTINUOUS
10
1.5143124803149606
20
0.6549891338582677
11
1.5112992125984253
21
0.6543897637795275
0
LINE
8
BLACK
6
CONTINUOUS
10
1.5112992125984253
20
0.6543897637795275
11
1.4762992125984251
21
0.6543897637795275
0
LINE
8
BLACK
6
CONTINUOUS
10
1.4762992125984251
20
0.6543897637795275
11
1.4732859448818898
21
0.6549891338582677
0
LINE
8
BLACK
6
CONTINUOUS
10
1.4732859448818898
20
0.6549891338582677
11
1.4707314566929133
21
0.6566960236220473
0
LINE
8
BLACK
6
CONTINUOUS
10
1.4707314566929133
20
0.6566960236220473
11
1.4690245669291337
21
0.6592505118110236
0
LINE
8
BLACK
6
CONTINUOUS
10
1.4690245669291337
20
0.6592505118110236
11
1.4684251968503936
21
0.662263779527559
0
LINE
8
BLACK
6
CONTINUOUS
10
1.4684251968503936
20
0.662263779527559
11
1.4684251968503936
21
0.717263779527559
0
LINE
8
BLACK
6
CONTINUOUS
10
1.4684251968503936
20
0.717263779527559
11
1.4690245669291337
21
0.7202770472440945
0
LINE
8
BLACK
6
CONTINUOUS
10
1.4690245669291337
20
0.7202770472440945
11
1.4707314566929133
21
0.7228315354330709
0
LINE
8
BLACK
6
CONTINUOUS
10
1.4707314566929133
20
0.7228315354330709
11
1.4732859448818898
21
0.7245384251968504
0
LINE
8
BLACK
6
CONTINUOUS
10
1.4732859448818898
20
0.7245384251968504
11
1.4762992125984251
21
0.7251377952755905
0
LINE
8
BLACK
6
CONTINUOUS
10
1.4762992125984251
20
0.7251377952755905
11
1.5112992125984253
21
0.7251377952755905
0
LINE
8
BLACK
6
CONTINUOUS
10
1.5112992125984253
20
0.7251377952755905
11
1.5143124803149606
21
0.7245384251968504
0
LINE
8
BLACK
6
CONTINUOUS
10
2.0775408267716533
20
0.8310148031496063
11
2.08009531496063
21
0.8293079133858268
0
LINE
8
BLACK
6
CONTINUOUS
10
2.08009531496063
20
0.8293079133858268
11
2.0818022047244096
21
0.8267534251968504
0
LINE
8
BLACK
6
CONTINUOUS
10
2.0818022047244096
20
0.8267534251968504
11
2.0824015748031495
21
0.8237401574803149
0
LINE
8
BLACK
6
CONTINUOUS
10
2.0824015748031495
20
0.8237401574803149
11
2.0824015748031495
21
0.7725590551181102
0
LINE
8
BLACK
6
CONTINUOUS
10
2.0824015748031495
20
0.7725590551181102
11
2.0818022047244096
21
0.7695457874015748
0
LINE
8
BLACK
6
CONTINUOUS
10
2.0818022047244096
20
0.7695457874015748
11
2.08009531496063
21
0.7669912992125985
0
LINE
8
BLACK
6
CONTINUOUS
10
2.08009531496063
20
0.7669912992125985
11
2.079589842519685
21
0.7666535433070866
0
LINE
8
BLACK
6
CONTINUOUS
10
2.079589842519685
20
0.7666535433070866
11
2.104055118110236
21
0.7666535433070866
0
LINE
8
BLACK
6
CONTINUOUS
10
2.104055118110236
20
0.7666535433070866
11
2.1070683858267718
21
0.7660541732283465
0
LINE
8
BLACK
6
CONTINUOUS
10
2.1070683858267718
20
0.7660541732283465
11
2.1096228740157481
21
0.7643472834645669
0
LINE
8
BLACK
6
CONTINUOUS
10
2.1096228740157481
20
0.7643472834645669
11
2.1113297637795276
21
0.7617927952755905
0
LINE
8
BLACK
6
CONTINUOUS
10
2.1113297637795276
20
0.7617927952755905
11
2.1119291338582675
21
0.7587795275590551
0
LINE
8
BLACK
6
CONTINUOUS
10
2.1119291338582675
20
0.7587795275590551
11
2.1119291338582675
21
0.7312204724409449
0
LINE
8
BLACK
6
CONTINUOUS
10
2.1119291338582675
20
0.7312204724409449
11
2.1113297637795276
21
0.7282072047244095
0
LINE
8
BLACK
6
CONTINUOUS
10
2.1113297637795276
20
0.7282072047244095
11
2.1096228740157481
21
0.7256527165354331
0
LINE
8
BLACK
6
CONTINUOUS
10
2.1096228740157481
20
0.7256527165354331
11
2.1070683858267718
21
0.7239458267716535
0
LINE
8
BLACK
6
CONTINUOUS
10
2.1070683858267718
20
0.7239458267716535
11
2.104055118110236
21
0.7233464566929134
0
LINE
8
BLACK
6
CONTINUOUS
10
2.104055118110236
20
0.7233464566929134
11
2.079589842519685
21
0.7233464566929134
0
LINE
8
BLACK
6
CONTINUOUS
10
2.079589842519685
20
0.7233464566929134
11
2.08009531496063
21
0.7230087007874015
0
LINE
8
BLACK
6
CONTINUOUS
10
2.08009531496063
20
0.7230087007874015
11
2.0818022047244096
21
0.7204542125984251
0
LINE
8
BLACK
6
CONTINUOUS
10
2.0818022047244096
20
0.7204542125984251
11
2.0824015748031495
21
0.7174409448818897
0
LINE
8
BLACK
6
CONTINUOUS
10
2.0824015748031495
20
0.7174409448818897
11
2.0824015748031495
21
0.6662598425196851
0
LINE
8
BLACK
6
CONTINUOUS
10
2.0824015748031495
20
0.6662598425196851
11
2.0818022047244096
21
0.6632465748031496
0
LINE
8
BLACK
6
CONTINUOUS
10
2.0818022047244096
20
0.6632465748031496
11
2.08009531496063
21
0.6606920866141732
0
LINE
8
BLACK
6
CONTINUOUS
10
2.08009531496063
20
0.6606920866141732
11
2.0775408267716533
21
0.6589851968503937
0
LINE
8
BLACK
6
CONTINUOUS
10
2.0775408267716533
20
0.6589851968503937
11
2.074527559055118
21
0.6583858267716536
0
LINE
8
BLACK
6
CONTINUOUS
10
2.074527559055118
20
0.6583858267716536
11
2.0154724409448819
21
0.6583858267716536
0
LINE
8
BLACK
6
CONTINUOUS
10
2.0154724409448819
20
0.6583858267716536
11
2.0124591732283466
21
0.6589851968503937
0
LINE
8
BLACK
6
CONTINUOUS
10
2.0124591732283466
20
0.6589851968503937
11
2.0099046850393703
21
0.6606920866141732
0
LINE
8
BLACK
6
CONTINUOUS
10
2.0099046850393703
20
0.6606920866141732
11
2.0081977952755907
21
0.6632465748031496
0
LINE
8
BLACK
6
CONTINUOUS
10
2.0081977952755907
20
0.6632465748031496
11
2.0075984251968504
21
0.6662598425196851
0
LINE
8
BLACK
6
CONTINUOUS
10
2.0075984251968504
20
0.6662598425196851
11
2.0075984251968504
21
0.7174409448818897
0
LINE
8
BLACK
6
CONTINUOUS
10
2.0075984251968504
20
0.7174409448818897
11
2.0081977952755907
21
0.7204542125984251
0
LINE
8
BLACK
6
CONTINUOUS
10
2.0081977952755907
20
0.7204542125984251
11
2.0099046850393703
21
0.7230087007874015
0
LINE
8
BLACK
6
CONTINUOUS
10
2.0099046850393703
20
0.7230087007874015
11
2.0104101574803148
21
0.7233464566929134
0
LINE
8
BLACK
6
CONTINUOUS
10
2.0104101574803148
20
0.7233464566929134
11
1.9859448818897638
21
0.7233464566929134
0
LINE
8
BLACK
6
CONTINUOUS
10
1.9859448818897638
20
0.7233464566929134
11
1.9829316141732283
21
0.7239458267716535
0
LINE
8
BLACK
6
CONTINUOUS
10
1.9829316141732283
20
0.7239458267716535
11
1.980377125984252
21
0.7256527165354331
0
LINE
8
BLACK
6
CONTINUOUS
10
1.980377125984252
20
0.7256527165354331
11
1.9786702362204724
21
0.7282072047244095
0
LINE
8
BLACK
6
CONTINUOUS
10
1.9786702362204724
20
0.7282072047244095
11
1.9780708661417323
21
0.7312204724409449
0
LINE
8
BLACK
6
CONTINUOUS
10
1.9780708661417323
20
0.7312204724409449
11
1.9780708661417323
21
0.7587795275590551
0
LINE
8
BLACK
6
CONTINUOUS
10
1.9780708661417323
20
0.7587795275590551
11
1.9786702362204724
21
0.7617927952755905
0
LINE
8
BLACK
6
CONTINUOUS
10
1.9786702362204724
20
0.7617927952755905
11
1.980377125984252
21
0.7643472834645669
0
LINE
8
BLACK
6
CONTINUOUS
10
1.980377125984252
20
0.7643472834645669
11
1.9829316141732283
21
0.7660541732283465
0
LINE
8
BLACK
6
CONTINUOUS
10
1.9829316141732283
20
0.7660541732283465
11
1.9859448818897638
21
0.7666535433070866
0
LINE
8
BLACK
6
CONTINUOUS
10
1.9859448818897638
20
0.7666535433070866
11
2.0104101574803148
21
0.7666535433070866
0
LINE
8
BLACK
6
CONTINUOUS
10
2.0104101574803148
20
0.7666535433070866
11
2.0099046850393703
21
0.7669912992125985
0
LINE
8
BLACK
6
CONTINUOUS
10
2.0099046850393703
20
0.7669912992125985
11
2.0081977952755907
21
0.7695457874015748
0
LINE
8
BLACK
6
CONTINUOUS
10
2.0081977952755907
20
0.7695457874015748
11
2.0075984251968504
21
0.7725590551181102
0
LINE
8
BLACK
6
CONTINUOUS
10
2.0075984251968504
20
0.7725590551181102
11
2.0075984251968504
21
0.8237401574803149
0
LINE
8
BLACK
6
CONTINUOUS
10
2.0075984251968504
20
0.8237401574803149
11
2.0081977952755907
21
0.8267534251968504
0
LINE
8
BLACK
6
CONTINUOUS
10
2.0081977952755907
20
0.8267534251968504
11
2.0099046850393703
21
0.8293079133858268
0
LINE
8
BLACK
6
CONTINUOUS
10
2.0099046850393703
20
0.8293079133858268
11
2.0124591732283466
21
0.8310148031496063
0
LINE
8
BLACK
6
CONTINUOUS
10
2.0124591732283466
20
0.8310148031496063
11
2.0154724409448819
21
0.8316141732283464
0
LINE
8
BLACK
6
CONTINUOUS
10
2.0154724409448819
20
0.8316141732283464
11
2.074527559055118
21
0.8316141732283464
0
LINE
8
BLACK
6
CONTINUOUS
10
2.074527559055118
20
0.8316141732283464
11
2.0775408267716533
21
0.8310148031496063
0
LINE
8
BLACK
6
CONTINUOUS
10
3.1355132677165352
20
0.7097746456692913
11
3.1380677559055119
21
0.7080677559055117
0
LINE
8
BLACK
6
CONTINUOUS
10
3.1380677559055119
20
0.7080677559055117
11
3.1397746456692914
21
0.7055132677165354
0
LINE
8
BLACK
6
CONTINUOUS
10
3.1397746456692914
20
0.7055132677165354
11
3.1403740157480313
21
0.7025
0
LINE
8
BLACK
6
CONTINUOUS
10
3.1403740157480313
20
0.7025
11
3.1403740157480313
21
0.6675
0
LINE
8
BLACK
6
CONTINUOUS
10
3.1403740157480313
20
0.6675
11
3.1397746456692914
21
0.6644867322834646
0
LINE
8
BLACK
6
CONTINUOUS
10
3.1397746456692914
20
0.6644867322834646
11
3.1380677559055119
21
0.6619322440944881
0
LINE
8
BLACK
6
CONTINUOUS
10
3.1380677559055119
20
0.6619322440944881
11
3.1355132677165352
21
0.6602253543307086
0
LINE
8
BLACK
6
CONTINUOUS
10
3.1355132677165352
20
0.6602253543307086
11
3.1324999999999998
21
0.6596259842519685
0
LINE
8
BLACK
6
CONTINUOUS
10
3.1324999999999998
20
0.6596259842519685
11
3.0775000000000001
21
0.6596259842519685
0
LINE
8
BLACK
6
CONTINUOUS
10
3.0775000000000001
20
0.6596259842519685
11
3.0744867322834644
21
0.6602253543307086
0
LINE
8
BLACK
6
CONTINUOUS
10
3.0744867322834644
20
0.6602253543307086
11
3.0719322440944881
21
0.6619322440944881
0
LINE
8
BLACK
6
CONTINUOUS
10
3.0719322440944881
20
0.6619322440944881
11
3.0702253543307085
21
0.6644867322834646
0
LINE
8
BLACK
6
CONTINUOUS
10
3.0702253543307085
20
0.6644867322834646
11
3.0696259842519686
21
0.6675
0
LINE
8
BLACK
6
CONTINUOUS
10
3.0696259842519686
20
0.6675
11
3.0696259842519686
21
0.7025
0
LINE
8
BLACK
6
CONTINUOUS
10
3.0696259842519686
20
0.7025
11
3.0702253543307085
21
0.7055132677165354
0
LINE
8
BLACK
6
CONTINUOUS
10
3.0702253543307085
20
0.7055132677165354
11
3.0719322440944881
21
0.7080677559055117
0
LINE
8
BLACK
6
CONTINUOUS
10
3.0719322440944881
20
0.7080677559055117
11
3.0744867322834644
21
0.7097746456692913
0
LINE
8
BLACK
6
CONTINUOUS
10
3.0744867322834644
20
0.7097746456692913
11
3.0775000000000001
21
0.7103740157480315
0
LINE
8
BLACK
6
CONTINUOUS
10
3.0775000000000001
20
0.7103740157480315
11
3.1324999999999998
21
0.7103740157480315
0
LINE
8
BLACK
6
CONTINUOUS
10
3.1324999999999998
20
0.7103740157480315
11
3.1355132677165352
21
0.7097746456692913
0
LINE
8
BLACK
6
CONTINUOUS
10
3.3405132677165352
20
0.7297746456692913
11
3.3430677559055115
21
0.7280677559055118
0
LINE
8
BLACK
6
CONTINUOUS
10
3.3430677559055115
20
0.7280677559055118
11
3.3447746456692911
21
0.7255132677165355
0
LINE
8
BLACK
6
CONTINUOUS
10
3.3447746456692911
20
0.7255132677165355
11
3.3453740157480314
21
0.7225
0
LINE
8
BLACK
6
CONTINUOUS
10
3.3453740157480314
20
0.7225
11
3.3453740157480314
21
0.6675
0
LINE
8
BLACK
6
CONTINUOUS
10
3.3453740157480314
20
0.6675
11
3.3447746456692911
21
0.6644867322834646
0
LINE
8
BLACK
6
CONTINUOUS
10
3.3447746456692911
20
0.6644867322834646
11
3.3430677559055115
21
0.6619322440944881
0
LINE
8
BLACK
6
CONTINUOUS
10
3.3430677559055115
20
0.6619322440944881
11
3.3405132677165352
21
0.6602253543307086
0
LINE
8
BLACK
6
CONTINUOUS
10
3.3405132677165352
20
0.6602253543307086
11
3.3374999999999999
21
0.6596259842519685
0
LINE
8
BLACK
6
CONTINUOUS
10
3.3374999999999999
20
0.6596259842519685
11
3.3024999999999998
21
0.6596259842519685
0
LINE
8
BLACK
6
CONTINUOUS
10
3.3024999999999998
20
0.6596259842519685
11
3.2994867322834645
21
0.6602253543307086
0
LINE
8
BLACK
6
CONTINUOUS
10
3.2994867322834645
20
0.6602253543307086
11
3.2969322440944882
21
0.6619322440944881
0
LINE
8
BLACK
6
CONTINUOUS
10
3.2969322440944882
20
0.6619322440944881
11
3.2952253543307086
21
0.6644867322834646
0
LINE
8
BLACK
6
CONTINUOUS
10
3.2952253543307086
20
0.6644867322834646
11
3.2946259842519683
21
0.6675
0
LINE
8
BLACK
6
CONTINUOUS
10
3.2946259842519683
20
0.6675
11
3.2946259842519683
21
0.7225
0
LINE
8
BLACK
6
CONTINUOUS
10
3.2946259842519683
20
0.7225
11
3.2952253543307086
21
0.7255132677165355
0
LINE
8
BLACK
6
CONTINUOUS
10
3.2952253543307086
20
0.7255132677165355
11
3.2969322440944882
21
0.7280677559055118
0
LINE
8
BLACK
6
CONTINUOUS
10
3.2969322440944882
20
0.7280677559055118
11
3.2994867322834645
21
0.7297746456692913
0
LINE
8
BLACK
6
CONTINUOUS
10
3.2994867322834645
20
0.7297746456692913
11
3.3024999999999998
21
0.7303740157480315
0
LINE
8
BLACK
6
CONTINUOUS
10
3.3024999999999998
20
0.7303740157480315
11
3.3374999999999999
21
0.7303740157480315
0
LINE
8
BLACK
6
CONTINUOUS
10
3.3374999999999999
20
0.7303740157480315
11
3.3405132677165352
21
0.7297746456692913
0
LINE
8
BLACK
6
CONTINUOUS
10
3.4155132677165354
20
0.7297746456692913
11
3.4180677559055117
21
0.7280677559055118
0
LINE
8
BLACK
6
CONTINUOUS
10
3.4180677559055117
20
0.7280677559055118
11
3.4197746456692912
21
0.7255132677165355
0
LINE
8
BLACK
6
CONTINUOUS
10
3.4197746456692912
20
0.7255132677165355
11
3.4203740157480316
21
0.7225
0
LINE
8
BLACK
6
CONTINUOUS
10
3.4203740157480316
20
0.7225
11
3.4203740157480316
21
0.6675
0
LINE
8
BLACK
6
CONTINUOUS
10
3.4203740157480316
20
0.6675
11
3.4197746456692912
21
0.6644867322834646
0
LINE
8
BLACK
6
CONTINUOUS
10
3.4197746456692912
20
0.6644867322834646
11
3.4180677559055117
21
0.6619322440944881
0
LINE
8
BLACK
6
CONTINUOUS
10
3.4180677559055117
20
0.6619322440944881
11
3.4155132677165354
21
0.6602253543307086
0
LINE
8
BLACK
6
CONTINUOUS
10
3.4155132677165354
20
0.6602253543307086
11
3.4125000000000001
21
0.6596259842519685
0
LINE
8
BLACK
6
CONTINUOUS
10
3.4125000000000001
20
0.6596259842519685
11
3.3774999999999999
21
0.6596259842519685
0
LINE
8
BLACK
6
CONTINUOUS
10
3.3774999999999999
20
0.6596259842519685
11
3.3744867322834646
21
0.6602253543307086
0
LINE
8
BLACK
6
CONTINUOUS
10
3.3744867322834646
20
0.6602253543307086
11
3.3719322440944883
21
0.6619322440944881
0
LINE
8
BLACK
6
CONTINUOUS
10
3.3719322440944883
20
0.6619322440944881
11
3.3702253543307088
21
0.6644867322834646
0
LINE
8
BLACK
6
CONTINUOUS
10
3.3702253543307088
20
0.6644867322834646
11
3.3696259842519685
21
0.6675
0
LINE
8
BLACK
6
CONTINUOUS
10
3.3696259842519685
20
0.6675
11
3.3696259842519685
21
0.7225
0
LINE
8
BLACK
6
CONTINUOUS
10
3.3696259842519685
20
0.7225
11
3.3702253543307088
21
0.7255132677165355
0
LINE
8
BLACK
6
CONTINUOUS
10
3.3702253543307088
20
0.7255132677165355
11
3.3719322440944883
21
0.7280677559055118
0
LINE
8
BLACK
6
CONTINUOUS
10
3.3719322440944883
20
0.7280677559055118
11
3.3744867322834646
21
0.7297746456692913
0
LINE
8
BLACK
6
CONTINUOUS
10
3.3744867322834646
20
0.7297746456692913
11
3.3774999999999999
21
0.7303740157480315
0
LINE
8
BLACK
6
CONTINUOUS
10
3.3774999999999999
20
0.7303740157480315
11
3.4125000000000001
21
0.7303740157480315
0
LINE
8
BLACK
6
CONTINUOUS
10
3.4125000000000001
20
0.7303740157480315
11
3.4155132677165354
21
0.7297746456692913
0
LINE
8
BLACK
6
CONTINUOUS
10
1.6118124803149605
20
0.7270384251968504
11
1.614366968503937
21
0.7253315354330708
0
LINE
8
BLACK
6
CONTINUOUS
10
1.614366968503937
20
0.7253315354330708
11
1.6160738582677165
21
0.7227770472440944
0
LINE
8
BLACK
6
CONTINUOUS
10
1.6160738582677165
20
0.7227770472440944
11
1.6166732283464567
21
0.719763779527559
0
LINE
8
BLACK
6
CONTINUOUS
10
1.6166732283464567
20
0.719763779527559
11
1.6166732283464567
21
0.6847637795275591
0
LINE
8
BLACK
6
CONTINUOUS
10
1.6166732283464567
20
0.6847637795275591
11
1.6160738582677165
21
0.6817505118110236
0
LINE
8
BLACK
6
CONTINUOUS
10
1.6160738582677165
20
0.6817505118110236
11
1.614366968503937
21
0.6791960236220472
0
LINE
8
BLACK
6
CONTINUOUS
10
1.614366968503937
20
0.6791960236220472
11
1.6118124803149605
21
0.6774891338582677
0
LINE
8
BLACK
6
CONTINUOUS
10
1.6118124803149605
20
0.6774891338582677
11
1.6087992125984252
21
0.6768897637795276
0
LINE
8
BLACK
6
CONTINUOUS
10
1.6087992125984252
20
0.6768897637795276
11
1.5537992125984252
21
0.6768897637795276
0
LINE
8
BLACK
6
CONTINUOUS
10
1.5537992125984252
20
0.6768897637795276
11
1.5507859448818897
21
0.6774891338582677
0
LINE
8
BLACK
6
CONTINUOUS
10
1.5507859448818897
20
0.6774891338582677
11
1.5482314566929134
21
0.6791960236220472
0
LINE
8
BLACK
6
CONTINUOUS
10
1.5482314566929134
20
0.6791960236220472
11
1.5465245669291339
21
0.6817505118110236
0
LINE
8
BLACK
6
CONTINUOUS
10
1.5465245669291339
20
0.6817505118110236
11
1.5459251968503938
21
0.6847637795275591
0
LINE
8
BLACK
6
CONTINUOUS
10
1.5459251968503938
20
0.6847637795275591
11
1.5459251968503938
21
0.719763779527559
0
LINE
8
BLACK
6
CONTINUOUS
10
1.5459251968503938
20
0.719763779527559
11
1.5465245669291339
21
0.7227770472440944
0
LINE
8
BLACK
6
CONTINUOUS
10
1.5465245669291339
20
0.7227770472440944
11
1.5482314566929134
21
0.7253315354330708
0
LINE
8
BLACK
6
CONTINUOUS
10
1.5482314566929134
20
0.7253315354330708
11
1.5507859448818897
21
0.7270384251968504
0
LINE
8
BLACK
6
CONTINUOUS
10
1.5507859448818897
20
0.7270384251968504
11
1.5537992125984252
21
0.7276377952755906
0
LINE
8
BLACK
6
CONTINUOUS
10
1.5537992125984252
20
0.7276377952755906
11
1.6087992125984252
21
0.7276377952755906
0
LINE
8
BLACK
6
CONTINUOUS
10
1.6087992125984252
20
0.7276377952755906
11
1.6118124803149605
21
0.7270384251968504
0
LINE
8
BLACK
6
CONTINUOUS
10
1.7118124803149606
20
0.7270384251968504
11
1.7143669685039369
21
0.7253315354330708
0
LINE
8
BLACK
6
CONTINUOUS
10
1.7143669685039369
20
0.7253315354330708
11
1.7160738582677164
21
0.7227770472440944
0
LINE
8
BLACK
6
CONTINUOUS
10
1.7160738582677164
20
0.7227770472440944
11
1.7166732283464567
21
0.719763779527559
0
LINE
8
BLACK
6
CONTINUOUS
10
1.7166732283464567
20
0.719763779527559
11
1.7166732283464567
21
0.6847637795275591
0
LINE
8
BLACK
6
CONTINUOUS
10
1.7166732283464567
20
0.6847637795275591
11
1.7160738582677164
21
0.6817505118110236
0
LINE
8
BLACK
6
CONTINUOUS
10
1.7160738582677164
20
0.6817505118110236
11
1.7143669685039369
21
0.6791960236220472
0
LINE
8
BLACK
6
CONTINUOUS
10
1.7143669685039369
20
0.6791960236220472
11
1.7118124803149606
21
0.6774891338582677
0
LINE
8
BLACK
6
CONTINUOUS
10
1.7118124803149606
20
0.6774891338582677
11
1.7087992125984253
21
0.6768897637795276
0
LINE
8
BLACK
6
CONTINUOUS
10
1.7087992125984253
20
0.6768897637795276
11
1.6537992125984251
21
0.6768897637795276
0
LINE
8
BLACK
6
CONTINUOUS
10
1.6537992125984251
20
0.6768897637795276
11
1.6507859448818898
21
0.6774891338582677
0
LINE
8
BLACK
6
CONTINUOUS
10
1.6507859448818898
20
0.6774891338582677
11
1.6482314566929133
21
0.6791960236220472
0
LINE
8
BLACK
6
CONTINUOUS
10
1.6482314566929133
20
0.6791960236220472
11
1.6465245669291337
21
0.6817505118110236
0
LINE
8
BLACK
6
CONTINUOUS
10
1.6465245669291337
20
0.6817505118110236
11
1.6459251968503936
21
0.6847637795275591
0
LINE
8
BLACK
6
CONTINUOUS
10
1.6459251968503936
20
0.6847637795275591
11
1.6459251968503936
21
0.719763779527559
0
LINE
8
BLACK
6
CONTINUOUS
10
1.6459251968503936
20
0.719763779527559
11
1.6465245669291337
21
0.7227770472440944
0
LINE
8
BLACK
6
CONTINUOUS
10
1.6465245669291337
20
0.7227770472440944
11
1.6482314566929133
21
0.7253315354330708
0
LINE
8
BLACK
6
CONTINUOUS
10
1.6482314566929133
20
0.7253315354330708
11
1.6507859448818898
21
0.7270384251968504
0
LINE
8
BLACK
6
CONTINUOUS
10
1.6507859448818898
20
0.7270384251968504
11
1.6537992125984251
21
0.7276377952755906
0
LINE
8
BLACK
6
CONTINUOUS
10
1.6537992125984251
20
0.7276377952755906
11
1.7087992125984253
21
0.7276377952755906
0
LINE
8
BLACK
6
CONTINUOUS
10
1.7087992125984253
20
0.7276377952755906
11
1.7118124803149606
21
0.7270384251968504
0
LINE
8
BLACK
6
CONTINUOUS
10
1.9555132677165354
20
0.7272746456692913
11
1.9580677559055117
21
0.7255677559055118
0
LINE
8
BLACK
6
CONTINUOUS
10
1.9580677559055117
20
0.7255677559055118
11
1.9597746456692913
21
0.7230132677165354
0
LINE
8
BLACK
6
CONTINUOUS
10
1.9597746456692913
20
0.7230132677165354
11
1.9603740157480314
21
0.72
0
LINE
8
BLACK
6
CONTINUOUS
10
1.9603740157480314
20
0.72
11
1.9603740157480314
21
0.6849999999999999
0
LINE
8
BLACK
6
CONTINUOUS
10
1.9603740157480314
20
0.6849999999999999
11
1.9597746456692913
21
0.6819867322834645
0
LINE
8
BLACK
6
CONTINUOUS
10
1.9597746456692913
20
0.6819867322834645
11
1.9580677559055117
21
0.6794322440944882
0
LINE
8
BLACK
6
CONTINUOUS
10
1.9580677559055117
20
0.6794322440944882
11
1.9555132677165354
21
0.6777253543307087
0
LINE
8
BLACK
6
CONTINUOUS
10
1.9555132677165354
20
0.6777253543307087
11
1.9524999999999999
21
0.6771259842519685
0
LINE
8
BLACK
6
CONTINUOUS
10
1.9524999999999999
20
0.6771259842519685
11
1.8975
21
0.6771259842519685
0
LINE
8
BLACK
6
CONTINUOUS
10
1.8975
20
0.6771259842519685
11
1.8944867322834644
21
0.6777253543307087
0
LINE
8
BLACK
6
CONTINUOUS
10
1.8944867322834644
20
0.6777253543307087
11
1.8919322440944881
21
0.6794322440944882
0
LINE
8
BLACK
6
CONTINUOUS
10
1.8919322440944881
20
0.6794322440944882
11
1.8902253543307086
21
0.6819867322834645
0
LINE
8
BLACK
6
CONTINUOUS
10
1.8902253543307086
20
0.6819867322834645
11
1.8896259842519685
21
0.6849999999999999
0
LINE
8
BLACK
6
CONTINUOUS
10
1.8896259842519685
20
0.6849999999999999
11
1.8896259842519685
21
0.72
0
LINE
8
BLACK
6
CONTINUOUS
10
1.8896259842519685
20
0.72
11
1.8902253543307086
21
0.7230132677165354
0
LINE
8
BLACK
6
CONTINUOUS
10
1.8902253543307086
20
0.7230132677165354
11
1.8919322440944881
21
0.7255677559055118
0
LINE
8
BLACK
6
CONTINUOUS
10
1.8919322440944881
20
0.7255677559055118
11
1.8944867322834644
21
0.7272746456692913
0
LINE
8
BLACK
6
CONTINUOUS
10
1.8944867322834644
20
0.7272746456692913
11
1.8975
21
0.7278740157480315
0
LINE
8
BLACK
6
CONTINUOUS
10
1.8975
20
0.7278740157480315
11
1.9524999999999999
21
0.7278740157480315
0
LINE
8
BLACK
6
CONTINUOUS
10
1.9524999999999999
20
0.7278740157480315
11
1.9555132677165354
21
0.7272746456692913
0
LINE
8
BLACK
6
CONTINUOUS
10
2.1955132677165352
20
0.7297746456692913
11
2.198067755905512
21
0.7280677559055118
0
LINE
8
BLACK
6
CONTINUOUS
10
2.198067755905512
20
0.7280677559055118
11
2.1997746456692915
21
0.7255132677165355
0
LINE
8
BLACK
6
CONTINUOUS
10
2.1997746456692915
20
0.7255132677165355
11
2.2003740157480314
21
0.7225
0
LINE
8
BLACK
6
CONTINUOUS
10
2.2003740157480314
20
0.7225
11
2.2003740157480314
21
0.6875
0
LINE
8
BLACK
6
CONTINUOUS
10
2.2003740157480314
20
0.6875
11
2.1997746456692915
21
0.6844867322834646
0
LINE
8
BLACK
6
CONTINUOUS
10
2.1997746456692915
20
0.6844867322834646
11
2.198067755905512
21
0.6819322440944882
0
LINE
8
BLACK
6
CONTINUOUS
10
2.198067755905512
20
0.6819322440944882
11
2.1955132677165352
21
0.6802253543307086
0
LINE
8
BLACK
6
CONTINUOUS
10
2.1955132677165352
20
0.6802253543307086
11
2.1924999999999999
21
0.6796259842519685
0
LINE
8
BLACK
6
CONTINUOUS
10
2.1924999999999999
20
0.6796259842519685
11
2.1374999999999997
21
0.6796259842519685
0
LINE
8
BLACK
6
CONTINUOUS
10
2.1374999999999997
20
0.6796259842519685
11
2.1344867322834644
21
0.6802253543307086
0
LINE
8
BLACK
6
CONTINUOUS
10
2.1344867322834644
20
0.6802253543307086
11
2.1319322440944881
21
0.6819322440944882
0
LINE
8
BLACK
6
CONTINUOUS
10
2.1319322440944881
20
0.6819322440944882
11
2.1302253543307086
21
0.6844867322834646
0
LINE
8
BLACK
6
CONTINUOUS
10
2.1302253543307086
20
0.6844867322834646
11
2.1296259842519683
21
0.6875
0
LINE
8
BLACK
6
CONTINUOUS
10
2.1296259842519683
20
0.6875
11
2.1296259842519683
21
0.7225
0
LINE
8
BLACK
6
CONTINUOUS
10
2.1296259842519683
20
0.7225
11
2.1302253543307086
21
0.7255132677165355
0
LINE
8
BLACK
6
CONTINUOUS
10
2.1302253543307086
20
0.7255132677165355
11
2.1319322440944881
21
0.7280677559055118
0
LINE
8
BLACK
6
CONTINUOUS
10
2.1319322440944881
20
0.7280677559055118
11
2.1344867322834644
21
0.7297746456692913
0
LINE
8
BLACK
6
CONTINUOUS
10
2.1344867322834644
20
0.7297746456692913
11
2.1374999999999997
21
0.7303740157480315
0
LINE
8
BLACK
6
CONTINUOUS
10
2.1374999999999997
20
0.7303740157480315
11
2.1924999999999999
21
0.7303740157480315
0
LINE
8
BLACK
6
CONTINUOUS
10
2.1924999999999999
20
0.7303740157480315
11
2.1955132677165352
21
0.7297746456692913
0
LINE
8
BLACK
6
CONTINUOUS
10
2.2805132677165352
20
0.7297746456692913
11
2.2830677559055119
21
0.7280677559055118
0
LINE
8
BLACK
6
CONTINUOUS
10
2.2830677559055119
20
0.7280677559055118
11
2.2847746456692914
21
0.7255132677165355
0
LINE
8
BLACK
6
CONTINUOUS
10
2.2847746456692914
20
0.7255132677165355
11
2.2853740157480313
21
0.7225
0
LINE
8
BLACK
6
CONTINUOUS
10
2.2853740157480313
20
0.7225
11
2.2853740157480313
21
0.6875
0
LINE
8
BLACK
6
CONTINUOUS
10
2.2853740157480313
20
0.6875
11
2.2847746456692914
21
0.6844867322834646
0
LINE
8
BLACK
6
CONTINUOUS
10
2.2847746456692914
20
0.6844867322834646
11
2.2830677559055119
21
0.6819322440944882
0
LINE
8
BLACK
6
CONTINUOUS
10
2.2830677559055119
20
0.6819322440944882
11
2.2805132677165352
21
0.6802253543307086
0
LINE
8
BLACK
6
CONTINUOUS
10
2.2805132677165352
20
0.6802253543307086
11
2.2774999999999999
21
0.6796259842519685
0
LINE
8
BLACK
6
CONTINUOUS
10
2.2774999999999999
20
0.6796259842519685
11
2.2225000000000001
21
0.6796259842519685
0
LINE
8
BLACK
6
CONTINUOUS
10
2.2225000000000001
20
0.6796259842519685
11
2.2194867322834644
21
0.6802253543307086
0
LINE
8
BLACK
6
CONTINUOUS
10
2.2194867322834644
20
0.6802253543307086
11
2.2169322440944881
21
0.6819322440944882
0
LINE
8
BLACK
6
CONTINUOUS
10
2.2169322440944881
20
0.6819322440944882
11
2.2152253543307086
21
0.6844867322834646
0
LINE
8
BLACK
6
CONTINUOUS
10
2.2152253543307086
20
0.6844867322834646
11
2.2146259842519687
21
0.6875
0
LINE
8
BLACK
6
CONTINUOUS
10
2.2146259842519687
20
0.6875
11
2.2146259842519687
21
0.7225
0
LINE
8
BLACK
6
CONTINUOUS
10
2.2146259842519687
20
0.7225
11
2.2152253543307086
21
0.7255132677165355
0
LINE
8
BLACK
6
CONTINUOUS
10
2.2152253543307086
20
0.7255132677165355
11
2.2169322440944881
21
0.7280677559055118
0
LINE
8
BLACK
6
CONTINUOUS
10
2.2169322440944881
20
0.7280677559055118
11
2.2194867322834644
21
0.7297746456692913
0
LINE
8
BLACK
6
CONTINUOUS
10
2.2194867322834644
20
0.7297746456692913
11
2.2225000000000001
21
0.7303740157480315
0
LINE
8
BLACK
6
CONTINUOUS
10
2.2225000000000001
20
0.7303740157480315
11
2.2774999999999999
21
0.7303740157480315
0
LINE
8
BLACK
6
CONTINUOUS
10
2.2774999999999999
20
0.7303740157480315
11
2.2805132677165352
21
0.7297746456692913
0
LINE
8
BLACK
6
CONTINUOUS
10
2.5405132677165354
20
0.7372746456692914
11
2.5430677559055117
21
0.7355677559055118
0
LINE
8
BLACK
6
CONTINUOUS
10
2.5430677559055117
20
0.7355677559055118
11
2.5447746456692912
21
0.7330132677165354
0
LINE
8
BLACK
6
CONTINUOUS
10
2.5447746456692912
20
0.7330132677165354
11
2.5453740157480316
21
0.73
0
LINE
8
BLACK
6
CONTINUOUS
10
2.5453740157480316
20
0.73
11
2.5453740157480316
21
0.695
0
LINE
8
BLACK
6
CONTINUOUS
10
2.5453740157480316
20
0.695
11
2.5447746456692912
21
0.6919867322834645
0
LINE
8
BLACK
6
CONTINUOUS
10
2.5447746456692912
20
0.6919867322834645
11
2.5430677559055117
21
0.6894322440944882
0
LINE
8
BLACK
6
CONTINUOUS
10
2.5430677559055117
20
0.6894322440944882
11
2.5405132677165354
21
0.6877253543307087
0
LINE
8
BLACK
6
CONTINUOUS
10
2.5405132677165354
20
0.6877253543307087
11
2.5375000000000001
21
0.6871259842519685
0
LINE
8
BLACK
6
CONTINUOUS
10
2.5375000000000001
20
0.6871259842519685
11
2.4824999999999999
21
0.6871259842519685
0
LINE
8
BLACK
6
CONTINUOUS
10
2.4824999999999999
20
0.6871259842519685
11
2.4794867322834646
21
0.6877253543307087
0
LINE
8
BLACK
6
CONTINUOUS
10
2.4794867322834646
20
0.6877253543307087
11
2.4769322440944883
21
0.6894322440944882
0
LINE
8
BLACK
6
CONTINUOUS
10
2.4769322440944883
20
0.6894322440944882
11
2.4752253543307088
21
0.6919867322834645
0
LINE
8
BLACK
6
CONTINUOUS
10
2.4752253543307088
20
0.6919867322834645
11
2.4746259842519684
21
0.695
0
LINE
8
BLACK
6
CONTINUOUS
10
2.4746259842519684
20
0.695
11
2.4746259842519684
21
0.73
0
LINE
8
BLACK
6
CONTINUOUS
10
2.4746259842519684
20
0.73
11
2.4752253543307088
21
0.7330132677165354
0
LINE
8
BLACK
6
CONTINUOUS
10
2.4752253543307088
20
0.7330132677165354
11
2.4769322440944883
21
0.7355677559055118
0
LINE
8
BLACK
6
CONTINUOUS
10
2.4769322440944883
20
0.7355677559055118
11
2.4794867322834646
21
0.7372746456692914
0
LINE
8
BLACK
6
CONTINUOUS
10
2.4794867322834646
20
0.7372746456692914
11
2.4824999999999999
21
0.7378740157480315
0
LINE
8
BLACK
6
CONTINUOUS
10
2.4824999999999999
20
0.7378740157480315
11
2.5375000000000001
21
0.7378740157480315
0
LINE
8
BLACK
6
CONTINUOUS
10
2.5375000000000001
20
0.7378740157480315
11
2.5405132677165354
21
0.7372746456692914
0
LINE
8
BLACK
6
CONTINUOUS
10
2.8655132677165356
20
0.7372746456692914
11
2.8680677559055119
21
0.7355677559055118
0
LINE
8
BLACK
6
CONTINUOUS
10
2.8680677559055119
20
0.7355677559055118
11
2.8697746456692914
21
0.7330132677165354
0
LINE
8
BLACK
6
CONTINUOUS
10
2.8697746456692914
20
0.7330132677165354
11
2.8703740157480313
21
0.73
0
LINE
8
BLACK
6
CONTINUOUS
10
2.8703740157480313
20
0.73
11
2.8703740157480313
21
0.695
0
LINE
8
BLACK
6
CONTINUOUS
10
2.8703740157480313
20
0.695
11
2.8697746456692914
21
0.6919867322834645
0
LINE
8
BLACK
6
CONTINUOUS
10
2.8697746456692914
20
0.6919867322834645
11
2.8680677559055119
21
0.6894322440944882
0
LINE
8
BLACK
6
CONTINUOUS
10
2.8680677559055119
20
0.6894322440944882
11
2.8655132677165356
21
0.6877253543307087
0
LINE
8
BLACK
6
CONTINUOUS
10
2.8655132677165356
20
0.6877253543307087
11
2.8624999999999998
21
0.6871259842519685
0
LINE
8
BLACK
6
CONTINUOUS
10
2.8624999999999998
20
0.6871259842519685
11
2.8075000000000001
21
0.6871259842519685
0
LINE
8
BLACK
6
CONTINUOUS
10
2.8075000000000001
20
0.6871259842519685
11
2.8044867322834643
21
0.6877253543307087
0
LINE
8
BLACK
6
CONTINUOUS
10
2.8044867322834643
20
0.6877253543307087
11
2.801932244094488
21
0.6894322440944882
0
LINE
8
BLACK
6
CONTINUOUS
10
2.801932244094488
20
0.6894322440944882
11
2.8002253543307085
21
0.6919867322834645
0
LINE
8
BLACK
6
CONTINUOUS
10
2.8002253543307085
20
0.6919867322834645
11
2.7996259842519686
21
0.695
0
LINE
8
BLACK
6
CONTINUOUS
10
2.7996259842519686
20
0.695
11
2.7996259842519686
21
0.73
0
LINE
8
BLACK
6
CONTINUOUS
10
2.7996259842519686
20
0.73
11
2.8002253543307085
21
0.7330132677165354
0
LINE
8
BLACK
6
CONTINUOUS
10
2.8002253543307085
20
0.7330132677165354
11
2.801932244094488
21
0.7355677559055118
0
LINE
8
BLACK
6
CONTINUOUS
10
2.801932244094488
20
0.7355677559055118
11
2.8044867322834643
21
0.7372746456692914
0
LINE
8
BLACK
6
CONTINUOUS
10
2.8044867322834643
20
0.7372746456692914
11
2.8075000000000001
21
0.7378740157480315
0
LINE
8
BLACK
6
CONTINUOUS
10
2.8075000000000001
20
0.7378740157480315
11
2.8624999999999998
21
0.7378740157480315
0
LINE
8
BLACK
6
CONTINUOUS
10
2.8624999999999998
20
0.7378740157480315
11
2.8655132677165356
21
0.7372746456692914
0
LINE
8
BLACK
6
CONTINUOUS
10
2.3655723228346455
20
0.7374714960629921
11
2.3681268110236222
21
0.7357646062992126
0
LINE
8
BLACK
6
CONTINUOUS
10
2.3681268110236222
20
0.7357646062992126
11
2.3698337007874017
21
0.7332101181102362
0
LINE
8
BLACK
6
CONTINUOUS
10
2.3698337007874017
20
0.7332101181102362
11
2.3704330708661416
21
0.7301968503937007
0
LINE
8
BLACK
6
CONTINUOUS
10
2.3704330708661416
20
0.7301968503937007
11
2.3704330708661416
21
0.7046062992125984
0
LINE
8
BLACK
6
CONTINUOUS
10
2.3704330708661416
20
0.7046062992125984
11
2.3698337007874017
21
0.701593031496063
0
LINE
8
BLACK
6
CONTINUOUS
10
2.3698337007874017
20
0.701593031496063
11
2.3681268110236222
21
0.6990385433070866
0
LINE
8
BLACK
6
CONTINUOUS
10
2.3681268110236222
20
0.6990385433070866
11
2.3655723228346455
21
0.6973316535433071
0
LINE
8
BLACK
6
CONTINUOUS
10
2.3655723228346455
20
0.6973316535433071
11
2.3625590551181102
21
0.6967322834645669
0
LINE
8
BLACK
6
CONTINUOUS
10
2.3625590551181102
20
0.6967322834645669
11
2.3208267716535431
21
0.6967322834645669
0
LINE
8
BLACK
6
CONTINUOUS
10
2.3208267716535431
20
0.6967322834645669
11
2.3178135039370078
21
0.6973316535433071
0
LINE
8
BLACK
6
CONTINUOUS
10
2.3178135039370078
20
0.6973316535433071
11
2.3152590157480315
21
0.6990385433070866
0
LINE
8
BLACK
6
CONTINUOUS
10
2.3152590157480315
20
0.6990385433070866
11
2.313552125984252
21
0.701593031496063
0
LINE
8
BLACK
6
CONTINUOUS
10
2.313552125984252
20
0.701593031496063
11
2.3129527559055116
21
0.7046062992125984
0
LINE
8
BLACK
6
CONTINUOUS
10
2.3129527559055116
20
0.7046062992125984
11
2.3129527559055116
21
0.7301968503937007
0
LINE
8
BLACK
6
CONTINUOUS
10
2.3129527559055116
20
0.7301968503937007
11
2.313552125984252
21
0.7332101181102362
0
LINE
8
BLACK
6
CONTINUOUS
10
2.313552125984252
20
0.7332101181102362
11
2.3152590157480315
21
0.7357646062992126
0
LINE
8
BLACK
6
CONTINUOUS
10
2.3152590157480315
20
0.7357646062992126
11
2.3178135039370078
21
0.7374714960629921
0
LINE
8
BLACK
6
CONTINUOUS
10
2.3178135039370078
20
0.7374714960629921
11
2.3208267716535431
21
0.7380708661417322
0
LINE
8
BLACK
6
CONTINUOUS
10
2.3208267716535431
20
0.7380708661417322
11
2.3625590551181102
21
0.7380708661417322
0
LINE
8
BLACK
6
CONTINUOUS
10
2.3625590551181102
20
0.7380708661417322
11
2.3655723228346455
21
0.7374714960629921
0
LINE
8
BLACK
6
CONTINUOUS
10
0.4268124803149606
20
0.7570384251968504
11
0.429366968503937
21
0.7553315354330709
0
LINE
8
BLACK
6
CONTINUOUS
10
0.429366968503937
20
0.7553315354330709
11
0.4310738582677165
21
0.7527770472440944
0
LINE
8
BLACK
6
CONTINUOUS
10
0.4310738582677165
20
0.7527770472440944
11
0.4316732283464567
21
0.749763779527559
0
LINE
8
BLACK
6
CONTINUOUS
10
0.4316732283464567
20
0.749763779527559
11
0.4316732283464567
21
0.714763779527559
0
LINE
8
BLACK
6
CONTINUOUS
10
0.4316732283464567
20
0.714763779527559
11
0.4310738582677165
21
0.7117505118110236
0
LINE
8
BLACK
6
CONTINUOUS
10
0.4310738582677165
20
0.7117505118110236
11
0.429366968503937
21
0.7091960236220473
0
LINE
8
BLACK
6
CONTINUOUS
10
0.429366968503937
20
0.7091960236220473
11
0.4268124803149606
21
0.7074891338582677
0
LINE
8
BLACK
6
CONTINUOUS
10
0.4268124803149606
20
0.7074891338582677
11
0.4237992125984252
21
0.7068897637795275
0
LINE
8
BLACK
6
CONTINUOUS
10
0.4237992125984252
20
0.7068897637795275
11
0.3687992125984252
21
0.7068897637795275
0
LINE
8
BLACK
6
CONTINUOUS
10
0.3687992125984252
20
0.7068897637795275
11
0.3657859448818898
21
0.7074891338582677
0
LINE
8
BLACK
6
CONTINUOUS
10
0.3657859448818898
20
0.7074891338582677
11
0.3632314566929134
21
0.7091960236220473
0
LINE
8
BLACK
6
CONTINUOUS
10
0.3632314566929134
20
0.7091960236220473
11
0.3615245669291339
21
0.7117505118110236
0
LINE
8
BLACK
6
CONTINUOUS
10
0.3615245669291339
20
0.7117505118110236
11
0.3609251968503937
21
0.714763779527559
0
LINE
8
BLACK
6
CONTINUOUS
10
0.3609251968503937
20
0.714763779527559
11
0.3609251968503937
21
0.749763779527559
0
LINE
8
BLACK
6
CONTINUOUS
10
0.3609251968503937
20
0.749763779527559
11
0.3615245669291339
21
0.7527770472440944
0
LINE
8
BLACK
6
CONTINUOUS
10
0.3615245669291339
20
0.7527770472440944
11
0.3632314566929134
21
0.7553315354330709
0
LINE
8
BLACK
6
CONTINUOUS
10
0.3632314566929134
20
0.7553315354330709
11
0.3657859448818898
21
0.7570384251968504
0
LINE
8
BLACK
6
CONTINUOUS
10
0.3657859448818898
20
0.7570384251968504
11
0.3687992125984252
21
0.7576377952755905
0
LINE
8
BLACK
6
CONTINUOUS
10
0.3687992125984252
20
0.7576377952755905
11
0.4237992125984252
21
0.7576377952755905
0
LINE
8
BLACK
6
CONTINUOUS
10
0.4237992125984252
20
0.7576377952755905
11
0.4268124803149606
21
0.7570384251968504
0
LINE
8
BLACK
6
CONTINUOUS
10
0.5882888582677165
20
0.7553848818897637
11
0.5908433464566929
21
0.7536779921259842
0
LINE
8
BLACK
6
CONTINUOUS
10
0.5908433464566929
20
0.7536779921259842
11
0.5925502362204724
21
0.7511235039370079
0
LINE
8
BLACK
6
CONTINUOUS
10
0.5925502362204724
20
0.7511235039370079
11
0.5931496062992125
21
0.7481102362204725
0
LINE
8
BLACK
6
CONTINUOUS
10
0.5931496062992125
20
0.7481102362204725
11
0.5931496062992125
21
0.7166141732283464
0
LINE
8
BLACK
6
CONTINUOUS
10
0.5931496062992125
20
0.7166141732283464
11
0.5925502362204724
21
0.713600905511811
0
LINE
8
BLACK
6
CONTINUOUS
10
0.5925502362204724
20
0.713600905511811
11
0.5908433464566929
21
0.7110464173228346
0
LINE
8
BLACK
6
CONTINUOUS
10
0.5908433464566929
20
0.7110464173228346
11
0.5882888582677165
21
0.709339527559055
0
LINE
8
BLACK
6
CONTINUOUS
10
0.5882888582677165
20
0.709339527559055
11
0.5852755905511811
21
0.7087401574803149
0
LINE
8
BLACK
6
CONTINUOUS
10
0.5852755905511811
20
0.7087401574803149
11
0.5498425196850394
21
0.7087401574803149
0
LINE
8
BLACK
6
CONTINUOUS
10
0.5498425196850394
20
0.7087401574803149
11
0.546829251968504
21
0.709339527559055
0
LINE
8
BLACK
6
CONTINUOUS
10
0.546829251968504
20
0.709339527559055
11
0.5442747637795275
21
0.7110464173228346
0
LINE
8
BLACK
6
CONTINUOUS
10
0.5442747637795275
20
0.7110464173228346
11
0.542567874015748
21
0.713600905511811
0
LINE
8
BLACK
6
CONTINUOUS
10
0.542567874015748
20
0.713600905511811
11
0.5419685039370079
21
0.7166141732283464
0
LINE
8
BLACK
6
CONTINUOUS
10
0.5419685039370079
20
0.7166141732283464
11
0.5419685039370079
21
0.7481102362204725
0
LINE
8
BLACK
6
CONTINUOUS
10
0.5419685039370079
20
0.7481102362204725
11
0.542567874015748
21
0.7511235039370079
0
LINE
8
BLACK
6
CONTINUOUS
10
0.542567874015748
20
0.7511235039370079
11
0.5442747637795275
21
0.7536779921259842
0
LINE
8
BLACK
6
CONTINUOUS
10
0.5442747637795275
20
0.7536779921259842
11
0.546829251968504
21
0.7553848818897637
0
LINE
8
BLACK
6
CONTINUOUS
10
0.546829251968504
20
0.7553848818897637
11
0.5498425196850394
21
0.7559842519685039
0
LINE
8
BLACK
6
CONTINUOUS
10
0.5498425196850394
20
0.7559842519685039
11
0.5852755905511811
21
0.7559842519685039
0
LINE
8
BLACK
6
CONTINUOUS
10
0.5852755905511811
20
0.7559842519685039
11
0.5882888582677165
21
0.7553848818897637
0
LINE
8
BLACK
6
CONTINUOUS
10
2.6455132677165354
20
0.7847746456692913
11
2.6480677559055117
21
0.7830677559055118
0
LINE
8
BLACK
6
CONTINUOUS
10
2.6480677559055117
20
0.7830677559055118
11
2.6497746456692912
21
0.7805132677165354
0
LINE
8
BLACK
6
CONTINUOUS
10
2.6497746456692912
20
0.7805132677165354
11
2.6503740157480316
21
0.7775
0
LINE
8
BLACK
6
CONTINUOUS
10
2.6503740157480316
20
0.7775
11
2.6503740157480316
21
0.7225
0
LINE
8
BLACK
6
CONTINUOUS
10
2.6503740157480316
20
0.7225
11
2.6497746456692912
21
0.7194867322834646
0
LINE
8
BLACK
6
CONTINUOUS
10
2.6497746456692912
20
0.7194867322834646
11
2.6480677559055117
21
0.7169322440944882
0
LINE
8
BLACK
6
CONTINUOUS
10
2.6480677559055117
20
0.7169322440944882
11
2.6455132677165354
21
0.7152253543307087
0
LINE
8
BLACK
6
CONTINUOUS
10
2.6455132677165354
20
0.7152253543307087
11
2.6425000000000001
21
0.7146259842519684
0
LINE
8
BLACK
6
CONTINUOUS
10
2.6425000000000001
20
0.7146259842519684
11
2.6074999999999999
21
0.7146259842519684
0
LINE
8
BLACK
6
CONTINUOUS
10
2.6074999999999999
20
0.7146259842519684
11
2.6044867322834646
21
0.7152253543307087
0
LINE
8
BLACK
6
CONTINUOUS
10
2.6044867322834646
20
0.7152253543307087
11
2.6019322440944883
21
0.7169322440944882
0
LINE
8
BLACK
6
CONTINUOUS
10
2.6019322440944883
20
0.7169322440944882
11
2.6002253543307088
21
0.7194867322834646
0
LINE
8
BLACK
6
CONTINUOUS
10
2.6002253543307088
20
0.7194867322834646
11
2.5996259842519684
21
0.7225
0
LINE
8
BLACK
6
CONTINUOUS
10
2.5996259842519684
20
0.7225
11
2.5996259842519684
21
0.7775
0
LINE
8
BLACK
6
CONTINUOUS
10
2.5996259842519684
20
0.7775
11
2.6002253543307088
21
0.7805132677165354
0
LINE
8
BLACK
6
CONTINUOUS
10
2.6002253543307088
20
0.7805132677165354
11
2.6019322440944883
21
0.7830677559055118
0
LINE
8
BLACK
6
CONTINUOUS
10
2.6019322440944883
20
0.7830677559055118
11
2.6044867322834646
21
0.7847746456692913
0
LINE
8
BLACK
6
CONTINUOUS
10
2.6044867322834646
20
0.7847746456692913
11
2.6074999999999999
21
0.7853740157480315
0
LINE
8
BLACK
6
CONTINUOUS
10
2.6074999999999999
20
0.7853740157480315
11
2.6425000000000001
21
0.7853740157480315
0
LINE
8
BLACK
6
CONTINUOUS
10
2.6425000000000001
20
0.7853740157480315
11
2.6455132677165354
21
0.7847746456692913
0
LINE
8
BLACK
6
CONTINUOUS
10
2.7205132677165356
20
0.7847746456692913
11
2.7230677559055119
21
0.7830677559055118
0
LINE
8
BLACK
6
CONTINUOUS
10
2.7230677559055119
20
0.7830677559055118
11
2.7247746456692914
21
0.7805132677165354
0
LINE
8
BLACK
6
CONTINUOUS
10
2.7247746456692914
20
0.7805132677165354
11
2.7253740157480313
21
0.7775
0
LINE
8
BLACK
6
CONTINUOUS
10
2.7253740157480313
20
0.7775
11
2.7253740157480313
21
0.7225
0
LINE
8
BLACK
6
CONTINUOUS
10
2.7253740157480313
20
0.7225
11
2.7247746456692914
21
0.7194867322834646
0
LINE
8
BLACK
6
CONTINUOUS
10
2.7247746456692914
20
0.7194867322834646
11
2.7230677559055119
21
0.7169322440944882
0
LINE
8
BLACK
6
CONTINUOUS
10
2.7230677559055119
20
0.7169322440944882
11
2.7205132677165356
21
0.7152253543307087
0
LINE
8
BLACK
6
CONTINUOUS
10
2.7205132677165356
20
0.7152253543307087
11
2.7174999999999998
21
0.7146259842519684
0
LINE
8
BLACK
6
CONTINUOUS
10
2.7174999999999998
20
0.7146259842519684
11
2.6825000000000001
21
0.7146259842519684
0
LINE
8
BLACK
6
CONTINUOUS
10
2.6825000000000001
20
0.7146259842519684
11
2.6794867322834643
21
0.7152253543307087
0
LINE
8
BLACK
6
CONTINUOUS
10
2.6794867322834643
20
0.7152253543307087
11
2.676932244094488
21
0.7169322440944882
0
LINE
8
BLACK
6
CONTINUOUS
10
2.676932244094488
20
0.7169322440944882
11
2.6752253543307085
21
0.7194867322834646
0
LINE
8
BLACK
6
CONTINUOUS
10
2.6752253543307085
20
0.7194867322834646
11
2.6746259842519686
21
0.7225
0
LINE
8
BLACK
6
CONTINUOUS
10
2.6746259842519686
20
0.7225
11
2.6746259842519686
21
0.7775
0
LINE
8
BLACK
6
CONTINUOUS
10
2.6746259842519686
20
0.7775
11
2.6752253543307085
21
0.7805132677165354
0
LINE
8
BLACK
6
CONTINUOUS
10
2.6752253543307085
20
0.7805132677165354
11
2.676932244094488
21
0.7830677559055118
0
LINE
8
BLACK
6
CONTINUOUS
10
2.676932244094488
20
0.7830677559055118
11
2.6794867322834643
21
0.7847746456692913
0
LINE
8
BLACK
6
CONTINUOUS
10
2.6794867322834643
20
0.7847746456692913
11
2.6825000000000001
21
0.7853740157480315
0
LINE
8
BLACK
6
CONTINUOUS
10
2.6825000000000001
20
0.7853740157480315
11
2.7174999999999998
21
0.7853740157480315
0
LINE
8
BLACK
6
CONTINUOUS
10
2.7174999999999998
20
0.7853740157480315
11
2.7205132677165356
21
0.7847746456692913
0
LINE
8
BLACK
6
CONTINUOUS
10
2.942698307086614
20
0.8127077165354331
11
2.9452527952755907
21
0.8110008267716535
0
LINE
8
BLACK
6
CONTINUOUS
10
2.9452527952755907
20
0.8110008267716535
11
2.9469596850393702
21
0.8084463385826771
0
LINE
8
BLACK
6
CONTINUOUS
10
2.9469596850393702
20
0.8084463385826771
11
2.9475590551181101
21
0.8054330708661417
0
LINE
8
BLACK
6
CONTINUOUS
10
2.9475590551181101
20
0.8054330708661417
11
2.9475590551181101
21
0.7345669291338582
0
LINE
8
BLACK
6
CONTINUOUS
10
2.9475590551181101
20
0.7345669291338582
11
2.9469596850393702
21
0.7315536614173228
0
LINE
8
BLACK
6
CONTINUOUS
10
2.9469596850393702
20
0.7315536614173228
11
2.9452527952755907
21
0.7289991732283464
0
LINE
8
BLACK
6
CONTINUOUS
10
2.9452527952755907
20
0.7289991732283464
11
2.942698307086614
21
0.7272922834645669
0
LINE
8
BLACK
6
CONTINUOUS
10
2.942698307086614
20
0.7272922834645669
11
2.9396850393700786
21
0.7266929133858268
0
LINE
8
BLACK
6
CONTINUOUS
10
2.9396850393700786
20
0.7266929133858268
11
2.9003149606299212
21
0.7266929133858268
0
LINE
8
BLACK
6
CONTINUOUS
10
2.9003149606299212
20
0.7266929133858268
11
2.8973016929133859
21
0.7272922834645669
0
LINE
8
BLACK
6
CONTINUOUS
10
2.8973016929133859
20
0.7272922834645669
11
2.8947472047244092
21
0.7289991732283464
0
LINE
8
BLACK
6
CONTINUOUS
10
2.8947472047244092
20
0.7289991732283464
11
2.8930403149606301
21
0.7315536614173228
0
LINE
8
BLACK
6
CONTINUOUS
10
2.8930403149606301
20
0.7315536614173228
11
2.8924409448818897
21
0.7345669291338582
0
LINE
8
BLACK
6
CONTINUOUS
10
2.8924409448818897
20
0.7345669291338582
11
2.8924409448818897
21
0.8054330708661417
0
LINE
8
BLACK
6
CONTINUOUS
10
2.8924409448818897
20
0.8054330708661417
11
2.8930403149606301
21
0.8084463385826771
0
LINE
8
BLACK
6
CONTINUOUS
10
2.8930403149606301
20
0.8084463385826771
11
2.8947472047244092
21
0.8110008267716535
0
LINE
8
BLACK
6
CONTINUOUS
10
2.8947472047244092
20
0.8110008267716535
11
2.8973016929133859
21
0.8127077165354331
0
LINE
8
BLACK
6
CONTINUOUS
10
2.8973016929133859
20
0.8127077165354331
11
2.9003149606299212
21
0.8133070866141732
0
LINE
8
BLACK
6
CONTINUOUS
10
2.9003149606299212
20
0.8133070866141732
11
2.9396850393700786
21
0.8133070866141732
0
LINE
8
BLACK
6
CONTINUOUS
10
2.9396850393700786
20
0.8133070866141732
11
2.942698307086614
21
0.8127077165354331
0
LINE
8
BLACK
6
CONTINUOUS
10
3.0411235039370079
20
0.8127077165354331
11
3.0436779921259842
21
0.8110008267716535
0
LINE
8
BLACK
6
CONTINUOUS
10
3.0436779921259842
20
0.8110008267716535
11
3.0453848818897638
21
0.8084463385826771
0
LINE
8
BLACK
6
CONTINUOUS
10
3.0453848818897638
20
0.8084463385826771
11
3.0459842519685041
21
0.8054330708661417
0
LINE
8
BLACK
6
CONTINUOUS
10
3.0459842519685041
20
0.8054330708661417
11
3.0459842519685041
21
0.7345669291338582
0
LINE
8
BLACK
6
CONTINUOUS
10
3.0459842519685041
20
0.7345669291338582
11
3.0453848818897638
21
0.7315536614173228
0
LINE
8
BLACK
6
CONTINUOUS
10
3.0453848818897638
20
0.7315536614173228
11
3.0436779921259842
21
0.7289991732283464
0
LINE
8
BLACK
6
CONTINUOUS
10
3.0436779921259842
20
0.7289991732283464
11
3.0411235039370079
21
0.7272922834645669
0
LINE
8
BLACK
6
CONTINUOUS
10
3.0411235039370079
20
0.7272922834645669
11
3.0381102362204722
21
0.7266929133858268
0
LINE
8
BLACK
6
CONTINUOUS
10
3.0381102362204722
20
0.7266929133858268
11
2.9987401574803147
21
0.7266929133858268
0
LINE
8
BLACK
6
CONTINUOUS
10
2.9987401574803147
20
0.7266929133858268
11
2.9957268897637794
21
0.7272922834645669
0
LINE
8
BLACK
6
CONTINUOUS
10
2.9957268897637794
20
0.7272922834645669
11
2.9931724015748031
21
0.7289991732283464
0
LINE
8
BLACK
6
CONTINUOUS
10
2.9931724015748031
20
0.7289991732283464
11
2.9914655118110236
21
0.7315536614173228
0
LINE
8
BLACK
6
CONTINUOUS
10
2.9914655118110236
20
0.7315536614173228
11
2.9908661417322833
21
0.7345669291338582
0
LINE
8
BLACK
6
CONTINUOUS
10
2.9908661417322833
20
0.7345669291338582
11
2.9908661417322833
21
0.8054330708661417
0
LINE
8
BLACK
6
CONTINUOUS
10
2.9908661417322833
20
0.8054330708661417
11
2.9914655118110236
21
0.8084463385826771
0
LINE
8
BLACK
6
CONTINUOUS
10
2.9914655118110236
20
0.8084463385826771
11
2.9931724015748031
21
0.8110008267716535
0
LINE
8
BLACK
6
CONTINUOUS
10
2.9931724015748031
20
0.8110008267716535
11
2.9957268897637794
21
0.8127077165354331
0
LINE
8
BLACK
6
CONTINUOUS
10
2.9957268897637794
20
0.8127077165354331
11
2.9987401574803147
21
0.8133070866141732
0
LINE
8
BLACK
6
CONTINUOUS
10
2.9987401574803147
20
0.8133070866141732
11
3.0381102362204722
21
0.8133070866141732
0
LINE
8
BLACK
6
CONTINUOUS
10
3.0381102362204722
20
0.8133070866141732
11
3.0411235039370079
21
0.8127077165354331
0
LINE
8
BLACK
6
CONTINUOUS
10
0.6670290157480315
20
0.7927864566929134
11
0.6695835039370078
21
0.7910795669291338
0
LINE
8
BLACK
6
CONTINUOUS
10
0.6695835039370078
20
0.7910795669291338
11
0.6712903937007874
21
0.7885250787401574
0
LINE
8
BLACK
6
CONTINUOUS
10
0.6712903937007874
20
0.7885250787401574
11
0.6718897637795276
21
0.785511811023622
0
LINE
8
BLACK
6
CONTINUOUS
10
0.6718897637795276
20
0.785511811023622
11
0.6718897637795276
21
0.7540157480314961
0
LINE
8
BLACK
6
CONTINUOUS
10
0.6718897637795276
20
0.7540157480314961
11
0.6712903937007874
21
0.7510024803149606
0
LINE
8
BLACK
6
CONTINUOUS
10
0.6712903937007874
20
0.7510024803149606
11
0.6695835039370078
21
0.7484479921259842
0
LINE
8
BLACK
6
CONTINUOUS
10
0.6695835039370078
20
0.7484479921259842
11
0.6670290157480315
21
0.7467411023622047
0
LINE
8
BLACK
6
CONTINUOUS
10
0.6670290157480315
20
0.7467411023622047
11
0.6640157480314961
21
0.7461417322834646
0
LINE
8
BLACK
6
CONTINUOUS
10
0.6640157480314961
20
0.7461417322834646
11
0.6285826771653543
21
0.7461417322834646
0
LINE
8
BLACK
6
CONTINUOUS
10
0.6285826771653543
20
0.7461417322834646
11
0.6255694094488189
21
0.7467411023622047
0
LINE
8
BLACK
6
CONTINUOUS
10
0.6255694094488189
20
0.7467411023622047
11
0.6230149212598425
21
0.7484479921259842
0
LINE
8
BLACK
6
CONTINUOUS
10
0.6230149212598425
20
0.7484479921259842
11
0.621308031496063
21
0.7510024803149606
0
LINE
8
BLACK
6
CONTINUOUS
10
0.621308031496063
20
0.7510024803149606
11
0.6207086614173228
21
0.7540157480314961
0
LINE
8
BLACK
6
CONTINUOUS
10
0.6207086614173228
20
0.7540157480314961
11
0.6207086614173228
21
0.785511811023622
0
LINE
8
BLACK
6
CONTINUOUS
10
0.6207086614173228
20
0.785511811023622
11
0.621308031496063
21
0.7885250787401574
0
LINE
8
BLACK
6
CONTINUOUS
10
0.621308031496063
20
0.7885250787401574
11
0.6230149212598425
21
0.7910795669291338
0
LINE
8
BLACK
6
CONTINUOUS
10
0.6230149212598425
20
0.7910795669291338
11
0.6255694094488189
21
0.7927864566929134
0
LINE
8
BLACK
6
CONTINUOUS
10
0.6255694094488189
20
0.7927864566929134
11
0.6285826771653543
21
0.7933858267716535
0
LINE
8
BLACK
6
CONTINUOUS
10
0.6285826771653543
20
0.7933858267716535
11
0.6640157480314961
21
0.7933858267716535
0
LINE
8
BLACK
6
CONTINUOUS
10
0.6640157480314961
20
0.7933858267716535
11
0.6670290157480315
21
0.7927864566929134
0
LINE
8
BLACK
6
CONTINUOUS
10
3.3405132677165352
20
0.8197746456692914
11
3.3430677559055115
21
0.8180677559055118
0
LINE
8
BLACK
6
CONTINUOUS
10
3.3430677559055115
20
0.8180677559055118
11
3.3447746456692911
21
0.8155132677165354
0
LINE
8
BLACK
6
CONTINUOUS
10
3.3447746456692911
20
0.8155132677165354
11
3.3453740157480314
21
0.8125
0
LINE
8
BLACK
6
CONTINUOUS
10
3.3453740157480314
20
0.8125
11
3.3453740157480314
21
0.7575
0
LINE
8
BLACK
6
CONTINUOUS
10
3.3453740157480314
20
0.7575
11
3.3447746456692911
21
0.7544867322834645
0
LINE
8
BLACK
6
CONTINUOUS
10
3.3447746456692911
20
0.7544867322834645
11
3.3430677559055115
21
0.7519322440944882
0
LINE
8
BLACK
6
CONTINUOUS
10
3.3430677559055115
20
0.7519322440944882
11
3.3405132677165352
21
0.7502253543307087
0
LINE
8
BLACK
6
CONTINUOUS
10
3.3405132677165352
20
0.7502253543307087
11
3.3374999999999999
21
0.7496259842519685
0
LINE
8
BLACK
6
CONTINUOUS
10
3.3374999999999999
20
0.7496259842519685
11
3.3024999999999998
21
0.7496259842519685
0
LINE
8
BLACK
6
CONTINUOUS
10
3.3024999999999998
20
0.7496259842519685
11
3.2994867322834645
21
0.7502253543307087
0
LINE
8
BLACK
6
CONTINUOUS
10
3.2994867322834645
20
0.7502253543307087
11
3.2969322440944882
21
0.7519322440944882
0
LINE
8
BLACK
6
CONTINUOUS
10
3.2969322440944882
20
0.7519322440944882
11
3.2952253543307086
21
0.7544867322834645
0
LINE
8
BLACK
6
CONTINUOUS
10
3.2952253543307086
20
0.7544867322834645
11
3.2946259842519683
21
0.7575
0
LINE
8
BLACK
6
CONTINUOUS
10
3.2946259842519683
20
0.7575
11
3.2946259842519683
21
0.8125
0
LINE
8
BLACK
6
CONTINUOUS
10
3.2946259842519683
20
0.8125
11
3.2952253543307086
21
0.8155132677165354
0
LINE
8
BLACK
6
CONTINUOUS
10
3.2952253543307086
20
0.8155132677165354
11
3.2969322440944882
21
0.8180677559055118
0
LINE
8
BLACK
6
CONTINUOUS
10
3.2969322440944882
20
0.8180677559055118
11
3.2994867322834645
21
0.8197746456692914
0
LINE
8
BLACK
6
CONTINUOUS
10
3.2994867322834645
20
0.8197746456692914
11
3.3024999999999998
21
0.8203740157480315
0
LINE
8
BLACK
6
CONTINUOUS
10
3.3024999999999998
20
0.8203740157480315
11
3.3374999999999999
21
0.8203740157480315
0
LINE
8
BLACK
6
CONTINUOUS
10
3.3374999999999999
20
0.8203740157480315
11
3.3405132677165352
21
0.8197746456692914
0
LINE
8
BLACK
6
CONTINUOUS
10
3.4155132677165354
20
0.8197746456692914
11
3.4180677559055117
21
0.8180677559055118
0
LINE
8
BLACK
6
CONTINUOUS
10
3.4180677559055117
20
0.8180677559055118
11
3.4197746456692912
21
0.8155132677165354
0
LINE
8
BLACK
6
CONTINUOUS
10
3.4197746456692912
20
0.8155132677165354
11
3.4203740157480316
21
0.8125
0
LINE
8
BLACK
6
CONTINUOUS
10
3.4203740157480316
20
0.8125
11
3.4203740157480316
21
0.7575
0
LINE
8
BLACK
6
CONTINUOUS
10
3.4203740157480316
20
0.7575
11
3.4197746456692912
21
0.7544867322834645
0
LINE
8
BLACK
6
CONTINUOUS
10
3.4197746456692912
20
0.7544867322834645
11
3.4180677559055117
21
0.7519322440944882
0
LINE
8
BLACK
6
CONTINUOUS
10
3.4180677559055117
20
0.7519322440944882
11
3.4155132677165354
21
0.7502253543307087
0
LINE
8
BLACK
6
CONTINUOUS
10
3.4155132677165354
20
0.7502253543307087
11
3.4125000000000001
21
0.7496259842519685
0
LINE
8
BLACK
6
CONTINUOUS
10
3.4125000000000001
20
0.7496259842519685
11
3.3774999999999999
21
0.7496259842519685
0
LINE
8
BLACK
6
CONTINUOUS
10
3.3774999999999999
20
0.7496259842519685
11
3.3744867322834646
21
0.7502253543307087
0
LINE
8
BLACK
6
CONTINUOUS
10
3.3744867322834646
20
0.7502253543307087
11
3.3719322440944883
21
0.7519322440944882
0
LINE
8
BLACK
6
CONTINUOUS
10
3.3719322440944883
20
0.7519322440944882
11
3.3702253543307088
21
0.7544867322834645
0
LINE
8
BLACK
6
CONTINUOUS
10
3.3702253543307088
20
0.7544867322834645
11
3.3696259842519685
21
0.7575
0
LINE
8
BLACK
6
CONTINUOUS
10
3.3696259842519685
20
0.7575
11
3.3696259842519685
21
0.8125
0
LINE
8
BLACK
6
CONTINUOUS
10
3.3696259842519685
20
0.8125
11
3.3702253543307088
21
0.8155132677165354
0
LINE
8
BLACK
6
CONTINUOUS
10
3.3702253543307088
20
0.8155132677165354
11
3.3719322440944883
21
0.8180677559055118
0
LINE
8
BLACK
6
CONTINUOUS
10
3.3719322440944883
20
0.8180677559055118
11
3.3744867322834646
21
0.8197746456692914
0
LINE
8
BLACK
6
CONTINUOUS
10
3.3744867322834646
20
0.8197746456692914
11
3.3774999999999999
21
0.8203740157480315
0
LINE
8
BLACK
6
CONTINUOUS
10
3.3774999999999999
20
0.8203740157480315
11
3.4125000000000001
21
0.8203740157480315
0
LINE
8
BLACK
6
CONTINUOUS
10
3.4125000000000001
20
0.8203740157480315
11
3.4155132677165354
21
0.8197746456692914
0
LINE
8
BLACK
6
CONTINUOUS
10
1.4368124803149607
20
0.8020384251968504
11
1.439366968503937
21
0.8003315354330709
0
LINE
8
BLACK
6
CONTINUOUS
10
1.439366968503937
20
0.8003315354330709
11
1.4410738582677165
21
0.7977770472440945
0
LINE
8
BLACK
6
CONTINUOUS
10
1.4410738582677165
20
0.7977770472440945
11
1.4416732283464566
21
0.7947637795275591
0
LINE
8
BLACK
6
CONTINUOUS
10
1.4416732283464566
20
0.7947637795275591
11
1.4416732283464566
21
0.759763779527559
0
LINE
8
BLACK
6
CONTINUOUS
10
1.4416732283464566
20
0.759763779527559
11
1.4410738582677165
21
0.7567505118110236
0
LINE
8
BLACK
6
CONTINUOUS
10
1.4410738582677165
20
0.7567505118110236
11
1.439366968503937
21
0.7541960236220472
0
LINE
8
BLACK
6
CONTINUOUS
10
1.439366968503937
20
0.7541960236220472
11
1.4368124803149607
21
0.7524891338582677
0
LINE
8
BLACK
6
CONTINUOUS
10
1.4368124803149607
20
0.7524891338582677
11
1.4337992125984251
21
0.7518897637795275
0
LINE
8
BLACK
6
CONTINUOUS
10
1.4337992125984251
20
0.7518897637795275
11
1.3787992125984252
21
0.7518897637795275
0
LINE
8
BLACK
6
CONTINUOUS
10
1.3787992125984252
20
0.7518897637795275
11
1.3757859448818897
21
0.7524891338582677
0
LINE
8
BLACK
6
CONTINUOUS
10
1.3757859448818897
20
0.7524891338582677
11
1.3732314566929134
21
0.7541960236220472
0
LINE
8
BLACK
6
CONTINUOUS
10
1.3732314566929134
20
0.7541960236220472
11
1.3715245669291338
21
0.7567505118110236
0
LINE
8
BLACK
6
CONTINUOUS
10
1.3715245669291338
20
0.7567505118110236
11
1.3709251968503937
21
0.759763779527559
0
LINE
8
BLACK
6
CONTINUOUS
10
1.3709251968503937
20
0.759763779527559
11
1.3709251968503937
21
0.7947637795275591
0
LINE
8
BLACK
6
CONTINUOUS
10
1.3709251968503937
20
0.7947637795275591
11
1.3715245669291338
21
0.7977770472440945
0
LINE
8
BLACK
6
CONTINUOUS
10
1.3715245669291338
20
0.7977770472440945
11
1.3732314566929134
21
0.8003315354330709
0
LINE
8
BLACK
6
CONTINUOUS
10
1.3732314566929134
20
0.8003315354330709
11
1.3757859448818897
21
0.8020384251968504
0
LINE
8
BLACK
6
CONTINUOUS
10
1.3757859448818897
20
0.8020384251968504
11
1.3787992125984252
21
0.8026377952755905
0
LINE
8
BLACK
6
CONTINUOUS
10
1.3787992125984252
20
0.8026377952755905
11
1.4337992125984251
21
0.8026377952755905
0
LINE
8
BLACK
6
CONTINUOUS
10
1.4337992125984251
20
0.8026377952755905
11
1.4368124803149607
21
0.8020384251968504
0
LINE
8
BLACK
6
CONTINUOUS
10
1.9555132677165354
20
0.8022746456692913
11
1.9580677559055117
21
0.8005677559055118
0
LINE
8
BLACK
6
CONTINUOUS
10
1.9580677559055117
20
0.8005677559055118
11
1.9597746456692913
21
0.7980132677165355
0
LINE
8
BLACK
6
CONTINUOUS
10
1.9597746456692913
20
0.7980132677165355
11
1.9603740157480314
21
0.7949999999999999
0
LINE
8
BLACK
6
CONTINUOUS
10
1.9603740157480314
20
0.7949999999999999
11
1.9603740157480314
21
0.76
0
LINE
8
BLACK
6
CONTINUOUS
10
1.9603740157480314
20
0.76
11
1.9597746456692913
21
0.7569867322834646
0
LINE
8
BLACK
6
CONTINUOUS
10
1.9597746456692913
20
0.7569867322834646
11
1.9580677559055117
21
0.7544322440944882
0
LINE
8
BLACK
6
CONTINUOUS
10
1.9580677559055117
20
0.7544322440944882
11
1.9555132677165354
21
0.7527253543307086
0
LINE
8
BLACK
6
CONTINUOUS
10
1.9555132677165354
20
0.7527253543307086
11
1.9524999999999999
21
0.7521259842519685
0
LINE
8
BLACK
6
CONTINUOUS
10
1.9524999999999999
20
0.7521259842519685
11
1.8975
21
0.7521259842519685
0
LINE
8
BLACK
6
CONTINUOUS
10
1.8975
20
0.7521259842519685
11
1.8944867322834644
21
0.7527253543307086
0
LINE
8
BLACK
6
CONTINUOUS
10
1.8944867322834644
20
0.7527253543307086
11
1.8919322440944881
21
0.7544322440944882
0
LINE
8
BLACK
6
CONTINUOUS
10
1.8919322440944881
20
0.7544322440944882
11
1.8902253543307086
21
0.7569867322834646
0
LINE
8
BLACK
6
CONTINUOUS
10
1.8902253543307086
20
0.7569867322834646
11
1.8896259842519685
21
0.76
0
LINE
8
BLACK
6
CONTINUOUS
10
1.8896259842519685
20
0.76
11
1.8896259842519685
21
0.7949999999999999
0
LINE
8
BLACK
6
CONTINUOUS
10
1.8896259842519685
20
0.7949999999999999
11
1.8902253543307086
21
0.7980132677165355
0
LINE
8
BLACK
6
CONTINUOUS
10
1.8902253543307086
20
0.7980132677165355
11
1.8919322440944881
21
0.8005677559055118
0
LINE
8
BLACK
6
CONTINUOUS
10
1.8919322440944881
20
0.8005677559055118
11
1.8944867322834644
21
0.8022746456692913
0
LINE
8
BLACK
6
CONTINUOUS
10
1.8944867322834644
20
0.8022746456692913
11
1.8975
21
0.8028740157480315
0
LINE
8
BLACK
6
CONTINUOUS
10
1.8975
20
0.8028740157480315
11
1.9524999999999999
21
0.8028740157480315
0
LINE
8
BLACK
6
CONTINUOUS
10
1.9524999999999999
20
0.8028740157480315
11
1.9555132677165354
21
0.8022746456692913
0
LINE
8
BLACK
6
CONTINUOUS
10
2.4057346456692912
20
0.8251242125984252
11
2.4107193307086612
21
0.82338
0
LINE
8
BLACK
6
CONTINUOUS
10
2.4107193307086612
20
0.82338
11
2.4149684251968502
21
0.8202440157480315
0
LINE
8
BLACK
6
CONTINUOUS
10
2.4149684251968502
20
0.8202440157480315
11
2.4181044094488189
21
0.8159949212598425
0
LINE
8
BLACK
6
CONTINUOUS
10
2.4181044094488189
20
0.8159949212598425
11
2.4198486220472439
21
0.8110102362204724
0
LINE
8
BLACK
6
CONTINUOUS
10
2.4198486220472439
20
0.8110102362204724
11
2.4201574803149604
21
0.8077165354330709
0
LINE
8
BLACK
6
CONTINUOUS
10
2.4201574803149604
20
0.8077165354330709
11
2.4201574803149604
21
0.7722834645669291
0
LINE
8
BLACK
6
CONTINUOUS
10
2.4201574803149604
20
0.7722834645669291
11
2.4198486220472439
21
0.7689897637795275
0
LINE
8
BLACK
6
CONTINUOUS
10
2.4198486220472439
20
0.7689897637795275
11
2.4181044094488189
21
0.7640050787401574
0
LINE
8
BLACK
6
CONTINUOUS
10
2.4181044094488189
20
0.7640050787401574
11
2.4149684251968502
21
0.7597559842519684
0
LINE
8
BLACK
6
CONTINUOUS
10
2.4149684251968502
20
0.7597559842519684
11
2.4107193307086612
21
0.75662
0
LINE
8
BLACK
6
CONTINUOUS
10
2.4107193307086612
20
0.75662
11
2.4057346456692912
21
0.7548757874015748
0
LINE
8
BLACK
6
CONTINUOUS
10
2.4057346456692912
20
0.7548757874015748
11
2.4024409448818895
21
0.7545669291338583
0
LINE
8
BLACK
6
CONTINUOUS
10
2.4024409448818895
20
0.7545669291338583
11
2.3768503937007872
21
0.7545669291338583
0
LINE
8
BLACK
6
CONTINUOUS
10
2.3768503937007872
20
0.7545669291338583
11
2.3735566929133856
21
0.7548757874015748
0
LINE
8
BLACK
6
CONTINUOUS
10
2.3735566929133856
20
0.7548757874015748
11
2.3685720078740156
21
0.75662
0
LINE
8
BLACK
6
CONTINUOUS
10
2.3685720078740156
20
0.75662
11
2.3643229133858266
21
0.7597559842519684
0
LINE
8
BLACK
6
CONTINUOUS
10
2.3643229133858266
20
0.7597559842519684
11
2.3611869291338583
21
0.7640050787401574
0
LINE
8
BLACK
6
CONTINUOUS
10
2.3611869291338583
20
0.7640050787401574
11
2.3594427165354328
21
0.7689897637795275
0
LINE
8
BLACK
6
CONTINUOUS
10
2.3594427165354328
20
0.7689897637795275
11
2.3591338582677164
21
0.7722834645669291
0
LINE
8
BLACK
6
CONTINUOUS
10
2.3591338582677164
20
0.7722834645669291
11
2.3591338582677164
21
0.8077165354330709
0
LINE
8
BLACK
6
CONTINUOUS
10
2.3591338582677164
20
0.8077165354330709
11
2.3594427165354328
21
0.8110102362204724
0
LINE
8
BLACK
6
CONTINUOUS
10
2.3594427165354328
20
0.8110102362204724
11
2.3611869291338583
21
0.8159949212598425
0
LINE
8
BLACK
6
CONTINUOUS
10
2.3611869291338583
20
0.8159949212598425
11
2.3643229133858266
21
0.8202440157480315
0
LINE
8
BLACK
6
CONTINUOUS
10
2.3643229133858266
20
0.8202440157480315
11
2.3685720078740156
21
0.82338
0
LINE
8
BLACK
6
CONTINUOUS
10
2.3685720078740156
20
0.82338
11
2.3735566929133856
21
0.8251242125984252
0
LINE
8
BLACK
6
CONTINUOUS
10
2.3735566929133856
20
0.8251242125984252
11
2.3768503937007872
21
0.8254330708661417
0
LINE
8
BLACK
6
CONTINUOUS
10
2.3768503937007872
20
0.8254330708661417
11
2.4024409448818895
21
0.8254330708661417
0
LINE
8
BLACK
6
CONTINUOUS
10
2.4024409448818895
20
0.8254330708661417
11
2.4057346456692912
21
0.8251242125984252
0
LINE
8
BLACK
6
CONTINUOUS
10
2.4864433070866143
20
0.8251242125984252
11
2.4914279921259843
21
0.82338
0
LINE
8
BLACK
6
CONTINUOUS
10
2.4914279921259843
20
0.82338
11
2.4956770866141733
21
0.8202440157480315
0
LINE
8
BLACK
6
CONTINUOUS
10
2.4956770866141733
20
0.8202440157480315
11
2.4988130708661416
21
0.8159949212598425
0
LINE
8
BLACK
6
CONTINUOUS
10
2.4988130708661416
20
0.8159949212598425
11
2.5005572834645671
21
0.8110102362204724
0
LINE
8
BLACK
6
CONTINUOUS
10
2.5005572834645671
20
0.8110102362204724
11
2.5008661417322835
21
0.8077165354330709
0
LINE
8
BLACK
6
CONTINUOUS
10
2.5008661417322835
20
0.8077165354330709
11
2.5008661417322835
21
0.7722834645669291
0
LINE
8
BLACK
6
CONTINUOUS
10
2.5008661417322835
20
0.7722834645669291
11
2.5005572834645671
21
0.7689897637795275
0
LINE
8
BLACK
6
CONTINUOUS
10
2.5005572834645671
20
0.7689897637795275
11
2.4988130708661416
21
0.7640050787401574
0
LINE
8
BLACK
6
CONTINUOUS
10
2.4988130708661416
20
0.7640050787401574
11
2.4956770866141733
21
0.7597559842519684
0
LINE
8
BLACK
6
CONTINUOUS
10
2.4956770866141733
20
0.7597559842519684
11
2.4914279921259843
21
0.75662
0
LINE
8
BLACK
6
CONTINUOUS
10
2.4914279921259843
20
0.75662
11
2.4864433070866143
21
0.7548757874015748
0
LINE
8
BLACK
6
CONTINUOUS
10
2.4864433070866143
20
0.7548757874015748
11
2.4831496062992127
21
0.7545669291338583
0
LINE
8
BLACK
6
CONTINUOUS
10
2.4831496062992127
20
0.7545669291338583
11
2.4575590551181103
21
0.7545669291338583
0
LINE
8
BLACK
6
CONTINUOUS
10
2.4575590551181103
20
0.7545669291338583
11
2.4542653543307087
21
0.7548757874015748
0
LINE
8
BLACK
6
CONTINUOUS
10
2.4542653543307087
20
0.7548757874015748
11
2.4492806692913387
21
0.75662
0
LINE
8
BLACK
6
CONTINUOUS
10
2.4492806692913387
20
0.75662
11
2.4450315748031497
21
0.7597559842519684
0
LINE
8
BLACK
6
CONTINUOUS
10
2.4450315748031497
20
0.7597559842519684
11
2.441895590551181
21
0.7640050787401574
0
LINE
8
BLACK
6
CONTINUOUS
10
2.441895590551181
20
0.7640050787401574
11
2.4401513779527559
21
0.7689897637795275
0
LINE
8
BLACK
6
CONTINUOUS
10
2.4401513779527559
20
0.7689897637795275
11
2.4398425196850395
21
0.7722834645669291
0
LINE
8
BLACK
6
CONTINUOUS
10
2.4398425196850395
20
0.7722834645669291
11
2.4398425196850395
21
0.8077165354330709
0
LINE
8
BLACK
6
CONTINUOUS
10
2.4398425196850395
20
0.8077165354330709
11
2.4401513779527559
21
0.8110102362204724
0
LINE
8
BLACK
6
CONTINUOUS
10
2.4401513779527559
20
0.8110102362204724
11
2.441895590551181
21
0.8159949212598425
0
LINE
8
BLACK
6
CONTINUOUS
10
2.441895590551181
20
0.8159949212598425
11
2.4450315748031497
21
0.8202440157480315
0
LINE
8
BLACK
6
CONTINUOUS
10
2.4450315748031497
20
0.8202440157480315
11
2.4492806692913387
21
0.82338
0
LINE
8
BLACK
6
CONTINUOUS
10
2.4492806692913387
20
0.82338
11
2.4542653543307087
21
0.8251242125984252
0
LINE
8
BLACK
6
CONTINUOUS
10
2.4542653543307087
20
0.8251242125984252
11
2.4575590551181103
21
0.8254330708661417
0
LINE
8
BLACK
6
CONTINUOUS
10
2.4575590551181103
20
0.8254330708661417
11
2.4831496062992127
21
0.8254330708661417
0
LINE
8
BLACK
6
CONTINUOUS
10
2.4831496062992127
20
0.8254330708661417
11
2.4864433070866143
21
0.8251242125984252
0
LINE
8
BLACK
6
CONTINUOUS
10
2.1955132677165352
20
0.8047746456692914
11
2.198067755905512
21
0.8030677559055118
0
LINE
8
BLACK
6
CONTINUOUS
10
2.198067755905512
20
0.8030677559055118
11
2.1997746456692915
21
0.8005132677165354
0
LINE
8
BLACK
6
CONTINUOUS
10
2.1997746456692915
20
0.8005132677165354
11
2.2003740157480314
21
0.7975
0
LINE
8
BLACK
6
CONTINUOUS
10
2.2003740157480314
20
0.7975
11
2.2003740157480314
21
0.7625
0
LINE
8
BLACK
6
CONTINUOUS
10
2.2003740157480314
20
0.7625
11
2.1997746456692915
21
0.7594867322834645
0
LINE
8
BLACK
6
CONTINUOUS
10
2.1997746456692915
20
0.7594867322834645
11
2.198067755905512
21
0.7569322440944882
0
LINE
8
BLACK
6
CONTINUOUS
10
2.198067755905512
20
0.7569322440944882
11
2.1955132677165352
21
0.7552253543307087
0
LINE
8
BLACK
6
CONTINUOUS
10
2.1955132677165352
20
0.7552253543307087
11
2.1924999999999999
21
0.7546259842519685
0
LINE
8
BLACK
6
CONTINUOUS
10
2.1924999999999999
20
0.7546259842519685
11
2.1374999999999997
21
0.7546259842519685
0
LINE
8
BLACK
6
CONTINUOUS
10
2.1374999999999997
20
0.7546259842519685
11
2.1344867322834644
21
0.7552253543307087
0
LINE
8
BLACK
6
CONTINUOUS
10
2.1344867322834644
20
0.7552253543307087
11
2.1319322440944881
21
0.7569322440944882
0
LINE
8
BLACK
6
CONTINUOUS
10
2.1319322440944881
20
0.7569322440944882
11
2.1302253543307086
21
0.7594867322834645
0
LINE
8
BLACK
6
CONTINUOUS
10
2.1302253543307086
20
0.7594867322834645
11
2.1296259842519683
21
0.7625
0
LINE
8
BLACK
6
CONTINUOUS
10
2.1296259842519683
20
0.7625
11
2.1296259842519683
21
0.7975
0
LINE
8
BLACK
6
CONTINUOUS
10
2.1296259842519683
20
0.7975
11
2.1302253543307086
21
0.8005132677165354
0
LINE
8
BLACK
6
CONTINUOUS
10
2.1302253543307086
20
0.8005132677165354
11
2.1319322440944881
21
0.8030677559055118
0
LINE
8
BLACK
6
CONTINUOUS
10
2.1319322440944881
20
0.8030677559055118
11
2.1344867322834644
21
0.8047746456692914
0
LINE
8
BLACK
6
CONTINUOUS
10
2.1344867322834644
20
0.8047746456692914
11
2.1374999999999997
21
0.8053740157480315
0
LINE
8
BLACK
6
CONTINUOUS
10
2.1374999999999997
20
0.8053740157480315
11
2.1924999999999999
21
0.8053740157480315
0
LINE
8
BLACK
6
CONTINUOUS
10
2.1924999999999999
20
0.8053740157480315
11
2.1955132677165352
21
0.8047746456692914
0
LINE
8
BLACK
6
CONTINUOUS
10
2.2805132677165352
20
0.8047746456692914
11
2.2830677559055119
21
0.8030677559055118
0
LINE
8
BLACK
6
CONTINUOUS
10
2.2830677559055119
20
0.8030677559055118
11
2.2847746456692914
21
0.8005132677165354
0
LINE
8
BLACK
6
CONTINUOUS
10
2.2847746456692914
20
0.8005132677165354
11
2.2853740157480313
21
0.7975
0
LINE
8
BLACK
6
CONTINUOUS
10
2.2853740157480313
20
0.7975
11
2.2853740157480313
21
0.7625
0
LINE
8
BLACK
6
CONTINUOUS
10
2.2853740157480313
20
0.7625
11
2.2847746456692914
21
0.7594867322834645
0
LINE
8
BLACK
6
CONTINUOUS
10
2.2847746456692914
20
0.7594867322834645
11
2.2830677559055119
21
0.7569322440944882
0
LINE
8
BLACK
6
CONTINUOUS
10
2.2830677559055119
20
0.7569322440944882
11
2.2805132677165352
21
0.7552253543307087
0
LINE
8
BLACK
6
CONTINUOUS
10
2.2805132677165352
20
0.7552253543307087
11
2.2774999999999999
21
0.7546259842519685
0
LINE
8
BLACK
6
CONTINUOUS
10
2.2774999999999999
20
0.7546259842519685
11
2.2225000000000001
21
0.7546259842519685
0
LINE
8
BLACK
6
CONTINUOUS
10
2.2225000000000001
20
0.7546259842519685
11
2.2194867322834644
21
0.7552253543307087
0
LINE
8
BLACK
6
CONTINUOUS
10
2.2194867322834644
20
0.7552253543307087
11
2.2169322440944881
21
0.7569322440944882
0
LINE
8
BLACK
6
CONTINUOUS
10
2.2169322440944881
20
0.7569322440944882
11
2.2152253543307086
21
0.7594867322834645
0
LINE
8
BLACK
6
CONTINUOUS
10
2.2152253543307086
20
0.7594867322834645
11
2.2146259842519687
21
0.7625
0
LINE
8
BLACK
6
CONTINUOUS
10
2.2146259842519687
20
0.7625
11
2.2146259842519687
21
0.7975
0
LINE
8
BLACK
6
CONTINUOUS
10
2.2146259842519687
20
0.7975
11
2.2152253543307086
21
0.8005132677165354
0
LINE
8
BLACK
6
CONTINUOUS
10
2.2152253543307086
20
0.8005132677165354
11
2.2169322440944881
21
0.8030677559055118
0
LINE
8
BLACK
6
CONTINUOUS
10
2.2169322440944881
20
0.8030677559055118
11
2.2194867322834644
21
0.8047746456692914
0
LINE
8
BLACK
6
CONTINUOUS
10
2.2194867322834644
20
0.8047746456692914
11
2.2225000000000001
21
0.8053740157480315
0
LINE
8
BLACK
6
CONTINUOUS
10
2.2225000000000001
20
0.8053740157480315
11
2.2774999999999999
21
0.8053740157480315
0
LINE
8
BLACK
6
CONTINUOUS
10
2.2774999999999999
20
0.8053740157480315
11
2.2805132677165352
21
0.8047746456692914
0
LINE
8
BLACK
6
CONTINUOUS
10
1.6118715354330708
20
0.8722352755905511
11
1.6144260236220471
21
0.8705283858267716
0
LINE
8
BLACK
6
CONTINUOUS
10
1.6144260236220471
20
0.8705283858267716
11
1.6161329133858267
21
0.8679738976377953
0
LINE
8
BLACK
6
CONTINUOUS
10
1.6161329133858267
20
0.8679738976377953
11
1.616732283464567
21
0.8649606299212598
0
LINE
8
BLACK
6
CONTINUOUS
10
1.616732283464567
20
0.8649606299212598
11
1.616732283464567
21
0.8393700787401575
0
LINE
8
BLACK
6
CONTINUOUS
10
1.616732283464567
20
0.8393700787401575
11
1.6161329133858267
21
0.836356811023622
0
LINE
8
BLACK
6
CONTINUOUS
10
1.6161329133858267
20
0.836356811023622
11
1.6144260236220471
21
0.8338023228346456
0
LINE
8
BLACK
6
CONTINUOUS
10
1.6144260236220471
20
0.8338023228346456
11
1.6139205118110236
21
0.8334645669291338
0
LINE
8
BLACK
6
CONTINUOUS
10
1.6139205118110236
20
0.8334645669291338
11
1.6144260236220471
21
0.8331268110236221
0
LINE
8
BLACK
6
CONTINUOUS
10
1.6144260236220471
20
0.8331268110236221
11
1.6161329133858267
21
0.8305723228346457
0
LINE
8
BLACK
6
CONTINUOUS
10
1.6161329133858267
20
0.8305723228346457
11
1.616732283464567
21
0.8275590551181102
0
LINE
8
BLACK
6
CONTINUOUS
10
1.616732283464567
20
0.8275590551181102
11
1.616732283464567
21
0.8019685039370078
0
LINE
8
BLACK
6
CONTINUOUS
10
1.616732283464567
20
0.8019685039370078
11
1.6161329133858267
21
0.7989552362204724
0
LINE
8
BLACK
6
CONTINUOUS
10
1.6161329133858267
20
0.7989552362204724
11
1.6144260236220471
21
0.7964007480314961
0
LINE
8
BLACK
6
CONTINUOUS
10
1.6144260236220471
20
0.7964007480314961
11
1.6139205118110236
21
0.7960629921259842
0
LINE
8
BLACK
6
CONTINUOUS
10
1.6139205118110236
20
0.7960629921259842
11
1.6144260236220471
21
0.7957252362204724
0
LINE
8
BLACK
6
CONTINUOUS
10
1.6144260236220471
20
0.7957252362204724
11
1.6161329133858267
21
0.793170748031496
0
LINE
8
BLACK
6
CONTINUOUS
10
1.6161329133858267
20
0.793170748031496
11
1.616732283464567
21
0.7901574803149606
0
LINE
8
BLACK
6
CONTINUOUS
10
1.616732283464567
20
0.7901574803149606
11
1.616732283464567
21
0.7645669291338583
0
LINE
8
BLACK
6
CONTINUOUS
10
1.616732283464567
20
0.7645669291338583
11
1.6161329133858267
21
0.7615536614173228
0
LINE
8
BLACK
6
CONTINUOUS
10
1.6161329133858267
20
0.7615536614173228
11
1.6144260236220471
21
0.7589991732283464
0
LINE
8
BLACK
6
CONTINUOUS
10
1.6144260236220471
20
0.7589991732283464
11
1.6118715354330708
21
0.7572922834645669
0
LINE
8
BLACK
6
CONTINUOUS
10
1.6118715354330708
20
0.7572922834645669
11
1.6088582677165355
21
0.7566929133858268
0
LINE
8
BLACK
6
CONTINUOUS
10
1.6088582677165355
20
0.7566929133858268
11
1.5474409448818898
21
0.7566929133858268
0
LINE
8
BLACK
6
CONTINUOUS
10
1.5474409448818898
20
0.7566929133858268
11
1.5444276771653542
21
0.7572922834645669
0
LINE
8
BLACK
6
CONTINUOUS
10
1.5444276771653542
20
0.7572922834645669
11
1.5418731889763779
21
0.7589991732283464
0
LINE
8
BLACK
6
CONTINUOUS
10
1.5418731889763779
20
0.7589991732283464
11
1.5401662992125984
21
0.7615536614173228
0
LINE
8
BLACK
6
CONTINUOUS
10
1.5401662992125984
20
0.7615536614173228
11
1.5395669291338583
21
0.7645669291338583
0
LINE
8
BLACK
6
CONTINUOUS
10
1.5395669291338583
20
0.7645669291338583
11
1.5395669291338583
21
0.7901574803149606
0
LINE
8
BLACK
6
CONTINUOUS
10
1.5395669291338583
20
0.7901574803149606
11
1.5401662992125984
21
0.793170748031496
0
LINE
8
BLACK
6
CONTINUOUS
10
1.5401662992125984
20
0.793170748031496
11
1.5418731889763779
21
0.7957252362204724
0
LINE
8
BLACK
6
CONTINUOUS
10
1.5418731889763779
20
0.7957252362204724
11
1.5423786614173227
21
0.7960629921259842
0
LINE
8
BLACK
6
CONTINUOUS
10
1.5423786614173227
20
0.7960629921259842
11
1.5418731889763779
21
0.7964007480314961
0
LINE
8
BLACK
6
CONTINUOUS
10
1.5418731889763779
20
0.7964007480314961
11
1.5401662992125984
21
0.7989552362204724
0
LINE
8
BLACK
6
CONTINUOUS
10
1.5401662992125984
20
0.7989552362204724
11
1.5395669291338583
21
0.8019685039370078
0
LINE
8
BLACK
6
CONTINUOUS
10
1.5395669291338583
20
0.8019685039370078
11
1.5395669291338583
21
0.8275590551181102
0
LINE
8
BLACK
6
CONTINUOUS
10
1.5395669291338583
20
0.8275590551181102
11
1.5401662992125984
21
0.8305723228346457
0
LINE
8
BLACK
6
CONTINUOUS
10
1.5401662992125984
20
0.8305723228346457
11
1.5418731889763779
21
0.8331268110236221
0
LINE
8
BLACK
6
CONTINUOUS
10
1.5418731889763779
20
0.8331268110236221
11
1.5423786614173227
21
0.8334645669291338
0
LINE
8
BLACK
6
CONTINUOUS
10
1.5423786614173227
20
0.8334645669291338
11
1.5418731889763779
21
0.8338023228346456
0
LINE
8
BLACK
6
CONTINUOUS
10
1.5418731889763779
20
0.8338023228346456
11
1.5401662992125984
21
0.836356811023622
0
LINE
8
BLACK
6
CONTINUOUS
10
1.5401662992125984
20
0.836356811023622
11
1.5395669291338583
21
0.8393700787401575
0
LINE
8
BLACK
6
CONTINUOUS
10
1.5395669291338583
20
0.8393700787401575
11
1.5395669291338583
21
0.8649606299212598
0
LINE
8
BLACK
6
CONTINUOUS
10
1.5395669291338583
20
0.8649606299212598
11
1.5401662992125984
21
0.8679738976377953
0
LINE
8
BLACK
6
CONTINUOUS
10
1.5401662992125984
20
0.8679738976377953
11
1.5418731889763779
21
0.8705283858267716
0
LINE
8
BLACK
6
CONTINUOUS
10
1.5418731889763779
20
0.8705283858267716
11
1.5444276771653542
21
0.8722352755905511
0
LINE
8
BLACK
6
CONTINUOUS
10
1.5444276771653542
20
0.8722352755905511
11
1.5474409448818898
21
0.8728346456692914
0
LINE
8
BLACK
6
CONTINUOUS
10
1.5474409448818898
20
0.8728346456692914
11
1.6088582677165355
21
0.8728346456692914
0
LINE
8
BLACK
6
CONTINUOUS
10
1.6088582677165355
20
0.8728346456692914
11
1.6118715354330708
21
0.8722352755905511
0
LINE
8
BLACK
6
CONTINUOUS
10
1.7181707480314961
20
0.7974321259842519
11
1.7207252362204724
21
0.7957252362204724
0
LINE
8
BLACK
6
CONTINUOUS
10
1.7207252362204724
20
0.7957252362204724
11
1.7224321259842519
21
0.793170748031496
0
LINE
8
BLACK
6
CONTINUOUS
10
1.7224321259842519
20
0.793170748031496
11
1.723031496062992
21
0.7901574803149606
0
LINE
8
BLACK
6
CONTINUOUS
10
1.723031496062992
20
0.7901574803149606
11
1.723031496062992
21
0.7645669291338583
0
LINE
8
BLACK
6
CONTINUOUS
10
1.723031496062992
20
0.7645669291338583
11
1.7224321259842519
21
0.7615536614173228
0
LINE
8
BLACK
6
CONTINUOUS
10
1.7224321259842519
20
0.7615536614173228
11
1.7207252362204724
21
0.7589991732283464
0
LINE
8
BLACK
6
CONTINUOUS
10
1.7207252362204724
20
0.7589991732283464
11
1.7181707480314961
21
0.7572922834645669
0
LINE
8
BLACK
6
CONTINUOUS
10
1.7181707480314961
20
0.7572922834645669
11
1.7151574803149605
21
0.7566929133858268
0
LINE
8
BLACK
6
CONTINUOUS
10
1.7151574803149605
20
0.7566929133858268
11
1.653740157480315
21
0.7566929133858268
0
LINE
8
BLACK
6
CONTINUOUS
10
1.653740157480315
20
0.7566929133858268
11
1.6507268897637795
21
0.7572922834645669
0
LINE
8
BLACK
6
CONTINUOUS
10
1.6507268897637795
20
0.7572922834645669
11
1.6481724015748032
21
0.7589991732283464
0
LINE
8
BLACK
6
CONTINUOUS
10
1.6481724015748032
20
0.7589991732283464
11
1.6464655118110236
21
0.7615536614173228
0
LINE
8
BLACK
6
CONTINUOUS
10
1.6464655118110236
20
0.7615536614173228
11
1.6458661417322835
21
0.7645669291338583
0
LINE
8
BLACK
6
CONTINUOUS
10
1.6458661417322835
20
0.7645669291338583
11
1.6458661417322835
21
0.7901574803149606
0
LINE
8
BLACK
6
CONTINUOUS
10
1.6458661417322835
20
0.7901574803149606
11
1.6464655118110236
21
0.793170748031496
0
LINE
8
BLACK
6
CONTINUOUS
10
1.6464655118110236
20
0.793170748031496
11
1.6481724015748032
21
0.7957252362204724
0
LINE
8
BLACK
6
CONTINUOUS
10
1.6481724015748032
20
0.7957252362204724
11
1.6507268897637795
21
0.7974321259842519
0
LINE
8
BLACK
6
CONTINUOUS
10
1.6507268897637795
20
0.7974321259842519
11
1.653740157480315
21
0.7980314960629921
0
LINE
8
BLACK
6
CONTINUOUS
10
1.653740157480315
20
0.7980314960629921
11
1.7151574803149605
21
0.7980314960629921
0
LINE
8
BLACK
6
CONTINUOUS
10
1.7151574803149605
20
0.7980314960629921
11
1.7181707480314961
21
0.7974321259842519
0
LINE
8
BLACK
6
CONTINUOUS
10
2.8655132677165356
20
0.8122746456692913
11
2.8680677559055119
21
0.8105677559055118
0
LINE
8
BLACK
6
CONTINUOUS
10
2.8680677559055119
20
0.8105677559055118
11
2.8697746456692914
21
0.8080132677165354
0
LINE
8
BLACK
6
CONTINUOUS
10
2.8697746456692914
20
0.8080132677165354
11
2.8703740157480313
21
0.8049999999999999
0
LINE
8
BLACK
6
CONTINUOUS
10
2.8703740157480313
20
0.8049999999999999
11
2.8703740157480313
21
0.77
0
LINE
8
BLACK
6
CONTINUOUS
10
2.8703740157480313
20
0.77
11
2.8697746456692914
21
0.7669867322834646
0
LINE
8
BLACK
6
CONTINUOUS
10
2.8697746456692914
20
0.7669867322834646
11
2.8680677559055119
21
0.7644322440944882
0
LINE
8
BLACK
6
CONTINUOUS
10
2.8680677559055119
20
0.7644322440944882
11
2.8655132677165356
21
0.7627253543307086
0
LINE
8
BLACK
6
CONTINUOUS
10
2.8655132677165356
20
0.7627253543307086
11
2.8624999999999998
21
0.7621259842519685
0
LINE
8
BLACK
6
CONTINUOUS
10
2.8624999999999998
20
0.7621259842519685
11
2.8075000000000001
21
0.7621259842519685
0
LINE
8
BLACK
6
CONTINUOUS
10
2.8075000000000001
20
0.7621259842519685
11
2.8044867322834643
21
0.7627253543307086
0
LINE
8
BLACK
6
CONTINUOUS
10
2.8044867322834643
20
0.7627253543307086
11
2.801932244094488
21
0.7644322440944882
0
LINE
8
BLACK
6
CONTINUOUS
10
2.801932244094488
20
0.7644322440944882
11
2.8002253543307085
21
0.7669867322834646
0
LINE
8
BLACK
6
CONTINUOUS
10
2.8002253543307085
20
0.7669867322834646
11
2.7996259842519686
21
0.77
0
LINE
8
BLACK
6
CONTINUOUS
10
2.7996259842519686
20
0.77
11
2.7996259842519686
21
0.8049999999999999
0
LINE
8
BLACK
6
CONTINUOUS
10
2.7996259842519686
20
0.8049999999999999
11
2.8002253543307085
21
0.8080132677165354
0
LINE
8
BLACK
6
CONTINUOUS
10
2.8002253543307085
20
0.8080132677165354
11
2.801932244094488
21
0.8105677559055118
0
LINE
8
BLACK
6
CONTINUOUS
10
2.801932244094488
20
0.8105677559055118
11
2.8044867322834643
21
0.8122746456692913
0
LINE
8
BLACK
6
CONTINUOUS
10
2.8044867322834643
20
0.8122746456692913
11
2.8075000000000001
21
0.8128740157480315
0
LINE
8
BLACK
6
CONTINUOUS
10
2.8075000000000001
20
0.8128740157480315
11
2.8624999999999998
21
0.8128740157480315
0
LINE
8
BLACK
6
CONTINUOUS
10
2.8624999999999998
20
0.8128740157480315
11
2.8655132677165356
21
0.8122746456692913
0
LINE
8
BLACK
6
CONTINUOUS
10
0.4268124803149606
20
0.8320384251968503
11
0.429366968503937
21
0.8303315354330708
0
LINE
8
BLACK
6
CONTINUOUS
10
0.429366968503937
20
0.8303315354330708
11
0.4310738582677165
21
0.8277770472440945
0
LINE
8
BLACK
6
CONTINUOUS
10
0.4310738582677165
20
0.8277770472440945
11
0.4316732283464567
21
0.8247637795275591
0
LINE
8
BLACK
6
CONTINUOUS
10
0.4316732283464567
20
0.8247637795275591
11
0.4316732283464567
21
0.7897637795275591
0
LINE
8
BLACK
6
CONTINUOUS
10
0.4316732283464567
20
0.7897637795275591
11
0.4310738582677165
21
0.7867505118110236
0
LINE
8
BLACK
6
CONTINUOUS
10
0.4310738582677165
20
0.7867505118110236
11
0.429366968503937
21
0.7841960236220472
0
LINE
8
BLACK
6
CONTINUOUS
10
0.429366968503937
20
0.7841960236220472
11
0.4268124803149606
21
0.7824891338582677
0
LINE
8
BLACK
6
CONTINUOUS
10
0.4268124803149606
20
0.7824891338582677
11
0.4237992125984252
21
0.7818897637795276
0
LINE
8
BLACK
6
CONTINUOUS
10
0.4237992125984252
20
0.7818897637795276
11
0.3687992125984252
21
0.7818897637795276
0
LINE
8
BLACK
6
CONTINUOUS
10
0.3687992125984252
20
0.7818897637795276
11
0.3657859448818898
21
0.7824891338582677
0
LINE
8
BLACK
6
CONTINUOUS
10
0.3657859448818898
20
0.7824891338582677
11
0.3632314566929134
21
0.7841960236220472
0
LINE
8
BLACK
6
CONTINUOUS
10
0.3632314566929134
20
0.7841960236220472
11
0.3615245669291339
21
0.7867505118110236
0
LINE
8
BLACK
6
CONTINUOUS
10
0.3615245669291339
20
0.7867505118110236
11
0.3609251968503937
21
0.7897637795275591
0
LINE
8
BLACK
6
CONTINUOUS
10
0.3609251968503937
20
0.7897637795275591
11
0.3609251968503937
21
0.8247637795275591
0
LINE
8
BLACK
6
CONTINUOUS
10
0.3609251968503937
20
0.8247637795275591
11
0.3615245669291339
21
0.8277770472440945
0
LINE
8
BLACK
6
CONTINUOUS
10
0.3615245669291339
20
0.8277770472440945
11
0.3632314566929134
21
0.8303315354330708
0
LINE
8
BLACK
6
CONTINUOUS
10
0.3632314566929134
20
0.8303315354330708
11
0.3657859448818898
21
0.8320384251968503
0
LINE
8
BLACK
6
CONTINUOUS
10
0.3657859448818898
20
0.8320384251968503
11
0.3687992125984252
21
0.8326377952755906
0
LINE
8
BLACK
6
CONTINUOUS
10
0.3687992125984252
20
0.8326377952755906
11
0.4237992125984252
21
0.8326377952755906
0
LINE
8
BLACK
6
CONTINUOUS
10
0.4237992125984252
20
0.8326377952755906
11
0.4268124803149606
21
0.8320384251968503
0
LINE
8
BLACK
6
CONTINUOUS
10
0.5882888582677165
20
0.830188031496063
11
0.5908433464566929
21
0.8284811417322835
0
LINE
8
BLACK
6
CONTINUOUS
10
0.5908433464566929
20
0.8284811417322835
11
0.5925502362204724
21
0.8259266535433071
0
LINE
8
BLACK
6
CONTINUOUS
10
0.5925502362204724
20
0.8259266535433071
11
0.5931496062992125
21
0.8229133858267716
0
LINE
8
BLACK
6
CONTINUOUS
10
0.5931496062992125
20
0.8229133858267716
11
0.5931496062992125
21
0.7914173228346456
0
LINE
8
BLACK
6
CONTINUOUS
10
0.5931496062992125
20
0.7914173228346456
11
0.5925502362204724
21
0.7884040551181102
0
LINE
8
BLACK
6
CONTINUOUS
10
0.5925502362204724
20
0.7884040551181102
11
0.5908433464566929
21
0.7858495669291339
0
LINE
8
BLACK
6
CONTINUOUS
10
0.5908433464566929
20
0.7858495669291339
11
0.5882888582677165
21
0.7841426771653544
0
LINE
8
BLACK
6
CONTINUOUS
10
0.5882888582677165
20
0.7841426771653544
11
0.5852755905511811
21
0.7835433070866141
0
LINE
8
BLACK
6
CONTINUOUS
10
0.5852755905511811
20
0.7835433070866141
11
0.5498425196850394
21
0.7835433070866141
0
LINE
8
BLACK
6
CONTINUOUS
10
0.5498425196850394
20
0.7835433070866141
11
0.546829251968504
21
0.7841426771653544
0
LINE
8
BLACK
6
CONTINUOUS
10
0.546829251968504
20
0.7841426771653544
11
0.5442747637795275
21
0.7858495669291339
0
LINE
8
BLACK
6
CONTINUOUS
10
0.5442747637795275
20
0.7858495669291339
11
0.542567874015748
21
0.7884040551181102
0
LINE
8
BLACK
6
CONTINUOUS
10
0.542567874015748
20
0.7884040551181102
11
0.5419685039370079
21
0.7914173228346456
0
LINE
8
BLACK
6
CONTINUOUS
10
0.5419685039370079
20
0.7914173228346456
11
0.5419685039370079
21
0.8229133858267716
0
LINE
8
BLACK
6
CONTINUOUS
10
0.5419685039370079
20
0.8229133858267716
11
0.542567874015748
21
0.8259266535433071
0
LINE
8
BLACK
6
CONTINUOUS
10
0.542567874015748
20
0.8259266535433071
11
0.5442747637795275
21
0.8284811417322835
0
LINE
8
BLACK
6
CONTINUOUS
10
0.5442747637795275
20
0.8284811417322835
11
0.546829251968504
21
0.830188031496063
0
LINE
8
BLACK
6
CONTINUOUS
10
0.546829251968504
20
0.830188031496063
11
0.5498425196850394
21
0.8307874015748031
0
LINE
8
BLACK
6
CONTINUOUS
10
0.5498425196850394
20
0.8307874015748031
11
0.5852755905511811
21
0.8307874015748031
0
LINE
8
BLACK
6
CONTINUOUS
10
0.5852755905511811
20
0.8307874015748031
11
0.5882888582677165
21
0.830188031496063
0
LINE
8
BLACK
6
CONTINUOUS
10
2.6455132677165354
20
0.8647746456692913
11
2.6480677559055117
21
0.8630677559055118
0
LINE
8
BLACK
6
CONTINUOUS
10
2.6480677559055117
20
0.8630677559055118
11
2.6497746456692912
21
0.8605132677165355
0
LINE
8
BLACK
6
CONTINUOUS
10
2.6497746456692912
20
0.8605132677165355
11
2.6503740157480316
21
0.8574999999999999
0
LINE
8
BLACK
6
CONTINUOUS
10
2.6503740157480316
20
0.8574999999999999
11
2.6503740157480316
21
0.8025
0
LINE
8
BLACK
6
CONTINUOUS
10
2.6503740157480316
20
0.8025
11
2.6497746456692912
21
0.7994867322834646
0
LINE
8
BLACK
6
CONTINUOUS
10
2.6497746456692912
20
0.7994867322834646
11
2.6480677559055117
21
0.7969322440944882
0
LINE
8
BLACK
6
CONTINUOUS
10
2.6480677559055117
20
0.7969322440944882
11
2.6455132677165354
21
0.7952253543307086
0
LINE
8
BLACK
6
CONTINUOUS
10
2.6455132677165354
20
0.7952253543307086
11
2.6425000000000001
21
0.7946259842519685
0
LINE
8
BLACK
6
CONTINUOUS
10
2.6425000000000001
20
0.7946259842519685
11
2.6074999999999999
21
0.7946259842519685
0
LINE
8
BLACK
6
CONTINUOUS
10
2.6074999999999999
20
0.7946259842519685
11
2.6044867322834646
21
0.7952253543307086
0
LINE
8
BLACK
6
CONTINUOUS
10
2.6044867322834646
20
0.7952253543307086
11
2.6019322440944883
21
0.7969322440944882
0
LINE
8
BLACK
6
CONTINUOUS
10
2.6019322440944883
20
0.7969322440944882
11
2.6002253543307088
21
0.7994867322834646
0
LINE
8
BLACK
6
CONTINUOUS
10
2.6002253543307088
20
0.7994867322834646
11
2.5996259842519684
21
0.8025
0
LINE
8
BLACK
6
CONTINUOUS
10
2.5996259842519684
20
0.8025
11
2.5996259842519684
21
0.8574999999999999
0
LINE
8
BLACK
6
CONTINUOUS
10
2.5996259842519684
20
0.8574999999999999
11
2.6002253543307088
21
0.8605132677165355
0
LINE
8
BLACK
6
CONTINUOUS
10
2.6002253543307088
20
0.8605132677165355
11
2.6019322440944883
21
0.8630677559055118
0
LINE
8
BLACK
6
CONTINUOUS
10
2.6019322440944883
20
0.8630677559055118
11
2.6044867322834646
21
0.8647746456692913
0
LINE
8
BLACK
6
CONTINUOUS
10
2.6044867322834646
20
0.8647746456692913
11
2.6074999999999999
21
0.8653740157480315
0
LINE
8
BLACK
6
CONTINUOUS
10
2.6074999999999999
20
0.8653740157480315
11
2.6425000000000001
21
0.8653740157480315
0
LINE
8
BLACK
6
CONTINUOUS
10
2.6425000000000001
20
0.8653740157480315
11
2.6455132677165354
21
0.8647746456692913
0
LINE
8
BLACK
6
CONTINUOUS
10
2.7205132677165356
20
0.8647746456692913
11
2.7230677559055119
21
0.8630677559055118
0
LINE
8
BLACK
6
CONTINUOUS
10
2.7230677559055119
20
0.8630677559055118
11
2.7247746456692914
21
0.8605132677165355
0
LINE
8
BLACK
6
CONTINUOUS
10
2.7247746456692914
20
0.8605132677165355
11
2.7253740157480313
21
0.8574999999999999
0
LINE
8
BLACK
6
CONTINUOUS
10
2.7253740157480313
20
0.8574999999999999
11
2.7253740157480313
21
0.8025
0
LINE
8
BLACK
6
CONTINUOUS
10
2.7253740157480313
20
0.8025
11
2.7247746456692914
21
0.7994867322834646
0
LINE
8
BLACK
6
CONTINUOUS
10
2.7247746456692914
20
0.7994867322834646
11
2.7230677559055119
21
0.7969322440944882
0
LINE
8
BLACK
6
CONTINUOUS
10
2.7230677559055119
20
0.7969322440944882
11
2.7205132677165356
21
0.7952253543307086
0
LINE
8
BLACK
6
CONTINUOUS
10
2.7205132677165356
20
0.7952253543307086
11
2.7174999999999998
21
0.7946259842519685
0
LINE
8
BLACK
6
CONTINUOUS
10
2.7174999999999998
20
0.7946259842519685
11
2.6825000000000001
21
0.7946259842519685
0
LINE
8
BLACK
6
CONTINUOUS
10
2.6825000000000001
20
0.7946259842519685
11
2.6794867322834643
21
0.7952253543307086
0
LINE
8
BLACK
6
CONTINUOUS
10
2.6794867322834643
20
0.7952253543307086
11
2.676932244094488
21
0.7969322440944882
0
LINE
8
BLACK
6
CONTINUOUS
10
2.676932244094488
20
0.7969322440944882
11
2.6752253543307085
21
0.7994867322834646
0
LINE
8
BLACK
6
CONTINUOUS
10
2.6752253543307085
20
0.7994867322834646
11
2.6746259842519686
21
0.8025
0
LINE
8
BLACK
6
CONTINUOUS
10
2.6746259842519686
20
0.8025
11
2.6746259842519686
21
0.8574999999999999
0
LINE
8
BLACK
6
CONTINUOUS
10
2.6746259842519686
20
0.8574999999999999
11
2.6752253543307085
21
0.8605132677165355
0
LINE
8
BLACK
6
CONTINUOUS
10
2.6752253543307085
20
0.8605132677165355
11
2.676932244094488
21
0.8630677559055118
0
LINE
8
BLACK
6
CONTINUOUS
10
2.676932244094488
20
0.8630677559055118
11
2.6794867322834643
21
0.8647746456692913
0
LINE
8
BLACK
6
CONTINUOUS
10
2.6794867322834643
20
0.8647746456692913
11
2.6825000000000001
21
0.8653740157480315
0
LINE
8
BLACK
6
CONTINUOUS
10
2.6825000000000001
20
0.8653740157480315
11
2.7174999999999998
21
0.8653740157480315
0
LINE
8
BLACK
6
CONTINUOUS
10
2.7174999999999998
20
0.8653740157480315
11
2.7205132677165356
21
0.8647746456692913
0
LINE
8
BLACK
6
CONTINUOUS
10
1.8573833464566929
20
0.9651092913385827
11
1.8599378346456692
21
0.9634024015748032
0
LINE
8
BLACK
6
CONTINUOUS
10
1.8599378346456692
20
0.9634024015748032
11
1.8616447244094487
21
0.9608479133858268
0
LINE
8
BLACK
6
CONTINUOUS
10
1.8616447244094487
20
0.9608479133858268
11
1.8622440944881888
21
0.9578346456692913
0
LINE
8
BLACK
6
CONTINUOUS
10
1.8622440944881888
20
0.9578346456692913
11
1.8622440944881888
21
0.8082283464566929
0
LINE
8
BLACK
6
CONTINUOUS
10
1.8622440944881888
20
0.8082283464566929
11
1.8616447244094487
21
0.8052150787401574
0
LINE
8
BLACK
6
CONTINUOUS
10
1.8616447244094487
20
0.8052150787401574
11
1.8599378346456692
21
0.8026605905511811
0
LINE
8
BLACK
6
CONTINUOUS
10
1.8599378346456692
20
0.8026605905511811
11
1.8573833464566929
21
0.8009537007874016
0
LINE
8
BLACK
6
CONTINUOUS
10
1.8573833464566929
20
0.8009537007874016
11
1.8543700787401574
21
0.8003543307086614
0
LINE
8
BLACK
6
CONTINUOUS
10
1.8543700787401574
20
0.8003543307086614
11
1.8149999999999999
21
0.8003543307086614
0
LINE
8
BLACK
6
CONTINUOUS
10
1.8149999999999999
20
0.8003543307086614
11
1.8119867322834646
21
0.8009537007874016
0
LINE
8
BLACK
6
CONTINUOUS
10
1.8119867322834646
20
0.8009537007874016
11
1.8094322440944881
21
0.8026605905511811
0
LINE
8
BLACK
6
CONTINUOUS
10
1.8094322440944881
20
0.8026605905511811
11
1.8077253543307086
21
0.8052150787401574
0
LINE
8
BLACK
6
CONTINUOUS
10
1.8077253543307086
20
0.8052150787401574
11
1.8071259842519685
21
0.8082283464566929
0
LINE
8
BLACK
6
CONTINUOUS
10
1.8071259842519685
20
0.8082283464566929
11
1.8071259842519685
21
0.9578346456692913
0
LINE
8
BLACK
6
CONTINUOUS
10
1.8071259842519685
20
0.9578346456692913
11
1.8077253543307086
21
0.9608479133858268
0
LINE
8
BLACK
6
CONTINUOUS
10
1.8077253543307086
20
0.9608479133858268
11
1.8094322440944881
21
0.9634024015748032
0
LINE
8
BLACK
6
CONTINUOUS
10
1.8094322440944881
20
0.9634024015748032
11
1.8119867322834646
21
0.9651092913385827
0
LINE
8
BLACK
6
CONTINUOUS
10
1.8119867322834646
20
0.9651092913385827
11
1.8149999999999999
21
0.9657086614173228
0
LINE
8
BLACK
6
CONTINUOUS
10
1.8149999999999999
20
0.9657086614173228
11
1.8543700787401574
21
0.9657086614173228
0
LINE
8
BLACK
6
CONTINUOUS
10
1.8543700787401574
20
0.9657086614173228
11
1.8573833464566929
21
0.9651092913385827
0
LINE
8
BLACK
6
CONTINUOUS
10
3.5817927952755904
20
0.9651092913385827
11
3.5843472834645667
21
0.9634024015748032
0
LINE
8
BLACK
6
CONTINUOUS
10
3.5843472834645667
20
0.9634024015748032
11
3.5860541732283462
21
0.9608479133858268
0
LINE
8
BLACK
6
CONTINUOUS
10
3.5860541732283462
20
0.9608479133858268
11
3.5866535433070865
21
0.9578346456692913
0
LINE
8
BLACK
6
CONTINUOUS
10
3.5866535433070865
20
0.9578346456692913
11
3.5866535433070865
21
0.8082283464566929
0
LINE
8
BLACK
6
CONTINUOUS
10
3.5866535433070865
20
0.8082283464566929
11
3.5860541732283462
21
0.8052150787401574
0
LINE
8
BLACK
6
CONTINUOUS
10
3.5860541732283462
20
0.8052150787401574
11
3.5843472834645667
21
0.8026605905511811
0
LINE
8
BLACK
6
CONTINUOUS
10
3.5843472834645667
20
0.8026605905511811
11
3.5817927952755904
21
0.8009537007874016
0
LINE
8
BLACK
6
CONTINUOUS
10
3.5817927952755904
20
0.8009537007874016
11
3.578779527559055
21
0.8003543307086614
0
LINE
8
BLACK
6
CONTINUOUS
10
3.578779527559055
20
0.8003543307086614
11
3.5394094488188976
21
0.8003543307086614
0
LINE
8
BLACK
6
CONTINUOUS
10
3.5394094488188976
20
0.8003543307086614
11
3.5363961811023623
21
0.8009537007874016
0
LINE
8
BLACK
6
CONTINUOUS
10
3.5363961811023623
20
0.8009537007874016
11
3.5338416929133856
21
0.8026605905511811
0
LINE
8
BLACK
6
CONTINUOUS
10
3.5338416929133856
20
0.8026605905511811
11
3.532134803149606
21
0.8052150787401574
0
LINE
8
BLACK
6
CONTINUOUS
10
3.532134803149606
20
0.8052150787401574
11
3.5315354330708661
21
0.8082283464566929
0
LINE
8
BLACK
6
CONTINUOUS
10
3.5315354330708661
20
0.8082283464566929
11
3.5315354330708661
21
0.9578346456692913
0
LINE
8
BLACK
6
CONTINUOUS
10
3.5315354330708661
20
0.9578346456692913
11
3.532134803149606
21
0.9608479133858268
0
LINE
8
BLACK
6
CONTINUOUS
10
3.532134803149606
20
0.9608479133858268
11
3.5338416929133856
21
0.9634024015748032
0
LINE
8
BLACK
6
CONTINUOUS
10
3.5338416929133856
20
0.9634024015748032
11
3.5363961811023623
21
0.9651092913385827
0
LINE
8
BLACK
6
CONTINUOUS
10
3.5363961811023623
20
0.9651092913385827
11
3.5394094488188976
21
0.9657086614173228
0
LINE
8
BLACK
6
CONTINUOUS
10
3.5394094488188976
20
0.9657086614173228
11
3.578779527559055
21
0.9657086614173228
0
LINE
8
BLACK
6
CONTINUOUS
10
3.578779527559055
20
0.9657086614173228
11
3.5817927952755904
21
0.9651092913385827
0
LINE
8
BLACK
6
CONTINUOUS
10
0.0610447637795276
20
0.9675108661417322
11
0.0635992519685039
21
0.9658039763779528
0
LINE
8
BLACK
6
CONTINUOUS
10
0.0635992519685039
20
0.9658039763779528
11
0.0653061417322835
21
0.9632494881889764
0
LINE
8
BLACK
6
CONTINUOUS
10
0.0653061417322835
20
0.9632494881889764
11
0.0659055118110236
21
0.9602362204724409
0
LINE
8
BLACK
6
CONTINUOUS
10
0.0659055118110236
20
0.9602362204724409
11
0.0659055118110236
21
0.8106299212598425
0
LINE
8
BLACK
6
CONTINUOUS
10
0.0659055118110236
20
0.8106299212598425
11
0.0653061417322835
21
0.807616653543307
0
LINE
8
BLACK
6
CONTINUOUS
10
0.0653061417322835
20
0.807616653543307
11
0.0635992519685039
21
0.8050621653543307
0
LINE
8
BLACK
6
CONTINUOUS
10
0.0635992519685039
20
0.8050621653543307
11
0.0610447637795276
21
0.8033552755905512
0
LINE
8
BLACK
6
CONTINUOUS
10
0.0610447637795276
20
0.8033552755905512
11
0.0580314960629921
21
0.802755905511811
0
LINE
8
BLACK
6
CONTINUOUS
10
0.0580314960629921
20
0.802755905511811
11
0.0186614173228346
21
0.802755905511811
0
LINE
8
BLACK
6
CONTINUOUS
10
0.0186614173228346
20
0.802755905511811
11
0.0156481496062992
21
0.8033552755905512
0
LINE
8
BLACK
6
CONTINUOUS
10
0.0156481496062992
20
0.8033552755905512
11
0.0130936614173228
21
0.8050621653543307
0
LINE
8
BLACK
6
CONTINUOUS
10
0.0130936614173228
20
0.8050621653543307
11
0.0113867716535433
21
0.807616653543307
0
LINE
8
BLACK
6
CONTINUOUS
10
0.0113867716535433
20
0.807616653543307
11
0.0107874015748031
21
0.8106299212598425
0
LINE
8
BLACK
6
CONTINUOUS
10
0.0107874015748031
20
0.8106299212598425
11
0.0107874015748031
21
0.9602362204724409
0
LINE
8
BLACK
6
CONTINUOUS
10
0.0107874015748031
20
0.9602362204724409
11
0.0113867716535433
21
0.9632494881889764
0
LINE
8
BLACK
6
CONTINUOUS
10
0.0113867716535433
20
0.9632494881889764
11
0.0130936614173228
21
0.9658039763779528
0
LINE
8
BLACK
6
CONTINUOUS
10
0.0130936614173228
20
0.9658039763779528
11
0.0156481496062992
21
0.9675108661417322
0
LINE
8
BLACK
6
CONTINUOUS
10
0.0156481496062992
20
0.9675108661417322
11
0.0186614173228346
21
0.9681102362204724
0
LINE
8
BLACK
6
CONTINUOUS
10
0.0186614173228346
20
0.9681102362204724
11
0.0580314960629921
21
0.9681102362204724
0
LINE
8
BLACK
6
CONTINUOUS
10
0.0580314960629921
20
0.9681102362204724
11
0.0610447637795276
21
0.9675108661417322
0
LINE
8
BLACK
6
CONTINUOUS
10
1.7854542125984252
20
0.9675108661417322
11
1.7880087007874015
21
0.9658039763779528
0
LINE
8
BLACK
6
CONTINUOUS
10
1.7880087007874015
20
0.9658039763779528
11
1.789715590551181
21
0.9632494881889764
0
LINE
8
BLACK
6
CONTINUOUS
10
1.789715590551181
20
0.9632494881889764
11
1.7903149606299211
21
0.9602362204724409
0
LINE
8
BLACK
6
CONTINUOUS
10
1.7903149606299211
20
0.9602362204724409
11
1.7903149606299211
21
0.8106299212598425
0
LINE
8
BLACK
6
CONTINUOUS
10
1.7903149606299211
20
0.8106299212598425
11
1.789715590551181
21
0.807616653543307
0
LINE
8
BLACK
6
CONTINUOUS
10
1.789715590551181
20
0.807616653543307
11
1.7880087007874015
21
0.8050621653543307
0
LINE
8
BLACK
6
CONTINUOUS
10
1.7880087007874015
20
0.8050621653543307
11
1.7854542125984252
21
0.8033552755905512
0
LINE
8
BLACK
6
CONTINUOUS
10
1.7854542125984252
20
0.8033552755905512
11
1.7824409448818896
21
0.802755905511811
0
LINE
8
BLACK
6
CONTINUOUS
10
1.7824409448818896
20
0.802755905511811
11
1.7430708661417322
21
0.802755905511811
0
LINE
8
BLACK
6
CONTINUOUS
10
1.7430708661417322
20
0.802755905511811
11
1.7400575984251969
21
0.8033552755905512
0
LINE
8
BLACK
6
CONTINUOUS
10
1.7400575984251969
20
0.8033552755905512
11
1.7375031102362204
21
0.8050621653543307
0
LINE
8
BLACK
6
CONTINUOUS
10
1.7375031102362204
20
0.8050621653543307
11
1.7357962204724409
21
0.807616653543307
0
LINE
8
BLACK
6
CONTINUOUS
10
1.7357962204724409
20
0.807616653543307
11
1.7351968503937008
21
0.8106299212598425
0
LINE
8
BLACK
6
CONTINUOUS
10
1.7351968503937008
20
0.8106299212598425
11
1.7351968503937008
21
0.9602362204724409
0
LINE
8
BLACK
6
CONTINUOUS
10
1.7351968503937008
20
0.9602362204724409
11
1.7357962204724409
21
0.9632494881889764
0
LINE
8
BLACK
6
CONTINUOUS
10
1.7357962204724409
20
0.9632494881889764
11
1.7375031102362204
21
0.9658039763779528
0
LINE
8
BLACK
6
CONTINUOUS
10
1.7375031102362204
20
0.9658039763779528
11
1.7400575984251969
21
0.9675108661417322
0
LINE
8
BLACK
6
CONTINUOUS
10
1.7400575984251969
20
0.9675108661417322
11
1.7430708661417322
21
0.9681102362204724
0
LINE
8
BLACK
6
CONTINUOUS
10
1.7430708661417322
20
0.9681102362204724
11
1.7824409448818896
21
0.9681102362204724
0
LINE
8
BLACK
6
CONTINUOUS
10
1.7824409448818896
20
0.9681102362204724
11
1.7854542125984252
21
0.9675108661417322
0
LINE
8
BLACK
6
CONTINUOUS
10
0.2518124803149606
20
0.8745384251968503
11
0.254366968503937
21
0.8728315354330708
0
LINE
8
BLACK
6
CONTINUOUS
10
0.254366968503937
20
0.8728315354330708
11
0.2560738582677165
21
0.8702770472440945
0
LINE
8
BLACK
6
CONTINUOUS
10
0.2560738582677165
20
0.8702770472440945
11
0.2566732283464567
21
0.8672637795275591
0
LINE
8
BLACK
6
CONTINUOUS
10
0.2566732283464567
20
0.8672637795275591
11
0.2566732283464567
21
0.812263779527559
0
LINE
8
BLACK
6
CONTINUOUS
10
0.2566732283464567
20
0.812263779527559
11
0.2560738582677165
21
0.8092505118110236
0
LINE
8
BLACK
6
CONTINUOUS
10
0.2560738582677165
20
0.8092505118110236
11
0.254366968503937
21
0.8066960236220472
0
LINE
8
BLACK
6
CONTINUOUS
10
0.254366968503937
20
0.8066960236220472
11
0.2518124803149606
21
0.8049891338582676
0
LINE
8
BLACK
6
CONTINUOUS
10
0.2518124803149606
20
0.8049891338582676
11
0.2487992125984252
21
0.8043897637795275
0
LINE
8
BLACK
6
CONTINUOUS
10
0.2487992125984252
20
0.8043897637795275
11
0.2137992125984252
21
0.8043897637795275
0
LINE
8
BLACK
6
CONTINUOUS
10
0.2137992125984252
20
0.8043897637795275
11
0.2107859448818898
21
0.8049891338582676
0
LINE
8
BLACK
6
CONTINUOUS
10
0.2107859448818898
20
0.8049891338582676
11
0.2082314566929134
21
0.8066960236220472
0
LINE
8
BLACK
6
CONTINUOUS
10
0.2082314566929134
20
0.8066960236220472
11
0.2065245669291338
21
0.8092505118110236
0
LINE
8
BLACK
6
CONTINUOUS
10
0.2065245669291338
20
0.8092505118110236
11
0.2059251968503937
21
0.812263779527559
0
LINE
8
BLACK
6
CONTINUOUS
10
0.2059251968503937
20
0.812263779527559
11
0.2059251968503937
21
0.8672637795275591
0
LINE
8
BLACK
6
CONTINUOUS
10
0.2059251968503937
20
0.8672637795275591
11
0.2065245669291338
21
0.8702770472440945
0
LINE
8
BLACK
6
CONTINUOUS
10
0.2065245669291338
20
0.8702770472440945
11
0.2082314566929134
21
0.8728315354330708
0
LINE
8
BLACK
6
CONTINUOUS
10
0.2082314566929134
20
0.8728315354330708
11
0.2107859448818898
21
0.8745384251968503
0
LINE
8
BLACK
6
CONTINUOUS
10
0.2107859448818898
20
0.8745384251968503
11
0.2137992125984252
21
0.8751377952755905
0
LINE
8
BLACK
6
CONTINUOUS
10
0.2137992125984252
20
0.8751377952755905
11
0.2487992125984252
21
0.8751377952755905
0
LINE
8
BLACK
6
CONTINUOUS
10
0.2487992125984252
20
0.8751377952755905
11
0.2518124803149606
21
0.8745384251968503
0
LINE
8
BLACK
6
CONTINUOUS
10
0.3268124803149606
20
0.8745384251968503
11
0.329366968503937
21
0.8728315354330708
0
LINE
8
BLACK
6
CONTINUOUS
10
0.329366968503937
20
0.8728315354330708
11
0.3310738582677165
21
0.8702770472440945
0
LINE
8
BLACK
6
CONTINUOUS
10
0.3310738582677165
20
0.8702770472440945
11
0.3316732283464567
21
0.8672637795275591
0
LINE
8
BLACK
6
CONTINUOUS
10
0.3316732283464567
20
0.8672637795275591
11
0.3316732283464567
21
0.812263779527559
0
LINE
8
BLACK
6
CONTINUOUS
10
0.3316732283464567
20
0.812263779527559
11
0.3310738582677165
21
0.8092505118110236
0
LINE
8
BLACK
6
CONTINUOUS
10
0.3310738582677165
20
0.8092505118110236
11
0.329366968503937
21
0.8066960236220472
0
LINE
8
BLACK
6
CONTINUOUS
10
0.329366968503937
20
0.8066960236220472
11
0.3268124803149606
21
0.8049891338582676
0
LINE
8
BLACK
6
CONTINUOUS
10
0.3268124803149606
20
0.8049891338582676
11
0.3237992125984252
21
0.8043897637795275
0
LINE
8
BLACK
6
CONTINUOUS
10
0.3237992125984252
20
0.8043897637795275
11
0.2887992125984252
21
0.8043897637795275
0
LINE
8
BLACK
6
CONTINUOUS
10
0.2887992125984252
20
0.8043897637795275
11
0.2857859448818897
21
0.8049891338582676
0
LINE
8
BLACK
6
CONTINUOUS
10
0.2857859448818897
20
0.8049891338582676
11
0.2832314566929134
21
0.8066960236220472
0
LINE
8
BLACK
6
CONTINUOUS
10
0.2832314566929134
20
0.8066960236220472
11
0.2815245669291339
21
0.8092505118110236
0
LINE
8
BLACK
6
CONTINUOUS
10
0.2815245669291339
20
0.8092505118110236
11
0.2809251968503937
21
0.812263779527559
0
LINE
8
BLACK
6
CONTINUOUS
10
0.2809251968503937
20
0.812263779527559
11
0.2809251968503937
21
0.8672637795275591
0
LINE
8
BLACK
6
CONTINUOUS
10
0.2809251968503937
20
0.8672637795275591
11
0.2815245669291339
21
0.8702770472440945
0
LINE
8
BLACK
6
CONTINUOUS
10
0.2815245669291339
20
0.8702770472440945
11
0.2832314566929134
21
0.8728315354330708
0
LINE
8
BLACK
6
CONTINUOUS
10
0.2832314566929134
20
0.8728315354330708
11
0.2857859448818897
21
0.8745384251968503
0
LINE
8
BLACK
6
CONTINUOUS
10
0.2857859448818897
20
0.8745384251968503
11
0.2887992125984252
21
0.8751377952755905
0
LINE
8
BLACK
6
CONTINUOUS
10
0.2887992125984252
20
0.8751377952755905
11
0.3237992125984252
21
0.8751377952755905
0
LINE
8
BLACK
6
CONTINUOUS
10
0.3237992125984252
20
0.8751377952755905
11
0.3268124803149606
21
0.8745384251968503
0
LINE
8
BLACK
6
CONTINUOUS
10
3.0605132677165354
20
0.8722746456692914
11
3.0630677559055117
21
0.8705677559055118
0
LINE
8
BLACK
6
CONTINUOUS
10
3.0630677559055117
20
0.8705677559055118
11
3.0647746456692913
21
0.8680132677165354
0
LINE
8
BLACK
6
CONTINUOUS
10
3.0647746456692913
20
0.8680132677165354
11
3.0653740157480316
21
0.865
0
LINE
8
BLACK
6
CONTINUOUS
10
3.0653740157480316
20
0.865
11
3.0653740157480316
21
0.83
0
LINE
8
BLACK
6
CONTINUOUS
10
3.0653740157480316
20
0.83
11
3.0647746456692913
21
0.8269867322834645
0
LINE
8
BLACK
6
CONTINUOUS
10
3.0647746456692913
20
0.8269867322834645
11
3.0630677559055117
21
0.8244322440944881
0
LINE
8
BLACK
6
CONTINUOUS
10
3.0630677559055117
20
0.8244322440944881
11
3.0605132677165354
21
0.8227253543307086
0
LINE
8
BLACK
6
CONTINUOUS
10
3.0605132677165354
20
0.8227253543307086
11
3.0575000000000001
21
0.8221259842519685
0
LINE
8
BLACK
6
CONTINUOUS
10
3.0575000000000001
20
0.8221259842519685
11
3.0024999999999999
21
0.8221259842519685
0
LINE
8
BLACK
6
CONTINUOUS
10
3.0024999999999999
20
0.8221259842519685
11
2.9994867322834646
21
0.8227253543307086
0
LINE
8
BLACK
6
CONTINUOUS
10
2.9994867322834646
20
0.8227253543307086
11
2.9969322440944883
21
0.8244322440944881
0
LINE
8
BLACK
6
CONTINUOUS
10
2.9969322440944883
20
0.8244322440944881
11
2.9952253543307088
21
0.8269867322834645
0
LINE
8
BLACK
6
CONTINUOUS
10
2.9952253543307088
20
0.8269867322834645
11
2.9946259842519685
21
0.83
0
LINE
8
BLACK
6
CONTINUOUS
10
2.9946259842519685
20
0.83
11
2.9946259842519685
21
0.865
0
LINE
8
BLACK
6
CONTINUOUS
10
2.9946259842519685
20
0.865
11
2.9952253543307088
21
0.8680132677165354
0
LINE
8
BLACK
6
CONTINUOUS
10
2.9952253543307088
20
0.8680132677165354
11
2.9969322440944883
21
0.8705677559055118
0
LINE
8
BLACK
6
CONTINUOUS
10
2.9969322440944883
20
0.8705677559055118
11
2.9994867322834646
21
0.8722746456692914
0
LINE
8
BLACK
6
CONTINUOUS
10
2.9994867322834646
20
0.8722746456692914
11
3.0024999999999999
21
0.8728740157480315
0
LINE
8
BLACK
6
CONTINUOUS
10
3.0024999999999999
20
0.8728740157480315
11
3.0575000000000001
21
0.8728740157480315
0
LINE
8
BLACK
6
CONTINUOUS
10
3.0575000000000001
20
0.8728740157480315
11
3.0605132677165354
21
0.8722746456692914
0
LINE
8
BLACK
6
CONTINUOUS
10
2.8185644488188974
20
0.8842825196850393
11
2.820472440944882
21
0.8830075984251968
0
LINE
8
BLACK
6
CONTINUOUS
10
2.820472440944882
20
0.8830075984251968
11
2.8223804330708662
21
0.8842825196850393
0
LINE
8
BLACK
6
CONTINUOUS
10
2.8223804330708662
20
0.8842825196850393
11
2.8253937007874015
21
0.8848818897637795
0
LINE
8
BLACK
6
CONTINUOUS
10
2.8253937007874015
20
0.8848818897637795
11
2.8352362204724408
21
0.8848818897637795
0
LINE
8
BLACK
6
CONTINUOUS
10
2.8352362204724408
20
0.8848818897637795
11
2.8382494881889762
21
0.8842825196850393
0
LINE
8
BLACK
6
CONTINUOUS
10
2.8382494881889762
20
0.8842825196850393
11
2.8401574803149607
21
0.8830075984251968
0
LINE
8
BLACK
6
CONTINUOUS
10
2.8401574803149607
20
0.8830075984251968
11
2.8420654724409449
21
0.8842825196850393
0
LINE
8
BLACK
6
CONTINUOUS
10
2.8420654724409449
20
0.8842825196850393
11
2.8450787401574802
21
0.8848818897637795
0
LINE
8
BLACK
6
CONTINUOUS
10
2.8450787401574802
20
0.8848818897637795
11
2.8549212598425195
21
0.8848818897637795
0
LINE
8
BLACK
6
CONTINUOUS
10
2.8549212598425195
20
0.8848818897637795
11
2.8579345275590549
21
0.8842825196850393
0
LINE
8
BLACK
6
CONTINUOUS
10
2.8579345275590549
20
0.8842825196850393
11
2.8598425196850394
21
0.8830075984251968
0
LINE
8
BLACK
6
CONTINUOUS
10
2.8598425196850394
20
0.8830075984251968
11
2.8617505118110236
21
0.8842825196850393
0
LINE
8
BLACK
6
CONTINUOUS
10
2.8617505118110236
20
0.8842825196850393
11
2.8647637795275589
21
0.8848818897637795
0
LINE
8
BLACK
6
CONTINUOUS
10
2.8647637795275589
20
0.8848818897637795
11
2.8746062992125982
21
0.8848818897637795
0
LINE
8
BLACK
6
CONTINUOUS
10
2.8746062992125982
20
0.8848818897637795
11
2.877619566929134
21
0.8842825196850393
0
LINE
8
BLACK
6
CONTINUOUS
10
2.877619566929134
20
0.8842825196850393
11
2.8795275590551181
21
0.8830075984251968
0
LINE
8
BLACK
6
CONTINUOUS
10
2.8795275590551181
20
0.8830075984251968
11
2.8814355511811023
21
0.8842825196850393
0
LINE
8
BLACK
6
CONTINUOUS
10
2.8814355511811023
20
0.8842825196850393
11
2.8844488188976376
21
0.8848818897637795
0
LINE
8
BLACK
6
CONTINUOUS
10
2.8844488188976376
20
0.8848818897637795
11
2.894291338582677
21
0.8848818897637795
0
LINE
8
BLACK
6
CONTINUOUS
10
2.894291338582677
20
0.8848818897637795
11
2.8973046062992127
21
0.8842825196850393
0
LINE
8
BLACK
6
CONTINUOUS
10
2.8973046062992127
20
0.8842825196850393
11
2.899859094488189
21
0.8825756299212598
0
LINE
8
BLACK
6
CONTINUOUS
10
2.899859094488189
20
0.8825756299212598
11
2.9015659842519685
21
0.8800211417322834
0
LINE
8
BLACK
6
CONTINUOUS
10
2.9015659842519685
20
0.8800211417322834
11
2.9021653543307084
21
0.877007874015748
0
LINE
8
BLACK
6
CONTINUOUS
10
2.9021653543307084
20
0.877007874015748
11
2.9021653543307084
21
0.8337007874015748
0
LINE
8
BLACK
6
CONTINUOUS
10
2.9021653543307084
20
0.8337007874015748
11
2.9015659842519685
21
0.8306875196850394
0
LINE
8
BLACK
6
CONTINUOUS
10
2.9015659842519685
20
0.8306875196850394
11
2.899859094488189
21
0.828133031496063
0
LINE
8
BLACK
6
CONTINUOUS
10
2.899859094488189
20
0.828133031496063
11
2.8973046062992127
21
0.8264261417322835
0
LINE
8
BLACK
6
CONTINUOUS
10
2.8973046062992127
20
0.8264261417322835
11
2.894291338582677
21
0.8258267716535432
0
LINE
8
BLACK
6
CONTINUOUS
10
2.894291338582677
20
0.8258267716535432
11
2.8844488188976376
21
0.8258267716535432
0
LINE
8
BLACK
6
CONTINUOUS
10
2.8844488188976376
20
0.8258267716535432
11
2.8814355511811023
21
0.8264261417322835
0
LINE
8
BLACK
6
CONTINUOUS
10
2.8814355511811023
20
0.8264261417322835
11
2.8795275590551181
21
0.8277010236220472
0
LINE
8
BLACK
6
CONTINUOUS
10
2.8795275590551181
20
0.8277010236220472
11
2.877619566929134
21
0.8264261417322835
0
LINE
8
BLACK
6
CONTINUOUS
10
2.877619566929134
20
0.8264261417322835
11
2.8746062992125982
21
0.8258267716535432
0
LINE
8
BLACK
6
CONTINUOUS
10
2.8746062992125982
20
0.8258267716535432
11
2.8647637795275589
21
0.8258267716535432
0
LINE
8
BLACK
6
CONTINUOUS
10
2.8647637795275589
20
0.8258267716535432
11
2.8617505118110236
21
0.8264261417322835
0
LINE
8
BLACK
6
CONTINUOUS
10
2.8617505118110236
20
0.8264261417322835
11
2.8598425196850394
21
0.8277010236220472
0
LINE
8
BLACK
6
CONTINUOUS
10
2.8598425196850394
20
0.8277010236220472
11
2.8579345275590549
21
0.8264261417322835
0
LINE
8
BLACK
6
CONTINUOUS
10
2.8579345275590549
20
0.8264261417322835
11
2.8549212598425195
21
0.8258267716535432
0
LINE
8
BLACK
6
CONTINUOUS
10
2.8549212598425195
20
0.8258267716535432
11
2.8450787401574802
21
0.8258267716535432
0
LINE
8
BLACK
6
CONTINUOUS
10
2.8450787401574802
20
0.8258267716535432
11
2.8420654724409449
21
0.8264261417322835
0
LINE
8
BLACK
6
CONTINUOUS
10
2.8420654724409449
20
0.8264261417322835
11
2.8401574803149607
21
0.8277010236220472
0
LINE
8
BLACK
6
CONTINUOUS
10
2.8401574803149607
20
0.8277010236220472
11
2.8382494881889762
21
0.8264261417322835
0
LINE
8
BLACK
6
CONTINUOUS
10
2.8382494881889762
20
0.8264261417322835
11
2.8352362204724408
21
0.8258267716535432
0
LINE
8
BLACK
6
CONTINUOUS
10
2.8352362204724408
20
0.8258267716535432
11
2.8253937007874015
21
0.8258267716535432
0
LINE
8
BLACK
6
CONTINUOUS
10
2.8253937007874015
20
0.8258267716535432
11
2.8223804330708662
21
0.8264261417322835
0
LINE
8
BLACK
6
CONTINUOUS
10
2.8223804330708662
20
0.8264261417322835
11
2.820472440944882
21
0.8277010236220472
0
LINE
8
BLACK
6
CONTINUOUS
10
2.820472440944882
20
0.8277010236220472
11
2.8185644488188974
21
0.8264261417322835
0
LINE
8
BLACK
6
CONTINUOUS
10
2.8185644488188974
20
0.8264261417322835
11
2.8155511811023621
21
0.8258267716535432
0
LINE
8
BLACK
6
CONTINUOUS
10
2.8155511811023621
20
0.8258267716535432
11
2.8057086614173228
21
0.8258267716535432
0
LINE
8
BLACK
6
CONTINUOUS
10
2.8057086614173228
20
0.8258267716535432
11
2.8026953937007875
21
0.8264261417322835
0
LINE
8
BLACK
6
CONTINUOUS
10
2.8026953937007875
20
0.8264261417322835
11
2.8001409055118112
21
0.828133031496063
0
LINE
8
BLACK
6
CONTINUOUS
10
2.8001409055118112
20
0.828133031496063
11
2.7984340157480316
21
0.8306875196850394
0
LINE
8
BLACK
6
CONTINUOUS
10
2.7984340157480316
20
0.8306875196850394
11
2.7978346456692913
21
0.8337007874015748
0
LINE
8
BLACK
6
CONTINUOUS
10
2.7978346456692913
20
0.8337007874015748
11
2.7978346456692913
21
0.877007874015748
0
LINE
8
BLACK
6
CONTINUOUS
10
2.7978346456692913
20
0.877007874015748
11
2.7984340157480316
21
0.8800211417322834
0
LINE
8
BLACK
6
CONTINUOUS
10
2.7984340157480316
20
0.8800211417322834
11
2.8001409055118112
21
0.8825756299212598
0
LINE
8
BLACK
6
CONTINUOUS
10
2.8001409055118112
20
0.8825756299212598
11
2.8026953937007875
21
0.8842825196850393
0
LINE
8
BLACK
6
CONTINUOUS
10
2.8026953937007875
20
0.8842825196850393
11
2.8057086614173228
21
0.8848818897637795
0
LINE
8
BLACK
6
CONTINUOUS
10
2.8057086614173228
20
0.8848818897637795
11
2.8155511811023621
21
0.8848818897637795
0
LINE
8
BLACK
6
CONTINUOUS
10
2.8155511811023621
20
0.8848818897637795
11
2.8185644488188974
21
0.8842825196850393
0
LINE
8
BLACK
6
CONTINUOUS
10
1.4368124803149607
20
0.8770384251968504
11
1.439366968503937
21
0.8753315354330709
0
LINE
8
BLACK
6
CONTINUOUS
10
1.439366968503937
20
0.8753315354330709
11
1.4410738582677165
21
0.8727770472440944
0
LINE
8
BLACK
6
CONTINUOUS
10
1.4410738582677165
20
0.8727770472440944
11
1.4416732283464566
21
0.869763779527559
0
LINE
8
BLACK
6
CONTINUOUS
10
1.4416732283464566
20
0.869763779527559
11
1.4416732283464566
21
0.8347637795275591
0
LINE
8
BLACK
6
CONTINUOUS
10
1.4416732283464566
20
0.8347637795275591
11
1.4410738582677165
21
0.8317505118110236
0
LINE
8
BLACK
6
CONTINUOUS
10
1.4410738582677165
20
0.8317505118110236
11
1.439366968503937
21
0.8291960236220473
0
LINE
8
BLACK
6
CONTINUOUS
10
1.439366968503937
20
0.8291960236220473
11
1.4368124803149607
21
0.8274891338582677
0
LINE
8
BLACK
6
CONTINUOUS
10
1.4368124803149607
20
0.8274891338582677
11
1.4337992125984251
21
0.8268897637795275
0
LINE
8
BLACK
6
CONTINUOUS
10
1.4337992125984251
20
0.8268897637795275
11
1.3787992125984252
21
0.8268897637795275
0
LINE
8
BLACK
6
CONTINUOUS
10
1.3787992125984252
20
0.8268897637795275
11
1.3757859448818897
21
0.8274891338582677
0
LINE
8
BLACK
6
CONTINUOUS
10
1.3757859448818897
20
0.8274891338582677
11
1.3732314566929134
21
0.8291960236220473
0
LINE
8
BLACK
6
CONTINUOUS
10
1.3732314566929134
20
0.8291960236220473
11
1.3715245669291338
21
0.8317505118110236
0
LINE
8
BLACK
6
CONTINUOUS
10
1.3715245669291338
20
0.8317505118110236
11
1.3709251968503937
21
0.8347637795275591
0
LINE
8
BLACK
6
CONTINUOUS
10
1.3709251968503937
20
0.8347637795275591
11
1.3709251968503937
21
0.869763779527559
0
LINE
8
BLACK
6
CONTINUOUS
10
1.3709251968503937
20
0.869763779527559
11
1.3715245669291338
21
0.8727770472440944
0
LINE
8
BLACK
6
CONTINUOUS
10
1.3715245669291338
20
0.8727770472440944
11
1.3732314566929134
21
0.8753315354330709
0
LINE
8
BLACK
6
CONTINUOUS
10
1.3732314566929134
20
0.8753315354330709
11
1.3757859448818897
21
0.8770384251968504
0
LINE
8
BLACK
6
CONTINUOUS
10
1.3757859448818897
20
0.8770384251968504
11
1.3787992125984252
21
0.8776377952755905
0
LINE
8
BLACK
6
CONTINUOUS
10
1.3787992125984252
20
0.8776377952755905
11
1.4337992125984251
21
0.8776377952755905
0
LINE
8
BLACK
6
CONTINUOUS
10
1.4337992125984251
20
0.8776377952755905
11
1.4368124803149607
21
0.8770384251968504
0
LINE
8
BLACK
6
CONTINUOUS
10
1.7181707480314961
20
0.8722352755905511
11
1.7207252362204724
21
0.8705283858267716
0
LINE
8
BLACK
6
CONTINUOUS
10
1.7207252362204724
20
0.8705283858267716
11
1.7224321259842519
21
0.8679738976377953
0
LINE
8
BLACK
6
CONTINUOUS
10
1.7224321259842519
20
0.8679738976377953
11
1.723031496062992
21
0.8649606299212598
0
LINE
8
BLACK
6
CONTINUOUS
10
1.723031496062992
20
0.8649606299212598
11
1.723031496062992
21
0.8393700787401575
0
LINE
8
BLACK
6
CONTINUOUS
10
1.723031496062992
20
0.8393700787401575
11
1.7224321259842519
21
0.836356811023622
0
LINE
8
BLACK
6
CONTINUOUS
10
1.7224321259842519
20
0.836356811023622
11
1.7207252362204724
21
0.8338023228346456
0
LINE
8
BLACK
6
CONTINUOUS
10
1.7207252362204724
20
0.8338023228346456
11
1.7181707480314961
21
0.8320954330708661
0
LINE
8
BLACK
6
CONTINUOUS
10
1.7181707480314961
20
0.8320954330708661
11
1.7151574803149605
21
0.831496062992126
0
LINE
8
BLACK
6
CONTINUOUS
10
1.7151574803149605
20
0.831496062992126
11
1.653740157480315
21
0.831496062992126
0
LINE
8
BLACK
6
CONTINUOUS
10
1.653740157480315
20
0.831496062992126
11
1.6507268897637795
21
0.8320954330708661
0
LINE
8
BLACK
6
CONTINUOUS
10
1.6507268897637795
20
0.8320954330708661
11
1.6481724015748032
21
0.8338023228346456
0
LINE
8
BLACK
6
CONTINUOUS
10
1.6481724015748032
20
0.8338023228346456
11
1.6464655118110236
21
0.836356811023622
0
LINE
8
BLACK
6
CONTINUOUS
10
1.6464655118110236
20
0.836356811023622
11
1.6458661417322835
21
0.8393700787401575
0
LINE
8
BLACK
6
CONTINUOUS
10
1.6458661417322835
20
0.8393700787401575
11
1.6458661417322835
21
0.8649606299212598
0
LINE
8
BLACK
6
CONTINUOUS
10
1.6458661417322835
20
0.8649606299212598
11
1.6464655118110236
21
0.8679738976377953
0
LINE
8
BLACK
6
CONTINUOUS
10
1.6464655118110236
20
0.8679738976377953
11
1.6481724015748032
21
0.8705283858267716
0
LINE
8
BLACK
6
CONTINUOUS
10
1.6481724015748032
20
0.8705283858267716
11
1.6507268897637795
21
0.8722352755905511
0
LINE
8
BLACK
6
CONTINUOUS
10
1.6507268897637795
20
0.8722352755905511
11
1.653740157480315
21
0.8728346456692914
0
LINE
8
BLACK
6
CONTINUOUS
10
1.653740157480315
20
0.8728346456692914
11
1.7151574803149605
21
0.8728346456692914
0
LINE
8
BLACK
6
CONTINUOUS
10
1.7151574803149605
20
0.8728346456692914
11
1.7181707480314961
21
0.8722352755905511
0
LINE
8
BLACK
6
CONTINUOUS
10
2.4830132677165353
20
0.9097746456692913
11
2.4855677559055116
21
0.9080677559055118
0
LINE
8
BLACK
6
CONTINUOUS
10
2.4855677559055116
20
0.9080677559055118
11
2.4872746456692911
21
0.9055132677165354
0
LINE
8
BLACK
6
CONTINUOUS
10
2.4872746456692911
20
0.9055132677165354
11
2.4878740157480315
21
0.9025
0
LINE
8
BLACK
6
CONTINUOUS
10
2.4878740157480315
20
0.9025
11
2.4878740157480315
21
0.8475
0
LINE
8
BLACK
6
CONTINUOUS
10
2.4878740157480315
20
0.8475
11
2.4872746456692911
21
0.8444867322834646
0
LINE
8
BLACK
6
CONTINUOUS
10
2.4872746456692911
20
0.8444867322834646
11
2.4855677559055116
21
0.8419322440944882
0
LINE
8
BLACK
6
CONTINUOUS
10
2.4855677559055116
20
0.8419322440944882
11
2.4830132677165353
21
0.8402253543307087
0
LINE
8
BLACK
6
CONTINUOUS
10
2.4830132677165353
20
0.8402253543307087
11
2.48
21
0.8396259842519684
0
LINE
8
BLACK
6
CONTINUOUS
10
2.48
20
0.8396259842519684
11
2.4449999999999998
21
0.8396259842519684
0
LINE
8
BLACK
6
CONTINUOUS
10
2.4449999999999998
20
0.8396259842519684
11
2.4419867322834645
21
0.8402253543307087
0
LINE
8
BLACK
6
CONTINUOUS
10
2.4419867322834645
20
0.8402253543307087
11
2.4394322440944882
21
0.8419322440944882
0
LINE
8
BLACK
6
CONTINUOUS
10
2.4394322440944882
20
0.8419322440944882
11
2.4377253543307087
21
0.8444867322834646
0
LINE
8
BLACK
6
CONTINUOUS
10
2.4377253543307087
20
0.8444867322834646
11
2.4371259842519684
21
0.8475
0
LINE
8
BLACK
6
CONTINUOUS
10
2.4371259842519684
20
0.8475
11
2.4371259842519684
21
0.9025
0
LINE
8
BLACK
6
CONTINUOUS
10
2.4371259842519684
20
0.9025
11
2.4377253543307087
21
0.9055132677165354
0
LINE
8
BLACK
6
CONTINUOUS
10
2.4377253543307087
20
0.9055132677165354
11
2.4394322440944882
21
0.9080677559055118
0
LINE
8
BLACK
6
CONTINUOUS
10
2.4394322440944882
20
0.9080677559055118
11
2.4419867322834645
21
0.9097746456692913
0
LINE
8
BLACK
6
CONTINUOUS
10
2.4419867322834645
20
0.9097746456692913
11
2.4449999999999998
21
0.9103740157480315
0
LINE
8
BLACK
6
CONTINUOUS
10
2.4449999999999998
20
0.9103740157480315
11
2.48
21
0.9103740157480315
0
LINE
8
BLACK
6
CONTINUOUS
10
2.48
20
0.9103740157480315
11
2.4830132677165353
21
0.9097746456692913
0
LINE
8
BLACK
6
CONTINUOUS
10
2.5580132677165355
20
0.9097746456692913
11
2.5605677559055118
21
0.9080677559055118
0
LINE
8
BLACK
6
CONTINUOUS
10
2.5605677559055118
20
0.9080677559055118
11
2.5622746456692913
21
0.9055132677165354
0
LINE
8
BLACK
6
CONTINUOUS
10
2.5622746456692913
20
0.9055132677165354
11
2.5628740157480316
21
0.9025
0
LINE
8
BLACK
6
CONTINUOUS
10
2.5628740157480316
20
0.9025
11
2.5628740157480316
21
0.8475
0
LINE
8
BLACK
6
CONTINUOUS
10
2.5628740157480316
20
0.8475
11
2.5622746456692913
21
0.8444867322834646
0
LINE
8
BLACK
6
CONTINUOUS
10
2.5622746456692913
20
0.8444867322834646
11
2.5605677559055118
21
0.8419322440944882
0
LINE
8
BLACK
6
CONTINUOUS
10
2.5605677559055118
20
0.8419322440944882
11
2.5580132677165355
21
0.8402253543307087
0
LINE
8
BLACK
6
CONTINUOUS
10
2.5580132677165355
20
0.8402253543307087
11
2.5550000000000002
21
0.8396259842519684
0
LINE
8
BLACK
6
CONTINUOUS
10
2.5550000000000002
20
0.8396259842519684
11
2.52
21
0.8396259842519684
0
LINE
8
BLACK
6
CONTINUOUS
10
2.52
20
0.8396259842519684
11
2.5169867322834647
21
0.8402253543307087
0
LINE
8
BLACK
6
CONTINUOUS
10
2.5169867322834647
20
0.8402253543307087
11
2.514432244094488
21
0.8419322440944882
0
LINE
8
BLACK
6
CONTINUOUS
10
2.514432244094488
20
0.8419322440944882
11
2.5127253543307084
21
0.8444867322834646
0
LINE
8
BLACK
6
CONTINUOUS
10
2.5127253543307084
20
0.8444867322834646
11
2.5121259842519685
21
0.8475
0
LINE
8
BLACK
6
CONTINUOUS
10
2.5121259842519685
20
0.8475
11
2.5121259842519685
21
0.9025
0
LINE
8
BLACK
6
CONTINUOUS
10
2.5121259842519685
20
0.9025
11
2.5127253543307084
21
0.9055132677165354
0
LINE
8
BLACK
6
CONTINUOUS
10
2.5127253543307084
20
0.9055132677165354
11
2.514432244094488
21
0.9080677559055118
0
LINE
8
BLACK
6
CONTINUOUS
10
2.514432244094488
20
0.9080677559055118
11
2.5169867322834647
21
0.9097746456692913
0
LINE
8
BLACK
6
CONTINUOUS
10
2.5169867322834647
20
0.9097746456692913
11
2.52
21
0.9103740157480315
0
LINE
8
BLACK
6
CONTINUOUS
10
2.52
20
0.9103740157480315
11
2.5550000000000002
21
0.9103740157480315
0
LINE
8
BLACK
6
CONTINUOUS
10
2.5550000000000002
20
0.9103740157480315
11
2.5580132677165355
21
0.9097746456692913
0
LINE
8
BLACK
6
CONTINUOUS
10
0.7268124803149606
20
0.9245384251968504
11
0.729366968503937
21
0.9228315354330708
0
LINE
8
BLACK
6
CONTINUOUS
10
0.729366968503937
20
0.9228315354330708
11
0.7310738582677165
21
0.9202770472440944
0
LINE
8
BLACK
6
CONTINUOUS
10
0.7310738582677165
20
0.9202770472440944
11
0.7316732283464566
21
0.917263779527559
0
LINE
8
BLACK
6
CONTINUOUS
10
0.7316732283464566
20
0.917263779527559
11
0.7316732283464566
21
0.8822637795275591
0
LINE
8
BLACK
6
CONTINUOUS
10
0.7316732283464566
20
0.8822637795275591
11
0.7310738582677165
21
0.8792505118110236
0
LINE
8
BLACK
6
CONTINUOUS
10
0.7310738582677165
20
0.8792505118110236
11
0.729366968503937
21
0.8766960236220472
0
LINE
8
BLACK
6
CONTINUOUS
10
0.729366968503937
20
0.8766960236220472
11
0.7268124803149606
21
0.8749891338582677
0
LINE
8
BLACK
6
CONTINUOUS
10
0.7268124803149606
20
0.8749891338582677
11
0.7237992125984252
21
0.8743897637795275
0
LINE
8
BLACK
6
CONTINUOUS
10
0.7237992125984252
20
0.8743897637795275
11
0.6687992125984252
21
0.8743897637795275
0
LINE
8
BLACK
6
CONTINUOUS
10
0.6687992125984252
20
0.8743897637795275
11
0.6657859448818898
21
0.8749891338582677
0
LINE
8
BLACK
6
CONTINUOUS
10
0.6657859448818898
20
0.8749891338582677
11
0.6632314566929134
21
0.8766960236220472
0
LINE
8
BLACK
6
CONTINUOUS
10
0.6632314566929134
20
0.8766960236220472
11
0.6615245669291339
21
0.8792505118110236
0
LINE
8
BLACK
6
CONTINUOUS
10
0.6615245669291339
20
0.8792505118110236
11
0.6609251968503936
21
0.8822637795275591
0
LINE
8
BLACK
6
CONTINUOUS
10
0.6609251968503936
20
0.8822637795275591
11
0.6609251968503936
21
0.917263779527559
0
LINE
8
BLACK
6
CONTINUOUS
10
0.6609251968503936
20
0.917263779527559
11
0.6615245669291339
21
0.9202770472440944
0
LINE
8
BLACK
6
CONTINUOUS
10
0.6615245669291339
20
0.9202770472440944
11
0.6632314566929134
21
0.9228315354330708
0
LINE
8
BLACK
6
CONTINUOUS
10
0.6632314566929134
20
0.9228315354330708
11
0.6657859448818898
21
0.9245384251968504
0
LINE
8
BLACK
6
CONTINUOUS
10
0.6657859448818898
20
0.9245384251968504
11
0.6687992125984252
21
0.9251377952755905
0
LINE
8
BLACK
6
CONTINUOUS
10
0.6687992125984252
20
0.9251377952755905
11
0.7237992125984252
21
0.9251377952755905
0
LINE
8
BLACK
6
CONTINUOUS
10
0.7237992125984252
20
0.9251377952755905
11
0.7268124803149606
21
0.9245384251968504
0
LINE
8
BLACK
6
CONTINUOUS
10
0.8068124803149606
20
0.9245384251968504
11
0.809366968503937
21
0.9228315354330708
0
LINE
8
BLACK
6
CONTINUOUS
10
0.809366968503937
20
0.9228315354330708
11
0.8110738582677165
21
0.9202770472440944
0
LINE
8
BLACK
6
CONTINUOUS
10
0.8110738582677165
20
0.9202770472440944
11
0.8116732283464567
21
0.917263779527559
0
LINE
8
BLACK
6
CONTINUOUS
10
0.8116732283464567
20
0.917263779527559
11
0.8116732283464567
21
0.8822637795275591
0
LINE
8
BLACK
6
CONTINUOUS
10
0.8116732283464567
20
0.8822637795275591
11
0.8110738582677165
21
0.8792505118110236
0
LINE
8
BLACK
6
CONTINUOUS
10
0.8110738582677165
20
0.8792505118110236
11
0.809366968503937
21
0.8766960236220472
0
LINE
8
BLACK
6
CONTINUOUS
10
0.809366968503937
20
0.8766960236220472
11
0.8068124803149606
21
0.8749891338582677
0
LINE
8
BLACK
6
CONTINUOUS
10
0.8068124803149606
20
0.8749891338582677
11
0.8037992125984251
21
0.8743897637795275
0
LINE
8
BLACK
6
CONTINUOUS
10
0.8037992125984251
20
0.8743897637795275
11
0.7487992125984252
21
0.8743897637795275
0
LINE
8
BLACK
6
CONTINUOUS
10
0.7487992125984252
20
0.8743897637795275
11
0.7457859448818898
21
0.8749891338582677
0
LINE
8
BLACK
6
CONTINUOUS
10
0.7457859448818898
20
0.8749891338582677
11
0.7432314566929134
21
0.8766960236220472
0
LINE
8
BLACK
6
CONTINUOUS
10
0.7432314566929134
20
0.8766960236220472
11
0.7415245669291338
21
0.8792505118110236
0
LINE
8
BLACK
6
CONTINUOUS
10
0.7415245669291338
20
0.8792505118110236
11
0.7409251968503937
21
0.8822637795275591
0
LINE
8
BLACK
6
CONTINUOUS
10
0.7409251968503937
20
0.8822637795275591
11
0.7409251968503937
21
0.917263779527559
0
LINE
8
BLACK
6
CONTINUOUS
10
0.7409251968503937
20
0.917263779527559
11
0.7415245669291338
21
0.9202770472440944
0
LINE
8
BLACK
6
CONTINUOUS
10
0.7415245669291338
20
0.9202770472440944
11
0.7432314566929134
21
0.9228315354330708
0
LINE
8
BLACK
6
CONTINUOUS
10
0.7432314566929134
20
0.9228315354330708
11
0.7457859448818898
21
0.9245384251968504
0
LINE
8
BLACK
6
CONTINUOUS
10
0.7457859448818898
20
0.9245384251968504
11
0.7487992125984252
21
0.9251377952755905
0
LINE
8
BLACK
6
CONTINUOUS
10
0.7487992125984252
20
0.9251377952755905
11
0.8037992125984251
21
0.9251377952755905
0
LINE
8
BLACK
6
CONTINUOUS
10
0.8037992125984251
20
0.9251377952755905
11
0.8068124803149606
21
0.9245384251968504
0
LINE
8
BLACK
6
CONTINUOUS
10
1.0068124803149605
20
0.9245384251968504
11
1.009366968503937
21
0.9228315354330708
0
LINE
8
BLACK
6
CONTINUOUS
10
1.009366968503937
20
0.9228315354330708
11
1.0110738582677166
21
0.9202770472440944
0
LINE
8
BLACK
6
CONTINUOUS
10
1.0110738582677166
20
0.9202770472440944
11
1.0116732283464567
21
0.917263779527559
0
LINE
8
BLACK
6
CONTINUOUS
10
1.0116732283464567
20
0.917263779527559
11
1.0116732283464567
21
0.8822637795275591
0
LINE
8
BLACK
6
CONTINUOUS
10
1.0116732283464567
20
0.8822637795275591
11
1.0110738582677166
21
0.8792505118110236
0
LINE
8
BLACK
6
CONTINUOUS
10
1.0110738582677166
20
0.8792505118110236
11
1.009366968503937
21
0.8766960236220472
0
LINE
8
BLACK
6
CONTINUOUS
10
1.009366968503937
20
0.8766960236220472
11
1.0068124803149605
21
0.8749891338582677
0
LINE
8
BLACK
6
CONTINUOUS
10
1.0068124803149605
20
0.8749891338582677
11
1.0037992125984252
21
0.8743897637795275
0
LINE
8
BLACK
6
CONTINUOUS
10
1.0037992125984252
20
0.8743897637795275
11
0.9487992125984251
21
0.8743897637795275
0
LINE
8
BLACK
6
CONTINUOUS
10
0.9487992125984251
20
0.8743897637795275
11
0.9457859448818897
21
0.8749891338582677
0
LINE
8
BLACK
6
CONTINUOUS
10
0.9457859448818897
20
0.8749891338582677
11
0.9432314566929134
21
0.8766960236220472
0
LINE
8
BLACK
6
CONTINUOUS
10
0.9432314566929134
20
0.8766960236220472
11
0.9415245669291339
21
0.8792505118110236
0
LINE
8
BLACK
6
CONTINUOUS
10
0.9415245669291339
20
0.8792505118110236
11
0.9409251968503937
21
0.8822637795275591
0
LINE
8
BLACK
6
CONTINUOUS
10
0.9409251968503937
20
0.8822637795275591
11
0.9409251968503937
21
0.917263779527559
0
LINE
8
BLACK
6
CONTINUOUS
10
0.9409251968503937
20
0.917263779527559
11
0.9415245669291339
21
0.9202770472440944
0
LINE
8
BLACK
6
CONTINUOUS
10
0.9415245669291339
20
0.9202770472440944
11
0.9432314566929134
21
0.9228315354330708
0
LINE
8
BLACK
6
CONTINUOUS
10
0.9432314566929134
20
0.9228315354330708
11
0.9457859448818897
21
0.9245384251968504
0
LINE
8
BLACK
6
CONTINUOUS
10
0.9457859448818897
20
0.9245384251968504
11
0.9487992125984251
21
0.9251377952755905
0
LINE
8
BLACK
6
CONTINUOUS
10
0.9487992125984251
20
0.9251377952755905
11
1.0037992125984252
21
0.9251377952755905
0
LINE
8
BLACK
6
CONTINUOUS
10
1.0037992125984252
20
0.9251377952755905
11
1.0068124803149605
21
0.9245384251968504
0
LINE
8
BLACK
6
CONTINUOUS
10
1.0968124803149606
20
0.9245384251968504
11
1.0993669685039369
21
0.9228315354330708
0
LINE
8
BLACK
6
CONTINUOUS
10
1.0993669685039369
20
0.9228315354330708
11
1.1010738582677164
21
0.9202770472440944
0
LINE
8
BLACK
6
CONTINUOUS
10
1.1010738582677164
20
0.9202770472440944
11
1.1016732283464568
21
0.917263779527559
0
LINE
8
BLACK
6
CONTINUOUS
10
1.1016732283464568
20
0.917263779527559
11
1.1016732283464568
21
0.8822637795275591
0
LINE
8
BLACK
6
CONTINUOUS
10
1.1016732283464568
20
0.8822637795275591
11
1.1010738582677164
21
0.8792505118110236
0
LINE
8
BLACK
6
CONTINUOUS
10
1.1010738582677164
20
0.8792505118110236
11
1.0993669685039369
21
0.8766960236220472
0
LINE
8
BLACK
6
CONTINUOUS
10
1.0993669685039369
20
0.8766960236220472
11
1.0968124803149606
21
0.8749891338582677
0
LINE
8
BLACK
6
CONTINUOUS
10
1.0968124803149606
20
0.8749891338582677
11
1.0937992125984253
21
0.8743897637795275
0
LINE
8
BLACK
6
CONTINUOUS
10
1.0937992125984253
20
0.8743897637795275
11
1.0387992125984251
21
0.8743897637795275
0
LINE
8
BLACK
6
CONTINUOUS
10
1.0387992125984251
20
0.8743897637795275
11
1.0357859448818898
21
0.8749891338582677
0
LINE
8
BLACK
6
CONTINUOUS
10
1.0357859448818898
20
0.8749891338582677
11
1.0332314566929133
21
0.8766960236220472
0
LINE
8
BLACK
6
CONTINUOUS
10
1.0332314566929133
20
0.8766960236220472
11
1.0315245669291337
21
0.8792505118110236
0
LINE
8
BLACK
6
CONTINUOUS
10
1.0315245669291337
20
0.8792505118110236
11
1.0309251968503936
21
0.8822637795275591
0
LINE
8
BLACK
6
CONTINUOUS
10
1.0309251968503936
20
0.8822637795275591
11
1.0309251968503936
21
0.917263779527559
0
LINE
8
BLACK
6
CONTINUOUS
10
1.0309251968503936
20
0.917263779527559
11
1.0315245669291337
21
0.9202770472440944
0
LINE
8
BLACK
6
CONTINUOUS
10
1.0315245669291337
20
0.9202770472440944
11
1.0332314566929133
21
0.9228315354330708
0
LINE
8
BLACK
6
CONTINUOUS
10
1.0332314566929133
20
0.9228315354330708
11
1.0357859448818898
21
0.9245384251968504
0
LINE
8
BLACK
6
CONTINUOUS
10
1.0357859448818898
20
0.9245384251968504
11
1.0387992125984251
21
0.9251377952755905
0
LINE
8
BLACK
6
CONTINUOUS
10
1.0387992125984251
20
0.9251377952755905
11
1.0937992125984253
21
0.9251377952755905
0
LINE
8
BLACK
6
CONTINUOUS
10
1.0937992125984253
20
0.9251377952755905
11
1.0968124803149606
21
0.9245384251968504
0
LINE
8
BLACK
6
CONTINUOUS
10
3.3780132677165353
20
0.9572746456692913
11
3.3805677559055116
21
0.9555677559055118
0
LINE
8
BLACK
6
CONTINUOUS
10
3.3805677559055116
20
0.9555677559055118
11
3.3822746456692911
21
0.9530132677165354
0
LINE
8
BLACK
6
CONTINUOUS
10
3.3822746456692911
20
0.9530132677165354
11
3.3828740157480315
21
0.95
0
LINE
8
BLACK
6
CONTINUOUS
10
3.3828740157480315
20
0.95
11
3.3828740157480315
21
0.89
0
LINE
8
BLACK
6
CONTINUOUS
10
3.3828740157480315
20
0.89
11
3.3822746456692911
21
0.8869867322834646
0
LINE
8
BLACK
6
CONTINUOUS
10
3.3822746456692911
20
0.8869867322834646
11
3.3805677559055116
21
0.8844322440944882
0
LINE
8
BLACK
6
CONTINUOUS
10
3.3805677559055116
20
0.8844322440944882
11
3.3780132677165353
21
0.8827253543307086
0
LINE
8
BLACK
6
CONTINUOUS
10
3.3780132677165353
20
0.8827253543307086
11
3.375
21
0.8821259842519685
0
LINE
8
BLACK
6
CONTINUOUS
10
3.375
20
0.8821259842519685
11
3.3149999999999999
21
0.8821259842519685
0
LINE
8
BLACK
6
CONTINUOUS
10
3.3149999999999999
20
0.8821259842519685
11
3.3119867322834646
21
0.8827253543307086
0
LINE
8
BLACK
6
CONTINUOUS
10
3.3119867322834646
20
0.8827253543307086
11
3.3094322440944883
21
0.8844322440944882
0
LINE
8
BLACK
6
CONTINUOUS
10
3.3094322440944883
20
0.8844322440944882
11
3.3077253543307088
21
0.8869867322834646
0
LINE
8
BLACK
6
CONTINUOUS
10
3.3077253543307088
20
0.8869867322834646
11
3.3071259842519685
21
0.89
0
LINE
8
BLACK
6
CONTINUOUS
10
3.3071259842519685
20
0.89
11
3.3071259842519685
21
0.95
0
LINE
8
BLACK
6
CONTINUOUS
10
3.3071259842519685
20
0.95
11
3.3077253543307088
21
0.9530132677165354
0
LINE
8
BLACK
6
CONTINUOUS
10
3.3077253543307088
20
0.9530132677165354
11
3.3094322440944883
21
0.9555677559055118
0
LINE
8
BLACK
6
CONTINUOUS
10
3.3094322440944883
20
0.9555677559055118
11
3.3119867322834646
21
0.9572746456692913
0
LINE
8
BLACK
6
CONTINUOUS
10
3.3119867322834646
20
0.9572746456692913
11
3.3149999999999999
21
0.9578740157480314
0
LINE
8
BLACK
6
CONTINUOUS
10
3.3149999999999999
20
0.9578740157480314
11
3.375
21
0.9578740157480314
0
LINE
8
BLACK
6
CONTINUOUS
10
3.375
20
0.9578740157480314
11
3.3780132677165353
21
0.9572746456692913
0
LINE
8
BLACK
6
CONTINUOUS
10
3.4780132677165354
20
0.9572746456692913
11
3.4805677559055117
21
0.9555677559055118
0
LINE
8
BLACK
6
CONTINUOUS
10
3.4805677559055117
20
0.9555677559055118
11
3.4822746456692912
21
0.9530132677165354
0
LINE
8
BLACK
6
CONTINUOUS
10
3.4822746456692912
20
0.9530132677165354
11
3.4828740157480316
21
0.95
0
LINE
8
BLACK
6
CONTINUOUS
10
3.4828740157480316
20
0.95
11
3.4828740157480316
21
0.89
0
LINE
8
BLACK
6
CONTINUOUS
10
3.4828740157480316
20
0.89
11
3.4822746456692912
21
0.8869867322834646
0
LINE
8
BLACK
6
CONTINUOUS
10
3.4822746456692912
20
0.8869867322834646
11
3.4805677559055117
21
0.8844322440944882
0
LINE
8
BLACK
6
CONTINUOUS
10
3.4805677559055117
20
0.8844322440944882
11
3.4780132677165354
21
0.8827253543307086
0
LINE
8
BLACK
6
CONTINUOUS
10
3.4780132677165354
20
0.8827253543307086
11
3.4750000000000001
21
0.8821259842519685
0
LINE
8
BLACK
6
CONTINUOUS
10
3.4750000000000001
20
0.8821259842519685
11
3.415
21
0.8821259842519685
0
LINE
8
BLACK
6
CONTINUOUS
10
3.415
20
0.8821259842519685
11
3.4119867322834643
21
0.8827253543307086
0
LINE
8
BLACK
6
CONTINUOUS
10
3.4119867322834643
20
0.8827253543307086
11
3.409432244094488
21
0.8844322440944882
0
LINE
8
BLACK
6
CONTINUOUS
10
3.409432244094488
20
0.8844322440944882
11
3.4077253543307084
21
0.8869867322834646
0
LINE
8
BLACK
6
CONTINUOUS
10
3.4077253543307084
20
0.8869867322834646
11
3.4071259842519686
21
0.89
0
LINE
8
BLACK
6
CONTINUOUS
10
3.4071259842519686
20
0.89
11
3.4071259842519686
21
0.95
0
LINE
8
BLACK
6
CONTINUOUS
10
3.4071259842519686
20
0.95
11
3.4077253543307084
21
0.9530132677165354
0
LINE
8
BLACK
6
CONTINUOUS
10
3.4077253543307084
20
0.9530132677165354
11
3.409432244094488
21
0.9555677559055118
0
LINE
8
BLACK
6
CONTINUOUS
10
3.409432244094488
20
0.9555677559055118
11
3.4119867322834643
21
0.9572746456692913
0
LINE
8
BLACK
6
CONTINUOUS
10
3.4119867322834643
20
0.9572746456692913
11
3.415
21
0.9578740157480314
0
LINE
8
BLACK
6
CONTINUOUS
10
3.415
20
0.9578740157480314
11
3.4750000000000001
21
0.9578740157480314
0
LINE
8
BLACK
6
CONTINUOUS
10
3.4750000000000001
20
0.9578740157480314
11
3.4780132677165354
21
0.9572746456692913
0
LINE
8
BLACK
6
CONTINUOUS
10
3.1930132677165353
20
0.9547746456692913
11
3.1955677559055116
21
0.9530677559055117
0
LINE
8
BLACK
6
CONTINUOUS
10
3.1955677559055116
20
0.9530677559055117
11
3.1972746456692911
21
0.9505132677165354
0
LINE
8
BLACK
6
CONTINUOUS
10
3.1972746456692911
20
0.9505132677165354
11
3.1978740157480314
21
0.9475
0
LINE
8
BLACK
6
CONTINUOUS
10
3.1978740157480314
20
0.9475
11
3.1978740157480314
21
0.8925
0
LINE
8
BLACK
6
CONTINUOUS
10
3.1978740157480314
20
0.8925
11
3.1972746456692911
21
0.8894867322834645
0
LINE
8
BLACK
6
CONTINUOUS
10
3.1972746456692911
20
0.8894867322834645
11
3.1955677559055116
21
0.8869322440944881
0
LINE
8
BLACK
6
CONTINUOUS
10
3.1955677559055116
20
0.8869322440944881
11
3.1930132677165353
21
0.8852253543307086
0
LINE
8
BLACK
6
CONTINUOUS
10
3.1930132677165353
20
0.8852253543307086
11
3.1899999999999999
21
0.8846259842519685
0
LINE
8
BLACK
6
CONTINUOUS
10
3.1899999999999999
20
0.8846259842519685
11
3.1549999999999998
21
0.8846259842519685
0
LINE
8
BLACK
6
CONTINUOUS
10
3.1549999999999998
20
0.8846259842519685
11
3.1519867322834645
21
0.8852253543307086
0
LINE
8
BLACK
6
CONTINUOUS
10
3.1519867322834645
20
0.8852253543307086
11
3.1494322440944882
21
0.8869322440944881
0
LINE
8
BLACK
6
CONTINUOUS
10
3.1494322440944882
20
0.8869322440944881
11
3.1477253543307087
21
0.8894867322834645
0
LINE
8
BLACK
6
CONTINUOUS
10
3.1477253543307087
20
0.8894867322834645
11
3.1471259842519683
21
0.8925
0
LINE
8
BLACK
6
CONTINUOUS
10
3.1471259842519683
20
0.8925
11
3.1471259842519683
21
0.9475
0
LINE
8
BLACK
6
CONTINUOUS
10
3.1471259842519683
20
0.9475
11
3.1477253543307087
21
0.9505132677165354
0
LINE
8
BLACK
6
CONTINUOUS
10
3.1477253543307087
20
0.9505132677165354
11
3.1494322440944882
21
0.9530677559055117
0
LINE
8
BLACK
6
CONTINUOUS
10
3.1494322440944882
20
0.9530677559055117
11
3.1519867322834645
21
0.9547746456692913
0
LINE
8
BLACK
6
CONTINUOUS
10
3.1519867322834645
20
0.9547746456692913
11
3.1549999999999998
21
0.9553740157480315
0
LINE
8
BLACK
6
CONTINUOUS
10
3.1549999999999998
20
0.9553740157480315
11
3.1899999999999999
21
0.9553740157480315
0
LINE
8
BLACK
6
CONTINUOUS
10
3.1899999999999999
20
0.9553740157480315
11
3.1930132677165353
21
0.9547746456692913
0
LINE
8
BLACK
6
CONTINUOUS
10
3.2680132677165354
20
0.9547746456692913
11
3.2705677559055117
21
0.9530677559055117
0
LINE
8
BLACK
6
CONTINUOUS
10
3.2705677559055117
20
0.9530677559055117
11
3.2722746456692913
21
0.9505132677165354
0
LINE
8
BLACK
6
CONTINUOUS
10
3.2722746456692913
20
0.9505132677165354
11
3.2728740157480316
21
0.9475
0
LINE
8
BLACK
6
CONTINUOUS
10
3.2728740157480316
20
0.9475
11
3.2728740157480316
21
0.8925
0
LINE
8
BLACK
6
CONTINUOUS
10
3.2728740157480316
20
0.8925
11
3.2722746456692913
21
0.8894867322834645
0
LINE
8
BLACK
6
CONTINUOUS
10
3.2722746456692913
20
0.8894867322834645
11
3.2705677559055117
21
0.8869322440944881
0
LINE
8
BLACK
6
CONTINUOUS
10
3.2705677559055117
20
0.8869322440944881
11
3.2680132677165354
21
0.8852253543307086
0
LINE
8
BLACK
6
CONTINUOUS
10
3.2680132677165354
20
0.8852253543307086
11
3.2650000000000001
21
0.8846259842519685
0
LINE
8
BLACK
6
CONTINUOUS
10
3.2650000000000001
20
0.8846259842519685
11
3.23
21
0.8846259842519685
0
LINE
8
BLACK
6
CONTINUOUS
10
3.23
20
0.8846259842519685
11
3.2269867322834647
21
0.8852253543307086
0
LINE
8
BLACK
6
CONTINUOUS
10
3.2269867322834647
20
0.8852253543307086
11
3.2244322440944879
21
0.8869322440944881
0
LINE
8
BLACK
6
CONTINUOUS
10
3.2244322440944879
20
0.8869322440944881
11
3.2227253543307084
21
0.8894867322834645
0
LINE
8
BLACK
6
CONTINUOUS
10
3.2227253543307084
20
0.8894867322834645
11
3.2221259842519685
21
0.8925
0
LINE
8
BLACK
6
CONTINUOUS
10
3.2221259842519685
20
0.8925
11
3.2221259842519685
21
0.9475
0
LINE
8
BLACK
6
CONTINUOUS
10
3.2221259842519685
20
0.9475
11
3.2227253543307084
21
0.9505132677165354
0
LINE
8
BLACK
6
CONTINUOUS
10
3.2227253543307084
20
0.9505132677165354
11
3.2244322440944879
21
0.9530677559055117
0
LINE
8
BLACK
6
CONTINUOUS
10
3.2244322440944879
20
0.9530677559055117
11
3.2269867322834647
21
0.9547746456692913
0
LINE
8
BLACK
6
CONTINUOUS
10
3.2269867322834647
20
0.9547746456692913
11
3.23
21
0.9553740157480315
0
LINE
8
BLACK
6
CONTINUOUS
10
3.23
20
0.9553740157480315
11
3.2650000000000001
21
0.9553740157480315
0
LINE
8
BLACK
6
CONTINUOUS
10
3.2650000000000001
20
0.9553740157480315
11
3.2680132677165354
21
0.9547746456692913
0
LINE
8
BLACK
6
CONTINUOUS
10
1.9830132677165353
20
0.9622746456692913
11
1.9855677559055118
21
0.9605677559055118
0
LINE
8
BLACK
6
CONTINUOUS
10
1.9855677559055118
20
0.9605677559055118
11
1.9872746456692914
21
0.9580132677165354
0
LINE
8
BLACK
6
CONTINUOUS
10
1.9872746456692914
20
0.9580132677165354
11
1.9878740157480315
21
0.955
0
LINE
8
BLACK
6
CONTINUOUS
10
1.9878740157480315
20
0.955
11
1.9878740157480315
21
0.895
0
LINE
8
BLACK
6
CONTINUOUS
10
1.9878740157480315
20
0.895
11
1.9872746456692914
21
0.8919867322834646
0
LINE
8
BLACK
6
CONTINUOUS
10
1.9872746456692914
20
0.8919867322834646
11
1.9855677559055118
21
0.8894322440944882
0
LINE
8
BLACK
6
CONTINUOUS
10
1.9855677559055118
20
0.8894322440944882
11
1.9830132677165353
21
0.8877253543307086
0
LINE
8
BLACK
6
CONTINUOUS
10
1.9830132677165353
20
0.8877253543307086
11
1.98
21
0.8871259842519685
0
LINE
8
BLACK
6
CONTINUOUS
10
1.98
20
0.8871259842519685
11
1.9199999999999999
21
0.8871259842519685
0
LINE
8
BLACK
6
CONTINUOUS
10
1.9199999999999999
20
0.8871259842519685
11
1.9169867322834646
21
0.8877253543307086
0
LINE
8
BLACK
6
CONTINUOUS
10
1.9169867322834646
20
0.8877253543307086
11
1.9144322440944881
21
0.8894322440944882
0
LINE
8
BLACK
6
CONTINUOUS
10
1.9144322440944881
20
0.8894322440944882
11
1.9127253543307086
21
0.8919867322834646
0
LINE
8
BLACK
6
CONTINUOUS
10
1.9127253543307086
20
0.8919867322834646
11
1.9121259842519684
21
0.895
0
LINE
8
BLACK
6
CONTINUOUS
10
1.9121259842519684
20
0.895
11
1.9121259842519684
21
0.955
0
LINE
8
BLACK
6
CONTINUOUS
10
1.9121259842519684
20
0.955
11
1.9127253543307086
21
0.9580132677165354
0
LINE
8
BLACK
6
CONTINUOUS
10
1.9127253543307086
20
0.9580132677165354
11
1.9144322440944881
21
0.9605677559055118
0
LINE
8
BLACK
6
CONTINUOUS
10
1.9144322440944881
20
0.9605677559055118
11
1.9169867322834646
21
0.9622746456692913
0
LINE
8
BLACK
6
CONTINUOUS
10
1.9169867322834646
20
0.9622746456692913
11
1.9199999999999999
21
0.9628740157480314
0
LINE
8
BLACK
6
CONTINUOUS
10
1.9199999999999999
20
0.9628740157480314
11
1.98
21
0.9628740157480314
0
LINE
8
BLACK
6
CONTINUOUS
10
1.98
20
0.9628740157480314
11
1.9830132677165353
21
0.9622746456692913
0
LINE
8
BLACK
6
CONTINUOUS
10
2.0830132677165354
20
0.9622746456692913
11
2.0855677559055117
21
0.9605677559055118
0
LINE
8
BLACK
6
CONTINUOUS
10
2.0855677559055117
20
0.9605677559055118
11
2.0872746456692912
21
0.9580132677165354
0
LINE
8
BLACK
6
CONTINUOUS
10
2.0872746456692912
20
0.9580132677165354
11
2.0878740157480316
21
0.955
0
LINE
8
BLACK
6
CONTINUOUS
10
2.0878740157480316
20
0.955
11
2.0878740157480316
21
0.895
0
LINE
8
BLACK
6
CONTINUOUS
10
2.0878740157480316
20
0.895
11
2.0872746456692912
21
0.8919867322834646
0
LINE
8
BLACK
6
CONTINUOUS
10
2.0872746456692912
20
0.8919867322834646
11
2.0855677559055117
21
0.8894322440944882
0
LINE
8
BLACK
6
CONTINUOUS
10
2.0855677559055117
20
0.8894322440944882
11
2.0830132677165354
21
0.8877253543307086
0
LINE
8
BLACK
6
CONTINUOUS
10
2.0830132677165354
20
0.8877253543307086
11
2.0800000000000001
21
0.8871259842519685
0
LINE
8
BLACK
6
CONTINUOUS
10
2.0800000000000001
20
0.8871259842519685
11
2.02
21
0.8871259842519685
0
LINE
8
BLACK
6
CONTINUOUS
10
2.02
20
0.8871259842519685
11
2.0169867322834647
21
0.8877253543307086
0
LINE
8
BLACK
6
CONTINUOUS
10
2.0169867322834647
20
0.8877253543307086
11
2.014432244094488
21
0.8894322440944882
0
LINE
8
BLACK
6
CONTINUOUS
10
2.014432244094488
20
0.8894322440944882
11
2.0127253543307084
21
0.8919867322834646
0
LINE
8
BLACK
6
CONTINUOUS
10
2.0127253543307084
20
0.8919867322834646
11
2.0121259842519685
21
0.895
0
LINE
8
BLACK
6
CONTINUOUS
10
2.0121259842519685
20
0.895
11
2.0121259842519685
21
0.955
0
LINE
8
BLACK
6
CONTINUOUS
10
2.0121259842519685
20
0.955
11
2.0127253543307084
21
0.9580132677165354
0
LINE
8
BLACK
6
CONTINUOUS
10
2.0127253543307084
20
0.9580132677165354
11
2.014432244094488
21
0.9605677559055118
0
LINE
8
BLACK
6
CONTINUOUS
10
2.014432244094488
20
0.9605677559055118
11
2.0169867322834647
21
0.9622746456692913
0
LINE
8
BLACK
6
CONTINUOUS
10
2.0169867322834647
20
0.9622746456692913
11
2.02
21
0.9628740157480314
0
LINE
8
BLACK
6
CONTINUOUS
10
2.02
20
0.9628740157480314
11
2.0800000000000001
21
0.9628740157480314
0
LINE
8
BLACK
6
CONTINUOUS
10
2.0800000000000001
20
0.9628740157480314
11
2.0830132677165354
21
0.9622746456692913
0
LINE
8
BLACK
6
CONTINUOUS
10
2.1830132677165355
20
0.9622746456692913
11
2.1855677559055118
21
0.9605677559055118
0
LINE
8
BLACK
6
CONTINUOUS
10
2.1855677559055118
20
0.9605677559055118
11
2.1872746456692913
21
0.9580132677165354
0
LINE
8
BLACK
6
CONTINUOUS
10
2.1872746456692913
20
0.9580132677165354
11
2.1878740157480316
21
0.955
0
LINE
8
BLACK
6
CONTINUOUS
10
2.1878740157480316
20
0.955
11
2.1878740157480316
21
0.895
0
LINE
8
BLACK
6
CONTINUOUS
10
2.1878740157480316
20
0.895
11
2.1872746456692913
21
0.8919867322834646
0
LINE
8
BLACK
6
CONTINUOUS
10
2.1872746456692913
20
0.8919867322834646
11
2.1855677559055118
21
0.8894322440944882
0
LINE
8
BLACK
6
CONTINUOUS
10
2.1855677559055118
20
0.8894322440944882
11
2.1830132677165355
21
0.8877253543307086
0
LINE
8
BLACK
6
CONTINUOUS
10
2.1830132677165355
20
0.8877253543307086
11
2.1800000000000002
21
0.8871259842519685
0
LINE
8
BLACK
6
CONTINUOUS
10
2.1800000000000002
20
0.8871259842519685
11
2.1200000000000001
21
0.8871259842519685
0
LINE
8
BLACK
6
CONTINUOUS
10
2.1200000000000001
20
0.8871259842519685
11
2.1169867322834643
21
0.8877253543307086
0
LINE
8
BLACK
6
CONTINUOUS
10
2.1169867322834643
20
0.8877253543307086
11
2.114432244094488
21
0.8894322440944882
0
LINE
8
BLACK
6
CONTINUOUS
10
2.114432244094488
20
0.8894322440944882
11
2.1127253543307085
21
0.8919867322834646
0
LINE
8
BLACK
6
CONTINUOUS
10
2.1127253543307085
20
0.8919867322834646
11
2.1121259842519686
21
0.895
0
LINE
8
BLACK
6
CONTINUOUS
10
2.1121259842519686
20
0.895
11
2.1121259842519686
21
0.955
0
LINE
8
BLACK
6
CONTINUOUS
10
2.1121259842519686
20
0.955
11
2.1127253543307085
21
0.9580132677165354
0
LINE
8
BLACK
6
CONTINUOUS
10
2.1127253543307085
20
0.9580132677165354
11
2.114432244094488
21
0.9605677559055118
0
LINE
8
BLACK
6
CONTINUOUS
10
2.114432244094488
20
0.9605677559055118
11
2.1169867322834643
21
0.9622746456692913
0
LINE
8
BLACK
6
CONTINUOUS
10
2.1169867322834643
20
0.9622746456692913
11
2.1200000000000001
21
0.9628740157480314
0
LINE
8
BLACK
6
CONTINUOUS
10
2.1200000000000001
20
0.9628740157480314
11
2.1800000000000002
21
0.9628740157480314
0
LINE
8
BLACK
6
CONTINUOUS
10
2.1800000000000002
20
0.9628740157480314
11
2.1830132677165355
21
0.9622746456692913
0
LINE
8
BLACK
6
CONTINUOUS
10
3.0605132677165354
20
0.9472746456692913
11
3.0630677559055117
21
0.9455677559055118
0
LINE
8
BLACK
6
CONTINUOUS
10
3.0630677559055117
20
0.9455677559055118
11
3.0647746456692913
21
0.9430132677165354
0
LINE
8
BLACK
6
CONTINUOUS
10
3.0647746456692913
20
0.9430132677165354
11
3.0653740157480316
21
0.9399999999999999
0
LINE
8
BLACK
6
CONTINUOUS
10
3.0653740157480316
20
0.9399999999999999
11
3.0653740157480316
21
0.905
0
LINE
8
BLACK
6
CONTINUOUS
10
3.0653740157480316
20
0.905
11
3.0647746456692913
21
0.9019867322834646
0
LINE
8
BLACK
6
CONTINUOUS
10
3.0647746456692913
20
0.9019867322834646
11
3.0630677559055117
21
0.8994322440944882
0
LINE
8
BLACK
6
CONTINUOUS
10
3.0630677559055117
20
0.8994322440944882
11
3.0605132677165354
21
0.8977253543307087
0
LINE
8
BLACK
6
CONTINUOUS
10
3.0605132677165354
20
0.8977253543307087
11
3.0575000000000001
21
0.8971259842519684
0
LINE
8
BLACK
6
CONTINUOUS
10
3.0575000000000001
20
0.8971259842519684
11
3.0024999999999999
21
0.8971259842519684
0
LINE
8
BLACK
6
CONTINUOUS
10
3.0024999999999999
20
0.8971259842519684
11
2.9994867322834646
21
0.8977253543307087
0
LINE
8
BLACK
6
CONTINUOUS
10
2.9994867322834646
20
0.8977253543307087
11
2.9969322440944883
21
0.8994322440944882
0
LINE
8
BLACK
6
CONTINUOUS
10
2.9969322440944883
20
0.8994322440944882
11
2.9952253543307088
21
0.9019867322834646
0
LINE
8
BLACK
6
CONTINUOUS
10
2.9952253543307088
20
0.9019867322834646
11
2.9946259842519685
21
0.905
0
LINE
8
BLACK
6
CONTINUOUS
10
2.9946259842519685
20
0.905
11
2.9946259842519685
21
0.9399999999999999
0
LINE
8
BLACK
6
CONTINUOUS
10
2.9946259842519685
20
0.9399999999999999
11
2.9952253543307088
21
0.9430132677165354
0
LINE
8
BLACK
6
CONTINUOUS
10
2.9952253543307088
20
0.9430132677165354
11
2.9969322440944883
21
0.9455677559055118
0
LINE
8
BLACK
6
CONTINUOUS
10
2.9969322440944883
20
0.9455677559055118
11
2.9994867322834646
21
0.9472746456692913
0
LINE
8
BLACK
6
CONTINUOUS
10
2.9994867322834646
20
0.9472746456692913
11
3.0024999999999999
21
0.9478740157480314
0
LINE
8
BLACK
6
CONTINUOUS
10
3.0024999999999999
20
0.9478740157480314
11
3.0575000000000001
21
0.9478740157480314
0
LINE
8
BLACK
6
CONTINUOUS
10
3.0575000000000001
20
0.9478740157480314
11
3.0605132677165354
21
0.9472746456692913
0
LINE
8
BLACK
6
CONTINUOUS
10
1.7118124803149606
20
0.9520384251968503
11
1.7143669685039369
21
0.9503315354330708
0
LINE
8
BLACK
6
CONTINUOUS
10
1.7143669685039369
20
0.9503315354330708
11
1.7160738582677164
21
0.9477770472440945
0
LINE
8
BLACK
6
CONTINUOUS
10
1.7160738582677164
20
0.9477770472440945
11
1.7166732283464567
21
0.9447637795275591
0
LINE
8
BLACK
6
CONTINUOUS
10
1.7166732283464567
20
0.9447637795275591
11
1.7166732283464567
21
0.909763779527559
0
LINE
8
BLACK
6
CONTINUOUS
10
1.7166732283464567
20
0.909763779527559
11
1.7160738582677164
21
0.9067505118110236
0
LINE
8
BLACK
6
CONTINUOUS
10
1.7160738582677164
20
0.9067505118110236
11
1.7143669685039369
21
0.9041960236220472
0
LINE
8
BLACK
6
CONTINUOUS
10
1.7143669685039369
20
0.9041960236220472
11
1.7118124803149606
21
0.9024891338582677
0
LINE
8
BLACK
6
CONTINUOUS
10
1.7118124803149606
20
0.9024891338582677
11
1.7087992125984253
21
0.9018897637795276
0
LINE
8
BLACK
6
CONTINUOUS
10
1.7087992125984253
20
0.9018897637795276
11
1.6537992125984251
21
0.9018897637795276
0
LINE
8
BLACK
6
CONTINUOUS
10
1.6537992125984251
20
0.9018897637795276
11
1.6507859448818898
21
0.9024891338582677
0
LINE
8
BLACK
6
CONTINUOUS
10
1.6507859448818898
20
0.9024891338582677
11
1.6482314566929133
21
0.9041960236220472
0
LINE
8
BLACK
6
CONTINUOUS
10
1.6482314566929133
20
0.9041960236220472
11
1.6465245669291337
21
0.9067505118110236
0
LINE
8
BLACK
6
CONTINUOUS
10
1.6465245669291337
20
0.9067505118110236
11
1.6459251968503936
21
0.909763779527559
0
LINE
8
BLACK
6
CONTINUOUS
10
1.6459251968503936
20
0.909763779527559
11
1.6459251968503936
21
0.9447637795275591
0
LINE
8
BLACK
6
CONTINUOUS
10
1.6459251968503936
20
0.9447637795275591
11
1.6465245669291337
21
0.9477770472440945
0
LINE
8
BLACK
6
CONTINUOUS
10
1.6465245669291337
20
0.9477770472440945
11
1.6482314566929133
21
0.9503315354330708
0
LINE
8
BLACK
6
CONTINUOUS
10
1.6482314566929133
20
0.9503315354330708
11
1.6507859448818898
21
0.9520384251968503
0
LINE
8
BLACK
6
CONTINUOUS
10
1.6507859448818898
20
0.9520384251968503
11
1.6537992125984251
21
0.9526377952755906
0
LINE
8
BLACK
6
CONTINUOUS
10
1.6537992125984251
20
0.9526377952755906
11
1.7087992125984253
21
0.9526377952755906
0
LINE
8
BLACK
6
CONTINUOUS
10
1.7087992125984253
20
0.9526377952755906
11
1.7118124803149606
21
0.9520384251968503
0
LINE
8
BLACK
6
CONTINUOUS
10
0.2518124803149606
20
0.9745384251968504
11
0.254366968503937
21
0.9728315354330709
0
LINE
8
BLACK
6
CONTINUOUS
10
0.254366968503937
20
0.9728315354330709
11
0.2560738582677165
21
0.9702770472440945
0
LINE
8
BLACK
6
CONTINUOUS
10
0.2560738582677165
20
0.9702770472440945
11
0.2566732283464567
21
0.967263779527559
0
LINE
8
BLACK
6
CONTINUOUS
10
0.2566732283464567
20
0.967263779527559
11
0.2566732283464567
21
0.912263779527559
0
LINE
8
BLACK
6
CONTINUOUS
10
0.2566732283464567
20
0.912263779527559
11
0.2560738582677165
21
0.9092505118110236
0
LINE
8
BLACK
6
CONTINUOUS
10
0.2560738582677165
20
0.9092505118110236
11
0.254366968503937
21
0.9066960236220473
0
LINE
8
BLACK
6
CONTINUOUS
10
0.254366968503937
20
0.9066960236220473
11
0.2518124803149606
21
0.9049891338582677
0
LINE
8
BLACK
6
CONTINUOUS
10
0.2518124803149606
20
0.9049891338582677
11
0.2487992125984252
21
0.9043897637795275
0
LINE
8
BLACK
6
CONTINUOUS
10
0.2487992125984252
20
0.9043897637795275
11
0.2137992125984252
21
0.9043897637795275
0
LINE
8
BLACK
6
CONTINUOUS
10
0.2137992125984252
20
0.9043897637795275
11
0.2107859448818898
21
0.9049891338582677
0
LINE
8
BLACK
6
CONTINUOUS
10
0.2107859448818898
20
0.9049891338582677
11
0.2082314566929134
21
0.9066960236220473
0
LINE
8
BLACK
6
CONTINUOUS
10
0.2082314566929134
20
0.9066960236220473
11
0.2065245669291338
21
0.9092505118110236
0
LINE
8
BLACK
6
CONTINUOUS
10
0.2065245669291338
20
0.9092505118110236
11
0.2059251968503937
21
0.912263779527559
0
LINE
8
BLACK
6
CONTINUOUS
10
0.2059251968503937
20
0.912263779527559
11
0.2059251968503937
21
0.967263779527559
0
LINE
8
BLACK
6
CONTINUOUS
10
0.2059251968503937
20
0.967263779527559
11
0.2065245669291338
21
0.9702770472440945
0
LINE
8
BLACK
6
CONTINUOUS
10
0.2065245669291338
20
0.9702770472440945
11
0.2082314566929134
21
0.9728315354330709
0
LINE
8
BLACK
6
CONTINUOUS
10
0.2082314566929134
20
0.9728315354330709
11
0.2107859448818898
21
0.9745384251968504
0
LINE
8
BLACK
6
CONTINUOUS
10
0.2107859448818898
20
0.9745384251968504
11
0.2137992125984252
21
0.9751377952755905
0
LINE
8
BLACK
6
CONTINUOUS
10
0.2137992125984252
20
0.9751377952755905
11
0.2487992125984252
21
0.9751377952755905
0
LINE
8
BLACK
6
CONTINUOUS
10
0.2487992125984252
20
0.9751377952755905
11
0.2518124803149606
21
0.9745384251968504
0
LINE
8
BLACK
6
CONTINUOUS
10
0.3268124803149606
20
0.9745384251968504
11
0.329366968503937
21
0.9728315354330709
0
LINE
8
BLACK
6
CONTINUOUS
10
0.329366968503937
20
0.9728315354330709
11
0.3310738582677165
21
0.9702770472440945
0
LINE
8
BLACK
6
CONTINUOUS
10
0.3310738582677165
20
0.9702770472440945
11
0.3316732283464567
21
0.967263779527559
0
LINE
8
BLACK
6
CONTINUOUS
10
0.3316732283464567
20
0.967263779527559
11
0.3316732283464567
21
0.912263779527559
0
LINE
8
BLACK
6
CONTINUOUS
10
0.3316732283464567
20
0.912263779527559
11
0.3310738582677165
21
0.9092505118110236
0
LINE
8
BLACK
6
CONTINUOUS
10
0.3310738582677165
20
0.9092505118110236
11
0.329366968503937
21
0.9066960236220473
0
LINE
8
BLACK
6
CONTINUOUS
10
0.329366968503937
20
0.9066960236220473
11
0.3268124803149606
21
0.9049891338582677
0
LINE
8
BLACK
6
CONTINUOUS
10
0.3268124803149606
20
0.9049891338582677
11
0.3237992125984252
21
0.9043897637795275
0
LINE
8
BLACK
6
CONTINUOUS
10
0.3237992125984252
20
0.9043897637795275
11
0.2887992125984252
21
0.9043897637795275
0
LINE
8
BLACK
6
CONTINUOUS
10
0.2887992125984252
20
0.9043897637795275
11
0.2857859448818897
21
0.9049891338582677
0
LINE
8
BLACK
6
CONTINUOUS
10
0.2857859448818897
20
0.9049891338582677
11
0.2832314566929134
21
0.9066960236220473
0
LINE
8
BLACK
6
CONTINUOUS
10
0.2832314566929134
20
0.9066960236220473
11
0.2815245669291339
21
0.9092505118110236
0
LINE
8
BLACK
6
CONTINUOUS
10
0.2815245669291339
20
0.9092505118110236
11
0.2809251968503937
21
0.912263779527559
0
LINE
8
BLACK
6
CONTINUOUS
10
0.2809251968503937
20
0.912263779527559
11
0.2809251968503937
21
0.967263779527559
0
LINE
8
BLACK
6
CONTINUOUS
10
0.2809251968503937
20
0.967263779527559
11
0.2815245669291339
21
0.9702770472440945
0
LINE
8
BLACK
6
CONTINUOUS
10
0.2815245669291339
20
0.9702770472440945
11
0.2832314566929134
21
0.9728315354330709
0
LINE
8
BLACK
6
CONTINUOUS
10
0.2832314566929134
20
0.9728315354330709
11
0.2857859448818897
21
0.9745384251968504
0
LINE
8
BLACK
6
CONTINUOUS
10
0.2857859448818897
20
0.9745384251968504
11
0.2887992125984252
21
0.9751377952755905
0
LINE
8
BLACK
6
CONTINUOUS
10
0.2887992125984252
20
0.9751377952755905
11
0.3237992125984252
21
0.9751377952755905
0
LINE
8
BLACK
6
CONTINUOUS
10
0.3237992125984252
20
0.9751377952755905
11
0.3268124803149606
21
0.9745384251968504
0
LINE
8
BLACK
6
CONTINUOUS
10
0.3893124803149606
20
0.9745384251968504
11
0.391866968503937
21
0.9728315354330709
0
LINE
8
BLACK
6
CONTINUOUS
10
0.391866968503937
20
0.9728315354330709
11
0.3935738582677165
21
0.9702770472440945
0
LINE
8
BLACK
6
CONTINUOUS
10
0.3935738582677165
20
0.9702770472440945
11
0.3941732283464567
21
0.967263779527559
0
LINE
8
BLACK
6
CONTINUOUS
10
0.3941732283464567
20
0.967263779527559
11
0.3941732283464567
21
0.912263779527559
0
LINE
8
BLACK
6
CONTINUOUS
10
0.3941732283464567
20
0.912263779527559
11
0.3935738582677165
21
0.9092505118110236
0
LINE
8
BLACK
6
CONTINUOUS
10
0.3935738582677165
20
0.9092505118110236
11
0.391866968503937
21
0.9066960236220473
0
LINE
8
BLACK
6
CONTINUOUS
10
0.391866968503937
20
0.9066960236220473
11
0.3893124803149606
21
0.9049891338582677
0
LINE
8
BLACK
6
CONTINUOUS
10
0.3893124803149606
20
0.9049891338582677
11
0.3862992125984252
21
0.9043897637795275
0
LINE
8
BLACK
6
CONTINUOUS
10
0.3862992125984252
20
0.9043897637795275
11
0.3512992125984252
21
0.9043897637795275
0
LINE
8
BLACK
6
CONTINUOUS
10
0.3512992125984252
20
0.9043897637795275
11
0.3482859448818897
21
0.9049891338582677
0
LINE
8
BLACK
6
CONTINUOUS
10
0.3482859448818897
20
0.9049891338582677
11
0.3457314566929134
21
0.9066960236220473
0
LINE
8
BLACK
6
CONTINUOUS
10
0.3457314566929134
20
0.9066960236220473
11
0.3440245669291339
21
0.9092505118110236
0
LINE
8
BLACK
6
CONTINUOUS
10
0.3440245669291339
20
0.9092505118110236
11
0.3434251968503937
21
0.912263779527559
0
LINE
8
BLACK
6
CONTINUOUS
10
0.3434251968503937
20
0.912263779527559
11
0.3434251968503937
21
0.967263779527559
0
LINE
8
BLACK
6
CONTINUOUS
10
0.3434251968503937
20
0.967263779527559
11
0.3440245669291339
21
0.9702770472440945
0
LINE
8
BLACK
6
CONTINUOUS
10
0.3440245669291339
20
0.9702770472440945
11
0.3457314566929134
21
0.9728315354330709
0
LINE
8
BLACK
6
CONTINUOUS
10
0.3457314566929134
20
0.9728315354330709
11
0.3482859448818897
21
0.9745384251968504
0
LINE
8
BLACK
6
CONTINUOUS
10
0.3482859448818897
20
0.9745384251968504
11
0.3512992125984252
21
0.9751377952755905
0
LINE
8
BLACK
6
CONTINUOUS
10
0.3512992125984252
20
0.9751377952755905
11
0.3862992125984252
21
0.9751377952755905
0
LINE
8
BLACK
6
CONTINUOUS
10
0.3862992125984252
20
0.9751377952755905
11
0.3893124803149606
21
0.9745384251968504
0
LINE
8
BLACK
6
CONTINUOUS
10
0.4643124803149606
20
0.9745384251968504
11
0.466866968503937
21
0.9728315354330709
0
LINE
8
BLACK
6
CONTINUOUS
10
0.466866968503937
20
0.9728315354330709
11
0.4685738582677165
21
0.9702770472440945
0
LINE
8
BLACK
6
CONTINUOUS
10
0.4685738582677165
20
0.9702770472440945
11
0.4691732283464567
21
0.967263779527559
0
LINE
8
BLACK
6
CONTINUOUS
10
0.4691732283464567
20
0.967263779527559
11
0.4691732283464567
21
0.912263779527559
0
LINE
8
BLACK
6
CONTINUOUS
10
0.4691732283464567
20
0.912263779527559
11
0.4685738582677165
21
0.9092505118110236
0
LINE
8
BLACK
6
CONTINUOUS
10
0.4685738582677165
20
0.9092505118110236
11
0.466866968503937
21
0.9066960236220473
0
LINE
8
BLACK
6
CONTINUOUS
10
0.466866968503937
20
0.9066960236220473
11
0.4643124803149606
21
0.9049891338582677
0
LINE
8
BLACK
6
CONTINUOUS
10
0.4643124803149606
20
0.9049891338582677
11
0.4612992125984252
21
0.9043897637795275
0
LINE
8
BLACK
6
CONTINUOUS
10
0.4612992125984252
20
0.9043897637795275
11
0.4262992125984252
21
0.9043897637795275
0
LINE
8
BLACK
6
CONTINUOUS
10
0.4262992125984252
20
0.9043897637795275
11
0.4232859448818898
21
0.9049891338582677
0
LINE
8
BLACK
6
CONTINUOUS
10
0.4232859448818898
20
0.9049891338582677
11
0.4207314566929134
21
0.9066960236220473
0
LINE
8
BLACK
6
CONTINUOUS
10
0.4207314566929134
20
0.9066960236220473
11
0.4190245669291339
21
0.9092505118110236
0
LINE
8
BLACK
6
CONTINUOUS
10
0.4190245669291339
20
0.9092505118110236
11
0.4184251968503937
21
0.912263779527559
0
LINE
8
BLACK
6
CONTINUOUS
10
0.4184251968503937
20
0.912263779527559
11
0.4184251968503937
21
0.967263779527559
0
LINE
8
BLACK
6
CONTINUOUS
10
0.4184251968503937
20
0.967263779527559
11
0.4190245669291339
21
0.9702770472440945
0
LINE
8
BLACK
6
CONTINUOUS
10
0.4190245669291339
20
0.9702770472440945
11
0.4207314566929134
21
0.9728315354330709
0
LINE
8
BLACK
6
CONTINUOUS
10
0.4207314566929134
20
0.9728315354330709
11
0.4232859448818898
21
0.9745384251968504
0
LINE
8
BLACK
6
CONTINUOUS
10
0.4232859448818898
20
0.9745384251968504
11
0.4262992125984252
21
0.9751377952755905
0
LINE
8
BLACK
6
CONTINUOUS
10
0.4262992125984252
20
0.9751377952755905
11
0.4612992125984252
21
0.9751377952755905
0
LINE
8
BLACK
6
CONTINUOUS
10
0.4612992125984252
20
0.9751377952755905
11
0.4643124803149606
21
0.9745384251968504
0
LINE
8
BLACK
6
CONTINUOUS
10
0.6368124803149606
20
0.9645384251968504
11
0.639366968503937
21
0.9628315354330709
0
LINE
8
BLACK
6
CONTINUOUS
10
0.639366968503937
20
0.9628315354330709
11
0.6410738582677166
21
0.9602770472440945
0
LINE
8
BLACK
6
CONTINUOUS
10
0.6410738582677166
20
0.9602770472440945
11
0.6416732283464567
21
0.957263779527559
0
LINE
8
BLACK
6
CONTINUOUS
10
0.6416732283464567
20
0.957263779527559
11
0.6416732283464567
21
0.922263779527559
0
LINE
8
BLACK
6
CONTINUOUS
10
0.6416732283464567
20
0.922263779527559
11
0.6410738582677166
21
0.9192505118110236
0
LINE
8
BLACK
6
CONTINUOUS
10
0.6410738582677166
20
0.9192505118110236
11
0.639366968503937
21
0.9166960236220473
0
LINE
8
BLACK
6
CONTINUOUS
10
0.639366968503937
20
0.9166960236220473
11
0.6368124803149606
21
0.9149891338582677
0
LINE
8
BLACK
6
CONTINUOUS
10
0.6368124803149606
20
0.9149891338582677
11
0.6337992125984252
21
0.9143897637795275
0
LINE
8
BLACK
6
CONTINUOUS
10
0.6337992125984252
20
0.9143897637795275
11
0.5787992125984252
21
0.9143897637795275
0
LINE
8
BLACK
6
CONTINUOUS
10
0.5787992125984252
20
0.9143897637795275
11
0.5757859448818897
21
0.9149891338582677
0
LINE
8
BLACK
6
CONTINUOUS
10
0.5757859448818897
20
0.9149891338582677
11
0.5732314566929134
21
0.9166960236220473
0
LINE
8
BLACK
6
CONTINUOUS
10
0.5732314566929134
20
0.9166960236220473
11
0.5715245669291339
21
0.9192505118110236
0
LINE
8
BLACK
6
CONTINUOUS
10
0.5715245669291339
20
0.9192505118110236
11
0.5709251968503937
21
0.922263779527559
0
LINE
8
BLACK
6
CONTINUOUS
10
0.5709251968503937
20
0.922263779527559
11
0.5709251968503937
21
0.957263779527559
0
LINE
8
BLACK
6
CONTINUOUS
10
0.5709251968503937
20
0.957263779527559
11
0.5715245669291339
21
0.9602770472440945
0
LINE
8
BLACK
6
CONTINUOUS
10
0.5715245669291339
20
0.9602770472440945
11
0.5732314566929134
21
0.9628315354330709
0
LINE
8
BLACK
6
CONTINUOUS
10
0.5732314566929134
20
0.9628315354330709
11
0.5757859448818897
21
0.9645384251968504
0
LINE
8
BLACK
6
CONTINUOUS
10
0.5757859448818897
20
0.9645384251968504
11
0.5787992125984252
21
0.9651377952755905
0
LINE
8
BLACK
6
CONTINUOUS
10
0.5787992125984252
20
0.9651377952755905
11
0.6337992125984252
21
0.9651377952755905
0
LINE
8
BLACK
6
CONTINUOUS
10
0.6337992125984252
20
0.9651377952755905
11
0.6368124803149606
21
0.9645384251968504
0
LINE
8
BLACK
6
CONTINUOUS
10
1.2135250787401575
20
0.9538494488188977
11
1.2160795669291338
21
0.9521425590551181
0
LINE
8
BLACK
6
CONTINUOUS
10
1.2160795669291338
20
0.9521425590551181
11
1.2177864566929133
21
0.9495880708661417
0
LINE
8
BLACK
6
CONTINUOUS
10
1.2177864566929133
20
0.9495880708661417
11
1.2183858267716534
21
0.9465748031496063
0
LINE
8
BLACK
6
CONTINUOUS
10
1.2183858267716534
20
0.9465748031496063
11
1.2183858267716534
21
0.9229527559055117
0
LINE
8
BLACK
6
CONTINUOUS
10
1.2183858267716534
20
0.9229527559055117
11
1.2177864566929133
21
0.9199394881889763
0
LINE
8
BLACK
6
CONTINUOUS
10
1.2177864566929133
20
0.9199394881889763
11
1.2160795669291338
21
0.917385
0
LINE
8
BLACK
6
CONTINUOUS
10
1.2160795669291338
20
0.917385
11
1.2135250787401575
21
0.9156781102362205
0
LINE
8
BLACK
6
CONTINUOUS
10
1.2135250787401575
20
0.9156781102362205
11
1.2105118110236219
21
0.9150787401574803
0
LINE
8
BLACK
6
CONTINUOUS
10
1.2105118110236219
20
0.9150787401574803
11
1.1494881889763779
21
0.9150787401574803
0
LINE
8
BLACK
6
CONTINUOUS
10
1.1494881889763779
20
0.9150787401574803
11
1.1464749212598424
21
0.9156781102362205
0
LINE
8
BLACK
6
CONTINUOUS
10
1.1464749212598424
20
0.9156781102362205
11
1.1439204330708661
21
0.917385
0
LINE
8
BLACK
6
CONTINUOUS
10
1.1439204330708661
20
0.917385
11
1.1422135433070866
21
0.9199394881889763
0
LINE
8
BLACK
6
CONTINUOUS
10
1.1422135433070866
20
0.9199394881889763
11
1.1416141732283465
21
0.9229527559055117
0
LINE
8
BLACK
6
CONTINUOUS
10
1.1416141732283465
20
0.9229527559055117
11
1.1416141732283465
21
0.9465748031496063
0
LINE
8
BLACK
6
CONTINUOUS
10
1.1416141732283465
20
0.9465748031496063
11
1.1422135433070866
21
0.9495880708661417
0
LINE
8
BLACK
6
CONTINUOUS
10
1.1422135433070866
20
0.9495880708661417
11
1.1439204330708661
21
0.9521425590551181
0
LINE
8
BLACK
6
CONTINUOUS
10
1.1439204330708661
20
0.9521425590551181
11
1.1464749212598424
21
0.9538494488188977
0
LINE
8
BLACK
6
CONTINUOUS
10
1.1464749212598424
20
0.9538494488188977
11
1.1494881889763779
21
0.9544488188976378
0
LINE
8
BLACK
6
CONTINUOUS
10
1.1494881889763779
20
0.9544488188976378
11
1.2105118110236219
21
0.9544488188976378
0
LINE
8
BLACK
6
CONTINUOUS
10
1.2105118110236219
20
0.9544488188976378
11
1.2135250787401575
21
0.9538494488188977
0
LINE
8
BLACK
6
CONTINUOUS
10
1.4261235039370079
20
0.9538494488188977
11
1.4286779921259842
21
0.9521425590551181
0
LINE
8
BLACK
6
CONTINUOUS
10
1.4286779921259842
20
0.9521425590551181
11
1.4303848818897638
21
0.9495880708661417
0
LINE
8
BLACK
6
CONTINUOUS
10
1.4303848818897638
20
0.9495880708661417
11
1.4309842519685039
21
0.9465748031496063
0
LINE
8
BLACK
6
CONTINUOUS
10
1.4309842519685039
20
0.9465748031496063
11
1.4309842519685039
21
0.9229527559055117
0
LINE
8
BLACK
6
CONTINUOUS
10
1.4309842519685039
20
0.9229527559055117
11
1.4303848818897638
21
0.9199394881889763
0
LINE
8
BLACK
6
CONTINUOUS
10
1.4303848818897638
20
0.9199394881889763
11
1.4286779921259842
21
0.917385
0
LINE
8
BLACK
6
CONTINUOUS
10
1.4286779921259842
20
0.917385
11
1.4261235039370079
21
0.9156781102362205
0
LINE
8
BLACK
6
CONTINUOUS
10
1.4261235039370079
20
0.9156781102362205
11
1.4231102362204724
21
0.9150787401574803
0
LINE
8
BLACK
6
CONTINUOUS
10
1.4231102362204724
20
0.9150787401574803
11
1.3620866141732284
21
0.9150787401574803
0
LINE
8
BLACK
6
CONTINUOUS
10
1.3620866141732284
20
0.9150787401574803
11
1.3590733464566929
21
0.9156781102362205
0
LINE
8
BLACK
6
CONTINUOUS
10
1.3590733464566929
20
0.9156781102362205
11
1.3565188582677166
21
0.917385
0
LINE
8
BLACK
6
CONTINUOUS
10
1.3565188582677166
20
0.917385
11
1.354811968503937
21
0.9199394881889763
0
LINE
8
BLACK
6
CONTINUOUS
10
1.354811968503937
20
0.9199394881889763
11
1.3542125984251969
21
0.9229527559055117
0
LINE
8
BLACK
6
CONTINUOUS
10
1.3542125984251969
20
0.9229527559055117
11
1.3542125984251969
21
0.9465748031496063
0
LINE
8
BLACK
6
CONTINUOUS
10
1.3542125984251969
20
0.9465748031496063
11
1.354811968503937
21
0.9495880708661417
0
LINE
8
BLACK
6
CONTINUOUS
10
1.354811968503937
20
0.9495880708661417
11
1.3565188582677166
21
0.9521425590551181
0
LINE
8
BLACK
6
CONTINUOUS
10
1.3565188582677166
20
0.9521425590551181
11
1.3590733464566929
21
0.9538494488188977
0
LINE
8
BLACK
6
CONTINUOUS
10
1.3590733464566929
20
0.9538494488188977
11
1.3620866141732284
21
0.9544488188976378
0
LINE
8
BLACK
6
CONTINUOUS
10
1.3620866141732284
20
0.9544488188976378
11
1.4231102362204724
21
0.9544488188976378
0
LINE
8
BLACK
6
CONTINUOUS
10
1.4231102362204724
20
0.9544488188976378
11
1.4261235039370079
21
0.9538494488188977
0
LINE
8
BLACK
6
CONTINUOUS
10
1.5168124803149605
20
0.9670384251968503
11
1.519366968503937
21
0.9653315354330708
0
LINE
8
BLACK
6
CONTINUOUS
10
1.519366968503937
20
0.9653315354330708
11
1.5210738582677166
21
0.9627770472440945
0
LINE
8
BLACK
6
CONTINUOUS
10
1.5210738582677166
20
0.9627770472440945
11
1.5216732283464567
21
0.959763779527559
0
LINE
8
BLACK
6
CONTINUOUS
10
1.5216732283464567
20
0.959763779527559
11
1.5216732283464567
21
0.9247637795275591
0
LINE
8
BLACK
6
CONTINUOUS
10
1.5216732283464567
20
0.9247637795275591
11
1.5210738582677166
21
0.9217505118110236
0
LINE
8
BLACK
6
CONTINUOUS
10
1.5210738582677166
20
0.9217505118110236
11
1.519366968503937
21
0.9191960236220472
0
LINE
8
BLACK
6
CONTINUOUS
10
1.519366968503937
20
0.9191960236220472
11
1.5168124803149605
21
0.9174891338582677
0
LINE
8
BLACK
6
CONTINUOUS
10
1.5168124803149605
20
0.9174891338582677
11
1.5137992125984252
21
0.9168897637795276
0
LINE
8
BLACK
6
CONTINUOUS
10
1.5137992125984252
20
0.9168897637795276
11
1.4587992125984253
21
0.9168897637795276
0
LINE
8
BLACK
6
CONTINUOUS
10
1.4587992125984253
20
0.9168897637795276
11
1.4557859448818897
21
0.9174891338582677
0
LINE
8
BLACK
6
CONTINUOUS
10
1.4557859448818897
20
0.9174891338582677
11
1.4532314566929134
21
0.9191960236220472
0
LINE
8
BLACK
6
CONTINUOUS
10
1.4532314566929134
20
0.9191960236220472
11
1.4515245669291339
21
0.9217505118110236
0
LINE
8
BLACK
6
CONTINUOUS
10
1.4515245669291339
20
0.9217505118110236
11
1.4509251968503936
21
0.9247637795275591
0
LINE
8
BLACK
6
CONTINUOUS
10
1.4509251968503936
20
0.9247637795275591
11
1.4509251968503936
21
0.959763779527559
0
LINE
8
BLACK
6
CONTINUOUS
10
1.4509251968503936
20
0.959763779527559
11
1.4515245669291339
21
0.9627770472440945
0
LINE
8
BLACK
6
CONTINUOUS
10
1.4515245669291339
20
0.9627770472440945
11
1.4532314566929134
21
0.9653315354330708
0
LINE
8
BLACK
6
CONTINUOUS
10
1.4532314566929134
20
0.9653315354330708
11
1.4557859448818897
21
0.9670384251968503
0
LINE
8
BLACK
6
CONTINUOUS
10
1.4557859448818897
20
0.9670384251968503
11
1.4587992125984253
21
0.9676377952755906
0
LINE
8
BLACK
6
CONTINUOUS
10
1.4587992125984253
20
0.9676377952755906
11
1.5137992125984252
21
0.9676377952755906
0
LINE
8
BLACK
6
CONTINUOUS
10
1.5137992125984252
20
0.9676377952755906
11
1.5168124803149605
21
0.9670384251968503
0
LINE
8
BLACK
6
CONTINUOUS
10
1.6068124803149606
20
0.9670384251968503
11
1.6093669685039369
21
0.9653315354330708
0
LINE
8
BLACK
6
CONTINUOUS
10
1.6093669685039369
20
0.9653315354330708
11
1.6110738582677164
21
0.9627770472440945
0
LINE
8
BLACK
6
CONTINUOUS
10
1.6110738582677164
20
0.9627770472440945
11
1.6116732283464568
21
0.959763779527559
0
LINE
8
BLACK
6
CONTINUOUS
10
1.6116732283464568
20
0.959763779527559
11
1.6116732283464568
21
0.9247637795275591
0
LINE
8
BLACK
6
CONTINUOUS
10
1.6116732283464568
20
0.9247637795275591
11
1.6110738582677164
21
0.9217505118110236
0
LINE
8
BLACK
6
CONTINUOUS
10
1.6110738582677164
20
0.9217505118110236
11
1.6093669685039369
21
0.9191960236220472
0
LINE
8
BLACK
6
CONTINUOUS
10
1.6093669685039369
20
0.9191960236220472
11
1.6068124803149606
21
0.9174891338582677
0
LINE
8
BLACK
6
CONTINUOUS
10
1.6068124803149606
20
0.9174891338582677
11
1.6037992125984251
21
0.9168897637795276
0
LINE
8
BLACK
6
CONTINUOUS
10
1.6037992125984251
20
0.9168897637795276
11
1.5487992125984251
21
0.9168897637795276
0
LINE
8
BLACK
6
CONTINUOUS
10
1.5487992125984251
20
0.9168897637795276
11
1.5457859448818898
21
0.9174891338582677
0
LINE
8
BLACK
6
CONTINUOUS
10
1.5457859448818898
20
0.9174891338582677
11
1.5432314566929133
21
0.9191960236220472
0
LINE
8
BLACK
6
CONTINUOUS
10
1.5432314566929133
20
0.9191960236220472
11
1.5415245669291338
21
0.9217505118110236
0
LINE
8
BLACK
6
CONTINUOUS
10
1.5415245669291338
20
0.9217505118110236
11
1.5409251968503936
21
0.9247637795275591
0
LINE
8
BLACK
6
CONTINUOUS
10
1.5409251968503936
20
0.9247637795275591
11
1.5409251968503936
21
0.959763779527559
0
LINE
8
BLACK
6
CONTINUOUS
10
1.5409251968503936
20
0.959763779527559
11
1.5415245669291338
21
0.9627770472440945
0
LINE
8
BLACK
6
CONTINUOUS
10
1.5415245669291338
20
0.9627770472440945
11
1.5432314566929133
21
0.9653315354330708
0
LINE
8
BLACK
6
CONTINUOUS
10
1.5432314566929133
20
0.9653315354330708
11
1.5457859448818898
21
0.9670384251968503
0
LINE
8
BLACK
6
CONTINUOUS
10
1.5457859448818898
20
0.9670384251968503
11
1.5487992125984251
21
0.9676377952755906
0
LINE
8
BLACK
6
CONTINUOUS
10
1.5487992125984251
20
0.9676377952755906
11
1.6037992125984251
21
0.9676377952755906
0
LINE
8
BLACK
6
CONTINUOUS
10
1.6037992125984251
20
0.9676377952755906
11
1.6068124803149606
21
0.9670384251968503
0
LINE
8
BLACK
6
CONTINUOUS
10
2.3465172047244094
20
1.0186919685039371
11
2.3484251968503935
21
1.0174170472440944
0
LINE
8
BLACK
6
CONTINUOUS
10
2.3484251968503935
20
1.0174170472440944
11
2.3503331889763781
21
1.0186919685039371
0
LINE
8
BLACK
6
CONTINUOUS
10
2.3503331889763781
20
1.0186919685039371
11
2.3533464566929134
21
1.0192913385826772
0
LINE
8
BLACK
6
CONTINUOUS
10
2.3533464566929134
20
1.0192913385826772
11
2.375
21
1.0192913385826772
0
LINE
8
BLACK
6
CONTINUOUS
10
2.375
20
1.0192913385826772
11
2.3780132677165353
21
1.0186919685039371
0
LINE
8
BLACK
6
CONTINUOUS
10
2.3780132677165353
20
1.0186919685039371
11
2.3799212598425195
21
1.0174170472440944
0
LINE
8
BLACK
6
CONTINUOUS
10
2.3799212598425195
20
1.0174170472440944
11
2.381829251968504
21
1.0186919685039371
0
LINE
8
BLACK
6
CONTINUOUS
10
2.381829251968504
20
1.0186919685039371
11
2.3848425196850394
21
1.0192913385826772
0
LINE
8
BLACK
6
CONTINUOUS
10
2.3848425196850394
20
1.0192913385826772
11
2.4064960629921259
21
1.0192913385826772
0
LINE
8
BLACK
6
CONTINUOUS
10
2.4064960629921259
20
1.0192913385826772
11
2.4095093307086612
21
1.0186919685039371
0
LINE
8
BLACK
6
CONTINUOUS
10
2.4095093307086612
20
1.0186919685039371
11
2.4114173228346458
21
1.0174170472440944
0
LINE
8
BLACK
6
CONTINUOUS
10
2.4114173228346458
20
1.0174170472440944
11
2.41332531496063
21
1.0186919685039371
0
LINE
8
BLACK
6
CONTINUOUS
10
2.41332531496063
20
1.0186919685039371
11
2.4163385826771653
21
1.0192913385826772
0
LINE
8
BLACK
6
CONTINUOUS
10
2.4163385826771653
20
1.0192913385826772
11
2.4379921259842519
21
1.0192913385826772
0
LINE
8
BLACK
6
CONTINUOUS
10
2.4379921259842519
20
1.0192913385826772
11
2.4410053937007872
21
1.0186919685039371
0
LINE
8
BLACK
6
CONTINUOUS
10
2.4410053937007872
20
1.0186919685039371
11
2.4429133858267718
21
1.0174170472440944
0
LINE
8
BLACK
6
CONTINUOUS
10
2.4429133858267718
20
1.0174170472440944
11
2.4448213779527559
21
1.0186919685039371
0
LINE
8
BLACK
6
CONTINUOUS
10
2.4448213779527559
20
1.0186919685039371
11
2.4478346456692912
21
1.0192913385826772
0
LINE
8
BLACK
6
CONTINUOUS
10
2.4478346456692912
20
1.0192913385826772
11
2.4694881889763778
21
1.0192913385826772
0
LINE
8
BLACK
6
CONTINUOUS
10
2.4694881889763778
20
1.0192913385826772
11
2.4725014566929135
21
1.0186919685039371
0
LINE
8
BLACK
6
CONTINUOUS
10
2.4725014566929135
20
1.0186919685039371
11
2.4744094488188977
21
1.0174170472440944
0
LINE
8
BLACK
6
CONTINUOUS
10
2.4744094488188977
20
1.0174170472440944
11
2.4763174409448818
21
1.0186919685039371
0
LINE
8
BLACK
6
CONTINUOUS
10
2.4763174409448818
20
1.0186919685039371
11
2.4793307086614171
21
1.0192913385826772
0
LINE
8
BLACK
6
CONTINUOUS
10
2.4793307086614171
20
1.0192913385826772
11
2.5009842519685037
21
1.0192913385826772
0
LINE
8
BLACK
6
CONTINUOUS
10
2.5009842519685037
20
1.0192913385826772
11
2.5039975196850395
21
1.0186919685039371
0
LINE
8
BLACK
6
CONTINUOUS
10
2.5039975196850395
20
1.0186919685039371
11
2.5059055118110236
21
1.0174170472440944
0
LINE
8
BLACK
6
CONTINUOUS
10
2.5059055118110236
20
1.0174170472440944
11
2.5078135039370077
21
1.0186919685039371
0
LINE
8
BLACK
6
CONTINUOUS
10
2.5078135039370077
20
1.0186919685039371
11
2.5108267716535431
21
1.0192913385826772
0
LINE
8
BLACK
6
CONTINUOUS
10
2.5108267716535431
20
1.0192913385826772
11
2.5324803149606301
21
1.0192913385826772
0
LINE
8
BLACK
6
CONTINUOUS
10
2.5324803149606301
20
1.0192913385826772
11
2.5354935826771654
21
1.0186919685039371
0
LINE
8
BLACK
6
CONTINUOUS
10
2.5354935826771654
20
1.0186919685039371
11
2.5374015748031495
21
1.0174170472440944
0
LINE
8
BLACK
6
CONTINUOUS
10
2.5374015748031495
20
1.0174170472440944
11
2.5393095669291337
21
1.0186919685039371
0
LINE
8
BLACK
6
CONTINUOUS
10
2.5393095669291337
20
1.0186919685039371
11
2.5423228346456694
21
1.0192913385826772
0
LINE
8
BLACK
6
CONTINUOUS
10
2.5423228346456694
20
1.0192913385826772
11
2.563976377952756
21
1.0192913385826772
0
LINE
8
BLACK
6
CONTINUOUS
10
2.563976377952756
20
1.0192913385826772
11
2.5669896456692913
21
1.0186919685039371
0
LINE
8
BLACK
6
CONTINUOUS
10
2.5669896456692913
20
1.0186919685039371
11
2.5688976377952755
21
1.0174170472440944
0
LINE
8
BLACK
6
CONTINUOUS
10
2.5688976377952755
20
1.0174170472440944
11
2.5708056299212596
21
1.0186919685039371
0
LINE
8
BLACK
6
CONTINUOUS
10
2.5708056299212596
20
1.0186919685039371
11
2.5738188976377954
21
1.0192913385826772
0
LINE
8
BLACK
6
CONTINUOUS
10
2.5738188976377954
20
1.0192913385826772
11
2.5954724409448819
21
1.0192913385826772
0
LINE
8
BLACK
6
CONTINUOUS
10
2.5954724409448819
20
1.0192913385826772
11
2.5984857086614173
21
1.0186919685039371
0
LINE
8
BLACK
6
CONTINUOUS
10
2.5984857086614173
20
1.0186919685039371
11
2.6003937007874014
21
1.0174170472440944
0
LINE
8
BLACK
6
CONTINUOUS
10
2.6003937007874014
20
1.0174170472440944
11
2.602301692913386
21
1.0186919685039371
0
LINE
8
BLACK
6
CONTINUOUS
10
2.602301692913386
20
1.0186919685039371
11
2.6053149606299213
21
1.0192913385826772
0
LINE
8
BLACK
6
CONTINUOUS
10
2.6053149606299213
20
1.0192913385826772
11
2.6269685039370079
21
1.0192913385826772
0
LINE
8
BLACK
6
CONTINUOUS
10
2.6269685039370079
20
1.0192913385826772
11
2.6299817716535432
21
1.0186919685039371
0
LINE
8
BLACK
6
CONTINUOUS
10
2.6299817716535432
20
1.0186919685039371
11
2.6318897637795273
21
1.0174170472440944
0
LINE
8
BLACK
6
CONTINUOUS
10
2.6318897637795273
20
1.0174170472440944
11
2.6337977559055119
21
1.0186919685039371
0
LINE
8
BLACK
6
CONTINUOUS
10
2.6337977559055119
20
1.0186919685039371
11
2.6368110236220472
21
1.0192913385826772
0
LINE
8
BLACK
6
CONTINUOUS
10
2.6368110236220472
20
1.0192913385826772
11
2.6584645669291338
21
1.0192913385826772
0
LINE
8
BLACK
6
CONTINUOUS
10
2.6584645669291338
20
1.0192913385826772
11
2.6614778346456691
21
1.0186919685039371
0
LINE
8
BLACK
6
CONTINUOUS
10
2.6614778346456691
20
1.0186919685039371
11
2.6640323228346454
21
1.0169850787401575
0
LINE
8
BLACK
6
CONTINUOUS
10
2.6640323228346454
20
1.0169850787401575
11
2.6657392125984249
21
1.014430590551181
0
LINE
8
BLACK
6
CONTINUOUS
10
2.6657392125984249
20
1.014430590551181
11
2.6663385826771653
21
1.0114173228346457
0
LINE
8
BLACK
6
CONTINUOUS
10
2.6663385826771653
20
1.0114173228346457
11
2.6663385826771653
21
0.9523622047244095
0
LINE
8
BLACK
6
CONTINUOUS
10
2.6663385826771653
20
0.9523622047244095
11
2.6657392125984249
21
0.949348937007874
0
LINE
8
BLACK
6
CONTINUOUS
10
2.6657392125984249
20
0.949348937007874
11
2.6640323228346454
21
0.9467944488188976
0
LINE
8
BLACK
6
CONTINUOUS
10
2.6640323228346454
20
0.9467944488188976
11
2.6614778346456691
21
0.9450875590551181
0
LINE
8
BLACK
6
CONTINUOUS
10
2.6614778346456691
20
0.9450875590551181
11
2.6584645669291338
21
0.944488188976378
0
LINE
8
BLACK
6
CONTINUOUS
10
2.6584645669291338
20
0.944488188976378
11
2.6368110236220472
21
0.944488188976378
0
LINE
8
BLACK
6
CONTINUOUS
10
2.6368110236220472
20
0.944488188976378
11
2.6337977559055119
21
0.9450875590551181
0
LINE
8
BLACK
6
CONTINUOUS
10
2.6337977559055119
20
0.9450875590551181
11
2.6318897637795273
21
0.9463624409448819
0
LINE
8
BLACK
6
CONTINUOUS
10
2.6318897637795273
20
0.9463624409448819
11
2.6299817716535432
21
0.9450875590551181
0
LINE
8
BLACK
6
CONTINUOUS
10
2.6299817716535432
20
0.9450875590551181
11
2.6269685039370079
21
0.944488188976378
0
LINE
8
BLACK
6
CONTINUOUS
10
2.6269685039370079
20
0.944488188976378
11
2.6053149606299213
21
0.944488188976378
0
LINE
8
BLACK
6
CONTINUOUS
10
2.6053149606299213
20
0.944488188976378
11
2.602301692913386
21
0.9450875590551181
0
LINE
8
BLACK
6
CONTINUOUS
10
2.602301692913386
20
0.9450875590551181
11
2.6003937007874014
21
0.9463624409448819
0
LINE
8
BLACK
6
CONTINUOUS
10
2.6003937007874014
20
0.9463624409448819
11
2.5984857086614173
21
0.9450875590551181
0
LINE
8
BLACK
6
CONTINUOUS
10
2.5984857086614173
20
0.9450875590551181
11
2.5954724409448819
21
0.944488188976378
0
LINE
8
BLACK
6
CONTINUOUS
10
2.5954724409448819
20
0.944488188976378
11
2.5738188976377954
21
0.944488188976378
0
LINE
8
BLACK
6
CONTINUOUS
10
2.5738188976377954
20
0.944488188976378
11
2.5708056299212596
21
0.9450875590551181
0
LINE
8
BLACK
6
CONTINUOUS
10
2.5708056299212596
20
0.9450875590551181
11
2.5688976377952755
21
0.9463624409448819
0
LINE
8
BLACK
6
CONTINUOUS
10
2.5688976377952755
20
0.9463624409448819
11
2.5669896456692913
21
0.9450875590551181
0
LINE
8
BLACK
6
CONTINUOUS
10
2.5669896456692913
20
0.9450875590551181
11
2.563976377952756
21
0.944488188976378
0
LINE
8
BLACK
6
CONTINUOUS
10
2.563976377952756
20
0.944488188976378
11
2.5423228346456694
21
0.944488188976378
0
LINE
8
BLACK
6
CONTINUOUS
10
2.5423228346456694
20
0.944488188976378
11
2.5393095669291337
21
0.9450875590551181
0
LINE
8
BLACK
6
CONTINUOUS
10
2.5393095669291337
20
0.9450875590551181
11
2.5374015748031495
21
0.9463624409448819
0
LINE
8
BLACK
6
CONTINUOUS
10
2.5374015748031495
20
0.9463624409448819
11
2.5354935826771654
21
0.9450875590551181
0
LINE
8
BLACK
6
CONTINUOUS
10
2.5354935826771654
20
0.9450875590551181
11
2.5324803149606301
21
0.944488188976378
0
LINE
8
BLACK
6
CONTINUOUS
10
2.5324803149606301
20
0.944488188976378
11
2.5108267716535431
21
0.944488188976378
0
LINE
8
BLACK
6
CONTINUOUS
10
2.5108267716535431
20
0.944488188976378
11
2.5078135039370077
21
0.9450875590551181
0
LINE
8
BLACK
6
CONTINUOUS
10
2.5078135039370077
20
0.9450875590551181
11
2.5059055118110236
21
0.9463624409448819
0
LINE
8
BLACK
6
CONTINUOUS
10
2.5059055118110236
20
0.9463624409448819
11
2.5039975196850395
21
0.9450875590551181
0
LINE
8
BLACK
6
CONTINUOUS
10
2.5039975196850395
20
0.9450875590551181
11
2.5009842519685037
21
0.944488188976378
0
LINE
8
BLACK
6
CONTINUOUS
10
2.5009842519685037
20
0.944488188976378
11
2.4793307086614171
21
0.944488188976378
0
LINE
8
BLACK
6
CONTINUOUS
10
2.4793307086614171
20
0.944488188976378
11
2.4763174409448818
21
0.9450875590551181
0
LINE
8
BLACK
6
CONTINUOUS
10
2.4763174409448818
20
0.9450875590551181
11
2.4744094488188977
21
0.9463624409448819
0
LINE
8
BLACK
6
CONTINUOUS
10
2.4744094488188977
20
0.9463624409448819
11
2.4725014566929135
21
0.9450875590551181
0
LINE
8
BLACK
6
CONTINUOUS
10
2.4725014566929135
20
0.9450875590551181
11
2.4694881889763778
21
0.944488188976378
0
LINE
8
BLACK
6
CONTINUOUS
10
2.4694881889763778
20
0.944488188976378
11
2.4478346456692912
21
0.944488188976378
0
LINE
8
BLACK
6
CONTINUOUS
10
2.4478346456692912
20
0.944488188976378
11
2.4448213779527559
21
0.9450875590551181
0
LINE
8
BLACK
6
CONTINUOUS
10
2.4448213779527559
20
0.9450875590551181
11
2.4429133858267718
21
0.9463624409448819
0
LINE
8
BLACK
6
CONTINUOUS
10
2.4429133858267718
20
0.9463624409448819
11
2.4410053937007872
21
0.9450875590551181
0
LINE
8
BLACK
6
CONTINUOUS
10
2.4410053937007872
20
0.9450875590551181
11
2.4379921259842519
21
0.944488188976378
0
LINE
8
BLACK
6
CONTINUOUS
10
2.4379921259842519
20
0.944488188976378
11
2.4163385826771653
21
0.944488188976378
0
LINE
8
BLACK
6
CONTINUOUS
10
2.4163385826771653
20
0.944488188976378
11
2.41332531496063
21
0.9450875590551181
0
LINE
8
BLACK
6
CONTINUOUS
10
2.41332531496063
20
0.9450875590551181
11
2.4114173228346458
21
0.9463624409448819
0
LINE
8
BLACK
6
CONTINUOUS
10
2.4114173228346458
20
0.9463624409448819
11
2.4095093307086612
21
0.9450875590551181
0
LINE
8
BLACK
6
CONTINUOUS
10
2.4095093307086612
20
0.9450875590551181
11
2.4064960629921259
21
0.944488188976378
0
LINE
8
BLACK
6
CONTINUOUS
10
2.4064960629921259
20
0.944488188976378
11
2.3848425196850394
21
0.944488188976378
0
LINE
8
BLACK
6
CONTINUOUS
10
2.3848425196850394
20
0.944488188976378
11
2.381829251968504
21
0.9450875590551181
0
LINE
8
BLACK
6
CONTINUOUS
10
2.381829251968504
20
0.9450875590551181
11
2.3799212598425195
21
0.9463624409448819
0
LINE
8
BLACK
6
CONTINUOUS
10
2.3799212598425195
20
0.9463624409448819
11
2.3780132677165353
21
0.9450875590551181
0
LINE
8
BLACK
6
CONTINUOUS
10
2.3780132677165353
20
0.9450875590551181
11
2.375
21
0.944488188976378
0
LINE
8
BLACK
6
CONTINUOUS
10
2.375
20
0.944488188976378
11
2.3533464566929134
21
0.944488188976378
0
LINE
8
BLACK
6
CONTINUOUS
10
2.3533464566929134
20
0.944488188976378
11
2.3503331889763781
21
0.9450875590551181
0
LINE
8
BLACK
6
CONTINUOUS
10
2.3503331889763781
20
0.9450875590551181
11
2.3484251968503935
21
0.9463624409448819
0
LINE
8
BLACK
6
CONTINUOUS
10
2.3484251968503935
20
0.9463624409448819
11
2.3465172047244094
21
0.9450875590551181
0
LINE
8
BLACK
6
CONTINUOUS
10
2.3465172047244094
20
0.9450875590551181
11
2.3435039370078741
21
0.944488188976378
0
LINE
8
BLACK
6
CONTINUOUS
10
2.3435039370078741
20
0.944488188976378
11
2.3218503937007875
21
0.944488188976378
0
LINE
8
BLACK
6
CONTINUOUS
10
2.3218503937007875
20
0.944488188976378
11
2.3188371259842517
21
0.9450875590551181
0
LINE
8
BLACK
6
CONTINUOUS
10
2.3188371259842517
20
0.9450875590551181
11
2.3162826377952754
21
0.9467944488188976
0
LINE
8
BLACK
6
CONTINUOUS
10
2.3162826377952754
20
0.9467944488188976
11
2.3145757480314959
21
0.949348937007874
0
LINE
8
BLACK
6
CONTINUOUS
10
2.3145757480314959
20
0.949348937007874
11
2.313976377952756
21
0.9523622047244095
0
LINE
8
BLACK
6
CONTINUOUS
10
2.313976377952756
20
0.9523622047244095
11
2.313976377952756
21
1.0114173228346457
0
LINE
8
BLACK
6
CONTINUOUS
10
2.313976377952756
20
1.0114173228346457
11
2.3145757480314959
21
1.014430590551181
0
LINE
8
BLACK
6
CONTINUOUS
10
2.3145757480314959
20
1.014430590551181
11
2.3162826377952754
21
1.0169850787401575
0
LINE
8
BLACK
6
CONTINUOUS
10
2.3162826377952754
20
1.0169850787401575
11
2.3188371259842517
21
1.0186919685039371
0
LINE
8
BLACK
6
CONTINUOUS
10
2.3188371259842517
20
1.0186919685039371
11
2.3218503937007875
21
1.0192913385826772
0
LINE
8
BLACK
6
CONTINUOUS
10
2.3218503937007875
20
1.0192913385826772
11
2.3435039370078741
21
1.0192913385826772
0
LINE
8
BLACK
6
CONTINUOUS
10
2.3435039370078741
20
1.0192913385826772
11
2.3465172047244094
21
1.0186919685039371
0
LINE
8
BLACK
6
CONTINUOUS
10
0.7268124803149606
20
0.9995384251968503
11
0.729366968503937
21
0.9978315354330708
0
LINE
8
BLACK
6
CONTINUOUS
10
0.729366968503937
20
0.9978315354330708
11
0.7310738582677165
21
0.9952770472440945
0
LINE
8
BLACK
6
CONTINUOUS
10
0.7310738582677165
20
0.9952770472440945
11
0.7316732283464566
21
0.9922637795275591
0
LINE
8
BLACK
6
CONTINUOUS
10
0.7316732283464566
20
0.9922637795275591
11
0.7316732283464566
21
0.957263779527559
0
LINE
8
BLACK
6
CONTINUOUS
10
0.7316732283464566
20
0.957263779527559
11
0.7310738582677165
21
0.9542505118110236
0
LINE
8
BLACK
6
CONTINUOUS
10
0.7310738582677165
20
0.9542505118110236
11
0.729366968503937
21
0.9516960236220472
0
LINE
8
BLACK
6
CONTINUOUS
10
0.729366968503937
20
0.9516960236220472
11
0.7268124803149606
21
0.9499891338582677
0
LINE
8
BLACK
6
CONTINUOUS
10
0.7268124803149606
20
0.9499891338582677
11
0.7237992125984252
21
0.9493897637795276
0
LINE
8
BLACK
6
CONTINUOUS
10
0.7237992125984252
20
0.9493897637795276
11
0.6687992125984252
21
0.9493897637795276
0
LINE
8
BLACK
6
CONTINUOUS
10
0.6687992125984252
20
0.9493897637795276
11
0.6657859448818898
21
0.9499891338582677
0
LINE
8
BLACK
6
CONTINUOUS
10
0.6657859448818898
20
0.9499891338582677
11
0.6632314566929134
21
0.9516960236220472
0
LINE
8
BLACK
6
CONTINUOUS
10
0.6632314566929134
20
0.9516960236220472
11
0.6615245669291339
21
0.9542505118110236
0
LINE
8
BLACK
6
CONTINUOUS
10
0.6615245669291339
20
0.9542505118110236
11
0.6609251968503936
21
0.957263779527559
0
LINE
8
BLACK
6
CONTINUOUS
10
0.6609251968503936
20
0.957263779527559
11
0.6609251968503936
21
0.9922637795275591
0
LINE
8
BLACK
6
CONTINUOUS
10
0.6609251968503936
20
0.9922637795275591
11
0.6615245669291339
21
0.9952770472440945
0
LINE
8
BLACK
6
CONTINUOUS
10
0.6615245669291339
20
0.9952770472440945
11
0.6632314566929134
21
0.9978315354330708
0
LINE
8
BLACK
6
CONTINUOUS
10
0.6632314566929134
20
0.9978315354330708
11
0.6657859448818898
21
0.9995384251968503
0
LINE
8
BLACK
6
CONTINUOUS
10
0.6657859448818898
20
0.9995384251968503
11
0.6687992125984252
21
1.0001377952755905
0
LINE
8
BLACK
6
CONTINUOUS
10
0.6687992125984252
20
1.0001377952755905
11
0.7237992125984252
21
1.0001377952755905
0
LINE
8
BLACK
6
CONTINUOUS
10
0.7237992125984252
20
1.0001377952755905
11
0.7268124803149606
21
0.9995384251968503
0
LINE
8
BLACK
6
CONTINUOUS
10
0.8068124803149606
20
0.9995384251968503
11
0.809366968503937
21
0.9978315354330708
0
LINE
8
BLACK
6
CONTINUOUS
10
0.809366968503937
20
0.9978315354330708
11
0.8110738582677165
21
0.9952770472440945
0
LINE
8
BLACK
6
CONTINUOUS
10
0.8110738582677165
20
0.9952770472440945
11
0.8116732283464567
21
0.9922637795275591
0
LINE
8
BLACK
6
CONTINUOUS
10
0.8116732283464567
20
0.9922637795275591
11
0.8116732283464567
21
0.957263779527559
0
LINE
8
BLACK
6
CONTINUOUS
10
0.8116732283464567
20
0.957263779527559
11
0.8110738582677165
21
0.9542505118110236
0
LINE
8
BLACK
6
CONTINUOUS
10
0.8110738582677165
20
0.9542505118110236
11
0.809366968503937
21
0.9516960236220472
0
LINE
8
BLACK
6
CONTINUOUS
10
0.809366968503937
20
0.9516960236220472
11
0.8068124803149606
21
0.9499891338582677
0
LINE
8
BLACK
6
CONTINUOUS
10
0.8068124803149606
20
0.9499891338582677
11
0.8037992125984251
21
0.9493897637795276
0
LINE
8
BLACK
6
CONTINUOUS
10
0.8037992125984251
20
0.9493897637795276
11
0.7487992125984252
21
0.9493897637795276
0
LINE
8
BLACK
6
CONTINUOUS
10
0.7487992125984252
20
0.9493897637795276
11
0.7457859448818898
21
0.9499891338582677
0
LINE
8
BLACK
6
CONTINUOUS
10
0.7457859448818898
20
0.9499891338582677
11
0.7432314566929134
21
0.9516960236220472
0
LINE
8
BLACK
6
CONTINUOUS
10
0.7432314566929134
20
0.9516960236220472
11
0.7415245669291338
21
0.9542505118110236
0
LINE
8
BLACK
6
CONTINUOUS
10
0.7415245669291338
20
0.9542505118110236
11
0.7409251968503937
21
0.957263779527559
0
LINE
8
BLACK
6
CONTINUOUS
10
0.7409251968503937
20
0.957263779527559
11
0.7409251968503937
21
0.9922637795275591
0
LINE
8
BLACK
6
CONTINUOUS
10
0.7409251968503937
20
0.9922637795275591
11
0.7415245669291338
21
0.9952770472440945
0
LINE
8
BLACK
6
CONTINUOUS
10
0.7415245669291338
20
0.9952770472440945
11
0.7432314566929134
21
0.9978315354330708
0
LINE
8
BLACK
6
CONTINUOUS
10
0.7432314566929134
20
0.9978315354330708
11
0.7457859448818898
21
0.9995384251968503
0
LINE
8
BLACK
6
CONTINUOUS
10
0.7457859448818898
20
0.9995384251968503
11
0.7487992125984252
21
1.0001377952755905
0
LINE
8
BLACK
6
CONTINUOUS
10
0.7487992125984252
20
1.0001377952755905
11
0.8037992125984251
21
1.0001377952755905
0
LINE
8
BLACK
6
CONTINUOUS
10
0.8037992125984251
20
1.0001377952755905
11
0.8068124803149606
21
0.9995384251968503
0
LINE
8
BLACK
6
CONTINUOUS
10
1.0068124803149605
20
0.9995384251968503
11
1.009366968503937
21
0.9978315354330708
0
LINE
8
BLACK
6
CONTINUOUS
10
1.009366968503937
20
0.9978315354330708
11
1.0110738582677166
21
0.9952770472440945
0
LINE
8
BLACK
6
CONTINUOUS
10
1.0110738582677166
20
0.9952770472440945
11
1.0116732283464567
21
0.9922637795275591
0
LINE
8
BLACK
6
CONTINUOUS
10
1.0116732283464567
20
0.9922637795275591
11
1.0116732283464567
21
0.957263779527559
0
LINE
8
BLACK
6
CONTINUOUS
10
1.0116732283464567
20
0.957263779527559
11
1.0110738582677166
21
0.9542505118110236
0
LINE
8
BLACK
6
CONTINUOUS
10
1.0110738582677166
20
0.9542505118110236
11
1.009366968503937
21
0.9516960236220472
0
LINE
8
BLACK
6
CONTINUOUS
10
1.009366968503937
20
0.9516960236220472
11
1.0068124803149605
21
0.9499891338582677
0
LINE
8
BLACK
6
CONTINUOUS
10
1.0068124803149605
20
0.9499891338582677
11
1.0037992125984252
21
0.9493897637795276
0
LINE
8
BLACK
6
CONTINUOUS
10
1.0037992125984252
20
0.9493897637795276
11
0.9487992125984251
21
0.9493897637795276
0
LINE
8
BLACK
6
CONTINUOUS
10
0.9487992125984251
20
0.9493897637795276
11
0.9457859448818897
21
0.9499891338582677
0
LINE
8
BLACK
6
CONTINUOUS
10
0.9457859448818897
20
0.9499891338582677
11
0.9432314566929134
21
0.9516960236220472
0
LINE
8
BLACK
6
CONTINUOUS
10
0.9432314566929134
20
0.9516960236220472
11
0.9415245669291339
21
0.9542505118110236
0
LINE
8
BLACK
6
CONTINUOUS
10
0.9415245669291339
20
0.9542505118110236
11
0.9409251968503937
21
0.957263779527559
0
LINE
8
BLACK
6
CONTINUOUS
10
0.9409251968503937
20
0.957263779527559
11
0.9409251968503937
21
0.9922637795275591
0
LINE
8
BLACK
6
CONTINUOUS
10
0.9409251968503937
20
0.9922637795275591
11
0.9415245669291339
21
0.9952770472440945
0
LINE
8
BLACK
6
CONTINUOUS
10
0.9415245669291339
20
0.9952770472440945
11
0.9432314566929134
21
0.9978315354330708
0
LINE
8
BLACK
6
CONTINUOUS
10
0.9432314566929134
20
0.9978315354330708
11
0.9457859448818897
21
0.9995384251968503
0
LINE
8
BLACK
6
CONTINUOUS
10
0.9457859448818897
20
0.9995384251968503
11
0.9487992125984251
21
1.0001377952755905
0
LINE
8
BLACK
6
CONTINUOUS
10
0.9487992125984251
20
1.0001377952755905
11
1.0037992125984252
21
1.0001377952755905
0
LINE
8
BLACK
6
CONTINUOUS
10
1.0037992125984252
20
1.0001377952755905
11
1.0068124803149605
21
0.9995384251968503
0
LINE
8
BLACK
6
CONTINUOUS
10
1.0968124803149606
20
0.9995384251968503
11
1.0993669685039369
21
0.9978315354330708
0
LINE
8
BLACK
6
CONTINUOUS
10
1.0993669685039369
20
0.9978315354330708
11
1.1010738582677164
21
0.9952770472440945
0
LINE
8
BLACK
6
CONTINUOUS
10
1.1010738582677164
20
0.9952770472440945
11
1.1016732283464568
21
0.9922637795275591
0
LINE
8
BLACK
6
CONTINUOUS
10
1.1016732283464568
20
0.9922637795275591
11
1.1016732283464568
21
0.957263779527559
0
LINE
8
BLACK
6
CONTINUOUS
10
1.1016732283464568
20
0.957263779527559
11
1.1010738582677164
21
0.9542505118110236
0
LINE
8
BLACK
6
CONTINUOUS
10
1.1010738582677164
20
0.9542505118110236
11
1.0993669685039369
21
0.9516960236220472
0
LINE
8
BLACK
6
CONTINUOUS
10
1.0993669685039369
20
0.9516960236220472
11
1.0968124803149606
21
0.9499891338582677
0
LINE
8
BLACK
6
CONTINUOUS
10
1.0968124803149606
20
0.9499891338582677
11
1.0937992125984253
21
0.9493897637795276
0
LINE
8
BLACK
6
CONTINUOUS
10
1.0937992125984253
20
0.9493897637795276
11
1.0387992125984251
21
0.9493897637795276
0
LINE
8
BLACK
6
CONTINUOUS
10
1.0387992125984251
20
0.9493897637795276
11
1.0357859448818898
21
0.9499891338582677
0
LINE
8
BLACK
6
CONTINUOUS
10
1.0357859448818898
20
0.9499891338582677
11
1.0332314566929133
21
0.9516960236220472
0
LINE
8
BLACK
6
CONTINUOUS
10
1.0332314566929133
20
0.9516960236220472
11
1.0315245669291337
21
0.9542505118110236
0
LINE
8
BLACK
6
CONTINUOUS
10
1.0315245669291337
20
0.9542505118110236
11
1.0309251968503936
21
0.957263779527559
0
LINE
8
BLACK
6
CONTINUOUS
10
1.0309251968503936
20
0.957263779527559
11
1.0309251968503936
21
0.9922637795275591
0
LINE
8
BLACK
6
CONTINUOUS
10
1.0309251968503936
20
0.9922637795275591
11
1.0315245669291337
21
0.9952770472440945
0
LINE
8
BLACK
6
CONTINUOUS
10
1.0315245669291337
20
0.9952770472440945
11
1.0332314566929133
21
0.9978315354330708
0
LINE
8
BLACK
6
CONTINUOUS
10
1.0332314566929133
20
0.9978315354330708
11
1.0357859448818898
21
0.9995384251968503
0
LINE
8
BLACK
6
CONTINUOUS
10
1.0357859448818898
20
0.9995384251968503
11
1.0387992125984251
21
1.0001377952755905
0
LINE
8
BLACK
6
CONTINUOUS
10
1.0387992125984251
20
1.0001377952755905
11
1.0937992125984253
21
1.0001377952755905
0
LINE
8
BLACK
6
CONTINUOUS
10
1.0937992125984253
20
1.0001377952755905
11
1.0968124803149606
21
0.9995384251968503
0
LINE
8
BLACK
6
CONTINUOUS
10
1.2135250787401575
20
1.0038494488188976
11
1.2160795669291338
21
1.0021425590551181
0
LINE
8
BLACK
6
CONTINUOUS
10
1.2160795669291338
20
1.0021425590551181
11
1.2177864566929133
21
0.9995880708661418
0
LINE
8
BLACK
6
CONTINUOUS
10
1.2177864566929133
20
0.9995880708661418
11
1.2183858267716534
21
0.9965748031496062
0
LINE
8
BLACK
6
CONTINUOUS
10
1.2183858267716534
20
0.9965748031496062
11
1.2183858267716534
21
0.9729527559055118
0
LINE
8
BLACK
6
CONTINUOUS
10
1.2183858267716534
20
0.9729527559055118
11
1.2177864566929133
21
0.9699394881889764
0
LINE
8
BLACK
6
CONTINUOUS
10
1.2177864566929133
20
0.9699394881889764
11
1.2160795669291338
21
0.9673849999999999
0
LINE
8
BLACK
6
CONTINUOUS
10
1.2160795669291338
20
0.9673849999999999
11
1.2135250787401575
21
0.9656781102362204
0
LINE
8
BLACK
6
CONTINUOUS
10
1.2135250787401575
20
0.9656781102362204
11
1.2105118110236219
21
0.9650787401574803
0
LINE
8
BLACK
6
CONTINUOUS
10
1.2105118110236219
20
0.9650787401574803
11
1.1494881889763779
21
0.9650787401574803
0
LINE
8
BLACK
6
CONTINUOUS
10
1.1494881889763779
20
0.9650787401574803
11
1.1464749212598424
21
0.9656781102362204
0
LINE
8
BLACK
6
CONTINUOUS
10
1.1464749212598424
20
0.9656781102362204
11
1.1439204330708661
21
0.9673849999999999
0
LINE
8
BLACK
6
CONTINUOUS
10
1.1439204330708661
20
0.9673849999999999
11
1.1422135433070866
21
0.9699394881889764
0
LINE
8
BLACK
6
CONTINUOUS
10
1.1422135433070866
20
0.9699394881889764
11
1.1416141732283465
21
0.9729527559055118
0
LINE
8
BLACK
6
CONTINUOUS
10
1.1416141732283465
20
0.9729527559055118
11
1.1416141732283465
21
0.9965748031496062
0
LINE
8
BLACK
6
CONTINUOUS
10
1.1416141732283465
20
0.9965748031496062
11
1.1422135433070866
21
0.9995880708661418
0
LINE
8
BLACK
6
CONTINUOUS
10
1.1422135433070866
20
0.9995880708661418
11
1.1439204330708661
21
1.0021425590551181
0
LINE
8
BLACK
6
CONTINUOUS
10
1.1439204330708661
20
1.0021425590551181
11
1.1464749212598424
21
1.0038494488188976
0
LINE
8
BLACK
6
CONTINUOUS
10
1.1464749212598424
20
1.0038494488188976
11
1.1494881889763779
21
1.0044488188976377
0
LINE
8
BLACK
6
CONTINUOUS
10
1.1494881889763779
20
1.0044488188976377
11
1.2105118110236219
21
1.0044488188976377
0
LINE
8
BLACK
6
CONTINUOUS
10
1.2105118110236219
20
1.0044488188976377
11
1.2135250787401575
21
1.0038494488188976
0
LINE
8
BLACK
6
CONTINUOUS
10
1.4261235039370079
20
1.0038494488188976
11
1.4286779921259842
21
1.0021425590551181
0
LINE
8
BLACK
6
CONTINUOUS
10
1.4286779921259842
20
1.0021425590551181
11
1.4303848818897638
21
0.9995880708661418
0
LINE
8
BLACK
6
CONTINUOUS
10
1.4303848818897638
20
0.9995880708661418
11
1.4309842519685039
21
0.9965748031496062
0
LINE
8
BLACK
6
CONTINUOUS
10
1.4309842519685039
20
0.9965748031496062
11
1.4309842519685039
21
0.9729527559055118
0
LINE
8
BLACK
6
CONTINUOUS
10
1.4309842519685039
20
0.9729527559055118
11
1.4303848818897638
21
0.9699394881889764
0
LINE
8
BLACK
6
CONTINUOUS
10
1.4303848818897638
20
0.9699394881889764
11
1.4286779921259842
21
0.9673849999999999
0
LINE
8
BLACK
6
CONTINUOUS
10
1.4286779921259842
20
0.9673849999999999
11
1.4261235039370079
21
0.9656781102362204
0
LINE
8
BLACK
6
CONTINUOUS
10
1.4261235039370079
20
0.9656781102362204
11
1.4231102362204724
21
0.9650787401574803
0
LINE
8
BLACK
6
CONTINUOUS
10
1.4231102362204724
20
0.9650787401574803
11
1.3620866141732284
21
0.9650787401574803
0
LINE
8
BLACK
6
CONTINUOUS
10
1.3620866141732284
20
0.9650787401574803
11
1.3590733464566929
21
0.9656781102362204
0
LINE
8
BLACK
6
CONTINUOUS
10
1.3590733464566929
20
0.9656781102362204
11
1.3565188582677166
21
0.9673849999999999
0
LINE
8
BLACK
6
CONTINUOUS
10
1.3565188582677166
20
0.9673849999999999
11
1.354811968503937
21
0.9699394881889764
0
LINE
8
BLACK
6
CONTINUOUS
10
1.354811968503937
20
0.9699394881889764
11
1.3542125984251969
21
0.9729527559055118
0
LINE
8
BLACK
6
CONTINUOUS
10
1.3542125984251969
20
0.9729527559055118
11
1.3542125984251969
21
0.9965748031496062
0
LINE
8
BLACK
6
CONTINUOUS
10
1.3542125984251969
20
0.9965748031496062
11
1.354811968503937
21
0.9995880708661418
0
LINE
8
BLACK
6
CONTINUOUS
10
1.354811968503937
20
0.9995880708661418
11
1.3565188582677166
21
1.0021425590551181
0
LINE
8
BLACK
6
CONTINUOUS
10
1.3565188582677166
20
1.0021425590551181
11
1.3590733464566929
21
1.0038494488188976
0
LINE
8
BLACK
6
CONTINUOUS
10
1.3590733464566929
20
1.0038494488188976
11
1.3620866141732284
21
1.0044488188976377
0
LINE
8
BLACK
6
CONTINUOUS
10
1.3620866141732284
20
1.0044488188976377
11
1.4231102362204724
21
1.0044488188976377
0
LINE
8
BLACK
6
CONTINUOUS
10
1.4231102362204724
20
1.0044488188976377
11
1.4261235039370079
21
1.0038494488188976
0
LINE
8
BLACK
6
CONTINUOUS
10
3.1280132677165353
20
1.0447746456692912
11
3.1305677559055116
21
1.0430677559055117
0
LINE
8
BLACK
6
CONTINUOUS
10
3.1305677559055116
20
1.0430677559055117
11
3.1322746456692911
21
1.0405132677165354
0
LINE
8
BLACK
6
CONTINUOUS
10
3.1322746456692911
20
1.0405132677165354
11
3.1328740157480315
21
1.0374999999999999
0
LINE
8
BLACK
6
CONTINUOUS
10
3.1328740157480315
20
1.0374999999999999
11
3.1328740157480315
21
0.9824999999999999
0
LINE
8
BLACK
6
CONTINUOUS
10
3.1328740157480315
20
0.9824999999999999
11
3.1322746456692911
21
0.9794867322834645
0
LINE
8
BLACK
6
CONTINUOUS
10
3.1322746456692911
20
0.9794867322834645
11
3.1305677559055116
21
0.9769322440944882
0
LINE
8
BLACK
6
CONTINUOUS
10
3.1305677559055116
20
0.9769322440944882
11
3.1280132677165353
21
0.9752253543307087
0
LINE
8
BLACK
6
CONTINUOUS
10
3.1280132677165353
20
0.9752253543307087
11
3.125
21
0.9746259842519684
0
LINE
8
BLACK
6
CONTINUOUS
10
3.125
20
0.9746259842519684
11
3.0899999999999999
21
0.9746259842519684
0
LINE
8
BLACK
6
CONTINUOUS
10
3.0899999999999999
20
0.9746259842519684
11
3.0869867322834645
21
0.9752253543307087
0
LINE
8
BLACK
6
CONTINUOUS
10
3.0869867322834645
20
0.9752253543307087
11
3.0844322440944882
21
0.9769322440944882
0
LINE
8
BLACK
6
CONTINUOUS
10
3.0844322440944882
20
0.9769322440944882
11
3.0827253543307087
21
0.9794867322834645
0
LINE
8
BLACK
6
CONTINUOUS
10
3.0827253543307087
20
0.9794867322834645
11
3.0821259842519684
21
0.9824999999999999
0
LINE
8
BLACK
6
CONTINUOUS
10
3.0821259842519684
20
0.9824999999999999
11
3.0821259842519684
21
1.0374999999999999
0
LINE
8
BLACK
6
CONTINUOUS
10
3.0821259842519684
20
1.0374999999999999
11
3.0827253543307087
21
1.0405132677165354
0
LINE
8
BLACK
6
CONTINUOUS
10
3.0827253543307087
20
1.0405132677165354
11
3.0844322440944882
21
1.0430677559055117
0
LINE
8
BLACK
6
CONTINUOUS
10
3.0844322440944882
20
1.0430677559055117
11
3.0869867322834645
21
1.0447746456692912
0
LINE
8
BLACK
6
CONTINUOUS
10
3.0869867322834645
20
1.0447746456692912
11
3.0899999999999999
21
1.0453740157480316
0
LINE
8
BLACK
6
CONTINUOUS
10
3.0899999999999999
20
1.0453740157480316
11
3.125
21
1.0453740157480316
0
LINE
8
BLACK
6
CONTINUOUS
10
3.125
20
1.0453740157480316
11
3.1280132677165353
21
1.0447746456692912
0
LINE
8
BLACK
6
CONTINUOUS
10
3.2030132677165355
20
1.0447746456692912
11
3.2055677559055118
21
1.0430677559055117
0
LINE
8
BLACK
6
CONTINUOUS
10
3.2055677559055118
20
1.0430677559055117
11
3.2072746456692913
21
1.0405132677165354
0
LINE
8
BLACK
6
CONTINUOUS
10
3.2072746456692913
20
1.0405132677165354
11
3.2078740157480312
21
1.0374999999999999
0
LINE
8
BLACK
6
CONTINUOUS
10
3.2078740157480312
20
1.0374999999999999
11
3.2078740157480312
21
0.9824999999999999
0
LINE
8
BLACK
6
CONTINUOUS
10
3.2078740157480312
20
0.9824999999999999
11
3.2072746456692913
21
0.9794867322834645
0
LINE
8
BLACK
6
CONTINUOUS
10
3.2072746456692913
20
0.9794867322834645
11
3.2055677559055118
21
0.9769322440944882
0
LINE
8
BLACK
6
CONTINUOUS
10
3.2055677559055118
20
0.9769322440944882
11
3.2030132677165355
21
0.9752253543307087
0
LINE
8
BLACK
6
CONTINUOUS
10
3.2030132677165355
20
0.9752253543307087
11
3.1999999999999997
21
0.9746259842519684
0
LINE
8
BLACK
6
CONTINUOUS
10
3.1999999999999997
20
0.9746259842519684
11
3.165
21
0.9746259842519684
0
LINE
8
BLACK
6
CONTINUOUS
10
3.165
20
0.9746259842519684
11
3.1619867322834643
21
0.9752253543307087
0
LINE
8
BLACK
6
CONTINUOUS
10
3.1619867322834643
20
0.9752253543307087
11
3.159432244094488
21
0.9769322440944882
0
LINE
8
BLACK
6
CONTINUOUS
10
3.159432244094488
20
0.9769322440944882
11
3.1577253543307084
21
0.9794867322834645
0
LINE
8
BLACK
6
CONTINUOUS
10
3.1577253543307084
20
0.9794867322834645
11
3.1571259842519686
21
0.9824999999999999
0
LINE
8
BLACK
6
CONTINUOUS
10
3.1571259842519686
20
0.9824999999999999
11
3.1571259842519686
21
1.0374999999999999
0
LINE
8
BLACK
6
CONTINUOUS
10
3.1571259842519686
20
1.0374999999999999
11
3.1577253543307084
21
1.0405132677165354
0
LINE
8
BLACK
6
CONTINUOUS
10
3.1577253543307084
20
1.0405132677165354
11
3.159432244094488
21
1.0430677559055117
0
LINE
8
BLACK
6
CONTINUOUS
10
3.159432244094488
20
1.0430677559055117
11
3.1619867322834643
21
1.0447746456692912
0
LINE
8
BLACK
6
CONTINUOUS
10
3.1619867322834643
20
1.0447746456692912
11
3.165
21
1.0453740157480316
0
LINE
8
BLACK
6
CONTINUOUS
10
3.165
20
1.0453740157480316
11
3.1999999999999997
21
1.0453740157480316
0
LINE
8
BLACK
6
CONTINUOUS
10
3.1999999999999997
20
1.0453740157480316
11
3.2030132677165355
21
1.0447746456692912
0
LINE
8
BLACK
6
CONTINUOUS
10
1.7118124803149606
20
1.0270384251968503
11
1.7143669685039369
21
1.0253315354330708
0
LINE
8
BLACK
6
CONTINUOUS
10
1.7143669685039369
20
1.0253315354330708
11
1.7160738582677164
21
1.0227770472440945
0
LINE
8
BLACK
6
CONTINUOUS
10
1.7160738582677164
20
1.0227770472440945
11
1.7166732283464567
21
1.0197637795275589
0
LINE
8
BLACK
6
CONTINUOUS
10
1.7166732283464567
20
1.0197637795275589
11
1.7166732283464567
21
0.984763779527559
0
LINE
8
BLACK
6
CONTINUOUS
10
1.7166732283464567
20
0.984763779527559
11
1.7160738582677164
21
0.9817505118110236
0
LINE
8
BLACK
6
CONTINUOUS
10
1.7160738582677164
20
0.9817505118110236
11
1.7143669685039369
21
0.9791960236220473
0
LINE
8
BLACK
6
CONTINUOUS
10
1.7143669685039369
20
0.9791960236220473
11
1.7118124803149606
21
0.9774891338582677
0
LINE
8
BLACK
6
CONTINUOUS
10
1.7118124803149606
20
0.9774891338582677
11
1.7087992125984253
21
0.9768897637795275
0
LINE
8
BLACK
6
CONTINUOUS
10
1.7087992125984253
20
0.9768897637795275
11
1.6537992125984251
21
0.9768897637795275
0
LINE
8
BLACK
6
CONTINUOUS
10
1.6537992125984251
20
0.9768897637795275
11
1.6507859448818898
21
0.9774891338582677
0
LINE
8
BLACK
6
CONTINUOUS
10
1.6507859448818898
20
0.9774891338582677
11
1.6482314566929133
21
0.9791960236220473
0
LINE
8
BLACK
6
CONTINUOUS
10
1.6482314566929133
20
0.9791960236220473
11
1.6465245669291337
21
0.9817505118110236
0
LINE
8
BLACK
6
CONTINUOUS
10
1.6465245669291337
20
0.9817505118110236
11
1.6459251968503936
21
0.984763779527559
0
LINE
8
BLACK
6
CONTINUOUS
10
1.6459251968503936
20
0.984763779527559
11
1.6459251968503936
21
1.0197637795275589
0
LINE
8
BLACK
6
CONTINUOUS
10
1.6459251968503936
20
1.0197637795275589
11
1.6465245669291337
21
1.0227770472440945
0
LINE
8
BLACK
6
CONTINUOUS
10
1.6465245669291337
20
1.0227770472440945
11
1.6482314566929133
21
1.0253315354330708
0
LINE
8
BLACK
6
CONTINUOUS
10
1.6482314566929133
20
1.0253315354330708
11
1.6507859448818898
21
1.0270384251968503
0
LINE
8
BLACK
6
CONTINUOUS
10
1.6507859448818898
20
1.0270384251968503
11
1.6537992125984251
21
1.0276377952755906
0
LINE
8
BLACK
6
CONTINUOUS
10
1.6537992125984251
20
1.0276377952755906
11
1.7087992125984253
21
1.0276377952755906
0
LINE
8
BLACK
6
CONTINUOUS
10
1.7087992125984253
20
1.0276377952755906
11
1.7118124803149606
21
1.0270384251968503
0
LINE
8
BLACK
6
CONTINUOUS
10
3.3780132677165353
20
1.0572746456692914
11
3.3805677559055116
21
1.0555677559055119
0
LINE
8
BLACK
6
CONTINUOUS
10
3.3805677559055116
20
1.0555677559055119
11
3.3822746456692911
21
1.0530132677165354
0
LINE
8
BLACK
6
CONTINUOUS
10
3.3822746456692911
20
1.0530132677165354
11
3.3828740157480315
21
1.05
0
LINE
8
BLACK
6
CONTINUOUS
10
3.3828740157480315
20
1.05
11
3.3828740157480315
21
0.99
0
LINE
8
BLACK
6
CONTINUOUS
10
3.3828740157480315
20
0.99
11
3.3822746456692911
21
0.9869867322834646
0
LINE
8
BLACK
6
CONTINUOUS
10
3.3822746456692911
20
0.9869867322834646
11
3.3805677559055116
21
0.9844322440944882
0
LINE
8
BLACK
6
CONTINUOUS
10
3.3805677559055116
20
0.9844322440944882
11
3.3780132677165353
21
0.9827253543307086
0
LINE
8
BLACK
6
CONTINUOUS
10
3.3780132677165353
20
0.9827253543307086
11
3.375
21
0.9821259842519685
0
LINE
8
BLACK
6
CONTINUOUS
10
3.375
20
0.9821259842519685
11
3.3149999999999999
21
0.9821259842519685
0
LINE
8
BLACK
6
CONTINUOUS
10
3.3149999999999999
20
0.9821259842519685
11
3.3119867322834646
21
0.9827253543307086
0
LINE
8
BLACK
6
CONTINUOUS
10
3.3119867322834646
20
0.9827253543307086
11
3.3094322440944883
21
0.9844322440944882
0
LINE
8
BLACK
6
CONTINUOUS
10
3.3094322440944883
20
0.9844322440944882
11
3.3077253543307088
21
0.9869867322834646
0
LINE
8
BLACK
6
CONTINUOUS
10
3.3077253543307088
20
0.9869867322834646
11
3.3071259842519685
21
0.99
0
LINE
8
BLACK
6
CONTINUOUS
10
3.3071259842519685
20
0.99
11
3.3071259842519685
21
1.05
0
LINE
8
BLACK
6
CONTINUOUS
10
3.3071259842519685
20
1.05
11
3.3077253543307088
21
1.0530132677165354
0
LINE
8
BLACK
6
CONTINUOUS
10
3.3077253543307088
20
1.0530132677165354
11
3.3094322440944883
21
1.0555677559055119
0
LINE
8
BLACK
6
CONTINUOUS
10
3.3094322440944883
20
1.0555677559055119
11
3.3119867322834646
21
1.0572746456692914
0
LINE
8
BLACK
6
CONTINUOUS
10
3.3119867322834646
20
1.0572746456692914
11
3.3149999999999999
21
1.0578740157480315
0
LINE
8
BLACK
6
CONTINUOUS
10
3.3149999999999999
20
1.0578740157480315
11
3.375
21
1.0578740157480315
0
LINE
8
BLACK
6
CONTINUOUS
10
3.375
20
1.0578740157480315
11
3.3780132677165353
21
1.0572746456692914
0
LINE
8
BLACK
6
CONTINUOUS
10
3.4780132677165354
20
1.0572746456692914
11
3.4805677559055117
21
1.0555677559055119
0
LINE
8
BLACK
6
CONTINUOUS
10
3.4805677559055117
20
1.0555677559055119
11
3.4822746456692912
21
1.0530132677165354
0
LINE
8
BLACK
6
CONTINUOUS
10
3.4822746456692912
20
1.0530132677165354
11
3.4828740157480316
21
1.05
0
LINE
8
BLACK
6
CONTINUOUS
10
3.4828740157480316
20
1.05
11
3.4828740157480316
21
0.99
0
LINE
8
BLACK
6
CONTINUOUS
10
3.4828740157480316
20
0.99
11
3.4822746456692912
21
0.9869867322834646
0
LINE
8
BLACK
6
CONTINUOUS
10
3.4822746456692912
20
0.9869867322834646
11
3.4805677559055117
21
0.9844322440944882
0
LINE
8
BLACK
6
CONTINUOUS
10
3.4805677559055117
20
0.9844322440944882
11
3.4780132677165354
21
0.9827253543307086
0
LINE
8
BLACK
6
CONTINUOUS
10
3.4780132677165354
20
0.9827253543307086
11
3.4750000000000001
21
0.9821259842519685
0
LINE
8
BLACK
6
CONTINUOUS
10
3.4750000000000001
20
0.9821259842519685
11
3.415
21
0.9821259842519685
0
LINE
8
BLACK
6
CONTINUOUS
10
3.415
20
0.9821259842519685
11
3.4119867322834643
21
0.9827253543307086
0
LINE
8
BLACK
6
CONTINUOUS
10
3.4119867322834643
20
0.9827253543307086
11
3.409432244094488
21
0.9844322440944882
0
LINE
8
BLACK
6
CONTINUOUS
10
3.409432244094488
20
0.9844322440944882
11
3.4077253543307084
21
0.9869867322834646
0
LINE
8
BLACK
6
CONTINUOUS
10
3.4077253543307084
20
0.9869867322834646
11
3.4071259842519686
21
0.99
0
LINE
8
BLACK
6
CONTINUOUS
10
3.4071259842519686
20
0.99
11
3.4071259842519686
21
1.05
0
LINE
8
BLACK
6
CONTINUOUS
10
3.4071259842519686
20
1.05
11
3.4077253543307084
21
1.0530132677165354
0
LINE
8
BLACK
6
CONTINUOUS
10
3.4077253543307084
20
1.0530132677165354
11
3.409432244094488
21
1.0555677559055119
0
LINE
8
BLACK
6
CONTINUOUS
10
3.409432244094488
20
1.0555677559055119
11
3.4119867322834643
21
1.0572746456692914
0
LINE
8
BLACK
6
CONTINUOUS
10
3.4119867322834643
20
1.0572746456692914
11
3.415
21
1.0578740157480315
0
LINE
8
BLACK
6
CONTINUOUS
10
3.415
20
1.0578740157480315
11
3.4750000000000001
21
1.0578740157480315
0
LINE
8
BLACK
6
CONTINUOUS
10
3.4750000000000001
20
1.0578740157480315
11
3.4780132677165354
21
1.0572746456692914
0
LINE
8
BLACK
6
CONTINUOUS
10
2.9830132677165353
20
1.0547746456692912
11
2.9855677559055116
21
1.0530677559055117
0
LINE
8
BLACK
6
CONTINUOUS
10
2.9855677559055116
20
1.0530677559055117
11
2.9872746456692911
21
1.0505132677165354
0
LINE
8
BLACK
6
CONTINUOUS
10
2.9872746456692911
20
1.0505132677165354
11
2.9878740157480315
21
1.0474999999999999
0
LINE
8
BLACK
6
CONTINUOUS
10
2.9878740157480315
20
1.0474999999999999
11
2.9878740157480315
21
0.9924999999999999
0
LINE
8
BLACK
6
CONTINUOUS
10
2.9878740157480315
20
0.9924999999999999
11
2.9872746456692911
21
0.9894867322834645
0
LINE
8
BLACK
6
CONTINUOUS
10
2.9872746456692911
20
0.9894867322834645
11
2.9855677559055116
21
0.9869322440944882
0
LINE
8
BLACK
6
CONTINUOUS
10
2.9855677559055116
20
0.9869322440944882
11
2.9830132677165353
21
0.9852253543307087
0
LINE
8
BLACK
6
CONTINUOUS
10
2.9830132677165353
20
0.9852253543307087
11
2.98
21
0.9846259842519685
0
LINE
8
BLACK
6
CONTINUOUS
10
2.98
20
0.9846259842519685
11
2.9449999999999998
21
0.9846259842519685
0
LINE
8
BLACK
6
CONTINUOUS
10
2.9449999999999998
20
0.9846259842519685
11
2.9419867322834645
21
0.9852253543307087
0
LINE
8
BLACK
6
CONTINUOUS
10
2.9419867322834645
20
0.9852253543307087
11
2.9394322440944882
21
0.9869322440944882
0
LINE
8
BLACK
6
CONTINUOUS
10
2.9394322440944882
20
0.9869322440944882
11
2.9377253543307087
21
0.9894867322834645
0
LINE
8
BLACK
6
CONTINUOUS
10
2.9377253543307087
20
0.9894867322834645
11
2.9371259842519684
21
0.9924999999999999
0
LINE
8
BLACK
6
CONTINUOUS
10
2.9371259842519684
20
0.9924999999999999
11
2.9371259842519684
21
1.0474999999999999
0
LINE
8
BLACK
6
CONTINUOUS
10
2.9371259842519684
20
1.0474999999999999
11
2.9377253543307087
21
1.0505132677165354
0
LINE
8
BLACK
6
CONTINUOUS
10
2.9377253543307087
20
1.0505132677165354
11
2.9394322440944882
21
1.0530677559055117
0
LINE
8
BLACK
6
CONTINUOUS
10
2.9394322440944882
20
1.0530677559055117
11
2.9419867322834645
21
1.0547746456692912
0
LINE
8
BLACK
6
CONTINUOUS
10
2.9419867322834645
20
1.0547746456692912
11
2.9449999999999998
21
1.0553740157480316
0
LINE
8
BLACK
6
CONTINUOUS
10
2.9449999999999998
20
1.0553740157480316
11
2.98
21
1.0553740157480316
0
LINE
8
BLACK
6
CONTINUOUS
10
2.98
20
1.0553740157480316
11
2.9830132677165353
21
1.0547746456692912
0
LINE
8
BLACK
6
CONTINUOUS
10
3.0580132677165355
20
1.0547746456692912
11
3.0605677559055118
21
1.0530677559055117
0
LINE
8
BLACK
6
CONTINUOUS
10
3.0605677559055118
20
1.0530677559055117
11
3.0622746456692913
21
1.0505132677165354
0
LINE
8
BLACK
6
CONTINUOUS
10
3.0622746456692913
20
1.0505132677165354
11
3.0628740157480316
21
1.0474999999999999
0
LINE
8
BLACK
6
CONTINUOUS
10
3.0628740157480316
20
1.0474999999999999
11
3.0628740157480316
21
0.9924999999999999
0
LINE
8
BLACK
6
CONTINUOUS
10
3.0628740157480316
20
0.9924999999999999
11
3.0622746456692913
21
0.9894867322834645
0
LINE
8
BLACK
6
CONTINUOUS
10
3.0622746456692913
20
0.9894867322834645
11
3.0605677559055118
21
0.9869322440944882
0
LINE
8
BLACK
6
CONTINUOUS
10
3.0605677559055118
20
0.9869322440944882
11
3.0580132677165355
21
0.9852253543307087
0
LINE
8
BLACK
6
CONTINUOUS
10
3.0580132677165355
20
0.9852253543307087
11
3.0549999999999997
21
0.9846259842519685
0
LINE
8
BLACK
6
CONTINUOUS
10
3.0549999999999997
20
0.9846259842519685
11
3.02
21
0.9846259842519685
0
LINE
8
BLACK
6
CONTINUOUS
10
3.02
20
0.9846259842519685
11
3.0169867322834647
21
0.9852253543307087
0
LINE
8
BLACK
6
CONTINUOUS
10
3.0169867322834647
20
0.9852253543307087
11
3.014432244094488
21
0.9869322440944882
0
LINE
8
BLACK
6
CONTINUOUS
10
3.014432244094488
20
0.9869322440944882
11
3.0127253543307084
21
0.9894867322834645
0
LINE
8
BLACK
6
CONTINUOUS
10
3.0127253543307084
20
0.9894867322834645
11
3.0121259842519685
21
0.9924999999999999
0
LINE
8
BLACK
6
CONTINUOUS
10
3.0121259842519685
20
0.9924999999999999
11
3.0121259842519685
21
1.0474999999999999
0
LINE
8
BLACK
6
CONTINUOUS
10
3.0121259842519685
20
1.0474999999999999
11
3.0127253543307084
21
1.0505132677165354
0
LINE
8
BLACK
6
CONTINUOUS
10
3.0127253543307084
20
1.0505132677165354
11
3.014432244094488
21
1.0530677559055117
0
LINE
8
BLACK
6
CONTINUOUS
10
3.014432244094488
20
1.0530677559055117
11
3.0169867322834647
21
1.0547746456692912
0
LINE
8
BLACK
6
CONTINUOUS
10
3.0169867322834647
20
1.0547746456692912
11
3.02
21
1.0553740157480316
0
LINE
8
BLACK
6
CONTINUOUS
10
3.02
20
1.0553740157480316
11
3.0549999999999997
21
1.0553740157480316
0
LINE
8
BLACK
6
CONTINUOUS
10
3.0549999999999997
20
1.0553740157480316
11
3.0580132677165355
21
1.0547746456692912
0
LINE
8
BLACK
6
CONTINUOUS
10
1.9830132677165353
20
1.0622746456692913
11
1.9855677559055118
21
1.0605677559055118
0
LINE
8
BLACK
6
CONTINUOUS
10
1.9855677559055118
20
1.0605677559055118
11
1.9872746456692914
21
1.0580132677165355
0
LINE
8
BLACK
6
CONTINUOUS
10
1.9872746456692914
20
1.0580132677165355
11
1.9878740157480315
21
1.0549999999999999
0
LINE
8
BLACK
6
CONTINUOUS
10
1.9878740157480315
20
1.0549999999999999
11
1.9878740157480315
21
0.995
0
LINE
8
BLACK
6
CONTINUOUS
10
1.9878740157480315
20
0.995
11
1.9872746456692914
21
0.9919867322834646
0
LINE
8
BLACK
6
CONTINUOUS
10
1.9872746456692914
20
0.9919867322834646
11
1.9855677559055118
21
0.9894322440944882
0
LINE
8
BLACK
6
CONTINUOUS
10
1.9855677559055118
20
0.9894322440944882
11
1.9830132677165353
21
0.9877253543307086
0
LINE
8
BLACK
6
CONTINUOUS
10
1.9830132677165353
20
0.9877253543307086
11
1.98
21
0.9871259842519685
0
LINE
8
BLACK
6
CONTINUOUS
10
1.98
20
0.9871259842519685
11
1.9199999999999999
21
0.9871259842519685
0
LINE
8
BLACK
6
CONTINUOUS
10
1.9199999999999999
20
0.9871259842519685
11
1.9169867322834646
21
0.9877253543307086
0
LINE
8
BLACK
6
CONTINUOUS
10
1.9169867322834646
20
0.9877253543307086
11
1.9144322440944881
21
0.9894322440944882
0
LINE
8
BLACK
6
CONTINUOUS
10
1.9144322440944881
20
0.9894322440944882
11
1.9127253543307086
21
0.9919867322834646
0
LINE
8
BLACK
6
CONTINUOUS
10
1.9127253543307086
20
0.9919867322834646
11
1.9121259842519684
21
0.995
0
LINE
8
BLACK
6
CONTINUOUS
10
1.9121259842519684
20
0.995
11
1.9121259842519684
21
1.0549999999999999
0
LINE
8
BLACK
6
CONTINUOUS
10
1.9121259842519684
20
1.0549999999999999
11
1.9127253543307086
21
1.0580132677165355
0
LINE
8
BLACK
6
CONTINUOUS
10
1.9127253543307086
20
1.0580132677165355
11
1.9144322440944881
21
1.0605677559055118
0
LINE
8
BLACK
6
CONTINUOUS
10
1.9144322440944881
20
1.0605677559055118
11
1.9169867322834646
21
1.0622746456692913
0
LINE
8
BLACK
6
CONTINUOUS
10
1.9169867322834646
20
1.0622746456692913
11
1.9199999999999999
21
1.0628740157480314
0
LINE
8
BLACK
6
CONTINUOUS
10
1.9199999999999999
20
1.0628740157480314
11
1.98
21
1.0628740157480314
0
LINE
8
BLACK
6
CONTINUOUS
10
1.98
20
1.0628740157480314
11
1.9830132677165353
21
1.0622746456692913
0
LINE
8
BLACK
6
CONTINUOUS
10
2.0830132677165354
20
1.0622746456692913
11
2.0855677559055117
21
1.0605677559055118
0
LINE
8
BLACK
6
CONTINUOUS
10
2.0855677559055117
20
1.0605677559055118
11
2.0872746456692912
21
1.0580132677165355
0
LINE
8
BLACK
6
CONTINUOUS
10
2.0872746456692912
20
1.0580132677165355
11
2.0878740157480316
21
1.0549999999999999
0
LINE
8
BLACK
6
CONTINUOUS
10
2.0878740157480316
20
1.0549999999999999
11
2.0878740157480316
21
0.995
0
LINE
8
BLACK
6
CONTINUOUS
10
2.0878740157480316
20
0.995
11
2.0872746456692912
21
0.9919867322834646
0
LINE
8
BLACK
6
CONTINUOUS
10
2.0872746456692912
20
0.9919867322834646
11
2.0855677559055117
21
0.9894322440944882
0
LINE
8
BLACK
6
CONTINUOUS
10
2.0855677559055117
20
0.9894322440944882
11
2.0830132677165354
21
0.9877253543307086
0
LINE
8
BLACK
6
CONTINUOUS
10
2.0830132677165354
20
0.9877253543307086
11
2.0800000000000001
21
0.9871259842519685
0
LINE
8
BLACK
6
CONTINUOUS
10
2.0800000000000001
20
0.9871259842519685
11
2.02
21
0.9871259842519685
0
LINE
8
BLACK
6
CONTINUOUS
10
2.02
20
0.9871259842519685
11
2.0169867322834647
21
0.9877253543307086
0
LINE
8
BLACK
6
CONTINUOUS
10
2.0169867322834647
20
0.9877253543307086
11
2.014432244094488
21
0.9894322440944882
0
LINE
8
BLACK
6
CONTINUOUS
10
2.014432244094488
20
0.9894322440944882
11
2.0127253543307084
21
0.9919867322834646
0
LINE
8
BLACK
6
CONTINUOUS
10
2.0127253543307084
20
0.9919867322834646
11
2.0121259842519685
21
0.995
0
LINE
8
BLACK
6
CONTINUOUS
10
2.0121259842519685
20
0.995
11
2.0121259842519685
21
1.0549999999999999
0
LINE
8
BLACK
6
CONTINUOUS
10
2.0121259842519685
20
1.0549999999999999
11
2.0127253543307084
21
1.0580132677165355
0
LINE
8
BLACK
6
CONTINUOUS
10
2.0127253543307084
20
1.0580132677165355
11
2.014432244094488
21
1.0605677559055118
0
LINE
8
BLACK
6
CONTINUOUS
10
2.014432244094488
20
1.0605677559055118
11
2.0169867322834647
21
1.0622746456692913
0
LINE
8
BLACK
6
CONTINUOUS
10
2.0169867322834647
20
1.0622746456692913
11
2.02
21
1.0628740157480314
0
LINE
8
BLACK
6
CONTINUOUS
10
2.02
20
1.0628740157480314
11
2.0800000000000001
21
1.0628740157480314
0
LINE
8
BLACK
6
CONTINUOUS
10
2.0800000000000001
20
1.0628740157480314
11
2.0830132677165354
21
1.0622746456692913
0
LINE
8
BLACK
6
CONTINUOUS
10
2.1830132677165355
20
1.0622746456692913
11
2.1855677559055118
21
1.0605677559055118
0
LINE
8
BLACK
6
CONTINUOUS
10
2.1855677559055118
20
1.0605677559055118
11
2.1872746456692913
21
1.0580132677165355
0
LINE
8
BLACK
6
CONTINUOUS
10
2.1872746456692913
20
1.0580132677165355
11
2.1878740157480316
21
1.0549999999999999
0
LINE
8
BLACK
6
CONTINUOUS
10
2.1878740157480316
20
1.0549999999999999
11
2.1878740157480316
21
0.995
0
LINE
8
BLACK
6
CONTINUOUS
10
2.1878740157480316
20
0.995
11
2.1872746456692913
21
0.9919867322834646
0
LINE
8
BLACK
6
CONTINUOUS
10
2.1872746456692913
20
0.9919867322834646
11
2.1855677559055118
21
0.9894322440944882
0
LINE
8
BLACK
6
CONTINUOUS
10
2.1855677559055118
20
0.9894322440944882
11
2.1830132677165355
21
0.9877253543307086
0
LINE
8
BLACK
6
CONTINUOUS
10
2.1830132677165355
20
0.9877253543307086
11
2.1800000000000002
21
0.9871259842519685
0
LINE
8
BLACK
6
CONTINUOUS
10
2.1800000000000002
20
0.9871259842519685
11
2.1200000000000001
21
0.9871259842519685
0
LINE
8
BLACK
6
CONTINUOUS
10
2.1200000000000001
20
0.9871259842519685
11
2.1169867322834643
21
0.9877253543307086
0
LINE
8
BLACK
6
CONTINUOUS
10
2.1169867322834643
20
0.9877253543307086
11
2.114432244094488
21
0.9894322440944882
0
LINE
8
BLACK
6
CONTINUOUS
10
2.114432244094488
20
0.9894322440944882
11
2.1127253543307085
21
0.9919867322834646
0
LINE
8
BLACK
6
CONTINUOUS
10
2.1127253543307085
20
0.9919867322834646
11
2.1121259842519686
21
0.995
0
LINE
8
BLACK
6
CONTINUOUS
10
2.1121259842519686
20
0.995
11
2.1121259842519686
21
1.0549999999999999
0
LINE
8
BLACK
6
CONTINUOUS
10
2.1121259842519686
20
1.0549999999999999
11
2.1127253543307085
21
1.0580132677165355
0
LINE
8
BLACK
6
CONTINUOUS
10
2.1127253543307085
20
1.0580132677165355
11
2.114432244094488
21
1.0605677559055118
0
LINE
8
BLACK
6
CONTINUOUS
10
2.114432244094488
20
1.0605677559055118
11
2.1169867322834643
21
1.0622746456692913
0
LINE
8
BLACK
6
CONTINUOUS
10
2.1169867322834643
20
1.0622746456692913
11
2.1200000000000001
21
1.0628740157480314
0
LINE
8
BLACK
6
CONTINUOUS
10
2.1200000000000001
20
1.0628740157480314
11
2.1800000000000002
21
1.0628740157480314
0
LINE
8
BLACK
6
CONTINUOUS
10
2.1800000000000002
20
1.0628740157480314
11
2.1830132677165355
21
1.0622746456692913
0
LINE
8
BLACK
6
CONTINUOUS
10
0.6368124803149606
20
1.0395384251968505
11
0.639366968503937
21
1.0378315354330709
0
LINE
8
BLACK
6
CONTINUOUS
10
0.639366968503937
20
1.0378315354330709
11
0.6410738582677166
21
1.0352770472440944
0
LINE
8
BLACK
6
CONTINUOUS
10
0.6410738582677166
20
1.0352770472440944
11
0.6416732283464567
21
1.0322637795275591
0
LINE
8
BLACK
6
CONTINUOUS
10
0.6416732283464567
20
1.0322637795275591
11
0.6416732283464567
21
0.9972637795275591
0
LINE
8
BLACK
6
CONTINUOUS
10
0.6416732283464567
20
0.9972637795275591
11
0.6410738582677166
21
0.9942505118110236
0
LINE
8
BLACK
6
CONTINUOUS
10
0.6410738582677166
20
0.9942505118110236
11
0.639366968503937
21
0.9916960236220472
0
LINE
8
BLACK
6
CONTINUOUS
10
0.639366968503937
20
0.9916960236220472
11
0.6368124803149606
21
0.9899891338582677
0
LINE
8
BLACK
6
CONTINUOUS
10
0.6368124803149606
20
0.9899891338582677
11
0.6337992125984252
21
0.9893897637795276
0
LINE
8
BLACK
6
CONTINUOUS
10
0.6337992125984252
20
0.9893897637795276
11
0.5787992125984252
21
0.9893897637795276
0
LINE
8
BLACK
6
CONTINUOUS
10
0.5787992125984252
20
0.9893897637795276
11
0.5757859448818897
21
0.9899891338582677
0
LINE
8
BLACK
6
CONTINUOUS
10
0.5757859448818897
20
0.9899891338582677
11
0.5732314566929134
21
0.9916960236220472
0
LINE
8
BLACK
6
CONTINUOUS
10
0.5732314566929134
20
0.9916960236220472
11
0.5715245669291339
21
0.9942505118110236
0
LINE
8
BLACK
6
CONTINUOUS
10
0.5715245669291339
20
0.9942505118110236
11
0.5709251968503937
21
0.9972637795275591
0
LINE
8
BLACK
6
CONTINUOUS
10
0.5709251968503937
20
0.9972637795275591
11
0.5709251968503937
21
1.0322637795275591
0
LINE
8
BLACK
6
CONTINUOUS
10
0.5709251968503937
20
1.0322637795275591
11
0.5715245669291339
21
1.0352770472440944
0
LINE
8
BLACK
6
CONTINUOUS
10
0.5715245669291339
20
1.0352770472440944
11
0.5732314566929134
21
1.0378315354330709
0
LINE
8
BLACK
6
CONTINUOUS
10
0.5732314566929134
20
1.0378315354330709
11
0.5757859448818897
21
1.0395384251968505
0
LINE
8
BLACK
6
CONTINUOUS
10
0.5757859448818897
20
1.0395384251968505
11
0.5787992125984252
21
1.0401377952755906
0
LINE
8
BLACK
6
CONTINUOUS
10
0.5787992125984252
20
1.0401377952755906
11
0.6337992125984252
21
1.0401377952755906
0
LINE
8
BLACK
6
CONTINUOUS
10
0.6337992125984252
20
1.0401377952755906
11
0.6368124803149606
21
1.0395384251968505
0
LINE
8
BLACK
6
CONTINUOUS
10
1.5168124803149605
20
1.0420384251968504
11
1.519366968503937
21
1.0403315354330709
0
LINE
8
BLACK
6
CONTINUOUS
10
1.519366968503937
20
1.0403315354330709
11
1.5210738582677166
21
1.0377770472440944
0
LINE
8
BLACK
6
CONTINUOUS
10
1.5210738582677166
20
1.0377770472440944
11
1.5216732283464567
21
1.034763779527559
0
LINE
8
BLACK
6
CONTINUOUS
10
1.5216732283464567
20
1.034763779527559
11
1.5216732283464567
21
0.999763779527559
0
LINE
8
BLACK
6
CONTINUOUS
10
1.5216732283464567
20
0.999763779527559
11
1.5210738582677166
21
0.9967505118110236
0
LINE
8
BLACK
6
CONTINUOUS
10
1.5210738582677166
20
0.9967505118110236
11
1.519366968503937
21
0.9941960236220472
0
LINE
8
BLACK
6
CONTINUOUS
10
1.519366968503937
20
0.9941960236220472
11
1.5168124803149605
21
0.9924891338582676
0
LINE
8
BLACK
6
CONTINUOUS
10
1.5168124803149605
20
0.9924891338582676
11
1.5137992125984252
21
0.9918897637795275
0
LINE
8
BLACK
6
CONTINUOUS
10
1.5137992125984252
20
0.9918897637795275
11
1.4587992125984253
21
0.9918897637795275
0
LINE
8
BLACK
6
CONTINUOUS
10
1.4587992125984253
20
0.9918897637795275
11
1.4557859448818897
21
0.9924891338582676
0
LINE
8
BLACK
6
CONTINUOUS
10
1.4557859448818897
20
0.9924891338582676
11
1.4532314566929134
21
0.9941960236220472
0
LINE
8
BLACK
6
CONTINUOUS
10
1.4532314566929134
20
0.9941960236220472
11
1.4515245669291339
21
0.9967505118110236
0
LINE
8
BLACK
6
CONTINUOUS
10
1.4515245669291339
20
0.9967505118110236
11
1.4509251968503936
21
0.999763779527559
0
LINE
8
BLACK
6
CONTINUOUS
10
1.4509251968503936
20
0.999763779527559
11
1.4509251968503936
21
1.034763779527559
0
LINE
8
BLACK
6
CONTINUOUS
10
1.4509251968503936
20
1.034763779527559
11
1.4515245669291339
21
1.0377770472440944
0
LINE
8
BLACK
6
CONTINUOUS
10
1.4515245669291339
20
1.0377770472440944
11
1.4532314566929134
21
1.0403315354330709
0
LINE
8
BLACK
6
CONTINUOUS
10
1.4532314566929134
20
1.0403315354330709
11
1.4557859448818897
21
1.0420384251968504
0
LINE
8
BLACK
6
CONTINUOUS
10
1.4557859448818897
20
1.0420384251968504
11
1.4587992125984253
21
1.0426377952755905
0
LINE
8
BLACK
6
CONTINUOUS
10
1.4587992125984253
20
1.0426377952755905
11
1.5137992125984252
21
1.0426377952755905
0
LINE
8
BLACK
6
CONTINUOUS
10
1.5137992125984252
20
1.0426377952755905
11
1.5168124803149605
21
1.0420384251968504
0
LINE
8
BLACK
6
CONTINUOUS
10
1.6068124803149606
20
1.0420384251968504
11
1.6093669685039369
21
1.0403315354330709
0
LINE
8
BLACK
6
CONTINUOUS
10
1.6093669685039369
20
1.0403315354330709
11
1.6110738582677164
21
1.0377770472440944
0
LINE
8
BLACK
6
CONTINUOUS
10
1.6110738582677164
20
1.0377770472440944
11
1.6116732283464568
21
1.034763779527559
0
LINE
8
BLACK
6
CONTINUOUS
10
1.6116732283464568
20
1.034763779527559
11
1.6116732283464568
21
0.999763779527559
0
LINE
8
BLACK
6
CONTINUOUS
10
1.6116732283464568
20
0.999763779527559
11
1.6110738582677164
21
0.9967505118110236
0
LINE
8
BLACK
6
CONTINUOUS
10
1.6110738582677164
20
0.9967505118110236
11
1.6093669685039369
21
0.9941960236220472
0
LINE
8
BLACK
6
CONTINUOUS
10
1.6093669685039369
20
0.9941960236220472
11
1.6068124803149606
21
0.9924891338582676
0
LINE
8
BLACK
6
CONTINUOUS
10
1.6068124803149606
20
0.9924891338582676
11
1.6037992125984251
21
0.9918897637795275
0
LINE
8
BLACK
6
CONTINUOUS
10
1.6037992125984251
20
0.9918897637795275
11
1.5487992125984251
21
0.9918897637795275
0
LINE
8
BLACK
6
CONTINUOUS
10
1.5487992125984251
20
0.9918897637795275
11
1.5457859448818898
21
0.9924891338582676
0
LINE
8
BLACK
6
CONTINUOUS
10
1.5457859448818898
20
0.9924891338582676
11
1.5432314566929133
21
0.9941960236220472
0
LINE
8
BLACK
6
CONTINUOUS
10
1.5432314566929133
20
0.9941960236220472
11
1.5415245669291338
21
0.9967505118110236
0
LINE
8
BLACK
6
CONTINUOUS
10
1.5415245669291338
20
0.9967505118110236
11
1.5409251968503936
21
0.999763779527559
0
LINE
8
BLACK
6
CONTINUOUS
10
1.5409251968503936
20
0.999763779527559
11
1.5409251968503936
21
1.034763779527559
0
LINE
8
BLACK
6
CONTINUOUS
10
1.5409251968503936
20
1.034763779527559
11
1.5415245669291338
21
1.0377770472440944
0
LINE
8
BLACK
6
CONTINUOUS
10
1.5415245669291338
20
1.0377770472440944
11
1.5432314566929133
21
1.0403315354330709
0
LINE
8
BLACK
6
CONTINUOUS
10
1.5432314566929133
20
1.0403315354330709
11
1.5457859448818898
21
1.0420384251968504
0
LINE
8
BLACK
6
CONTINUOUS
10
1.5457859448818898
20
1.0420384251968504
11
1.5487992125984251
21
1.0426377952755905
0
LINE
8
BLACK
6
CONTINUOUS
10
1.5487992125984251
20
1.0426377952755905
11
1.6037992125984251
21
1.0426377952755905
0
LINE
8
BLACK
6
CONTINUOUS
10
1.6037992125984251
20
1.0426377952755905
11
1.6068124803149606
21
1.0420384251968504
0
LINE
8
BLACK
6
CONTINUOUS
10
0.3335250787401575
20
1.0338494488188976
11
0.3360795669291339
21
1.0321425590551181
0
LINE
8
BLACK
6
CONTINUOUS
10
0.3360795669291339
20
1.0321425590551181
11
0.3377864566929134
21
1.0295880708661418
0
LINE
8
BLACK
6
CONTINUOUS
10
0.3377864566929134
20
1.0295880708661418
11
0.3383858267716535
21
1.0265748031496063
0
LINE
8
BLACK
6
CONTINUOUS
10
0.3383858267716535
20
1.0265748031496063
11
0.3383858267716535
21
1.0029527559055118
0
LINE
8
BLACK
6
CONTINUOUS
10
0.3383858267716535
20
1.0029527559055118
11
0.3377864566929134
21
0.9999394881889764
0
LINE
8
BLACK
6
CONTINUOUS
10
0.3377864566929134
20
0.9999394881889764
11
0.3360795669291339
21
0.997385
0
LINE
8
BLACK
6
CONTINUOUS
10
0.3360795669291339
20
0.997385
11
0.3335250787401575
21
0.9956781102362204
0
LINE
8
BLACK
6
CONTINUOUS
10
0.3335250787401575
20
0.9956781102362204
11
0.330511811023622
21
0.9950787401574803
0
LINE
8
BLACK
6
CONTINUOUS
10
0.330511811023622
20
0.9950787401574803
11
0.2694881889763779
21
0.9950787401574803
0
LINE
8
BLACK
6
CONTINUOUS
10
0.2694881889763779
20
0.9950787401574803
11
0.2664749212598425
21
0.9956781102362204
0
LINE
8
BLACK
6
CONTINUOUS
10
0.2664749212598425
20
0.9956781102362204
11
0.2639204330708662
21
0.997385
0
LINE
8
BLACK
6
CONTINUOUS
10
0.2639204330708662
20
0.997385
11
0.2622135433070866
21
0.9999394881889764
0
LINE
8
BLACK
6
CONTINUOUS
10
0.2622135433070866
20
0.9999394881889764
11
0.2616141732283465
21
1.0029527559055118
0
LINE
8
BLACK
6
CONTINUOUS
10
0.2616141732283465
20
1.0029527559055118
11
0.2616141732283465
21
1.0265748031496063
0
LINE
8
BLACK
6
CONTINUOUS
10
0.2616141732283465
20
1.0265748031496063
11
0.2622135433070866
21
1.0295880708661418
0
LINE
8
BLACK
6
CONTINUOUS
10
0.2622135433070866
20
1.0295880708661418
11
0.2639204330708662
21
1.0321425590551181
0
LINE
8
BLACK
6
CONTINUOUS
10
0.2639204330708662
20
1.0321425590551181
11
0.2664749212598425
21
1.0338494488188976
0
LINE
8
BLACK
6
CONTINUOUS
10
0.2664749212598425
20
1.0338494488188976
11
0.2694881889763779
21
1.0344488188976377
0
LINE
8
BLACK
6
CONTINUOUS
10
0.2694881889763779
20
1.0344488188976377
11
0.330511811023622
21
1.0344488188976377
0
LINE
8
BLACK
6
CONTINUOUS
10
0.330511811023622
20
1.0344488188976377
11
0.3335250787401575
21
1.0338494488188976
0
LINE
8
BLACK
6
CONTINUOUS
10
0.5461235039370078
20
1.0338494488188976
11
0.5486779921259842
21
1.0321425590551181
0
LINE
8
BLACK
6
CONTINUOUS
10
0.5486779921259842
20
1.0321425590551181
11
0.5503848818897638
21
1.0295880708661418
0
LINE
8
BLACK
6
CONTINUOUS
10
0.5503848818897638
20
1.0295880708661418
11
0.550984251968504
21
1.0265748031496063
0
LINE
8
BLACK
6
CONTINUOUS
10
0.550984251968504
20
1.0265748031496063
11
0.550984251968504
21
1.0029527559055118
0
LINE
8
BLACK
6
CONTINUOUS
10
0.550984251968504
20
1.0029527559055118
11
0.5503848818897638
21
0.9999394881889764
0
LINE
8
BLACK
6
CONTINUOUS
10
0.5503848818897638
20
0.9999394881889764
11
0.5486779921259842
21
0.997385
0
LINE
8
BLACK
6
CONTINUOUS
10
0.5486779921259842
20
0.997385
11
0.5461235039370078
21
0.9956781102362204
0
LINE
8
BLACK
6
CONTINUOUS
10
0.5461235039370078
20
0.9956781102362204
11
0.5431102362204724
21
0.9950787401574803
0
LINE
8
BLACK
6
CONTINUOUS
10
0.5431102362204724
20
0.9950787401574803
11
0.4820866141732283
21
0.9950787401574803
0
LINE
8
BLACK
6
CONTINUOUS
10
0.4820866141732283
20
0.9950787401574803
11
0.4790733464566929
21
0.9956781102362204
0
LINE
8
BLACK
6
CONTINUOUS
10
0.4790733464566929
20
0.9956781102362204
11
0.4765188582677165
21
0.997385
0
LINE
8
BLACK
6
CONTINUOUS
10
0.4765188582677165
20
0.997385
11
0.474811968503937
21
0.9999394881889764
0
LINE
8
BLACK
6
CONTINUOUS
10
0.474811968503937
20
0.9999394881889764
11
0.4742125984251969
21
1.0029527559055118
0
LINE
8
BLACK
6
CONTINUOUS
10
0.4742125984251969
20
1.0029527559055118
11
0.4742125984251969
21
1.0265748031496063
0
LINE
8
BLACK
6
CONTINUOUS
10
0.4742125984251969
20
1.0265748031496063
11
0.474811968503937
21
1.0295880708661418
0
LINE
8
BLACK
6
CONTINUOUS
10
0.474811968503937
20
1.0295880708661418
11
0.4765188582677165
21
1.0321425590551181
0
LINE
8
BLACK
6
CONTINUOUS
10
0.4765188582677165
20
1.0321425590551181
11
0.4790733464566929
21
1.0338494488188976
0
LINE
8
BLACK
6
CONTINUOUS
10
0.4790733464566929
20
1.0338494488188976
11
0.4820866141732283
21
1.0344488188976377
0
LINE
8
BLACK
6
CONTINUOUS
10
0.4820866141732283
20
1.0344488188976377
11
0.5431102362204724
21
1.0344488188976377
0
LINE
8
BLACK
6
CONTINUOUS
10
0.5431102362204724
20
1.0344488188976377
11
0.5461235039370078
21
1.0338494488188976
0
LINE
8
BLACK
6
CONTINUOUS
10
2.8185644488188974
20
1.0535738582677165
11
2.820472440944882
21
1.0522989370078739
0
LINE
8
BLACK
6
CONTINUOUS
10
2.820472440944882
20
1.0522989370078739
11
2.8223804330708662
21
1.0535738582677165
0
LINE
8
BLACK
6
CONTINUOUS
10
2.8223804330708662
20
1.0535738582677165
11
2.8253937007874015
21
1.0541732283464567
0
LINE
8
BLACK
6
CONTINUOUS
10
2.8253937007874015
20
1.0541732283464567
11
2.8352362204724408
21
1.0541732283464567
0
LINE
8
BLACK
6
CONTINUOUS
10
2.8352362204724408
20
1.0541732283464567
11
2.8382494881889762
21
1.0535738582677165
0
LINE
8
BLACK
6
CONTINUOUS
10
2.8382494881889762
20
1.0535738582677165
11
2.8401574803149607
21
1.0522989370078739
0
LINE
8
BLACK
6
CONTINUOUS
10
2.8401574803149607
20
1.0522989370078739
11
2.8420654724409449
21
1.0535738582677165
0
LINE
8
BLACK
6
CONTINUOUS
10
2.8420654724409449
20
1.0535738582677165
11
2.8450787401574802
21
1.0541732283464567
0
LINE
8
BLACK
6
CONTINUOUS
10
2.8450787401574802
20
1.0541732283464567
11
2.8549212598425195
21
1.0541732283464567
0
LINE
8
BLACK
6
CONTINUOUS
10
2.8549212598425195
20
1.0541732283464567
11
2.8579345275590549
21
1.0535738582677165
0
LINE
8
BLACK
6
CONTINUOUS
10
2.8579345275590549
20
1.0535738582677165
11
2.8598425196850394
21
1.0522989370078739
0
LINE
8
BLACK
6
CONTINUOUS
10
2.8598425196850394
20
1.0522989370078739
11
2.8617505118110236
21
1.0535738582677165
0
LINE
8
BLACK
6
CONTINUOUS
10
2.8617505118110236
20
1.0535738582677165
11
2.8647637795275589
21
1.0541732283464567
0
LINE
8
BLACK
6
CONTINUOUS
10
2.8647637795275589
20
1.0541732283464567
11
2.8746062992125982
21
1.0541732283464567
0
LINE
8
BLACK
6
CONTINUOUS
10
2.8746062992125982
20
1.0541732283464567
11
2.877619566929134
21
1.0535738582677165
0
LINE
8
BLACK
6
CONTINUOUS
10
2.877619566929134
20
1.0535738582677165
11
2.8795275590551181
21
1.0522989370078739
0
LINE
8
BLACK
6
CONTINUOUS
10
2.8795275590551181
20
1.0522989370078739
11
2.8814355511811023
21
1.0535738582677165
0
LINE
8
BLACK
6
CONTINUOUS
10
2.8814355511811023
20
1.0535738582677165
11
2.8844488188976376
21
1.0541732283464567
0
LINE
8
BLACK
6
CONTINUOUS
10
2.8844488188976376
20
1.0541732283464567
11
2.894291338582677
21
1.0541732283464567
0
LINE
8
BLACK
6
CONTINUOUS
10
2.894291338582677
20
1.0541732283464567
11
2.8973046062992127
21
1.0535738582677165
0
LINE
8
BLACK
6
CONTINUOUS
10
2.8973046062992127
20
1.0535738582677165
11
2.899859094488189
21
1.051866968503937
0
LINE
8
BLACK
6
CONTINUOUS
10
2.899859094488189
20
1.051866968503937
11
2.9015659842519685
21
1.0493124803149607
0
LINE
8
BLACK
6
CONTINUOUS
10
2.9015659842519685
20
1.0493124803149607
11
2.9021653543307084
21
1.0462992125984252
0
LINE
8
BLACK
6
CONTINUOUS
10
2.9021653543307084
20
1.0462992125984252
11
2.9021653543307084
21
1.002992125984252
0
LINE
8
BLACK
6
CONTINUOUS
10
2.9021653543307084
20
1.002992125984252
11
2.9015659842519685
21
0.9999788582677165
0
LINE
8
BLACK
6
CONTINUOUS
10
2.9015659842519685
20
0.9999788582677165
11
2.899859094488189
21
0.9974243700787402
0
LINE
8
BLACK
6
CONTINUOUS
10
2.899859094488189
20
0.9974243700787402
11
2.8973046062992127
21
0.9957174803149607
0
LINE
8
BLACK
6
CONTINUOUS
10
2.8973046062992127
20
0.9957174803149607
11
2.894291338582677
21
0.9951181102362204
0
LINE
8
BLACK
6
CONTINUOUS
10
2.894291338582677
20
0.9951181102362204
11
2.8844488188976376
21
0.9951181102362204
0
LINE
8
BLACK
6
CONTINUOUS
10
2.8844488188976376
20
0.9951181102362204
11
2.8814355511811023
21
0.9957174803149607
0
LINE
8
BLACK
6
CONTINUOUS
10
2.8814355511811023
20
0.9957174803149607
11
2.8795275590551181
21
0.9969923622047244
0
LINE
8
BLACK
6
CONTINUOUS
10
2.8795275590551181
20
0.9969923622047244
11
2.877619566929134
21
0.9957174803149607
0
LINE
8
BLACK
6
CONTINUOUS
10
2.877619566929134
20
0.9957174803149607
11
2.8746062992125982
21
0.9951181102362204
0
LINE
8
BLACK
6
CONTINUOUS
10
2.8746062992125982
20
0.9951181102362204
11
2.8647637795275589
21
0.9951181102362204
0
LINE
8
BLACK
6
CONTINUOUS
10
2.8647637795275589
20
0.9951181102362204
11
2.8617505118110236
21
0.9957174803149607
0
LINE
8
BLACK
6
CONTINUOUS
10
2.8617505118110236
20
0.9957174803149607
11
2.8598425196850394
21
0.9969923622047244
0
LINE
8
BLACK
6
CONTINUOUS
10
2.8598425196850394
20
0.9969923622047244
11
2.8579345275590549
21
0.9957174803149607
0
LINE
8
BLACK
6
CONTINUOUS
10
2.8579345275590549
20
0.9957174803149607
11
2.8549212598425195
21
0.9951181102362204
0
LINE
8
BLACK
6
CONTINUOUS
10
2.8549212598425195
20
0.9951181102362204
11
2.8450787401574802
21
0.9951181102362204
0
LINE
8
BLACK
6
CONTINUOUS
10
2.8450787401574802
20
0.9951181102362204
11
2.8420654724409449
21
0.9957174803149607
0
LINE
8
BLACK
6
CONTINUOUS
10
2.8420654724409449
20
0.9957174803149607
11
2.8401574803149607
21
0.9969923622047244
0
LINE
8
BLACK
6
CONTINUOUS
10
2.8401574803149607
20
0.9969923622047244
11
2.8382494881889762
21
0.9957174803149607
0
LINE
8
BLACK
6
CONTINUOUS
10
2.8382494881889762
20
0.9957174803149607
11
2.8352362204724408
21
0.9951181102362204
0
LINE
8
BLACK
6
CONTINUOUS
10
2.8352362204724408
20
0.9951181102362204
11
2.8253937007874015
21
0.9951181102362204
0
LINE
8
BLACK
6
CONTINUOUS
10
2.8253937007874015
20
0.9951181102362204
11
2.8223804330708662
21
0.9957174803149607
0
LINE
8
BLACK
6
CONTINUOUS
10
2.8223804330708662
20
0.9957174803149607
11
2.820472440944882
21
0.9969923622047244
0
LINE
8
BLACK
6
CONTINUOUS
10
2.820472440944882
20
0.9969923622047244
11
2.8185644488188974
21
0.9957174803149607
0
LINE
8
BLACK
6
CONTINUOUS
10
2.8185644488188974
20
0.9957174803149607
11
2.8155511811023621
21
0.9951181102362204
0
LINE
8
BLACK
6
CONTINUOUS
10
2.8155511811023621
20
0.9951181102362204
11
2.8057086614173228
21
0.9951181102362204
0
LINE
8
BLACK
6
CONTINUOUS
10
2.8057086614173228
20
0.9951181102362204
11
2.8026953937007875
21
0.9957174803149607
0
LINE
8
BLACK
6
CONTINUOUS
10
2.8026953937007875
20
0.9957174803149607
11
2.8001409055118112
21
0.9974243700787402
0
LINE
8
BLACK
6
CONTINUOUS
10
2.8001409055118112
20
0.9974243700787402
11
2.7984340157480316
21
0.9999788582677165
0
LINE
8
BLACK
6
CONTINUOUS
10
2.7984340157480316
20
0.9999788582677165
11
2.7978346456692913
21
1.002992125984252
0
LINE
8
BLACK
6
CONTINUOUS
10
2.7978346456692913
20
1.002992125984252
11
2.7978346456692913
21
1.0462992125984252
0
LINE
8
BLACK
6
CONTINUOUS
10
2.7978346456692913
20
1.0462992125984252
11
2.7984340157480316
21
1.0493124803149607
0
LINE
8
BLACK
6
CONTINUOUS
10
2.7984340157480316
20
1.0493124803149607
11
2.8001409055118112
21
1.051866968503937
0
LINE
8
BLACK
6
CONTINUOUS
10
2.8001409055118112
20
1.051866968503937
11
2.8026953937007875
21
1.0535738582677165
0
LINE
8
BLACK
6
CONTINUOUS
10
2.8026953937007875
20
1.0535738582677165
11
2.8057086614173228
21
1.0541732283464567
0
LINE
8
BLACK
6
CONTINUOUS
10
2.8057086614173228
20
1.0541732283464567
11
2.8155511811023621
21
1.0541732283464567
0
LINE
8
BLACK
6
CONTINUOUS
10
2.8155511811023621
20
1.0541732283464567
11
2.8185644488188974
21
1.0535738582677165
0
LINE
8
BLACK
6
CONTINUOUS
10
0.7368124803149606
20
1.0645384251968504
11
0.739366968503937
21
1.0628315354330709
0
LINE
8
BLACK
6
CONTINUOUS
10
0.739366968503937
20
1.0628315354330709
11
0.7410738582677165
21
1.0602770472440946
0
LINE
8
BLACK
6
CONTINUOUS
10
0.7410738582677165
20
1.0602770472440946
11
0.7416732283464567
21
1.057263779527559
0
LINE
8
BLACK
6
CONTINUOUS
10
0.7416732283464567
20
1.057263779527559
11
0.7416732283464567
21
1.0222637795275591
0
LINE
8
BLACK
6
CONTINUOUS
10
0.7416732283464567
20
1.0222637795275591
11
0.7410738582677165
21
1.0192505118110236
0
LINE
8
BLACK
6
CONTINUOUS
10
0.7410738582677165
20
1.0192505118110236
11
0.739366968503937
21
1.0166960236220473
0
LINE
8
BLACK
6
CONTINUOUS
10
0.739366968503937
20
1.0166960236220473
11
0.7368124803149606
21
1.0149891338582677
0
LINE
8
BLACK
6
CONTINUOUS
10
0.7368124803149606
20
1.0149891338582677
11
0.7337992125984252
21
1.0143897637795276
0
LINE
8
BLACK
6
CONTINUOUS
10
0.7337992125984252
20
1.0143897637795276
11
0.6787992125984251
21
1.0143897637795276
0
LINE
8
BLACK
6
CONTINUOUS
10
0.6787992125984251
20
1.0143897637795276
11
0.6757859448818897
21
1.0149891338582677
0
LINE
8
BLACK
6
CONTINUOUS
10
0.6757859448818897
20
1.0149891338582677
11
0.6732314566929134
21
1.0166960236220473
0
LINE
8
BLACK
6
CONTINUOUS
10
0.6732314566929134
20
1.0166960236220473
11
0.6715245669291339
21
1.0192505118110236
0
LINE
8
BLACK
6
CONTINUOUS
10
0.6715245669291339
20
1.0192505118110236
11
0.6709251968503936
21
1.0222637795275591
0
LINE
8
BLACK
6
CONTINUOUS
10
0.6709251968503936
20
1.0222637795275591
11
0.6709251968503936
21
1.057263779527559
0
LINE
8
BLACK
6
CONTINUOUS
10
0.6709251968503936
20
1.057263779527559
11
0.6715245669291339
21
1.0602770472440946
0
LINE
8
BLACK
6
CONTINUOUS
10
0.6715245669291339
20
1.0602770472440946
11
0.6732314566929134
21
1.0628315354330709
0
LINE
8
BLACK
6
CONTINUOUS
10
0.6732314566929134
20
1.0628315354330709
11
0.6757859448818897
21
1.0645384251968504
0
LINE
8
BLACK
6
CONTINUOUS
10
0.6757859448818897
20
1.0645384251968504
11
0.6787992125984251
21
1.0651377952755905
0
LINE
8
BLACK
6
CONTINUOUS
10
0.6787992125984251
20
1.0651377952755905
11
0.7337992125984252
21
1.0651377952755905
0
LINE
8
BLACK
6
CONTINUOUS
10
0.7337992125984252
20
1.0651377952755905
11
0.7368124803149606
21
1.0645384251968504
0
LINE
8
BLACK
6
CONTINUOUS
10
0.8268124803149606
20
1.0645384251968504
11
0.829366968503937
21
1.0628315354330709
0
LINE
8
BLACK
6
CONTINUOUS
10
0.829366968503937
20
1.0628315354330709
11
0.8310738582677165
21
1.0602770472440946
0
LINE
8
BLACK
6
CONTINUOUS
10
0.8310738582677165
20
1.0602770472440946
11
0.8316732283464566
21
1.057263779527559
0
LINE
8
BLACK
6
CONTINUOUS
10
0.8316732283464566
20
1.057263779527559
11
0.8316732283464566
21
1.0222637795275591
0
LINE
8
BLACK
6
CONTINUOUS
10
0.8316732283464566
20
1.0222637795275591
11
0.8310738582677165
21
1.0192505118110236
0
LINE
8
BLACK
6
CONTINUOUS
10
0.8310738582677165
20
1.0192505118110236
11
0.829366968503937
21
1.0166960236220473
0
LINE
8
BLACK
6
CONTINUOUS
10
0.829366968503937
20
1.0166960236220473
11
0.8268124803149606
21
1.0149891338582677
0
LINE
8
BLACK
6
CONTINUOUS
10
0.8268124803149606
20
1.0149891338582677
11
0.8237992125984251
21
1.0143897637795276
0
LINE
8
BLACK
6
CONTINUOUS
10
0.8237992125984251
20
1.0143897637795276
11
0.7687992125984252
21
1.0143897637795276
0
LINE
8
BLACK
6
CONTINUOUS
10
0.7687992125984252
20
1.0143897637795276
11
0.7657859448818898
21
1.0149891338582677
0
LINE
8
BLACK
6
CONTINUOUS
10
0.7657859448818898
20
1.0149891338582677
11
0.7632314566929134
21
1.0166960236220473
0
LINE
8
BLACK
6
CONTINUOUS
10
0.7632314566929134
20
1.0166960236220473
11
0.7615245669291338
21
1.0192505118110236
0
LINE
8
BLACK
6
CONTINUOUS
10
0.7615245669291338
20
1.0192505118110236
11
0.7609251968503937
21
1.0222637795275591
0
LINE
8
BLACK
6
CONTINUOUS
10
0.7609251968503937
20
1.0222637795275591
11
0.7609251968503937
21
1.057263779527559
0
LINE
8
BLACK
6
CONTINUOUS
10
0.7609251968503937
20
1.057263779527559
11
0.7615245669291338
21
1.0602770472440946
0
LINE
8
BLACK
6
CONTINUOUS
10
0.7615245669291338
20
1.0602770472440946
11
0.7632314566929134
21
1.0628315354330709
0
LINE
8
BLACK
6
CONTINUOUS
10
0.7632314566929134
20
1.0628315354330709
11
0.7657859448818898
21
1.0645384251968504
0
LINE
8
BLACK
6
CONTINUOUS
10
0.7657859448818898
20
1.0645384251968504
11
0.7687992125984252
21
1.0651377952755905
0
LINE
8
BLACK
6
CONTINUOUS
10
0.7687992125984252
20
1.0651377952755905
11
0.8237992125984251
21
1.0651377952755905
0
LINE
8
BLACK
6
CONTINUOUS
10
0.8237992125984251
20
1.0651377952755905
11
0.8268124803149606
21
1.0645384251968504
0
LINE
8
BLACK
6
CONTINUOUS
10
1.2135250787401575
20
1.0538494488188976
11
1.2160795669291338
21
1.0521425590551181
0
LINE
8
BLACK
6
CONTINUOUS
10
1.2160795669291338
20
1.0521425590551181
11
1.2177864566929133
21
1.0495880708661418
0
LINE
8
BLACK
6
CONTINUOUS
10
1.2177864566929133
20
1.0495880708661418
11
1.2183858267716534
21
1.0465748031496063
0
LINE
8
BLACK
6
CONTINUOUS
10
1.2183858267716534
20
1.0465748031496063
11
1.2183858267716534
21
1.0229527559055118
0
LINE
8
BLACK
6
CONTINUOUS
10
1.2183858267716534
20
1.0229527559055118
11
1.2177864566929133
21
1.0199394881889763
0
LINE
8
BLACK
6
CONTINUOUS
10
1.2177864566929133
20
1.0199394881889763
11
1.2160795669291338
21
1.017385
0
LINE
8
BLACK
6
CONTINUOUS
10
1.2160795669291338
20
1.017385
11
1.2135250787401575
21
1.0156781102362205
0
LINE
8
BLACK
6
CONTINUOUS
10
1.2135250787401575
20
1.0156781102362205
11
1.2105118110236219
21
1.0150787401574803
0
LINE
8
BLACK
6
CONTINUOUS
10
1.2105118110236219
20
1.0150787401574803
11
1.1494881889763779
21
1.0150787401574803
0
LINE
8
BLACK
6
CONTINUOUS
10
1.1494881889763779
20
1.0150787401574803
11
1.1464749212598424
21
1.0156781102362205
0
LINE
8
BLACK
6
CONTINUOUS
10
1.1464749212598424
20
1.0156781102362205
11
1.1439204330708661
21
1.017385
0
LINE
8
BLACK
6
CONTINUOUS
10
1.1439204330708661
20
1.017385
11
1.1422135433070866
21
1.0199394881889763
0
LINE
8
BLACK
6
CONTINUOUS
10
1.1422135433070866
20
1.0199394881889763
11
1.1416141732283465
21
1.0229527559055118
0
LINE
8
BLACK
6
CONTINUOUS
10
1.1416141732283465
20
1.0229527559055118
11
1.1416141732283465
21
1.0465748031496063
0
LINE
8
BLACK
6
CONTINUOUS
10
1.1416141732283465
20
1.0465748031496063
11
1.1422135433070866
21
1.0495880708661418
0
LINE
8
BLACK
6
CONTINUOUS
10
1.1422135433070866
20
1.0495880708661418
11
1.1439204330708661
21
1.0521425590551181
0
LINE
8
BLACK
6
CONTINUOUS
10
1.1439204330708661
20
1.0521425590551181
11
1.1464749212598424
21
1.0538494488188976
0
LINE
8
BLACK
6
CONTINUOUS
10
1.1464749212598424
20
1.0538494488188976
11
1.1494881889763779
21
1.0544488188976378
0
LINE
8
BLACK
6
CONTINUOUS
10
1.1494881889763779
20
1.0544488188976378
11
1.2105118110236219
21
1.0544488188976378
0
LINE
8
BLACK
6
CONTINUOUS
10
1.2105118110236219
20
1.0544488188976378
11
1.2135250787401575
21
1.0538494488188976
0
LINE
8
BLACK
6
CONTINUOUS
10
1.4261235039370079
20
1.0538494488188976
11
1.4286779921259842
21
1.0521425590551181
0
LINE
8
BLACK
6
CONTINUOUS
10
1.4286779921259842
20
1.0521425590551181
11
1.4303848818897638
21
1.0495880708661418
0
LINE
8
BLACK
6
CONTINUOUS
10
1.4303848818897638
20
1.0495880708661418
11
1.4309842519685039
21
1.0465748031496063
0
LINE
8
BLACK
6
CONTINUOUS
10
1.4309842519685039
20
1.0465748031496063
11
1.4309842519685039
21
1.0229527559055118
0
LINE
8
BLACK
6
CONTINUOUS
10
1.4309842519685039
20
1.0229527559055118
11
1.4303848818897638
21
1.0199394881889763
0
LINE
8
BLACK
6
CONTINUOUS
10
1.4303848818897638
20
1.0199394881889763
11
1.4286779921259842
21
1.017385
0
LINE
8
BLACK
6
CONTINUOUS
10
1.4286779921259842
20
1.017385
11
1.4261235039370079
21
1.0156781102362205
0
LINE
8
BLACK
6
CONTINUOUS
10
1.4261235039370079
20
1.0156781102362205
11
1.4231102362204724
21
1.0150787401574803
0
LINE
8
BLACK
6
CONTINUOUS
10
1.4231102362204724
20
1.0150787401574803
11
1.3620866141732284
21
1.0150787401574803
0
LINE
8
BLACK
6
CONTINUOUS
10
1.3620866141732284
20
1.0150787401574803
11
1.3590733464566929
21
1.0156781102362205
0
LINE
8
BLACK
6
CONTINUOUS
10
1.3590733464566929
20
1.0156781102362205
11
1.3565188582677166
21
1.017385
0
LINE
8
BLACK
6
CONTINUOUS
10
1.3565188582677166
20
1.017385
11
1.354811968503937
21
1.0199394881889763
0
LINE
8
BLACK
6
CONTINUOUS
10
1.354811968503937
20
1.0199394881889763
11
1.3542125984251969
21
1.0229527559055118
0
LINE
8
BLACK
6
CONTINUOUS
10
1.3542125984251969
20
1.0229527559055118
11
1.3542125984251969
21
1.0465748031496063
0
LINE
8
BLACK
6
CONTINUOUS
10
1.3542125984251969
20
1.0465748031496063
11
1.354811968503937
21
1.0495880708661418
0
LINE
8
BLACK
6
CONTINUOUS
10
1.354811968503937
20
1.0495880708661418
11
1.3565188582677166
21
1.0521425590551181
0
LINE
8
BLACK
6
CONTINUOUS
10
1.3565188582677166
20
1.0521425590551181
11
1.3590733464566929
21
1.0538494488188976
0
LINE
8
BLACK
6
CONTINUOUS
10
1.3590733464566929
20
1.0538494488188976
11
1.3620866141732284
21
1.0544488188976378
0
LINE
8
BLACK
6
CONTINUOUS
10
1.3620866141732284
20
1.0544488188976378
11
1.4231102362204724
21
1.0544488188976378
0
LINE
8
BLACK
6
CONTINUOUS
10
1.4231102362204724
20
1.0544488188976378
11
1.4261235039370079
21
1.0538494488188976
0
LINE
8
BLACK
6
CONTINUOUS
10
0.9268124803149607
20
1.0695384251968503
11
0.929366968503937
21
1.0678315354330707
0
LINE
8
BLACK
6
CONTINUOUS
10
0.929366968503937
20
1.0678315354330707
11
0.9310738582677165
21
1.0652770472440944
0
LINE
8
BLACK
6
CONTINUOUS
10
0.9310738582677165
20
1.0652770472440944
11
0.9316732283464567
21
1.0622637795275591
0
LINE
8
BLACK
6
CONTINUOUS
10
0.9316732283464567
20
1.0622637795275591
11
0.9316732283464567
21
1.027263779527559
0
LINE
8
BLACK
6
CONTINUOUS
10
0.9316732283464567
20
1.027263779527559
11
0.9310738582677165
21
1.0242505118110237
0
LINE
8
BLACK
6
CONTINUOUS
10
0.9310738582677165
20
1.0242505118110237
11
0.929366968503937
21
1.0216960236220471
0
LINE
8
BLACK
6
CONTINUOUS
10
0.929366968503937
20
1.0216960236220471
11
0.9268124803149607
21
1.0199891338582676
0
LINE
8
BLACK
6
CONTINUOUS
10
0.9268124803149607
20
1.0199891338582676
11
0.9237992125984251
21
1.0193897637795275
0
LINE
8
BLACK
6
CONTINUOUS
10
0.9237992125984251
20
1.0193897637795275
11
0.8687992125984252
21
1.0193897637795275
0
LINE
8
BLACK
6
CONTINUOUS
10
0.8687992125984252
20
1.0193897637795275
11
0.8657859448818898
21
1.0199891338582676
0
LINE
8
BLACK
6
CONTINUOUS
10
0.8657859448818898
20
1.0199891338582676
11
0.8632314566929133
21
1.0216960236220471
0
LINE
8
BLACK
6
CONTINUOUS
10
0.8632314566929133
20
1.0216960236220471
11
0.8615245669291338
21
1.0242505118110237
0
LINE
8
BLACK
6
CONTINUOUS
10
0.8615245669291338
20
1.0242505118110237
11
0.8609251968503937
21
1.027263779527559
0
LINE
8
BLACK
6
CONTINUOUS
10
0.8609251968503937
20
1.027263779527559
11
0.8609251968503937
21
1.0622637795275591
0
LINE
8
BLACK
6
CONTINUOUS
10
0.8609251968503937
20
1.0622637795275591
11
0.8615245669291338
21
1.0652770472440944
0
LINE
8
BLACK
6
CONTINUOUS
10
0.8615245669291338
20
1.0652770472440944
11
0.8632314566929133
21
1.0678315354330707
0
LINE
8
BLACK
6
CONTINUOUS
10
0.8632314566929133
20
1.0678315354330707
11
0.8657859448818898
21
1.0695384251968503
0
LINE
8
BLACK
6
CONTINUOUS
10
0.8657859448818898
20
1.0695384251968503
11
0.8687992125984252
21
1.0701377952755906
0
LINE
8
BLACK
6
CONTINUOUS
10
0.8687992125984252
20
1.0701377952755906
11
0.9237992125984251
21
1.0701377952755906
0
LINE
8
BLACK
6
CONTINUOUS
10
0.9237992125984251
20
1.0701377952755906
11
0.9268124803149607
21
1.0695384251968503
0
LINE
8
BLACK
6
CONTINUOUS
10
1.0068124803149605
20
1.0695384251968503
11
1.009366968503937
21
1.0678315354330707
0
LINE
8
BLACK
6
CONTINUOUS
10
1.009366968503937
20
1.0678315354330707
11
1.0110738582677166
21
1.0652770472440944
0
LINE
8
BLACK
6
CONTINUOUS
10
1.0110738582677166
20
1.0652770472440944
11
1.0116732283464567
21
1.0622637795275591
0
LINE
8
BLACK
6
CONTINUOUS
10
1.0116732283464567
20
1.0622637795275591
11
1.0116732283464567
21
1.027263779527559
0
LINE
8
BLACK
6
CONTINUOUS
10
1.0116732283464567
20
1.027263779527559
11
1.0110738582677166
21
1.0242505118110237
0
LINE
8
BLACK
6
CONTINUOUS
10
1.0110738582677166
20
1.0242505118110237
11
1.009366968503937
21
1.0216960236220471
0
LINE
8
BLACK
6
CONTINUOUS
10
1.009366968503937
20
1.0216960236220471
11
1.0068124803149605
21
1.0199891338582676
0
LINE
8
BLACK
6
CONTINUOUS
10
1.0068124803149605
20
1.0199891338582676
11
1.0037992125984252
21
1.0193897637795275
0
LINE
8
BLACK
6
CONTINUOUS
10
1.0037992125984252
20
1.0193897637795275
11
0.9487992125984251
21
1.0193897637795275
0
LINE
8
BLACK
6
CONTINUOUS
10
0.9487992125984251
20
1.0193897637795275
11
0.9457859448818897
21
1.0199891338582676
0
LINE
8
BLACK
6
CONTINUOUS
10
0.9457859448818897
20
1.0199891338582676
11
0.9432314566929134
21
1.0216960236220471
0
LINE
8
BLACK
6
CONTINUOUS
10
0.9432314566929134
20
1.0216960236220471
11
0.9415245669291339
21
1.0242505118110237
0
LINE
8
BLACK
6
CONTINUOUS
10
0.9415245669291339
20
1.0242505118110237
11
0.9409251968503937
21
1.027263779527559
0
LINE
8
BLACK
6
CONTINUOUS
10
0.9409251968503937
20
1.027263779527559
11
0.9409251968503937
21
1.0622637795275591
0
LINE
8
BLACK
6
CONTINUOUS
10
0.9409251968503937
20
1.0622637795275591
11
0.9415245669291339
21
1.0652770472440944
0
LINE
8
BLACK
6
CONTINUOUS
10
0.9415245669291339
20
1.0652770472440944
11
0.9432314566929134
21
1.0678315354330707
0
LINE
8
BLACK
6
CONTINUOUS
10
0.9432314566929134
20
1.0678315354330707
11
0.9457859448818897
21
1.0695384251968503
0
LINE
8
BLACK
6
CONTINUOUS
10
0.9457859448818897
20
1.0695384251968503
11
0.9487992125984251
21
1.0701377952755906
0
LINE
8
BLACK
6
CONTINUOUS
10
0.9487992125984251
20
1.0701377952755906
11
1.0037992125984252
21
1.0701377952755906
0
LINE
8
BLACK
6
CONTINUOUS
10
1.0037992125984252
20
1.0701377952755906
11
1.0068124803149605
21
1.0695384251968503
0
LINE
8
BLACK
6
CONTINUOUS
10
2.2982888582677163
20
1.3818809448818898
11
2.3008433464566926
21
1.3801740551181103
0
LINE
8
BLACK
6
CONTINUOUS
10
2.3008433464566926
20
1.3801740551181103
11
2.3025502362204722
21
1.3776195669291338
0
LINE
8
BLACK
6
CONTINUOUS
10
2.3025502362204722
20
1.3776195669291338
11
2.3031496062992125
21
1.3746062992125985
0
LINE
8
BLACK
6
CONTINUOUS
10
2.3031496062992125
20
1.3746062992125985
11
2.3031496062992125
21
1.3529527559055117
0
LINE
8
BLACK
6
CONTINUOUS
10
2.3031496062992125
20
1.3529527559055117
11
2.3025502362204722
21
1.3499394881889764
0
LINE
8
BLACK
6
CONTINUOUS
10
2.3025502362204722
20
1.3499394881889764
11
2.30127531496063
21
1.348031496062992
0
LINE
8
BLACK
6
CONTINUOUS
10
2.30127531496063
20
1.348031496062992
11
2.3025502362204722
21
1.3461235039370079
0
LINE
8
BLACK
6
CONTINUOUS
10
2.3025502362204722
20
1.3461235039370079
11
2.3031496062992125
21
1.3431102362204723
0
LINE
8
BLACK
6
CONTINUOUS
10
2.3031496062992125
20
1.3431102362204723
11
2.3031496062992125
21
1.3214566929133857
0
LINE
8
BLACK
6
CONTINUOUS
10
2.3031496062992125
20
1.3214566929133857
11
2.3025502362204722
21
1.3184434251968504
0
LINE
8
BLACK
6
CONTINUOUS
10
2.3025502362204722
20
1.3184434251968504
11
2.30127531496063
21
1.3165354330708661
0
LINE
8
BLACK
6
CONTINUOUS
10
2.30127531496063
20
1.3165354330708661
11
2.3025502362204722
21
1.3146274409448819
0
LINE
8
BLACK
6
CONTINUOUS
10
2.3025502362204722
20
1.3146274409448819
11
2.3031496062992125
21
1.3116141732283464
0
LINE
8
BLACK
6
CONTINUOUS
10
2.3031496062992125
20
1.3116141732283464
11
2.3031496062992125
21
1.2899606299212598
0
LINE
8
BLACK
6
CONTINUOUS
10
2.3031496062992125
20
1.2899606299212598
11
2.3025502362204722
21
1.2869473622047243
0
LINE
8
BLACK
6
CONTINUOUS
10
2.3025502362204722
20
1.2869473622047243
11
2.30127531496063
21
1.2850393700787401
0
LINE
8
BLACK
6
CONTINUOUS
10
2.30127531496063
20
1.2850393700787401
11
2.3025502362204722
21
1.2831313779527558
0
LINE
8
BLACK
6
CONTINUOUS
10
2.3025502362204722
20
1.2831313779527558
11
2.3031496062992125
21
1.2801181102362205
0
LINE
8
BLACK
6
CONTINUOUS
10
2.3031496062992125
20
1.2801181102362205
11
2.3031496062992125
21
1.2584645669291339
0
LINE
8
BLACK
6
CONTINUOUS
10
2.3031496062992125
20
1.2584645669291339
11
2.3025502362204722
21
1.2554512992125983
0
LINE
8
BLACK
6
CONTINUOUS
10
2.3025502362204722
20
1.2554512992125983
11
2.30127531496063
21
1.2535433070866142
0
LINE
8
BLACK
6
CONTINUOUS
10
2.30127531496063
20
1.2535433070866142
11
2.3025502362204722
21
1.2516353149606299
0
LINE
8
BLACK
6
CONTINUOUS
10
2.3025502362204722
20
1.2516353149606299
11
2.3031496062992125
21
1.2486220472440945
0
LINE
8
BLACK
6
CONTINUOUS
10
2.3031496062992125
20
1.2486220472440945
11
2.3031496062992125
21
1.2269685039370077
0
LINE
8
BLACK
6
CONTINUOUS
10
2.3031496062992125
20
1.2269685039370077
11
2.3025502362204722
21
1.2239552362204724
0
LINE
8
BLACK
6
CONTINUOUS
10
2.3025502362204722
20
1.2239552362204724
11
2.30127531496063
21
1.2220472440944881
0
LINE
8
BLACK
6
CONTINUOUS
10
2.30127531496063
20
1.2220472440944881
11
2.3025502362204722
21
1.2201392519685039
0
LINE
8
BLACK
6
CONTINUOUS
10
2.3025502362204722
20
1.2201392519685039
11
2.3031496062992125
21
1.2171259842519684
0
LINE
8
BLACK
6
CONTINUOUS
10
2.3031496062992125
20
1.2171259842519684
11
2.3031496062992125
21
1.1954724409448818
0
LINE
8
BLACK
6
CONTINUOUS
10
2.3031496062992125
20
1.1954724409448818
11
2.3025502362204722
21
1.1924591732283465
0
LINE
8
BLACK
6
CONTINUOUS
10
2.3025502362204722
20
1.1924591732283465
11
2.30127531496063
21
1.1905511811023621
0
LINE
8
BLACK
6
CONTINUOUS
10
2.30127531496063
20
1.1905511811023621
11
2.3025502362204722
21
1.188643188976378
0
LINE
8
BLACK
6
CONTINUOUS
10
2.3025502362204722
20
1.188643188976378
11
2.3031496062992125
21
1.1856299212598425
0
LINE
8
BLACK
6
CONTINUOUS
10
2.3031496062992125
20
1.1856299212598425
11
2.3031496062992125
21
1.1639763779527559
0
LINE
8
BLACK
6
CONTINUOUS
10
2.3031496062992125
20
1.1639763779527559
11
2.3025502362204722
21
1.1609631102362203
0
LINE
8
BLACK
6
CONTINUOUS
10
2.3025502362204722
20
1.1609631102362203
11
2.30127531496063
21
1.1590551181102362
0
LINE
8
BLACK
6
CONTINUOUS
10
2.30127531496063
20
1.1590551181102362
11
2.3025502362204722
21
1.1571471259842518
0
LINE
8
BLACK
6
CONTINUOUS
10
2.3025502362204722
20
1.1571471259842518
11
2.3031496062992125
21
1.1541338582677165
0
LINE
8
BLACK
6
CONTINUOUS
10
2.3031496062992125
20
1.1541338582677165
11
2.3031496062992125
21
1.13248031496063
0
LINE
8
BLACK
6
CONTINUOUS
10
2.3031496062992125
20
1.13248031496063
11
2.3025502362204722
21
1.1294670472440944
0
LINE
8
BLACK
6
CONTINUOUS
10
2.3025502362204722
20
1.1294670472440944
11
2.30127531496063
21
1.1275590551181103
0
LINE
8
BLACK
6
CONTINUOUS
10
2.30127531496063
20
1.1275590551181103
11
2.3025502362204722
21
1.1256510629921259
0
LINE
8
BLACK
6
CONTINUOUS
10
2.3025502362204722
20
1.1256510629921259
11
2.3031496062992125
21
1.1226377952755906
0
LINE
8
BLACK
6
CONTINUOUS
10
2.3031496062992125
20
1.1226377952755906
11
2.3031496062992125
21
1.1009842519685038
0
LINE
8
BLACK
6
CONTINUOUS
10
2.3031496062992125
20
1.1009842519685038
11
2.3025502362204722
21
1.0979709842519685
0
LINE
8
BLACK
6
CONTINUOUS
10
2.3025502362204722
20
1.0979709842519685
11
2.30127531496063
21
1.0960629921259841
0
LINE
8
BLACK
6
CONTINUOUS
10
2.30127531496063
20
1.0960629921259841
11
2.3025502362204722
21
1.094155
0
LINE
8
BLACK
6
CONTINUOUS
10
2.3025502362204722
20
1.094155
11
2.3031496062992125
21
1.0911417322834644
0
LINE
8
BLACK
6
CONTINUOUS
10
2.3031496062992125
20
1.0911417322834644
11
2.3031496062992125
21
1.0694881889763779
0
LINE
8
BLACK
6
CONTINUOUS
10
2.3031496062992125
20
1.0694881889763779
11
2.3025502362204722
21
1.0664749212598426
0
LINE
8
BLACK
6
CONTINUOUS
10
2.3025502362204722
20
1.0664749212598426
11
2.30127531496063
21
1.0645669291338582
0
LINE
8
BLACK
6
CONTINUOUS
10
2.30127531496063
20
1.0645669291338582
11
2.3025502362204722
21
1.0626589370078741
0
LINE
8
BLACK
6
CONTINUOUS
10
2.3025502362204722
20
1.0626589370078741
11
2.3031496062992125
21
1.0596456692913385
0
LINE
8
BLACK
6
CONTINUOUS
10
2.3031496062992125
20
1.0596456692913385
11
2.3031496062992125
21
1.0379921259842519
0
LINE
8
BLACK
6
CONTINUOUS
10
2.3031496062992125
20
1.0379921259842519
11
2.3025502362204722
21
1.0349788582677164
0
LINE
8
BLACK
6
CONTINUOUS
10
2.3025502362204722
20
1.0349788582677164
11
2.3008433464566926
21
1.0324243700787401
0
LINE
8
BLACK
6
CONTINUOUS
10
2.3008433464566926
20
1.0324243700787401
11
2.2982888582677163
21
1.0307174803149606
0
LINE
8
BLACK
6
CONTINUOUS
10
2.2982888582677163
20
1.0307174803149606
11
2.295275590551181
21
1.0301181102362205
0
LINE
8
BLACK
6
CONTINUOUS
10
2.295275590551181
20
1.0301181102362205
11
2.2362204724409449
21
1.0301181102362205
0
LINE
8
BLACK
6
CONTINUOUS
10
2.2362204724409449
20
1.0301181102362205
11
2.2332072047244096
21
1.0307174803149606
0
LINE
8
BLACK
6
CONTINUOUS
10
2.2332072047244096
20
1.0307174803149606
11
2.2306527165354328
21
1.0324243700787401
0
LINE
8
BLACK
6
CONTINUOUS
10
2.2306527165354328
20
1.0324243700787401
11
2.2289458267716533
21
1.0349788582677164
0
LINE
8
BLACK
6
CONTINUOUS
10
2.2289458267716533
20
1.0349788582677164
11
2.2283464566929134
21
1.0379921259842519
0
LINE
8
BLACK
6
CONTINUOUS
10
2.2283464566929134
20
1.0379921259842519
11
2.2283464566929134
21
1.0596456692913385
0
LINE
8
BLACK
6
CONTINUOUS
10
2.2283464566929134
20
1.0596456692913385
11
2.2289458267716533
21
1.0626589370078741
0
LINE
8
BLACK
6
CONTINUOUS
10
2.2289458267716533
20
1.0626589370078741
11
2.2302207086614172
21
1.0645669291338582
0
LINE
8
BLACK
6
CONTINUOUS
10
2.2302207086614172
20
1.0645669291338582
11
2.2289458267716533
21
1.0664749212598426
0
LINE
8
BLACK
6
CONTINUOUS
10
2.2289458267716533
20
1.0664749212598426
11
2.2283464566929134
21
1.0694881889763779
0
LINE
8
BLACK
6
CONTINUOUS
10
2.2283464566929134
20
1.0694881889763779
11
2.2283464566929134
21
1.0911417322834644
0
LINE
8
BLACK
6
CONTINUOUS
10
2.2283464566929134
20
1.0911417322834644
11
2.2289458267716533
21
1.094155
0
LINE
8
BLACK
6
CONTINUOUS
10
2.2289458267716533
20
1.094155
11
2.2302207086614172
21
1.0960629921259841
0
LINE
8
BLACK
6
CONTINUOUS
10
2.2302207086614172
20
1.0960629921259841
11
2.2289458267716533
21
1.0979709842519685
0
LINE
8
BLACK
6
CONTINUOUS
10
2.2289458267716533
20
1.0979709842519685
11
2.2283464566929134
21
1.1009842519685038
0
LINE
8
BLACK
6
CONTINUOUS
10
2.2283464566929134
20
1.1009842519685038
11
2.2283464566929134
21
1.1226377952755906
0
LINE
8
BLACK
6
CONTINUOUS
10
2.2283464566929134
20
1.1226377952755906
11
2.2289458267716533
21
1.1256510629921259
0
LINE
8
BLACK
6
CONTINUOUS
10
2.2289458267716533
20
1.1256510629921259
11
2.2302207086614172
21
1.1275590551181103
0
LINE
8
BLACK
6
CONTINUOUS
10
2.2302207086614172
20
1.1275590551181103
11
2.2289458267716533
21
1.1294670472440944
0
LINE
8
BLACK
6
CONTINUOUS
10
2.2289458267716533
20
1.1294670472440944
11
2.2283464566929134
21
1.13248031496063
0
LINE
8
BLACK
6
CONTINUOUS
10
2.2283464566929134
20
1.13248031496063
11
2.2283464566929134
21
1.1541338582677165
0
LINE
8
BLACK
6
CONTINUOUS
10
2.2283464566929134
20
1.1541338582677165
11
2.2289458267716533
21
1.1571471259842518
0
LINE
8
BLACK
6
CONTINUOUS
10
2.2289458267716533
20
1.1571471259842518
11
2.2302207086614172
21
1.1590551181102362
0
LINE
8
BLACK
6
CONTINUOUS
10
2.2302207086614172
20
1.1590551181102362
11
2.2289458267716533
21
1.1609631102362203
0
LINE
8
BLACK
6
CONTINUOUS
10
2.2289458267716533
20
1.1609631102362203
11
2.2283464566929134
21
1.1639763779527559
0
LINE
8
BLACK
6
CONTINUOUS
10
2.2283464566929134
20
1.1639763779527559
11
2.2283464566929134
21
1.1856299212598425
0
LINE
8
BLACK
6
CONTINUOUS
10
2.2283464566929134
20
1.1856299212598425
11
2.2289458267716533
21
1.188643188976378
0
LINE
8
BLACK
6
CONTINUOUS
10
2.2289458267716533
20
1.188643188976378
11
2.2302207086614172
21
1.1905511811023621
0
LINE
8
BLACK
6
CONTINUOUS
10
2.2302207086614172
20
1.1905511811023621
11
2.2289458267716533
21
1.1924591732283465
0
LINE
8
BLACK
6
CONTINUOUS
10
2.2289458267716533
20
1.1924591732283465
11
2.2283464566929134
21
1.1954724409448818
0
LINE
8
BLACK
6
CONTINUOUS
10
2.2283464566929134
20
1.1954724409448818
11
2.2283464566929134
21
1.2171259842519684
0
LINE
8
BLACK
6
CONTINUOUS
10
2.2283464566929134
20
1.2171259842519684
11
2.2289458267716533
21
1.2201392519685039
0
LINE
8
BLACK
6
CONTINUOUS
10
2.2289458267716533
20
1.2201392519685039
11
2.2302207086614172
21
1.2220472440944881
0
LINE
8
BLACK
6
CONTINUOUS
10
2.2302207086614172
20
1.2220472440944881
11
2.2289458267716533
21
1.2239552362204724
0
LINE
8
BLACK
6
CONTINUOUS
10
2.2289458267716533
20
1.2239552362204724
11
2.2283464566929134
21
1.2269685039370077
0
LINE
8
BLACK
6
CONTINUOUS
10
2.2283464566929134
20
1.2269685039370077
11
2.2283464566929134
21
1.2486220472440945
0
LINE
8
BLACK
6
CONTINUOUS
10
2.2283464566929134
20
1.2486220472440945
11
2.2289458267716533
21
1.2516353149606299
0
LINE
8
BLACK
6
CONTINUOUS
10
2.2289458267716533
20
1.2516353149606299
11
2.2302207086614172
21
1.2535433070866142
0
LINE
8
BLACK
6
CONTINUOUS
10
2.2302207086614172
20
1.2535433070866142
11
2.2289458267716533
21
1.2554512992125983
0
LINE
8
BLACK
6
CONTINUOUS
10
2.2289458267716533
20
1.2554512992125983
11
2.2283464566929134
21
1.2584645669291339
0
LINE
8
BLACK
6
CONTINUOUS
10
2.2283464566929134
20
1.2584645669291339
11
2.2283464566929134
21
1.2801181102362205
0
LINE
8
BLACK
6
CONTINUOUS
10
2.2283464566929134
20
1.2801181102362205
11
2.2289458267716533
21
1.2831313779527558
0
LINE
8
BLACK
6
CONTINUOUS
10
2.2289458267716533
20
1.2831313779527558
11
2.2302207086614172
21
1.2850393700787401
0
LINE
8
BLACK
6
CONTINUOUS
10
2.2302207086614172
20
1.2850393700787401
11
2.2289458267716533
21
1.2869473622047243
0
LINE
8
BLACK
6
CONTINUOUS
10
2.2289458267716533
20
1.2869473622047243
11
2.2283464566929134
21
1.2899606299212598
0
LINE
8
BLACK
6
CONTINUOUS
10
2.2283464566929134
20
1.2899606299212598
11
2.2283464566929134
21
1.3116141732283464
0
LINE
8
BLACK
6
CONTINUOUS
10
2.2283464566929134
20
1.3116141732283464
11
2.2289458267716533
21
1.3146274409448819
0
LINE
8
BLACK
6
CONTINUOUS
10
2.2289458267716533
20
1.3146274409448819
11
2.2302207086614172
21
1.3165354330708661
0
LINE
8
BLACK
6
CONTINUOUS
10
2.2302207086614172
20
1.3165354330708661
11
2.2289458267716533
21
1.3184434251968504
0
LINE
8
BLACK
6
CONTINUOUS
10
2.2289458267716533
20
1.3184434251968504
11
2.2283464566929134
21
1.3214566929133857
0
LINE
8
BLACK
6
CONTINUOUS
10
2.2283464566929134
20
1.3214566929133857
11
2.2283464566929134
21
1.3431102362204723
0
LINE
8
BLACK
6
CONTINUOUS
10
2.2283464566929134
20
1.3431102362204723
11
2.2289458267716533
21
1.3461235039370079
0
LINE
8
BLACK
6
CONTINUOUS
10
2.2289458267716533
20
1.3461235039370079
11
2.2302207086614172
21
1.348031496062992
0
LINE
8
BLACK
6
CONTINUOUS
10
2.2302207086614172
20
1.348031496062992
11
2.2289458267716533
21
1.3499394881889764
0
LINE
8
BLACK
6
CONTINUOUS
10
2.2289458267716533
20
1.3499394881889764
11
2.2283464566929134
21
1.3529527559055117
0
LINE
8
BLACK
6
CONTINUOUS
10
2.2283464566929134
20
1.3529527559055117
11
2.2283464566929134
21
1.3746062992125985
0
LINE
8
BLACK
6
CONTINUOUS
10
2.2283464566929134
20
1.3746062992125985
11
2.2289458267716533
21
1.3776195669291338
0
LINE
8
BLACK
6
CONTINUOUS
10
2.2289458267716533
20
1.3776195669291338
11
2.2306527165354328
21
1.3801740551181103
0
LINE
8
BLACK
6
CONTINUOUS
10
2.2306527165354328
20
1.3801740551181103
11
2.2332072047244096
21
1.3818809448818898
0
LINE
8
BLACK
6
CONTINUOUS
10
2.2332072047244096
20
1.3818809448818898
11
2.2362204724409449
21
1.38248031496063
0
LINE
8
BLACK
6
CONTINUOUS
10
2.2362204724409449
20
1.38248031496063
11
2.295275590551181
21
1.38248031496063
0
LINE
8
BLACK
6
CONTINUOUS
10
2.295275590551181
20
1.38248031496063
11
2.2982888582677163
21
1.3818809448818898
0
LINE
8
BLACK
6
CONTINUOUS
10
2.7471077559055117
20
1.3818809448818898
11
2.749662244094488
21
1.3801740551181103
0
LINE
8
BLACK
6
CONTINUOUS
10
2.749662244094488
20
1.3801740551181103
11
2.7513691338582675
21
1.3776195669291338
0
LINE
8
BLACK
6
CONTINUOUS
10
2.7513691338582675
20
1.3776195669291338
11
2.7519685039370079
21
1.3746062992125985
0
LINE
8
BLACK
6
CONTINUOUS
10
2.7519685039370079
20
1.3746062992125985
11
2.7519685039370079
21
1.3529527559055117
0
LINE
8
BLACK
6
CONTINUOUS
10
2.7519685039370079
20
1.3529527559055117
11
2.7513691338582675
21
1.3499394881889764
0
LINE
8
BLACK
6
CONTINUOUS
10
2.7513691338582675
20
1.3499394881889764
11
2.7500942125984253
21
1.348031496062992
0
LINE
8
BLACK
6
CONTINUOUS
10
2.7500942125984253
20
1.348031496062992
11
2.7513691338582675
21
1.3461235039370079
0
LINE
8
BLACK
6
CONTINUOUS
10
2.7513691338582675
20
1.3461235039370079
11
2.7519685039370079
21
1.3431102362204723
0
LINE
8
BLACK
6
CONTINUOUS
10
2.7519685039370079
20
1.3431102362204723
11
2.7519685039370079
21
1.3214566929133857
0
LINE
8
BLACK
6
CONTINUOUS
10
2.7519685039370079
20
1.3214566929133857
11
2.7513691338582675
21
1.3184434251968504
0
LINE
8
BLACK
6
CONTINUOUS
10
2.7513691338582675
20
1.3184434251968504
11
2.7500942125984253
21
1.3165354330708661
0
LINE
8
BLACK
6
CONTINUOUS
10
2.7500942125984253
20
1.3165354330708661
11
2.7513691338582675
21
1.3146274409448819
0
LINE
8
BLACK
6
CONTINUOUS
10
2.7513691338582675
20
1.3146274409448819
11
2.7519685039370079
21
1.3116141732283464
0
LINE
8
BLACK
6
CONTINUOUS
10
2.7519685039370079
20
1.3116141732283464
11
2.7519685039370079
21
1.2899606299212598
0
LINE
8
BLACK
6
CONTINUOUS
10
2.7519685039370079
20
1.2899606299212598
11
2.7513691338582675
21
1.2869473622047243
0
LINE
8
BLACK
6
CONTINUOUS
10
2.7513691338582675
20
1.2869473622047243
11
2.7500942125984253
21
1.2850393700787401
0
LINE
8
BLACK
6
CONTINUOUS
10
2.7500942125984253
20
1.2850393700787401
11
2.7513691338582675
21
1.2831313779527558
0
LINE
8
BLACK
6
CONTINUOUS
10
2.7513691338582675
20
1.2831313779527558
11
2.7519685039370079
21
1.2801181102362205
0
LINE
8
BLACK
6
CONTINUOUS
10
2.7519685039370079
20
1.2801181102362205
11
2.7519685039370079
21
1.2584645669291339
0
LINE
8
BLACK
6
CONTINUOUS
10
2.7519685039370079
20
1.2584645669291339
11
2.7513691338582675
21
1.2554512992125983
0
LINE
8
BLACK
6
CONTINUOUS
10
2.7513691338582675
20
1.2554512992125983
11
2.7500942125984253
21
1.2535433070866142
0
LINE
8
BLACK
6
CONTINUOUS
10
2.7500942125984253
20
1.2535433070866142
11
2.7513691338582675
21
1.2516353149606299
0
LINE
8
BLACK
6
CONTINUOUS
10
2.7513691338582675
20
1.2516353149606299
11
2.7519685039370079
21
1.2486220472440945
0
LINE
8
BLACK
6
CONTINUOUS
10
2.7519685039370079
20
1.2486220472440945
11
2.7519685039370079
21
1.2269685039370077
0
LINE
8
BLACK
6
CONTINUOUS
10
2.7519685039370079
20
1.2269685039370077
11
2.7513691338582675
21
1.2239552362204724
0
LINE
8
BLACK
6
CONTINUOUS
10
2.7513691338582675
20
1.2239552362204724
11
2.7500942125984253
21
1.2220472440944881
0
LINE
8
BLACK
6
CONTINUOUS
10
2.7500942125984253
20
1.2220472440944881
11
2.7513691338582675
21
1.2201392519685039
0
LINE
8
BLACK
6
CONTINUOUS
10
2.7513691338582675
20
1.2201392519685039
11
2.7519685039370079
21
1.2171259842519684
0
LINE
8
BLACK
6
CONTINUOUS
10
2.7519685039370079
20
1.2171259842519684
11
2.7519685039370079
21
1.1954724409448818
0
LINE
8
BLACK
6
CONTINUOUS
10
2.7519685039370079
20
1.1954724409448818
11
2.7513691338582675
21
1.1924591732283465
0
LINE
8
BLACK
6
CONTINUOUS
10
2.7513691338582675
20
1.1924591732283465
11
2.7500942125984253
21
1.1905511811023621
0
LINE
8
BLACK
6
CONTINUOUS
10
2.7500942125984253
20
1.1905511811023621
11
2.7513691338582675
21
1.188643188976378
0
LINE
8
BLACK
6
CONTINUOUS
10
2.7513691338582675
20
1.188643188976378
11
2.7519685039370079
21
1.1856299212598425
0
LINE
8
BLACK
6
CONTINUOUS
10
2.7519685039370079
20
1.1856299212598425
11
2.7519685039370079
21
1.1639763779527559
0
LINE
8
BLACK
6
CONTINUOUS
10
2.7519685039370079
20
1.1639763779527559
11
2.7513691338582675
21
1.1609631102362203
0
LINE
8
BLACK
6
CONTINUOUS
10
2.7513691338582675
20
1.1609631102362203
11
2.7500942125984253
21
1.1590551181102362
0
LINE
8
BLACK
6
CONTINUOUS
10
2.7500942125984253
20
1.1590551181102362
11
2.7513691338582675
21
1.1571471259842518
0
LINE
8
BLACK
6
CONTINUOUS
10
2.7513691338582675
20
1.1571471259842518
11
2.7519685039370079
21
1.1541338582677165
0
LINE
8
BLACK
6
CONTINUOUS
10
2.7519685039370079
20
1.1541338582677165
11
2.7519685039370079
21
1.13248031496063
0
LINE
8
BLACK
6
CONTINUOUS
10
2.7519685039370079
20
1.13248031496063
11
2.7513691338582675
21
1.1294670472440944
0
LINE
8
BLACK
6
CONTINUOUS
10
2.7513691338582675
20
1.1294670472440944
11
2.7500942125984253
21
1.1275590551181103
0
LINE
8
BLACK
6
CONTINUOUS
10
2.7500942125984253
20
1.1275590551181103
11
2.7513691338582675
21
1.1256510629921259
0
LINE
8
BLACK
6
CONTINUOUS
10
2.7513691338582675
20
1.1256510629921259
11
2.7519685039370079
21
1.1226377952755906
0
LINE
8
BLACK
6
CONTINUOUS
10
2.7519685039370079
20
1.1226377952755906
11
2.7519685039370079
21
1.1009842519685038
0
LINE
8
BLACK
6
CONTINUOUS
10
2.7519685039370079
20
1.1009842519685038
11
2.7513691338582675
21
1.0979709842519685
0
LINE
8
BLACK
6
CONTINUOUS
10
2.7513691338582675
20
1.0979709842519685
11
2.7500942125984253
21
1.0960629921259841
0
LINE
8
BLACK
6
CONTINUOUS
10
2.7500942125984253
20
1.0960629921259841
11
2.7513691338582675
21
1.094155
0
LINE
8
BLACK
6
CONTINUOUS
10
2.7513691338582675
20
1.094155
11
2.7519685039370079
21
1.0911417322834644
0
LINE
8
BLACK
6
CONTINUOUS
10
2.7519685039370079
20
1.0911417322834644
11
2.7519685039370079
21
1.0694881889763779
0
LINE
8
BLACK
6
CONTINUOUS
10
2.7519685039370079
20
1.0694881889763779
11
2.7513691338582675
21
1.0664749212598426
0
LINE
8
BLACK
6
CONTINUOUS
10
2.7513691338582675
20
1.0664749212598426
11
2.7500942125984253
21
1.0645669291338582
0
LINE
8
BLACK
6
CONTINUOUS
10
2.7500942125984253
20
1.0645669291338582
11
2.7513691338582675
21
1.0626589370078741
0
LINE
8
BLACK
6
CONTINUOUS
10
2.7513691338582675
20
1.0626589370078741
11
2.7519685039370079
21
1.0596456692913385
0
LINE
8
BLACK
6
CONTINUOUS
10
2.7519685039370079
20
1.0596456692913385
11
2.7519685039370079
21
1.0379921259842519
0
LINE
8
BLACK
6
CONTINUOUS
10
2.7519685039370079
20
1.0379921259842519
11
2.7513691338582675
21
1.0349788582677164
0
LINE
8
BLACK
6
CONTINUOUS
10
2.7513691338582675
20
1.0349788582677164
11
2.749662244094488
21
1.0324243700787401
0
LINE
8
BLACK
6
CONTINUOUS
10
2.749662244094488
20
1.0324243700787401
11
2.7471077559055117
21
1.0307174803149606
0
LINE
8
BLACK
6
CONTINUOUS
10
2.7471077559055117
20
1.0307174803149606
11
2.7440944881889764
21
1.0301181102362205
0
LINE
8
BLACK
6
CONTINUOUS
10
2.7440944881889764
20
1.0301181102362205
11
2.6850393700787403
21
1.0301181102362205
0
LINE
8
BLACK
6
CONTINUOUS
10
2.6850393700787403
20
1.0301181102362205
11
2.6820261023622045
21
1.0307174803149606
0
LINE
8
BLACK
6
CONTINUOUS
10
2.6820261023622045
20
1.0307174803149606
11
2.6794716141732282
21
1.0324243700787401
0
LINE
8
BLACK
6
CONTINUOUS
10
2.6794716141732282
20
1.0324243700787401
11
2.6777647244094487
21
1.0349788582677164
0
LINE
8
BLACK
6
CONTINUOUS
10
2.6777647244094487
20
1.0349788582677164
11
2.6771653543307088
21
1.0379921259842519
0
LINE
8
BLACK
6
CONTINUOUS
10
2.6771653543307088
20
1.0379921259842519
11
2.6771653543307088
21
1.0596456692913385
0
LINE
8
BLACK
6
CONTINUOUS
10
2.6771653543307088
20
1.0596456692913385
11
2.6777647244094487
21
1.0626589370078741
0
LINE
8
BLACK
6
CONTINUOUS
10
2.6777647244094487
20
1.0626589370078741
11
2.6790396062992126
21
1.0645669291338582
0
LINE
8
BLACK
6
CONTINUOUS
10
2.6790396062992126
20
1.0645669291338582
11
2.6777647244094487
21
1.0664749212598426
0
LINE
8
BLACK
6
CONTINUOUS
10
2.6777647244094487
20
1.0664749212598426
11
2.6771653543307088
21
1.0694881889763779
0
LINE
8
BLACK
6
CONTINUOUS
10
2.6771653543307088
20
1.0694881889763779
11
2.6771653543307088
21
1.0911417322834644
0
LINE
8
BLACK
6
CONTINUOUS
10
2.6771653543307088
20
1.0911417322834644
11
2.6777647244094487
21
1.094155
0
LINE
8
BLACK
6
CONTINUOUS
10
2.6777647244094487
20
1.094155
11
2.6790396062992126
21
1.0960629921259841
0
LINE
8
BLACK
6
CONTINUOUS
10
2.6790396062992126
20
1.0960629921259841
11
2.6777647244094487
21
1.0979709842519685
0
LINE
8
BLACK
6
CONTINUOUS
10
2.6777647244094487
20
1.0979709842519685
11
2.6771653543307088
21
1.1009842519685038
0
LINE
8
BLACK
6
CONTINUOUS
10
2.6771653543307088
20
1.1009842519685038
11
2.6771653543307088
21
1.1226377952755906
0
LINE
8
BLACK
6
CONTINUOUS
10
2.6771653543307088
20
1.1226377952755906
11
2.6777647244094487
21
1.1256510629921259
0
LINE
8
BLACK
6
CONTINUOUS
10
2.6777647244094487
20
1.1256510629921259
11
2.6790396062992126
21
1.1275590551181103
0
LINE
8
BLACK
6
CONTINUOUS
10
2.6790396062992126
20
1.1275590551181103
11
2.6777647244094487
21
1.1294670472440944
0
LINE
8
BLACK
6
CONTINUOUS
10
2.6777647244094487
20
1.1294670472440944
11
2.6771653543307088
21
1.13248031496063
0
LINE
8
BLACK
6
CONTINUOUS
10
2.6771653543307088
20
1.13248031496063
11
2.6771653543307088
21
1.1541338582677165
0
LINE
8
BLACK
6
CONTINUOUS
10
2.6771653543307088
20
1.1541338582677165
11
2.6777647244094487
21
1.1571471259842518
0
LINE
8
BLACK
6
CONTINUOUS
10
2.6777647244094487
20
1.1571471259842518
11
2.6790396062992126
21
1.1590551181102362
0
LINE
8
BLACK
6
CONTINUOUS
10
2.6790396062992126
20
1.1590551181102362
11
2.6777647244094487
21
1.1609631102362203
0
LINE
8
BLACK
6
CONTINUOUS
10
2.6777647244094487
20
1.1609631102362203
11
2.6771653543307088
21
1.1639763779527559
0
LINE
8
BLACK
6
CONTINUOUS
10
2.6771653543307088
20
1.1639763779527559
11
2.6771653543307088
21
1.1856299212598425
0
LINE
8
BLACK
6
CONTINUOUS
10
2.6771653543307088
20
1.1856299212598425
11
2.6777647244094487
21
1.188643188976378
0
LINE
8
BLACK
6
CONTINUOUS
10
2.6777647244094487
20
1.188643188976378
11
2.6790396062992126
21
1.1905511811023621
0
LINE
8
BLACK
6
CONTINUOUS
10
2.6790396062992126
20
1.1905511811023621
11
2.6777647244094487
21
1.1924591732283465
0
LINE
8
BLACK
6
CONTINUOUS
10
2.6777647244094487
20
1.1924591732283465
11
2.6771653543307088
21
1.1954724409448818
0
LINE
8
BLACK
6
CONTINUOUS
10
2.6771653543307088
20
1.1954724409448818
11
2.6771653543307088
21
1.2171259842519684
0
LINE
8
BLACK
6
CONTINUOUS
10
2.6771653543307088
20
1.2171259842519684
11
2.6777647244094487
21
1.2201392519685039
0
LINE
8
BLACK
6
CONTINUOUS
10
2.6777647244094487
20
1.2201392519685039
11
2.6790396062992126
21
1.2220472440944881
0
LINE
8
BLACK
6
CONTINUOUS
10
2.6790396062992126
20
1.2220472440944881
11
2.6777647244094487
21
1.2239552362204724
0
LINE
8
BLACK
6
CONTINUOUS
10
2.6777647244094487
20
1.2239552362204724
11
2.6771653543307088
21
1.2269685039370077
0
LINE
8
BLACK
6
CONTINUOUS
10
2.6771653543307088
20
1.2269685039370077
11
2.6771653543307088
21
1.2486220472440945
0
LINE
8
BLACK
6
CONTINUOUS
10
2.6771653543307088
20
1.2486220472440945
11
2.6777647244094487
21
1.2516353149606299
0
LINE
8
BLACK
6
CONTINUOUS
10
2.6777647244094487
20
1.2516353149606299
11
2.6790396062992126
21
1.2535433070866142
0
LINE
8
BLACK
6
CONTINUOUS
10
2.6790396062992126
20
1.2535433070866142
11
2.6777647244094487
21
1.2554512992125983
0
LINE
8
BLACK
6
CONTINUOUS
10
2.6777647244094487
20
1.2554512992125983
11
2.6771653543307088
21
1.2584645669291339
0
LINE
8
BLACK
6
CONTINUOUS
10
2.6771653543307088
20
1.2584645669291339
11
2.6771653543307088
21
1.2801181102362205
0
LINE
8
BLACK
6
CONTINUOUS
10
2.6771653543307088
20
1.2801181102362205
11
2.6777647244094487
21
1.2831313779527558
0
LINE
8
BLACK
6
CONTINUOUS
10
2.6777647244094487
20
1.2831313779527558
11
2.6790396062992126
21
1.2850393700787401
0
LINE
8
BLACK
6
CONTINUOUS
10
2.6790396062992126
20
1.2850393700787401
11
2.6777647244094487
21
1.2869473622047243
0
LINE
8
BLACK
6
CONTINUOUS
10
2.6777647244094487
20
1.2869473622047243
11
2.6771653543307088
21
1.2899606299212598
0
LINE
8
BLACK
6
CONTINUOUS
10
2.6771653543307088
20
1.2899606299212598
11
2.6771653543307088
21
1.3116141732283464
0
LINE
8
BLACK
6
CONTINUOUS
10
2.6771653543307088
20
1.3116141732283464
11
2.6777647244094487
21
1.3146274409448819
0
LINE
8
BLACK
6
CONTINUOUS
10
2.6777647244094487
20
1.3146274409448819
11
2.6790396062992126
21
1.3165354330708661
0
LINE
8
BLACK
6
CONTINUOUS
10
2.6790396062992126
20
1.3165354330708661
11
2.6777647244094487
21
1.3184434251968504
0
LINE
8
BLACK
6
CONTINUOUS
10
2.6777647244094487
20
1.3184434251968504
11
2.6771653543307088
21
1.3214566929133857
0
LINE
8
BLACK
6
CONTINUOUS
10
2.6771653543307088
20
1.3214566929133857
11
2.6771653543307088
21
1.3431102362204723
0
LINE
8
BLACK
6
CONTINUOUS
10
2.6771653543307088
20
1.3431102362204723
11
2.6777647244094487
21
1.3461235039370079
0
LINE
8
BLACK
6
CONTINUOUS
10
2.6777647244094487
20
1.3461235039370079
11
2.6790396062992126
21
1.348031496062992
0
LINE
8
BLACK
6
CONTINUOUS
10
2.6790396062992126
20
1.348031496062992
11
2.6777647244094487
21
1.3499394881889764
0
LINE
8
BLACK
6
CONTINUOUS
10
2.6777647244094487
20
1.3499394881889764
11
2.6771653543307088
21
1.3529527559055117
0
LINE
8
BLACK
6
CONTINUOUS
10
2.6771653543307088
20
1.3529527559055117
11
2.6771653543307088
21
1.3746062992125985
0
LINE
8
BLACK
6
CONTINUOUS
10
2.6771653543307088
20
1.3746062992125985
11
2.6777647244094487
21
1.3776195669291338
0
LINE
8
BLACK
6
CONTINUOUS
10
2.6777647244094487
20
1.3776195669291338
11
2.6794716141732282
21
1.3801740551181103
0
LINE
8
BLACK
6
CONTINUOUS
10
2.6794716141732282
20
1.3801740551181103
11
2.6820261023622045
21
1.3818809448818898
0
LINE
8
BLACK
6
CONTINUOUS
10
2.6820261023622045
20
1.3818809448818898
11
2.6850393700787403
21
1.38248031496063
0
LINE
8
BLACK
6
CONTINUOUS
10
2.6850393700787403
20
1.38248031496063
11
2.7440944881889764
21
1.38248031496063
0
LINE
8
BLACK
6
CONTINUOUS
10
2.7440944881889764
20
1.38248031496063
11
2.7471077559055117
21
1.3818809448818898
0
LINE
8
BLACK
6
CONTINUOUS
10
1.8573833464566929
20
1.2013297637795275
11
1.8599378346456692
21
1.199622874015748
0
LINE
8
BLACK
6
CONTINUOUS
10
1.8599378346456692
20
1.199622874015748
11
1.8616447244094487
21
1.1970683858267717
0
LINE
8
BLACK
6
CONTINUOUS
10
1.8616447244094487
20
1.1970683858267717
11
1.8622440944881888
21
1.1940551181102361
0
LINE
8
BLACK
6
CONTINUOUS
10
1.8622440944881888
20
1.1940551181102361
11
1.8622440944881888
21
1.0444488188976377
0
LINE
8
BLACK
6
CONTINUOUS
10
1.8622440944881888
20
1.0444488188976377
11
1.8616447244094487
21
1.0414355511811024
0
LINE
8
BLACK
6
CONTINUOUS
10
1.8616447244094487
20
1.0414355511811024
11
1.8599378346456692
21
1.0388810629921259
0
LINE
8
BLACK
6
CONTINUOUS
10
1.8599378346456692
20
1.0388810629921259
11
1.8573833464566929
21
1.0371741732283464
0
LINE
8
BLACK
6
CONTINUOUS
10
1.8573833464566929
20
1.0371741732283464
11
1.8543700787401574
21
1.0365748031496063
0
LINE
8
BLACK
6
CONTINUOUS
10
1.8543700787401574
20
1.0365748031496063
11
1.8149999999999999
21
1.0365748031496063
0
LINE
8
BLACK
6
CONTINUOUS
10
1.8149999999999999
20
1.0365748031496063
11
1.8119867322834646
21
1.0371741732283464
0
LINE
8
BLACK
6
CONTINUOUS
10
1.8119867322834646
20
1.0371741732283464
11
1.8094322440944881
21
1.0388810629921259
0
LINE
8
BLACK
6
CONTINUOUS
10
1.8094322440944881
20
1.0388810629921259
11
1.8077253543307086
21
1.0414355511811024
0
LINE
8
BLACK
6
CONTINUOUS
10
1.8077253543307086
20
1.0414355511811024
11
1.8071259842519685
21
1.0444488188976377
0
LINE
8
BLACK
6
CONTINUOUS
10
1.8071259842519685
20
1.0444488188976377
11
1.8071259842519685
21
1.1940551181102361
0
LINE
8
BLACK
6
CONTINUOUS
10
1.8071259842519685
20
1.1940551181102361
11
1.8077253543307086
21
1.1970683858267717
0
LINE
8
BLACK
6
CONTINUOUS
10
1.8077253543307086
20
1.1970683858267717
11
1.8094322440944881
21
1.199622874015748
0
LINE
8
BLACK
6
CONTINUOUS
10
1.8094322440944881
20
1.199622874015748
11
1.8119867322834646
21
1.2013297637795275
0
LINE
8
BLACK
6
CONTINUOUS
10
1.8119867322834646
20
1.2013297637795275
11
1.8149999999999999
21
1.2019291338582676
0
LINE
8
BLACK
6
CONTINUOUS
10
1.8149999999999999
20
1.2019291338582676
11
1.8543700787401574
21
1.2019291338582676
0
LINE
8
BLACK
6
CONTINUOUS
10
1.8543700787401574
20
1.2019291338582676
11
1.8573833464566929
21
1.2013297637795275
0
LINE
8
BLACK
6
CONTINUOUS
10
3.5817927952755904
20
1.2013297637795275
11
3.5843472834645667
21
1.199622874015748
0
LINE
8
BLACK
6
CONTINUOUS
10
3.5843472834645667
20
1.199622874015748
11
3.5860541732283462
21
1.1970683858267717
0
LINE
8
BLACK
6
CONTINUOUS
10
3.5860541732283462
20
1.1970683858267717
11
3.5866535433070865
21
1.1940551181102361
0
LINE
8
BLACK
6
CONTINUOUS
10
3.5866535433070865
20
1.1940551181102361
11
3.5866535433070865
21
1.0444488188976377
0
LINE
8
BLACK
6
CONTINUOUS
10
3.5866535433070865
20
1.0444488188976377
11
3.5860541732283462
21
1.0414355511811024
0
LINE
8
BLACK
6
CONTINUOUS
10
3.5860541732283462
20
1.0414355511811024
11
3.5843472834645667
21
1.0388810629921259
0
LINE
8
BLACK
6
CONTINUOUS
10
3.5843472834645667
20
1.0388810629921259
11
3.5817927952755904
21
1.0371741732283464
0
LINE
8
BLACK
6
CONTINUOUS
10
3.5817927952755904
20
1.0371741732283464
11
3.578779527559055
21
1.0365748031496063
0
LINE
8
BLACK
6
CONTINUOUS
10
3.578779527559055
20
1.0365748031496063
11
3.5394094488188976
21
1.0365748031496063
0
LINE
8
BLACK
6
CONTINUOUS
10
3.5394094488188976
20
1.0365748031496063
11
3.5363961811023623
21
1.0371741732283464
0
LINE
8
BLACK
6
CONTINUOUS
10
3.5363961811023623
20
1.0371741732283464
11
3.5338416929133856
21
1.0388810629921259
0
LINE
8
BLACK
6
CONTINUOUS
10
3.5338416929133856
20
1.0388810629921259
11
3.532134803149606
21
1.0414355511811024
0
LINE
8
BLACK
6
CONTINUOUS
10
3.532134803149606
20
1.0414355511811024
11
3.5315354330708661
21
1.0444488188976377
0
LINE
8
BLACK
6
CONTINUOUS
10
3.5315354330708661
20
1.0444488188976377
11
3.5315354330708661
21
1.1940551181102361
0
LINE
8
BLACK
6
CONTINUOUS
10
3.5315354330708661
20
1.1940551181102361
11
3.532134803149606
21
1.1970683858267717
0
LINE
8
BLACK
6
CONTINUOUS
10
3.532134803149606
20
1.1970683858267717
11
3.5338416929133856
21
1.199622874015748
0
LINE
8
BLACK
6
CONTINUOUS
10
3.5338416929133856
20
1.199622874015748
11
3.5363961811023623
21
1.2013297637795275
0
LINE
8
BLACK
6
CONTINUOUS
10
3.5363961811023623
20
1.2013297637795275
11
3.5394094488188976
21
1.2019291338582676
0
LINE
8
BLACK
6
CONTINUOUS
10
3.5394094488188976
20
1.2019291338582676
11
3.578779527559055
21
1.2019291338582676
0
LINE
8
BLACK
6
CONTINUOUS
10
3.578779527559055
20
1.2019291338582676
11
3.5817927952755904
21
1.2013297637795275
0
LINE
8
BLACK
6
CONTINUOUS
10
0.0610447637795276
20
1.2037313385826771
11
0.0635992519685039
21
1.2020244488188976
0
LINE
8
BLACK
6
CONTINUOUS
10
0.0635992519685039
20
1.2020244488188976
11
0.0653061417322835
21
1.1994699606299213
0
LINE
8
BLACK
6
CONTINUOUS
10
0.0653061417322835
20
1.1994699606299213
11
0.0659055118110236
21
1.1964566929133857
0
LINE
8
BLACK
6
CONTINUOUS
10
0.0659055118110236
20
1.1964566929133857
11
0.0659055118110236
21
1.0468503937007874
0
LINE
8
BLACK
6
CONTINUOUS
10
0.0659055118110236
20
1.0468503937007874
11
0.0653061417322835
21
1.043837125984252
0
LINE
8
BLACK
6
CONTINUOUS
10
0.0653061417322835
20
1.043837125984252
11
0.0635992519685039
21
1.0412826377952755
0
LINE
8
BLACK
6
CONTINUOUS
10
0.0635992519685039
20
1.0412826377952755
11
0.0610447637795276
21
1.039575748031496
0
LINE
8
BLACK
6
CONTINUOUS
10
0.0610447637795276
20
1.039575748031496
11
0.0580314960629921
21
1.0389763779527559
0
LINE
8
BLACK
6
CONTINUOUS
10
0.0580314960629921
20
1.0389763779527559
11
0.0186614173228346
21
1.0389763779527559
0
LINE
8
BLACK
6
CONTINUOUS
10
0.0186614173228346
20
1.0389763779527559
11
0.0156481496062992
21
1.039575748031496
0
LINE
8
BLACK
6
CONTINUOUS
10
0.0156481496062992
20
1.039575748031496
11
0.0130936614173228
21
1.0412826377952755
0
LINE
8
BLACK
6
CONTINUOUS
10
0.0130936614173228
20
1.0412826377952755
11
0.0113867716535433
21
1.043837125984252
0
LINE
8
BLACK
6
CONTINUOUS
10
0.0113867716535433
20
1.043837125984252
11
0.0107874015748031
21
1.0468503937007874
0
LINE
8
BLACK
6
CONTINUOUS
10
0.0107874015748031
20
1.0468503937007874
11
0.0107874015748031
21
1.1964566929133857
0
LINE
8
BLACK
6
CONTINUOUS
10
0.0107874015748031
20
1.1964566929133857
11
0.0113867716535433
21
1.1994699606299213
0
LINE
8
BLACK
6
CONTINUOUS
10
0.0113867716535433
20
1.1994699606299213
11
0.0130936614173228
21
1.2020244488188976
0
LINE
8
BLACK
6
CONTINUOUS
10
0.0130936614173228
20
1.2020244488188976
11
0.0156481496062992
21
1.2037313385826771
0
LINE
8
BLACK
6
CONTINUOUS
10
0.0156481496062992
20
1.2037313385826771
11
0.0186614173228346
21
1.2043307086614172
0
LINE
8
BLACK
6
CONTINUOUS
10
0.0186614173228346
20
1.2043307086614172
11
0.0580314960629921
21
1.2043307086614172
0
LINE
8
BLACK
6
CONTINUOUS
10
0.0580314960629921
20
1.2043307086614172
11
0.0610447637795276
21
1.2037313385826771
0
LINE
8
BLACK
6
CONTINUOUS
10
1.7854542125984252
20
1.2037313385826771
11
1.7880087007874015
21
1.2020244488188976
0
LINE
8
BLACK
6
CONTINUOUS
10
1.7880087007874015
20
1.2020244488188976
11
1.789715590551181
21
1.1994699606299213
0
LINE
8
BLACK
6
CONTINUOUS
10
1.789715590551181
20
1.1994699606299213
11
1.7903149606299211
21
1.1964566929133857
0
LINE
8
BLACK
6
CONTINUOUS
10
1.7903149606299211
20
1.1964566929133857
11
1.7903149606299211
21
1.0468503937007874
0
LINE
8
BLACK
6
CONTINUOUS
10
1.7903149606299211
20
1.0468503937007874
11
1.789715590551181
21
1.043837125984252
0
LINE
8
BLACK
6
CONTINUOUS
10
1.789715590551181
20
1.043837125984252
11
1.7880087007874015
21
1.0412826377952755
0
LINE
8
BLACK
6
CONTINUOUS
10
1.7880087007874015
20
1.0412826377952755
11
1.7854542125984252
21
1.039575748031496
0
LINE
8
BLACK
6
CONTINUOUS
10
1.7854542125984252
20
1.039575748031496
11
1.7824409448818896
21
1.0389763779527559
0
LINE
8
BLACK
6
CONTINUOUS
10
1.7824409448818896
20
1.0389763779527559
11
1.7430708661417322
21
1.0389763779527559
0
LINE
8
BLACK
6
CONTINUOUS
10
1.7430708661417322
20
1.0389763779527559
11
1.7400575984251969
21
1.039575748031496
0
LINE
8
BLACK
6
CONTINUOUS
10
1.7400575984251969
20
1.039575748031496
11
1.7375031102362204
21
1.0412826377952755
0
LINE
8
BLACK
6
CONTINUOUS
10
1.7375031102362204
20
1.0412826377952755
11
1.7357962204724409
21
1.043837125984252
0
LINE
8
BLACK
6
CONTINUOUS
10
1.7357962204724409
20
1.043837125984252
11
1.7351968503937008
21
1.0468503937007874
0
LINE
8
BLACK
6
CONTINUOUS
10
1.7351968503937008
20
1.0468503937007874
11
1.7351968503937008
21
1.1964566929133857
0
LINE
8
BLACK
6
CONTINUOUS
10
1.7351968503937008
20
1.1964566929133857
11
1.7357962204724409
21
1.1994699606299213
0
LINE
8
BLACK
6
CONTINUOUS
10
1.7357962204724409
20
1.1994699606299213
11
1.7375031102362204
21
1.2020244488188976
0
LINE
8
BLACK
6
CONTINUOUS
10
1.7375031102362204
20
1.2020244488188976
11
1.7400575984251969
21
1.2037313385826771
0
LINE
8
BLACK
6
CONTINUOUS
10
1.7400575984251969
20
1.2037313385826771
11
1.7430708661417322
21
1.2043307086614172
0
LINE
8
BLACK
6
CONTINUOUS
10
1.7430708661417322
20
1.2043307086614172
11
1.7824409448818896
21
1.2043307086614172
0
LINE
8
BLACK
6
CONTINUOUS
10
1.7824409448818896
20
1.2043307086614172
11
1.7854542125984252
21
1.2037313385826771
0
LINE
8
BLACK
6
CONTINUOUS
10
0.3335250787401575
20
1.0838494488188977
11
0.3360795669291339
21
1.0821425590551181
0
LINE
8
BLACK
6
CONTINUOUS
10
0.3360795669291339
20
1.0821425590551181
11
0.3377864566929134
21
1.0795880708661416
0
LINE
8
BLACK
6
CONTINUOUS
10
0.3377864566929134
20
1.0795880708661416
11
0.3383858267716535
21
1.0765748031496063
0
LINE
8
BLACK
6
CONTINUOUS
10
0.3383858267716535
20
1.0765748031496063
11
0.3383858267716535
21
1.0529527559055119
0
LINE
8
BLACK
6
CONTINUOUS
10
0.3383858267716535
20
1.0529527559055119
11
0.3377864566929134
21
1.0499394881889763
0
LINE
8
BLACK
6
CONTINUOUS
10
0.3377864566929134
20
1.0499394881889763
11
0.3360795669291339
21
1.047385
0
LINE
8
BLACK
6
CONTINUOUS
10
0.3360795669291339
20
1.047385
11
0.3335250787401575
21
1.0456781102362205
0
LINE
8
BLACK
6
CONTINUOUS
10
0.3335250787401575
20
1.0456781102362205
11
0.330511811023622
21
1.0450787401574804
0
LINE
8
BLACK
6
CONTINUOUS
10
0.330511811023622
20
1.0450787401574804
11
0.2694881889763779
21
1.0450787401574804
0
LINE
8
BLACK
6
CONTINUOUS
10
0.2694881889763779
20
1.0450787401574804
11
0.2664749212598425
21
1.0456781102362205
0
LINE
8
BLACK
6
CONTINUOUS
10
0.2664749212598425
20
1.0456781102362205
11
0.2639204330708662
21
1.047385
0
LINE
8
BLACK
6
CONTINUOUS
10
0.2639204330708662
20
1.047385
11
0.2622135433070866
21
1.0499394881889763
0
LINE
8
BLACK
6
CONTINUOUS
10
0.2622135433070866
20
1.0499394881889763
11
0.2616141732283465
21
1.0529527559055119
0
LINE
8
BLACK
6
CONTINUOUS
10
0.2616141732283465
20
1.0529527559055119
11
0.2616141732283465
21
1.0765748031496063
0
LINE
8
BLACK
6
CONTINUOUS
10
0.2616141732283465
20
1.0765748031496063
11
0.2622135433070866
21
1.0795880708661416
0
LINE
8
BLACK
6
CONTINUOUS
10
0.2622135433070866
20
1.0795880708661416
11
0.2639204330708662
21
1.0821425590551181
0
LINE
8
BLACK
6
CONTINUOUS
10
0.2639204330708662
20
1.0821425590551181
11
0.2664749212598425
21
1.0838494488188977
0
LINE
8
BLACK
6
CONTINUOUS
10
0.2664749212598425
20
1.0838494488188977
11
0.2694881889763779
21
1.0844488188976378
0
LINE
8
BLACK
6
CONTINUOUS
10
0.2694881889763779
20
1.0844488188976378
11
0.330511811023622
21
1.0844488188976378
0
LINE
8
BLACK
6
CONTINUOUS
10
0.330511811023622
20
1.0844488188976378
11
0.3335250787401575
21
1.0838494488188977
0
LINE
8
BLACK
6
CONTINUOUS
10
0.5461235039370078
20
1.0838494488188977
11
0.5486779921259842
21
1.0821425590551181
0
LINE
8
BLACK
6
CONTINUOUS
10
0.5486779921259842
20
1.0821425590551181
11
0.5503848818897638
21
1.0795880708661416
0
LINE
8
BLACK
6
CONTINUOUS
10
0.5503848818897638
20
1.0795880708661416
11
0.550984251968504
21
1.0765748031496063
0
LINE
8
BLACK
6
CONTINUOUS
10
0.550984251968504
20
1.0765748031496063
11
0.550984251968504
21
1.0529527559055119
0
LINE
8
BLACK
6
CONTINUOUS
10
0.550984251968504
20
1.0529527559055119
11
0.5503848818897638
21
1.0499394881889763
0
LINE
8
BLACK
6
CONTINUOUS
10
0.5503848818897638
20
1.0499394881889763
11
0.5486779921259842
21
1.047385
0
LINE
8
BLACK
6
CONTINUOUS
10
0.5486779921259842
20
1.047385
11
0.5461235039370078
21
1.0456781102362205
0
LINE
8
BLACK
6
CONTINUOUS
10
0.5461235039370078
20
1.0456781102362205
11
0.5431102362204724
21
1.0450787401574804
0
LINE
8
BLACK
6
CONTINUOUS
10
0.5431102362204724
20
1.0450787401574804
11
0.4820866141732283
21
1.0450787401574804
0
LINE
8
BLACK
6
CONTINUOUS
10
0.4820866141732283
20
1.0450787401574804
11
0.4790733464566929
21
1.0456781102362205
0
LINE
8
BLACK
6
CONTINUOUS
10
0.4790733464566929
20
1.0456781102362205
11
0.4765188582677165
21
1.047385
0
LINE
8
BLACK
6
CONTINUOUS
10
0.4765188582677165
20
1.047385
11
0.474811968503937
21
1.0499394881889763
0
LINE
8
BLACK
6
CONTINUOUS
10
0.474811968503937
20
1.0499394881889763
11
0.4742125984251969
21
1.0529527559055119
0
LINE
8
BLACK
6
CONTINUOUS
10
0.4742125984251969
20
1.0529527559055119
11
0.4742125984251969
21
1.0765748031496063
0
LINE
8
BLACK
6
CONTINUOUS
10
0.4742125984251969
20
1.0765748031496063
11
0.474811968503937
21
1.0795880708661416
0
LINE
8
BLACK
6
CONTINUOUS
10
0.474811968503937
20
1.0795880708661416
11
0.4765188582677165
21
1.0821425590551181
0
LINE
8
BLACK
6
CONTINUOUS
10
0.4765188582677165
20
1.0821425590551181
11
0.4790733464566929
21
1.0838494488188977
0
LINE
8
BLACK
6
CONTINUOUS
10
0.4790733464566929
20
1.0838494488188977
11
0.4820866141732283
21
1.0844488188976378
0
LINE
8
BLACK
6
CONTINUOUS
10
0.4820866141732283
20
1.0844488188976378
11
0.5431102362204724
21
1.0844488188976378
0
LINE
8
BLACK
6
CONTINUOUS
10
0.5431102362204724
20
1.0844488188976378
11
0.5461235039370078
21
1.0838494488188977
0
LINE
8
BLACK
6
CONTINUOUS
10
1.1068124803149606
20
1.1020384251968505
11
1.1093669685039369
21
1.1003315354330709
0
LINE
8
BLACK
6
CONTINUOUS
10
1.1093669685039369
20
1.1003315354330709
11
1.1110738582677164
21
1.0977770472440944
0
LINE
8
BLACK
6
CONTINUOUS
10
1.1110738582677164
20
1.0977770472440944
11
1.1116732283464568
21
1.0947637795275591
0
LINE
8
BLACK
6
CONTINUOUS
10
1.1116732283464568
20
1.0947637795275591
11
1.1116732283464568
21
1.059763779527559
0
LINE
8
BLACK
6
CONTINUOUS
10
1.1116732283464568
20
1.059763779527559
11
1.1110738582677164
21
1.0567505118110236
0
LINE
8
BLACK
6
CONTINUOUS
10
1.1110738582677164
20
1.0567505118110236
11
1.1093669685039369
21
1.0541960236220471
0
LINE
8
BLACK
6
CONTINUOUS
10
1.1093669685039369
20
1.0541960236220471
11
1.1068124803149606
21
1.0524891338582676
0
LINE
8
BLACK
6
CONTINUOUS
10
1.1068124803149606
20
1.0524891338582676
11
1.1037992125984251
21
1.0518897637795275
0
LINE
8
BLACK
6
CONTINUOUS
10
1.1037992125984251
20
1.0518897637795275
11
1.0487992125984251
21
1.0518897637795275
0
LINE
8
BLACK
6
CONTINUOUS
10
1.0487992125984251
20
1.0518897637795275
11
1.0457859448818898
21
1.0524891338582676
0
LINE
8
BLACK
6
CONTINUOUS
10
1.0457859448818898
20
1.0524891338582676
11
1.0432314566929133
21
1.0541960236220471
0
LINE
8
BLACK
6
CONTINUOUS
10
1.0432314566929133
20
1.0541960236220471
11
1.0415245669291338
21
1.0567505118110236
0
LINE
8
BLACK
6
CONTINUOUS
10
1.0415245669291338
20
1.0567505118110236
11
1.0409251968503936
21
1.059763779527559
0
LINE
8
BLACK
6
CONTINUOUS
10
1.0409251968503936
20
1.059763779527559
11
1.0409251968503936
21
1.0947637795275591
0
LINE
8
BLACK
6
CONTINUOUS
10
1.0409251968503936
20
1.0947637795275591
11
1.0415245669291338
21
1.0977770472440944
0
LINE
8
BLACK
6
CONTINUOUS
10
1.0415245669291338
20
1.0977770472440944
11
1.0432314566929133
21
1.1003315354330709
0
LINE
8
BLACK
6
CONTINUOUS
10
1.0432314566929133
20
1.1003315354330709
11
1.0457859448818898
21
1.1020384251968505
0
LINE
8
BLACK
6
CONTINUOUS
10
1.0457859448818898
20
1.1020384251968505
11
1.0487992125984251
21
1.1026377952755906
0
LINE
8
BLACK
6
CONTINUOUS
10
1.0487992125984251
20
1.1026377952755906
11
1.1037992125984251
21
1.1026377952755906
0
LINE
8
BLACK
6
CONTINUOUS
10
1.1037992125984251
20
1.1026377952755906
11
1.1068124803149606
21
1.1020384251968505
0
LINE
8
BLACK
6
CONTINUOUS
10
3.1780132677165351
20
1.1297746456692914
11
3.1805677559055119
21
1.1280677559055119
0
LINE
8
BLACK
6
CONTINUOUS
10
3.1805677559055119
20
1.1280677559055119
11
3.1822746456692914
21
1.1255132677165354
0
LINE
8
BLACK
6
CONTINUOUS
10
3.1822746456692914
20
1.1255132677165354
11
3.1828740157480313
21
1.1225000000000001
0
LINE
8
BLACK
6
CONTINUOUS
10
3.1828740157480313
20
1.1225000000000001
11
3.1828740157480313
21
1.0674999999999999
0
LINE
8
BLACK
6
CONTINUOUS
10
3.1828740157480313
20
1.0674999999999999
11
3.1822746456692914
21
1.0644867322834646
0
LINE
8
BLACK
6
CONTINUOUS
10
3.1822746456692914
20
1.0644867322834646
11
3.1805677559055119
21
1.0619322440944883
0
LINE
8
BLACK
6
CONTINUOUS
10
3.1805677559055119
20
1.0619322440944883
11
3.1780132677165351
21
1.0602253543307087
0
LINE
8
BLACK
6
CONTINUOUS
10
3.1780132677165351
20
1.0602253543307087
11
3.1749999999999998
21
1.0596259842519684
0
LINE
8
BLACK
6
CONTINUOUS
10
3.1749999999999998
20
1.0596259842519684
11
3.1400000000000001
21
1.0596259842519684
0
LINE
8
BLACK
6
CONTINUOUS
10
3.1400000000000001
20
1.0596259842519684
11
3.1369867322834644
21
1.0602253543307087
0
LINE
8
BLACK
6
CONTINUOUS
10
3.1369867322834644
20
1.0602253543307087
11
3.1344322440944881
21
1.0619322440944883
0
LINE
8
BLACK
6
CONTINUOUS
10
3.1344322440944881
20
1.0619322440944883
11
3.1327253543307085
21
1.0644867322834646
0
LINE
8
BLACK
6
CONTINUOUS
10
3.1327253543307085
20
1.0644867322834646
11
3.1321259842519686
21
1.0674999999999999
0
LINE
8
BLACK
6
CONTINUOUS
10
3.1321259842519686
20
1.0674999999999999
11
3.1321259842519686
21
1.1225000000000001
0
LINE
8
BLACK
6
CONTINUOUS
10
3.1321259842519686
20
1.1225000000000001
11
3.1327253543307085
21
1.1255132677165354
0
LINE
8
BLACK
6
CONTINUOUS
10
3.1327253543307085
20
1.1255132677165354
11
3.1344322440944881
21
1.1280677559055119
0
LINE
8
BLACK
6
CONTINUOUS
10
3.1344322440944881
20
1.1280677559055119
11
3.1369867322834644
21
1.1297746456692914
0
LINE
8
BLACK
6
CONTINUOUS
10
3.1369867322834644
20
1.1297746456692914
11
3.1400000000000001
21
1.1303740157480315
0
LINE
8
BLACK
6
CONTINUOUS
10
3.1400000000000001
20
1.1303740157480315
11
3.1749999999999998
21
1.1303740157480315
0
LINE
8
BLACK
6
CONTINUOUS
10
3.1749999999999998
20
1.1303740157480315
11
3.1780132677165351
21
1.1297746456692914
0
LINE
8
BLACK
6
CONTINUOUS
10
3.2530132677165353
20
1.1297746456692914
11
3.2555677559055116
21
1.1280677559055119
0
LINE
8
BLACK
6
CONTINUOUS
10
3.2555677559055116
20
1.1280677559055119
11
3.2572746456692911
21
1.1255132677165354
0
LINE
8
BLACK
6
CONTINUOUS
10
3.2572746456692911
20
1.1255132677165354
11
3.2578740157480315
21
1.1225000000000001
0
LINE
8
BLACK
6
CONTINUOUS
10
3.2578740157480315
20
1.1225000000000001
11
3.2578740157480315
21
1.0674999999999999
0
LINE
8
BLACK
6
CONTINUOUS
10
3.2578740157480315
20
1.0674999999999999
11
3.2572746456692911
21
1.0644867322834646
0
LINE
8
BLACK
6
CONTINUOUS
10
3.2572746456692911
20
1.0644867322834646
11
3.2555677559055116
21
1.0619322440944883
0
LINE
8
BLACK
6
CONTINUOUS
10
3.2555677559055116
20
1.0619322440944883
11
3.2530132677165353
21
1.0602253543307087
0
LINE
8
BLACK
6
CONTINUOUS
10
3.2530132677165353
20
1.0602253543307087
11
3.25
21
1.0596259842519684
0
LINE
8
BLACK
6
CONTINUOUS
10
3.25
20
1.0596259842519684
11
3.2149999999999999
21
1.0596259842519684
0
LINE
8
BLACK
6
CONTINUOUS
10
3.2149999999999999
20
1.0596259842519684
11
3.2119867322834645
21
1.0602253543307087
0
LINE
8
BLACK
6
CONTINUOUS
10
3.2119867322834645
20
1.0602253543307087
11
3.2094322440944882
21
1.0619322440944883
0
LINE
8
BLACK
6
CONTINUOUS
10
3.2094322440944882
20
1.0619322440944883
11
3.2077253543307087
21
1.0644867322834646
0
LINE
8
BLACK
6
CONTINUOUS
10
3.2077253543307087
20
1.0644867322834646
11
3.2071259842519684
21
1.0674999999999999
0
LINE
8
BLACK
6
CONTINUOUS
10
3.2071259842519684
20
1.0674999999999999
11
3.2071259842519684
21
1.1225000000000001
0
LINE
8
BLACK
6
CONTINUOUS
10
3.2071259842519684
20
1.1225000000000001
11
3.2077253543307087
21
1.1255132677165354
0
LINE
8
BLACK
6
CONTINUOUS
10
3.2077253543307087
20
1.1255132677165354
11
3.2094322440944882
21
1.1280677559055119
0
LINE
8
BLACK
6
CONTINUOUS
10
3.2094322440944882
20
1.1280677559055119
11
3.2119867322834645
21
1.1297746456692914
0
LINE
8
BLACK
6
CONTINUOUS
10
3.2119867322834645
20
1.1297746456692914
11
3.2149999999999999
21
1.1303740157480315
0
LINE
8
BLACK
6
CONTINUOUS
10
3.2149999999999999
20
1.1303740157480315
11
3.25
21
1.1303740157480315
0
LINE
8
BLACK
6
CONTINUOUS
10
3.25
20
1.1303740157480315
11
3.2530132677165353
21
1.1297746456692914
0
LINE
8
BLACK
6
CONTINUOUS
10
1.5793124803149605
20
1.1345384251968504
11
1.581866968503937
21
1.1328315354330709
0
LINE
8
BLACK
6
CONTINUOUS
10
1.581866968503937
20
1.1328315354330709
11
1.5835738582677166
21
1.1302770472440944
0
LINE
8
BLACK
6
CONTINUOUS
10
1.5835738582677166
20
1.1302770472440944
11
1.5841732283464567
21
1.1272637795275591
0
LINE
8
BLACK
6
CONTINUOUS
10
1.5841732283464567
20
1.1272637795275591
11
1.5841732283464567
21
1.0722637795275591
0
LINE
8
BLACK
6
CONTINUOUS
10
1.5841732283464567
20
1.0722637795275591
11
1.5835738582677166
21
1.0692505118110236
0
LINE
8
BLACK
6
CONTINUOUS
10
1.5835738582677166
20
1.0692505118110236
11
1.581866968503937
21
1.0666960236220473
0
LINE
8
BLACK
6
CONTINUOUS
10
1.581866968503937
20
1.0666960236220473
11
1.5793124803149605
21
1.0649891338582678
0
LINE
8
BLACK
6
CONTINUOUS
10
1.5793124803149605
20
1.0649891338582678
11
1.5762992125984252
21
1.0643897637795274
0
LINE
8
BLACK
6
CONTINUOUS
10
1.5762992125984252
20
1.0643897637795274
11
1.5412992125984251
21
1.0643897637795274
0
LINE
8
BLACK
6
CONTINUOUS
10
1.5412992125984251
20
1.0643897637795274
11
1.5382859448818897
21
1.0649891338582678
0
LINE
8
BLACK
6
CONTINUOUS
10
1.5382859448818897
20
1.0649891338582678
11
1.5357314566929134
21
1.0666960236220473
0
LINE
8
BLACK
6
CONTINUOUS
10
1.5357314566929134
20
1.0666960236220473
11
1.5340245669291339
21
1.0692505118110236
0
LINE
8
BLACK
6
CONTINUOUS
10
1.5340245669291339
20
1.0692505118110236
11
1.5334251968503936
21
1.0722637795275591
0
LINE
8
BLACK
6
CONTINUOUS
10
1.5334251968503936
20
1.0722637795275591
11
1.5334251968503936
21
1.1272637795275591
0
LINE
8
BLACK
6
CONTINUOUS
10
1.5334251968503936
20
1.1272637795275591
11
1.5340245669291339
21
1.1302770472440944
0
LINE
8
BLACK
6
CONTINUOUS
10
1.5340245669291339
20
1.1302770472440944
11
1.5357314566929134
21
1.1328315354330709
0
LINE
8
BLACK
6
CONTINUOUS
10
1.5357314566929134
20
1.1328315354330709
11
1.5382859448818897
21
1.1345384251968504
0
LINE
8
BLACK
6
CONTINUOUS
10
1.5382859448818897
20
1.1345384251968504
11
1.5412992125984251
21
1.1351377952755906
0
LINE
8
BLACK
6
CONTINUOUS
10
1.5412992125984251
20
1.1351377952755906
11
1.5762992125984252
21
1.1351377952755906
0
LINE
8
BLACK
6
CONTINUOUS
10
1.5762992125984252
20
1.1351377952755906
11
1.5793124803149605
21
1.1345384251968504
0
LINE
8
BLACK
6
CONTINUOUS
10
1.6543124803149607
20
1.1345384251968504
11
1.656866968503937
21
1.1328315354330709
0
LINE
8
BLACK
6
CONTINUOUS
10
1.656866968503937
20
1.1328315354330709
11
1.6585738582677165
21
1.1302770472440944
0
LINE
8
BLACK
6
CONTINUOUS
10
1.6585738582677165
20
1.1302770472440944
11
1.6591732283464566
21
1.1272637795275591
0
LINE
8
BLACK
6
CONTINUOUS
10
1.6591732283464566
20
1.1272637795275591
11
1.6591732283464566
21
1.0722637795275591
0
LINE
8
BLACK
6
CONTINUOUS
10
1.6591732283464566
20
1.0722637795275591
11
1.6585738582677165
21
1.0692505118110236
0
LINE
8
BLACK
6
CONTINUOUS
10
1.6585738582677165
20
1.0692505118110236
11
1.656866968503937
21
1.0666960236220473
0
LINE
8
BLACK
6
CONTINUOUS
10
1.656866968503937
20
1.0666960236220473
11
1.6543124803149607
21
1.0649891338582678
0
LINE
8
BLACK
6
CONTINUOUS
10
1.6543124803149607
20
1.0649891338582678
11
1.6512992125984252
21
1.0643897637795274
0
LINE
8
BLACK
6
CONTINUOUS
10
1.6512992125984252
20
1.0643897637795274
11
1.6162992125984252
21
1.0643897637795274
0
LINE
8
BLACK
6
CONTINUOUS
10
1.6162992125984252
20
1.0643897637795274
11
1.6132859448818897
21
1.0649891338582678
0
LINE
8
BLACK
6
CONTINUOUS
10
1.6132859448818897
20
1.0649891338582678
11
1.6107314566929134
21
1.0666960236220473
0
LINE
8
BLACK
6
CONTINUOUS
10
1.6107314566929134
20
1.0666960236220473
11
1.6090245669291339
21
1.0692505118110236
0
LINE
8
BLACK
6
CONTINUOUS
10
1.6090245669291339
20
1.0692505118110236
11
1.6084251968503938
21
1.0722637795275591
0
LINE
8
BLACK
6
CONTINUOUS
10
1.6084251968503938
20
1.0722637795275591
11
1.6084251968503938
21
1.1272637795275591
0
LINE
8
BLACK
6
CONTINUOUS
10
1.6084251968503938
20
1.1272637795275591
11
1.6090245669291339
21
1.1302770472440944
0
LINE
8
BLACK
6
CONTINUOUS
10
1.6090245669291339
20
1.1302770472440944
11
1.6107314566929134
21
1.1328315354330709
0
LINE
8
BLACK
6
CONTINUOUS
10
1.6107314566929134
20
1.1328315354330709
11
1.6132859448818897
21
1.1345384251968504
0
LINE
8
BLACK
6
CONTINUOUS
10
1.6132859448818897
20
1.1345384251968504
11
1.6162992125984252
21
1.1351377952755906
0
LINE
8
BLACK
6
CONTINUOUS
10
1.6162992125984252
20
1.1351377952755906
11
1.6512992125984252
21
1.1351377952755906
0
LINE
8
BLACK
6
CONTINUOUS
10
1.6512992125984252
20
1.1351377952755906
11
1.6543124803149607
21
1.1345384251968504
0
LINE
8
BLACK
6
CONTINUOUS
10
1.2135250787401575
20
1.1038494488188977
11
1.2160795669291338
21
1.1021425590551182
0
LINE
8
BLACK
6
CONTINUOUS
10
1.2160795669291338
20
1.1021425590551182
11
1.2177864566929133
21
1.0995880708661416
0
LINE
8
BLACK
6
CONTINUOUS
10
1.2177864566929133
20
1.0995880708661416
11
1.2183858267716534
21
1.0965748031496063
0
LINE
8
BLACK
6
CONTINUOUS
10
1.2183858267716534
20
1.0965748031496063
11
1.2183858267716534
21
1.0729527559055119
0
LINE
8
BLACK
6
CONTINUOUS
10
1.2183858267716534
20
1.0729527559055119
11
1.2177864566929133
21
1.0699394881889763
0
LINE
8
BLACK
6
CONTINUOUS
10
1.2177864566929133
20
1.0699394881889763
11
1.2160795669291338
21
1.067385
0
LINE
8
BLACK
6
CONTINUOUS
10
1.2160795669291338
20
1.067385
11
1.2135250787401575
21
1.0656781102362205
0
LINE
8
BLACK
6
CONTINUOUS
10
1.2135250787401575
20
1.0656781102362205
11
1.2105118110236219
21
1.0650787401574804
0
LINE
8
BLACK
6
CONTINUOUS
10
1.2105118110236219
20
1.0650787401574804
11
1.1494881889763779
21
1.0650787401574804
0
LINE
8
BLACK
6
CONTINUOUS
10
1.1494881889763779
20
1.0650787401574804
11
1.1464749212598424
21
1.0656781102362205
0
LINE
8
BLACK
6
CONTINUOUS
10
1.1464749212598424
20
1.0656781102362205
11
1.1439204330708661
21
1.067385
0
LINE
8
BLACK
6
CONTINUOUS
10
1.1439204330708661
20
1.067385
11
1.1422135433070866
21
1.0699394881889763
0
LINE
8
BLACK
6
CONTINUOUS
10
1.1422135433070866
20
1.0699394881889763
11
1.1416141732283465
21
1.0729527559055119
0
LINE
8
BLACK
6
CONTINUOUS
10
1.1416141732283465
20
1.0729527559055119
11
1.1416141732283465
21
1.0965748031496063
0
LINE
8
BLACK
6
CONTINUOUS
10
1.1416141732283465
20
1.0965748031496063
11
1.1422135433070866
21
1.0995880708661416
0
LINE
8
BLACK
6
CONTINUOUS
10
1.1422135433070866
20
1.0995880708661416
11
1.1439204330708661
21
1.1021425590551182
0
LINE
8
BLACK
6
CONTINUOUS
10
1.1439204330708661
20
1.1021425590551182
11
1.1464749212598424
21
1.1038494488188977
0
LINE
8
BLACK
6
CONTINUOUS
10
1.1464749212598424
20
1.1038494488188977
11
1.1494881889763779
21
1.1044488188976378
0
LINE
8
BLACK
6
CONTINUOUS
10
1.1494881889763779
20
1.1044488188976378
11
1.2105118110236219
21
1.1044488188976378
0
LINE
8
BLACK
6
CONTINUOUS
10
1.2105118110236219
20
1.1044488188976378
11
1.2135250787401575
21
1.1038494488188977
0
LINE
8
BLACK
6
CONTINUOUS
10
1.4261235039370079
20
1.1038494488188977
11
1.4286779921259842
21
1.1021425590551182
0
LINE
8
BLACK
6
CONTINUOUS
10
1.4286779921259842
20
1.1021425590551182
11
1.4303848818897638
21
1.0995880708661416
0
LINE
8
BLACK
6
CONTINUOUS
10
1.4303848818897638
20
1.0995880708661416
11
1.4309842519685039
21
1.0965748031496063
0
LINE
8
BLACK
6
CONTINUOUS
10
1.4309842519685039
20
1.0965748031496063
11
1.4309842519685039
21
1.0729527559055119
0
LINE
8
BLACK
6
CONTINUOUS
10
1.4309842519685039
20
1.0729527559055119
11
1.4303848818897638
21
1.0699394881889763
0
LINE
8
BLACK
6
CONTINUOUS
10
1.4303848818897638
20
1.0699394881889763
11
1.4286779921259842
21
1.067385
0
LINE
8
BLACK
6
CONTINUOUS
10
1.4286779921259842
20
1.067385
11
1.4261235039370079
21
1.0656781102362205
0
LINE
8
BLACK
6
CONTINUOUS
10
1.4261235039370079
20
1.0656781102362205
11
1.4231102362204724
21
1.0650787401574804
0
LINE
8
BLACK
6
CONTINUOUS
10
1.4231102362204724
20
1.0650787401574804
11
1.3620866141732284
21
1.0650787401574804
0
LINE
8
BLACK
6
CONTINUOUS
10
1.3620866141732284
20
1.0650787401574804
11
1.3590733464566929
21
1.0656781102362205
0
LINE
8
BLACK
6
CONTINUOUS
10
1.3590733464566929
20
1.0656781102362205
11
1.3565188582677166
21
1.067385
0
LINE
8
BLACK
6
CONTINUOUS
10
1.3565188582677166
20
1.067385
11
1.354811968503937
21
1.0699394881889763
0
LINE
8
BLACK
6
CONTINUOUS
10
1.354811968503937
20
1.0699394881889763
11
1.3542125984251969
21
1.0729527559055119
0
LINE
8
BLACK
6
CONTINUOUS
10
1.3542125984251969
20
1.0729527559055119
11
1.3542125984251969
21
1.0965748031496063
0
LINE
8
BLACK
6
CONTINUOUS
10
1.3542125984251969
20
1.0965748031496063
11
1.354811968503937
21
1.0995880708661416
0
LINE
8
BLACK
6
CONTINUOUS
10
1.354811968503937
20
1.0995880708661416
11
1.3565188582677166
21
1.1021425590551182
0
LINE
8
BLACK
6
CONTINUOUS
10
1.3565188582677166
20
1.1021425590551182
11
1.3590733464566929
21
1.1038494488188977
0
LINE
8
BLACK
6
CONTINUOUS
10
1.3590733464566929
20
1.1038494488188977
11
1.3620866141732284
21
1.1044488188976378
0
LINE
8
BLACK
6
CONTINUOUS
10
1.3620866141732284
20
1.1044488188976378
11
1.4231102362204724
21
1.1044488188976378
0
LINE
8
BLACK
6
CONTINUOUS
10
1.4231102362204724
20
1.1044488188976378
11
1.4261235039370079
21
1.1038494488188977
0
LINE
8
BLACK
6
CONTINUOUS
10
1.5168124803149605
20
1.1170384251968504
11
1.519366968503937
21
1.1153315354330708
0
LINE
8
BLACK
6
CONTINUOUS
10
1.519366968503937
20
1.1153315354330708
11
1.5210738582677166
21
1.1127770472440945
0
LINE
8
BLACK
6
CONTINUOUS
10
1.5210738582677166
20
1.1127770472440945
11
1.5216732283464567
21
1.109763779527559
0
LINE
8
BLACK
6
CONTINUOUS
10
1.5216732283464567
20
1.109763779527559
11
1.5216732283464567
21
1.0747637795275591
0
LINE
8
BLACK
6
CONTINUOUS
10
1.5216732283464567
20
1.0747637795275591
11
1.5210738582677166
21
1.0717505118110235
0
LINE
8
BLACK
6
CONTINUOUS
10
1.5210738582677166
20
1.0717505118110235
11
1.519366968503937
21
1.0691960236220472
0
LINE
8
BLACK
6
CONTINUOUS
10
1.519366968503937
20
1.0691960236220472
11
1.5168124803149605
21
1.0674891338582677
0
LINE
8
BLACK
6
CONTINUOUS
10
1.5168124803149605
20
1.0674891338582677
11
1.5137992125984252
21
1.0668897637795276
0
LINE
8
BLACK
6
CONTINUOUS
10
1.5137992125984252
20
1.0668897637795276
11
1.4587992125984253
21
1.0668897637795276
0
LINE
8
BLACK
6
CONTINUOUS
10
1.4587992125984253
20
1.0668897637795276
11
1.4557859448818897
21
1.0674891338582677
0
LINE
8
BLACK
6
CONTINUOUS
10
1.4557859448818897
20
1.0674891338582677
11
1.4532314566929134
21
1.0691960236220472
0
LINE
8
BLACK
6
CONTINUOUS
10
1.4532314566929134
20
1.0691960236220472
11
1.4515245669291339
21
1.0717505118110235
0
LINE
8
BLACK
6
CONTINUOUS
10
1.4515245669291339
20
1.0717505118110235
11
1.4509251968503936
21
1.0747637795275591
0
LINE
8
BLACK
6
CONTINUOUS
10
1.4509251968503936
20
1.0747637795275591
11
1.4509251968503936
21
1.109763779527559
0
LINE
8
BLACK
6
CONTINUOUS
10
1.4509251968503936
20
1.109763779527559
11
1.4515245669291339
21
1.1127770472440945
0
LINE
8
BLACK
6
CONTINUOUS
10
1.4515245669291339
20
1.1127770472440945
11
1.4532314566929134
21
1.1153315354330708
0
LINE
8
BLACK
6
CONTINUOUS
10
1.4532314566929134
20
1.1153315354330708
11
1.4557859448818897
21
1.1170384251968504
0
LINE
8
BLACK
6
CONTINUOUS
10
1.4557859448818897
20
1.1170384251968504
11
1.4587992125984253
21
1.1176377952755905
0
LINE
8
BLACK
6
CONTINUOUS
10
1.4587992125984253
20
1.1176377952755905
11
1.5137992125984252
21
1.1176377952755905
0
LINE
8
BLACK
6
CONTINUOUS
10
1.5137992125984252
20
1.1176377952755905
11
1.5168124803149605
21
1.1170384251968504
0
LINE
8
BLACK
6
CONTINUOUS
10
3.0205132677165354
20
1.1497746456692912
11
3.0230677559055117
21
1.1480677559055117
0
LINE
8
BLACK
6
CONTINUOUS
10
3.0230677559055117
20
1.1480677559055117
11
3.0247746456692912
21
1.1455132677165354
0
LINE
8
BLACK
6
CONTINUOUS
10
3.0247746456692912
20
1.1455132677165354
11
3.0253740157480316
21
1.1425000000000001
0
LINE
8
BLACK
6
CONTINUOUS
10
3.0253740157480316
20
1.1425000000000001
11
3.0253740157480316
21
1.0874999999999999
0
LINE
8
BLACK
6
CONTINUOUS
10
3.0253740157480316
20
1.0874999999999999
11
3.0247746456692912
21
1.0844867322834646
0
LINE
8
BLACK
6
CONTINUOUS
10
3.0247746456692912
20
1.0844867322834646
11
3.0230677559055117
21
1.0819322440944881
0
LINE
8
BLACK
6
CONTINUOUS
10
3.0230677559055117
20
1.0819322440944881
11
3.0205132677165354
21
1.0802253543307085
0
LINE
8
BLACK
6
CONTINUOUS
10
3.0205132677165354
20
1.0802253543307085
11
3.0175000000000001
21
1.0796259842519684
0
LINE
8
BLACK
6
CONTINUOUS
10
3.0175000000000001
20
1.0796259842519684
11
2.9824999999999999
21
1.0796259842519684
0
LINE
8
BLACK
6
CONTINUOUS
10
2.9824999999999999
20
1.0796259842519684
11
2.9794867322834646
21
1.0802253543307085
0
LINE
8
BLACK
6
CONTINUOUS
10
2.9794867322834646
20
1.0802253543307085
11
2.9769322440944883
21
1.0819322440944881
0
LINE
8
BLACK
6
CONTINUOUS
10
2.9769322440944883
20
1.0819322440944881
11
2.9752253543307088
21
1.0844867322834646
0
LINE
8
BLACK
6
CONTINUOUS
10
2.9752253543307088
20
1.0844867322834646
11
2.9746259842519684
21
1.0874999999999999
0
LINE
8
BLACK
6
CONTINUOUS
10
2.9746259842519684
20
1.0874999999999999
11
2.9746259842519684
21
1.1425000000000001
0
LINE
8
BLACK
6
CONTINUOUS
10
2.9746259842519684
20
1.1425000000000001
11
2.9752253543307088
21
1.1455132677165354
0
LINE
8
BLACK
6
CONTINUOUS
10
2.9752253543307088
20
1.1455132677165354
11
2.9769322440944883
21
1.1480677559055117
0
LINE
8
BLACK
6
CONTINUOUS
10
2.9769322440944883
20
1.1480677559055117
11
2.9794867322834646
21
1.1497746456692912
0
LINE
8
BLACK
6
CONTINUOUS
10
2.9794867322834646
20
1.1497746456692912
11
2.9824999999999999
21
1.1503740157480316
0
LINE
8
BLACK
6
CONTINUOUS
10
2.9824999999999999
20
1.1503740157480316
11
3.0175000000000001
21
1.1503740157480316
0
LINE
8
BLACK
6
CONTINUOUS
10
3.0175000000000001
20
1.1503740157480316
11
3.0205132677165354
21
1.1497746456692912
0
LINE
8
BLACK
6
CONTINUOUS
10
3.0955132677165356
20
1.1497746456692912
11
3.0980677559055119
21
1.1480677559055117
0
LINE
8
BLACK
6
CONTINUOUS
10
3.0980677559055119
20
1.1480677559055117
11
3.0997746456692914
21
1.1455132677165354
0
LINE
8
BLACK
6
CONTINUOUS
10
3.0997746456692914
20
1.1455132677165354
11
3.1003740157480313
21
1.1425000000000001
0
LINE
8
BLACK
6
CONTINUOUS
10
3.1003740157480313
20
1.1425000000000001
11
3.1003740157480313
21
1.0874999999999999
0
LINE
8
BLACK
6
CONTINUOUS
10
3.1003740157480313
20
1.0874999999999999
11
3.0997746456692914
21
1.0844867322834646
0
LINE
8
BLACK
6
CONTINUOUS
10
3.0997746456692914
20
1.0844867322834646
11
3.0980677559055119
21
1.0819322440944881
0
LINE
8
BLACK
6
CONTINUOUS
10
3.0980677559055119
20
1.0819322440944881
11
3.0955132677165356
21
1.0802253543307085
0
LINE
8
BLACK
6
CONTINUOUS
10
3.0955132677165356
20
1.0802253543307085
11
3.0924999999999998
21
1.0796259842519684
0
LINE
8
BLACK
6
CONTINUOUS
10
3.0924999999999998
20
1.0796259842519684
11
3.0575000000000001
21
1.0796259842519684
0
LINE
8
BLACK
6
CONTINUOUS
10
3.0575000000000001
20
1.0796259842519684
11
3.0544867322834643
21
1.0802253543307085
0
LINE
8
BLACK
6
CONTINUOUS
10
3.0544867322834643
20
1.0802253543307085
11
3.051932244094488
21
1.0819322440944881
0
LINE
8
BLACK
6
CONTINUOUS
10
3.051932244094488
20
1.0819322440944881
11
3.0502253543307085
21
1.0844867322834646
0
LINE
8
BLACK
6
CONTINUOUS
10
3.0502253543307085
20
1.0844867322834646
11
3.0496259842519686
21
1.0874999999999999
0
LINE
8
BLACK
6
CONTINUOUS
10
3.0496259842519686
20
1.0874999999999999
11
3.0496259842519686
21
1.1425000000000001
0
LINE
8
BLACK
6
CONTINUOUS
10
3.0496259842519686
20
1.1425000000000001
11
3.0502253543307085
21
1.1455132677165354
0
LINE
8
BLACK
6
CONTINUOUS
10
3.0502253543307085
20
1.1455132677165354
11
3.051932244094488
21
1.1480677559055117
0
LINE
8
BLACK
6
CONTINUOUS
10
3.051932244094488
20
1.1480677559055117
11
3.0544867322834643
21
1.1497746456692912
0
LINE
8
BLACK
6
CONTINUOUS
10
3.0544867322834643
20
1.1497746456692912
11
3.0575000000000001
21
1.1503740157480316
0
LINE
8
BLACK
6
CONTINUOUS
10
3.0575000000000001
20
1.1503740157480316
11
3.0924999999999998
21
1.1503740157480316
0
LINE
8
BLACK
6
CONTINUOUS
10
3.0924999999999998
20
1.1503740157480316
11
3.0955132677165356
21
1.1497746456692912
0
LINE
8
BLACK
6
CONTINUOUS
10
3.3780132677165353
20
1.1572746456692913
11
3.3805677559055116
21
1.1555677559055118
0
LINE
8
BLACK
6
CONTINUOUS
10
3.3805677559055116
20
1.1555677559055118
11
3.3822746456692911
21
1.1530132677165355
0
LINE
8
BLACK
6
CONTINUOUS
10
3.3822746456692911
20
1.1530132677165355
11
3.3828740157480315
21
1.1499999999999999
0
LINE
8
BLACK
6
CONTINUOUS
10
3.3828740157480315
20
1.1499999999999999
11
3.3828740157480315
21
1.0900000000000001
0
LINE
8
BLACK
6
CONTINUOUS
10
3.3828740157480315
20
1.0900000000000001
11
3.3822746456692911
21
1.0869867322834645
0
LINE
8
BLACK
6
CONTINUOUS
10
3.3822746456692911
20
1.0869867322834645
11
3.3805677559055116
21
1.0844322440944882
0
LINE
8
BLACK
6
CONTINUOUS
10
3.3805677559055116
20
1.0844322440944882
11
3.3780132677165353
21
1.0827253543307087
0
LINE
8
BLACK
6
CONTINUOUS
10
3.3780132677165353
20
1.0827253543307087
11
3.375
21
1.0821259842519684
0
LINE
8
BLACK
6
CONTINUOUS
10
3.375
20
1.0821259842519684
11
3.3149999999999999
21
1.0821259842519684
0
LINE
8
BLACK
6
CONTINUOUS
10
3.3149999999999999
20
1.0821259842519684
11
3.3119867322834646
21
1.0827253543307087
0
LINE
8
BLACK
6
CONTINUOUS
10
3.3119867322834646
20
1.0827253543307087
11
3.3094322440944883
21
1.0844322440944882
0
LINE
8
BLACK
6
CONTINUOUS
10
3.3094322440944883
20
1.0844322440944882
11
3.3077253543307088
21
1.0869867322834645
0
LINE
8
BLACK
6
CONTINUOUS
10
3.3077253543307088
20
1.0869867322834645
11
3.3071259842519685
21
1.0900000000000001
0
LINE
8
BLACK
6
CONTINUOUS
10
3.3071259842519685
20
1.0900000000000001
11
3.3071259842519685
21
1.1499999999999999
0
LINE
8
BLACK
6
CONTINUOUS
10
3.3071259842519685
20
1.1499999999999999
11
3.3077253543307088
21
1.1530132677165355
0
LINE
8
BLACK
6
CONTINUOUS
10
3.3077253543307088
20
1.1530132677165355
11
3.3094322440944883
21
1.1555677559055118
0
LINE
8
BLACK
6
CONTINUOUS
10
3.3094322440944883
20
1.1555677559055118
11
3.3119867322834646
21
1.1572746456692913
0
LINE
8
BLACK
6
CONTINUOUS
10
3.3119867322834646
20
1.1572746456692913
11
3.3149999999999999
21
1.1578740157480314
0
LINE
8
BLACK
6
CONTINUOUS
10
3.3149999999999999
20
1.1578740157480314
11
3.375
21
1.1578740157480314
0
LINE
8
BLACK
6
CONTINUOUS
10
3.375
20
1.1578740157480314
11
3.3780132677165353
21
1.1572746456692913
0
LINE
8
BLACK
6
CONTINUOUS
10
3.4780132677165354
20
1.1572746456692913
11
3.4805677559055117
21
1.1555677559055118
0
LINE
8
BLACK
6
CONTINUOUS
10
3.4805677559055117
20
1.1555677559055118
11
3.4822746456692912
21
1.1530132677165355
0
LINE
8
BLACK
6
CONTINUOUS
10
3.4822746456692912
20
1.1530132677165355
11
3.4828740157480316
21
1.1499999999999999
0
LINE
8
BLACK
6
CONTINUOUS
10
3.4828740157480316
20
1.1499999999999999
11
3.4828740157480316
21
1.0900000000000001
0
LINE
8
BLACK
6
CONTINUOUS
10
3.4828740157480316
20
1.0900000000000001
11
3.4822746456692912
21
1.0869867322834645
0
LINE
8
BLACK
6
CONTINUOUS
10
3.4822746456692912
20
1.0869867322834645
11
3.4805677559055117
21
1.0844322440944882
0
LINE
8
BLACK
6
CONTINUOUS
10
3.4805677559055117
20
1.0844322440944882
11
3.4780132677165354
21
1.0827253543307087
0
LINE
8
BLACK
6
CONTINUOUS
10
3.4780132677165354
20
1.0827253543307087
11
3.4750000000000001
21
1.0821259842519684
0
LINE
8
BLACK
6
CONTINUOUS
10
3.4750000000000001
20
1.0821259842519684
11
3.415
21
1.0821259842519684
0
LINE
8
BLACK
6
CONTINUOUS
10
3.415
20
1.0821259842519684
11
3.4119867322834643
21
1.0827253543307087
0
LINE
8
BLACK
6
CONTINUOUS
10
3.4119867322834643
20
1.0827253543307087
11
3.409432244094488
21
1.0844322440944882
0
LINE
8
BLACK
6
CONTINUOUS
10
3.409432244094488
20
1.0844322440944882
11
3.4077253543307084
21
1.0869867322834645
0
LINE
8
BLACK
6
CONTINUOUS
10
3.4077253543307084
20
1.0869867322834645
11
3.4071259842519686
21
1.0900000000000001
0
LINE
8
BLACK
6
CONTINUOUS
10
3.4071259842519686
20
1.0900000000000001
11
3.4071259842519686
21
1.1499999999999999
0
LINE
8
BLACK
6
CONTINUOUS
10
3.4071259842519686
20
1.1499999999999999
11
3.4077253543307084
21
1.1530132677165355
0
LINE
8
BLACK
6
CONTINUOUS
10
3.4077253543307084
20
1.1530132677165355
11
3.409432244094488
21
1.1555677559055118
0
LINE
8
BLACK
6
CONTINUOUS
10
3.409432244094488
20
1.1555677559055118
11
3.4119867322834643
21
1.1572746456692913
0
LINE
8
BLACK
6
CONTINUOUS
10
3.4119867322834643
20
1.1572746456692913
11
3.415
21
1.1578740157480314
0
LINE
8
BLACK
6
CONTINUOUS
10
3.415
20
1.1578740157480314
11
3.4750000000000001
21
1.1578740157480314
0
LINE
8
BLACK
6
CONTINUOUS
10
3.4750000000000001
20
1.1578740157480314
11
3.4780132677165354
21
1.1572746456692913
0
LINE
8
BLACK
6
CONTINUOUS
10
0.7368124803149606
20
1.1395384251968503
11
0.739366968503937
21
1.1378315354330708
0
LINE
8
BLACK
6
CONTINUOUS
10
0.739366968503937
20
1.1378315354330708
11
0.7410738582677165
21
1.1352770472440945
0
LINE
8
BLACK
6
CONTINUOUS
10
0.7410738582677165
20
1.1352770472440945
11
0.7416732283464567
21
1.132263779527559
0
LINE
8
BLACK
6
CONTINUOUS
10
0.7416732283464567
20
1.132263779527559
11
0.7416732283464567
21
1.097263779527559
0
LINE
8
BLACK
6
CONTINUOUS
10
0.7416732283464567
20
1.097263779527559
11
0.7410738582677165
21
1.0942505118110235
0
LINE
8
BLACK
6
CONTINUOUS
10
0.7410738582677165
20
1.0942505118110235
11
0.739366968503937
21
1.0916960236220472
0
LINE
8
BLACK
6
CONTINUOUS
10
0.739366968503937
20
1.0916960236220472
11
0.7368124803149606
21
1.0899891338582677
0
LINE
8
BLACK
6
CONTINUOUS
10
0.7368124803149606
20
1.0899891338582677
11
0.7337992125984252
21
1.0893897637795276
0
LINE
8
BLACK
6
CONTINUOUS
10
0.7337992125984252
20
1.0893897637795276
11
0.6787992125984251
21
1.0893897637795276
0
LINE
8
BLACK
6
CONTINUOUS
10
0.6787992125984251
20
1.0893897637795276
11
0.6757859448818897
21
1.0899891338582677
0
LINE
8
BLACK
6
CONTINUOUS
10
0.6757859448818897
20
1.0899891338582677
11
0.6732314566929134
21
1.0916960236220472
0
LINE
8
BLACK
6
CONTINUOUS
10
0.6732314566929134
20
1.0916960236220472
11
0.6715245669291339
21
1.0942505118110235
0
LINE
8
BLACK
6
CONTINUOUS
10
0.6715245669291339
20
1.0942505118110235
11
0.6709251968503936
21
1.097263779527559
0
LINE
8
BLACK
6
CONTINUOUS
10
0.6709251968503936
20
1.097263779527559
11
0.6709251968503936
21
1.132263779527559
0
LINE
8
BLACK
6
CONTINUOUS
10
0.6709251968503936
20
1.132263779527559
11
0.6715245669291339
21
1.1352770472440945
0
LINE
8
BLACK
6
CONTINUOUS
10
0.6715245669291339
20
1.1352770472440945
11
0.6732314566929134
21
1.1378315354330708
0
LINE
8
BLACK
6
CONTINUOUS
10
0.6732314566929134
20
1.1378315354330708
11
0.6757859448818897
21
1.1395384251968503
0
LINE
8
BLACK
6
CONTINUOUS
10
0.6757859448818897
20
1.1395384251968503
11
0.6787992125984251
21
1.1401377952755904
0
LINE
8
BLACK
6
CONTINUOUS
10
0.6787992125984251
20
1.1401377952755904
11
0.7337992125984252
21
1.1401377952755904
0
LINE
8
BLACK
6
CONTINUOUS
10
0.7337992125984252
20
1.1401377952755904
11
0.7368124803149606
21
1.1395384251968503
0
LINE
8
BLACK
6
CONTINUOUS
10
0.8268124803149606
20
1.1395384251968503
11
0.829366968503937
21
1.1378315354330708
0
LINE
8
BLACK
6
CONTINUOUS
10
0.829366968503937
20
1.1378315354330708
11
0.8310738582677165
21
1.1352770472440945
0
LINE
8
BLACK
6
CONTINUOUS
10
0.8310738582677165
20
1.1352770472440945
11
0.8316732283464566
21
1.132263779527559
0
LINE
8
BLACK
6
CONTINUOUS
10
0.8316732283464566
20
1.132263779527559
11
0.8316732283464566
21
1.097263779527559
0
LINE
8
BLACK
6
CONTINUOUS
10
0.8316732283464566
20
1.097263779527559
11
0.8310738582677165
21
1.0942505118110235
0
LINE
8
BLACK
6
CONTINUOUS
10
0.8310738582677165
20
1.0942505118110235
11
0.829366968503937
21
1.0916960236220472
0
LINE
8
BLACK
6
CONTINUOUS
10
0.829366968503937
20
1.0916960236220472
11
0.8268124803149606
21
1.0899891338582677
0
LINE
8
BLACK
6
CONTINUOUS
10
0.8268124803149606
20
1.0899891338582677
11
0.8237992125984251
21
1.0893897637795276
0
LINE
8
BLACK
6
CONTINUOUS
10
0.8237992125984251
20
1.0893897637795276
11
0.7687992125984252
21
1.0893897637795276
0
LINE
8
BLACK
6
CONTINUOUS
10
0.7687992125984252
20
1.0893897637795276
11
0.7657859448818898
21
1.0899891338582677
0
LINE
8
BLACK
6
CONTINUOUS
10
0.7657859448818898
20
1.0899891338582677
11
0.7632314566929134
21
1.0916960236220472
0
LINE
8
BLACK
6
CONTINUOUS
10
0.7632314566929134
20
1.0916960236220472
11
0.7615245669291338
21
1.0942505118110235
0
LINE
8
BLACK
6
CONTINUOUS
10
0.7615245669291338
20
1.0942505118110235
11
0.7609251968503937
21
1.097263779527559
0
LINE
8
BLACK
6
CONTINUOUS
10
0.7609251968503937
20
1.097263779527559
11
0.7609251968503937
21
1.132263779527559
0
LINE
8
BLACK
6
CONTINUOUS
10
0.7609251968503937
20
1.132263779527559
11
0.7615245669291338
21
1.1352770472440945
0
LINE
8
BLACK
6
CONTINUOUS
10
0.7615245669291338
20
1.1352770472440945
11
0.7632314566929134
21
1.1378315354330708
0
LINE
8
BLACK
6
CONTINUOUS
10
0.7632314566929134
20
1.1378315354330708
11
0.7657859448818898
21
1.1395384251968503
0
LINE
8
BLACK
6
CONTINUOUS
10
0.7657859448818898
20
1.1395384251968503
11
0.7687992125984252
21
1.1401377952755904
0
LINE
8
BLACK
6
CONTINUOUS
10
0.7687992125984252
20
1.1401377952755904
11
0.8237992125984251
21
1.1401377952755904
0
LINE
8
BLACK
6
CONTINUOUS
10
0.8237992125984251
20
1.1401377952755904
11
0.8268124803149606
21
1.1395384251968503
0
LINE
8
BLACK
6
CONTINUOUS
10
1.9755132677165355
20
1.1422746456692914
11
1.9780677559055118
21
1.1405677559055118
0
LINE
8
BLACK
6
CONTINUOUS
10
1.9780677559055118
20
1.1405677559055118
11
1.9797746456692913
21
1.1380132677165353
0
LINE
8
BLACK
6
CONTINUOUS
10
1.9797746456692913
20
1.1380132677165353
11
1.9803740157480314
21
1.135
0
LINE
8
BLACK
6
CONTINUOUS
10
1.9803740157480314
20
1.135
11
1.9803740157480314
21
1.0999999999999999
0
LINE
8
BLACK
6
CONTINUOUS
10
1.9803740157480314
20
1.0999999999999999
11
1.9797746456692913
21
1.0969867322834645
0
LINE
8
BLACK
6
CONTINUOUS
10
1.9797746456692913
20
1.0969867322834645
11
1.9780677559055118
21
1.0944322440944882
0
LINE
8
BLACK
6
CONTINUOUS
10
1.9780677559055118
20
1.0944322440944882
11
1.9755132677165355
21
1.0927253543307087
0
LINE
8
BLACK
6
CONTINUOUS
10
1.9755132677165355
20
1.0927253543307087
11
1.9724999999999999
21
1.0921259842519684
0
LINE
8
BLACK
6
CONTINUOUS
10
1.9724999999999999
20
1.0921259842519684
11
1.9175
21
1.0921259842519684
0
LINE
8
BLACK
6
CONTINUOUS
10
1.9175
20
1.0921259842519684
11
1.9144867322834644
21
1.0927253543307087
0
LINE
8
BLACK
6
CONTINUOUS
10
1.9144867322834644
20
1.0927253543307087
11
1.9119322440944881
21
1.0944322440944882
0
LINE
8
BLACK
6
CONTINUOUS
10
1.9119322440944881
20
1.0944322440944882
11
1.9102253543307086
21
1.0969867322834645
0
LINE
8
BLACK
6
CONTINUOUS
10
1.9102253543307086
20
1.0969867322834645
11
1.9096259842519685
21
1.0999999999999999
0
LINE
8
BLACK
6
CONTINUOUS
10
1.9096259842519685
20
1.0999999999999999
11
1.9096259842519685
21
1.135
0
LINE
8
BLACK
6
CONTINUOUS
10
1.9096259842519685
20
1.135
11
1.9102253543307086
21
1.1380132677165353
0
LINE
8
BLACK
6
CONTINUOUS
10
1.9102253543307086
20
1.1380132677165353
11
1.9119322440944881
21
1.1405677559055118
0
LINE
8
BLACK
6
CONTINUOUS
10
1.9119322440944881
20
1.1405677559055118
11
1.9144867322834644
21
1.1422746456692914
0
LINE
8
BLACK
6
CONTINUOUS
10
1.9144867322834644
20
1.1422746456692914
11
1.9175
21
1.1428740157480315
0
LINE
8
BLACK
6
CONTINUOUS
10
1.9175
20
1.1428740157480315
11
1.9724999999999999
21
1.1428740157480315
0
LINE
8
BLACK
6
CONTINUOUS
10
1.9724999999999999
20
1.1428740157480315
11
1.9755132677165355
21
1.1422746456692914
0
LINE
8
BLACK
6
CONTINUOUS
10
0.9268124803149607
20
1.1445384251968505
11
0.929366968503937
21
1.1428315354330709
0
LINE
8
BLACK
6
CONTINUOUS
10
0.929366968503937
20
1.1428315354330709
11
0.9310738582677165
21
1.1402770472440944
0
LINE
8
BLACK
6
CONTINUOUS
10
0.9310738582677165
20
1.1402770472440944
11
0.9316732283464567
21
1.1372637795275591
0
LINE
8
BLACK
6
CONTINUOUS
10
0.9316732283464567
20
1.1372637795275591
11
0.9316732283464567
21
1.1022637795275589
0
LINE
8
BLACK
6
CONTINUOUS
10
0.9316732283464567
20
1.1022637795275589
11
0.9310738582677165
21
1.0992505118110236
0
LINE
8
BLACK
6
CONTINUOUS
10
0.9310738582677165
20
1.0992505118110236
11
0.929366968503937
21
1.0966960236220473
0
LINE
8
BLACK
6
CONTINUOUS
10
0.929366968503937
20
1.0966960236220473
11
0.9268124803149607
21
1.0949891338582678
0
LINE
8
BLACK
6
CONTINUOUS
10
0.9268124803149607
20
1.0949891338582678
11
0.9237992125984251
21
1.0943897637795275
0
LINE
8
BLACK
6
CONTINUOUS
10
0.9237992125984251
20
1.0943897637795275
11
0.8687992125984252
21
1.0943897637795275
0
LINE
8
BLACK
6
CONTINUOUS
10
0.8687992125984252
20
1.0943897637795275
11
0.8657859448818898
21
1.0949891338582678
0
LINE
8
BLACK
6
CONTINUOUS
10
0.8657859448818898
20
1.0949891338582678
11
0.8632314566929133
21
1.0966960236220473
0
LINE
8
BLACK
6
CONTINUOUS
10
0.8632314566929133
20
1.0966960236220473
11
0.8615245669291338
21
1.0992505118110236
0
LINE
8
BLACK
6
CONTINUOUS
10
0.8615245669291338
20
1.0992505118110236
11
0.8609251968503937
21
1.1022637795275589
0
LINE
8
BLACK
6
CONTINUOUS
10
0.8609251968503937
20
1.1022637795275589
11
0.8609251968503937
21
1.1372637795275591
0
LINE
8
BLACK
6
CONTINUOUS
10
0.8609251968503937
20
1.1372637795275591
11
0.8615245669291338
21
1.1402770472440944
0
LINE
8
BLACK
6
CONTINUOUS
10
0.8615245669291338
20
1.1402770472440944
11
0.8632314566929133
21
1.1428315354330709
0
LINE
8
BLACK
6
CONTINUOUS
10
0.8632314566929133
20
1.1428315354330709
11
0.8657859448818898
21
1.1445384251968505
0
LINE
8
BLACK
6
CONTINUOUS
10
0.8657859448818898
20
1.1445384251968505
11
0.8687992125984252
21
1.1451377952755906
0
LINE
8
BLACK
6
CONTINUOUS
10
0.8687992125984252
20
1.1451377952755906
11
0.9237992125984251
21
1.1451377952755906
0
LINE
8
BLACK
6
CONTINUOUS
10
0.9237992125984251
20
1.1451377952755906
11
0.9268124803149607
21
1.1445384251968505
0
LINE
8
BLACK
6
CONTINUOUS
10
1.0068124803149605
20
1.1445384251968505
11
1.009366968503937
21
1.1428315354330709
0
LINE
8
BLACK
6
CONTINUOUS
10
1.009366968503937
20
1.1428315354330709
11
1.0110738582677166
21
1.1402770472440944
0
LINE
8
BLACK
6
CONTINUOUS
10
1.0110738582677166
20
1.1402770472440944
11
1.0116732283464567
21
1.1372637795275591
0
LINE
8
BLACK
6
CONTINUOUS
10
1.0116732283464567
20
1.1372637795275591
11
1.0116732283464567
21
1.1022637795275589
0
LINE
8
BLACK
6
CONTINUOUS
10
1.0116732283464567
20
1.1022637795275589
11
1.0110738582677166
21
1.0992505118110236
0
LINE
8
BLACK
6
CONTINUOUS
10
1.0110738582677166
20
1.0992505118110236
11
1.009366968503937
21
1.0966960236220473
0
LINE
8
BLACK
6
CONTINUOUS
10
1.009366968503937
20
1.0966960236220473
11
1.0068124803149605
21
1.0949891338582678
0
LINE
8
BLACK
6
CONTINUOUS
10
1.0068124803149605
20
1.0949891338582678
11
1.0037992125984252
21
1.0943897637795275
0
LINE
8
BLACK
6
CONTINUOUS
10
1.0037992125984252
20
1.0943897637795275
11
0.9487992125984251
21
1.0943897637795275
0
LINE
8
BLACK
6
CONTINUOUS
10
0.9487992125984251
20
1.0943897637795275
11
0.9457859448818897
21
1.0949891338582678
0
LINE
8
BLACK
6
CONTINUOUS
10
0.9457859448818897
20
1.0949891338582678
11
0.9432314566929134
21
1.0966960236220473
0
LINE
8
BLACK
6
CONTINUOUS
10
0.9432314566929134
20
1.0966960236220473
11
0.9415245669291339
21
1.0992505118110236
0
LINE
8
BLACK
6
CONTINUOUS
10
0.9415245669291339
20
1.0992505118110236
11
0.9409251968503937
21
1.1022637795275589
0
LINE
8
BLACK
6
CONTINUOUS
10
0.9409251968503937
20
1.1022637795275589
11
0.9409251968503937
21
1.1372637795275591
0
LINE
8
BLACK
6
CONTINUOUS
10
0.9409251968503937
20
1.1372637795275591
11
0.9415245669291339
21
1.1402770472440944
0
LINE
8
BLACK
6
CONTINUOUS
10
0.9415245669291339
20
1.1402770472440944
11
0.9432314566929134
21
1.1428315354330709
0
LINE
8
BLACK
6
CONTINUOUS
10
0.9432314566929134
20
1.1428315354330709
11
0.9457859448818897
21
1.1445384251968505
0
LINE
8
BLACK
6
CONTINUOUS
10
0.9457859448818897
20
1.1445384251968505
11
0.9487992125984251
21
1.1451377952755906
0
LINE
8
BLACK
6
CONTINUOUS
10
0.9487992125984251
20
1.1451377952755906
11
1.0037992125984252
21
1.1451377952755906
0
LINE
8
BLACK
6
CONTINUOUS
10
1.0037992125984252
20
1.1451377952755906
11
1.0068124803149605
21
1.1445384251968505
0
LINE
8
BLACK
6
CONTINUOUS
10
0.3335250787401575
20
1.1338494488188977
11
0.3360795669291339
21
1.1321425590551182
0
LINE
8
BLACK
6
CONTINUOUS
10
0.3360795669291339
20
1.1321425590551182
11
0.3377864566929134
21
1.1295880708661417
0
LINE
8
BLACK
6
CONTINUOUS
10
0.3377864566929134
20
1.1295880708661417
11
0.3383858267716535
21
1.1265748031496063
0
LINE
8
BLACK
6
CONTINUOUS
10
0.3383858267716535
20
1.1265748031496063
11
0.3383858267716535
21
1.1029527559055119
0
LINE
8
BLACK
6
CONTINUOUS
10
0.3383858267716535
20
1.1029527559055119
11
0.3377864566929134
21
1.0999394881889764
0
LINE
8
BLACK
6
CONTINUOUS
10
0.3377864566929134
20
1.0999394881889764
11
0.3360795669291339
21
1.0973850000000001
0
LINE
8
BLACK
6
CONTINUOUS
10
0.3360795669291339
20
1.0973850000000001
11
0.3335250787401575
21
1.0956781102362205
0
LINE
8
BLACK
6
CONTINUOUS
10
0.3335250787401575
20
1.0956781102362205
11
0.330511811023622
21
1.0950787401574802
0
LINE
8
BLACK
6
CONTINUOUS
10
0.330511811023622
20
1.0950787401574802
11
0.2694881889763779
21
1.0950787401574802
0
LINE
8
BLACK
6
CONTINUOUS
10
0.2694881889763779
20
1.0950787401574802
11
0.2664749212598425
21
1.0956781102362205
0
LINE
8
BLACK
6
CONTINUOUS
10
0.2664749212598425
20
1.0956781102362205
11
0.2639204330708662
21
1.0973850000000001
0
LINE
8
BLACK
6
CONTINUOUS
10
0.2639204330708662
20
1.0973850000000001
11
0.2622135433070866
21
1.0999394881889764
0
LINE
8
BLACK
6
CONTINUOUS
10
0.2622135433070866
20
1.0999394881889764
11
0.2616141732283465
21
1.1029527559055119
0
LINE
8
BLACK
6
CONTINUOUS
10
0.2616141732283465
20
1.1029527559055119
11
0.2616141732283465
21
1.1265748031496063
0
LINE
8
BLACK
6
CONTINUOUS
10
0.2616141732283465
20
1.1265748031496063
11
0.2622135433070866
21
1.1295880708661417
0
LINE
8
BLACK
6
CONTINUOUS
10
0.2622135433070866
20
1.1295880708661417
11
0.2639204330708662
21
1.1321425590551182
0
LINE
8
BLACK
6
CONTINUOUS
10
0.2639204330708662
20
1.1321425590551182
11
0.2664749212598425
21
1.1338494488188977
0
LINE
8
BLACK
6
CONTINUOUS
10
0.2664749212598425
20
1.1338494488188977
11
0.2694881889763779
21
1.1344488188976378
0
LINE
8
BLACK
6
CONTINUOUS
10
0.2694881889763779
20
1.1344488188976378
11
0.330511811023622
21
1.1344488188976378
0
LINE
8
BLACK
6
CONTINUOUS
10
0.330511811023622
20
1.1344488188976378
11
0.3335250787401575
21
1.1338494488188977
0
LINE
8
BLACK
6
CONTINUOUS
10
0.5461235039370078
20
1.1338494488188977
11
0.5486779921259842
21
1.1321425590551182
0
LINE
8
BLACK
6
CONTINUOUS
10
0.5486779921259842
20
1.1321425590551182
11
0.5503848818897638
21
1.1295880708661417
0
LINE
8
BLACK
6
CONTINUOUS
10
0.5503848818897638
20
1.1295880708661417
11
0.550984251968504
21
1.1265748031496063
0
LINE
8
BLACK
6
CONTINUOUS
10
0.550984251968504
20
1.1265748031496063
11
0.550984251968504
21
1.1029527559055119
0
LINE
8
BLACK
6
CONTINUOUS
10
0.550984251968504
20
1.1029527559055119
11
0.5503848818897638
21
1.0999394881889764
0
LINE
8
BLACK
6
CONTINUOUS
10
0.5503848818897638
20
1.0999394881889764
11
0.5486779921259842
21
1.0973850000000001
0
LINE
8
BLACK
6
CONTINUOUS
10
0.5486779921259842
20
1.0973850000000001
11
0.5461235039370078
21
1.0956781102362205
0
LINE
8
BLACK
6
CONTINUOUS
10
0.5461235039370078
20
1.0956781102362205
11
0.5431102362204724
21
1.0950787401574802
0
LINE
8
BLACK
6
CONTINUOUS
10
0.5431102362204724
20
1.0950787401574802
11
0.4820866141732283
21
1.0950787401574802
0
LINE
8
BLACK
6
CONTINUOUS
10
0.4820866141732283
20
1.0950787401574802
11
0.4790733464566929
21
1.0956781102362205
0
LINE
8
BLACK
6
CONTINUOUS
10
0.4790733464566929
20
1.0956781102362205
11
0.4765188582677165
21
1.0973850000000001
0
LINE
8
BLACK
6
CONTINUOUS
10
0.4765188582677165
20
1.0973850000000001
11
0.474811968503937
21
1.0999394881889764
0
LINE
8
BLACK
6
CONTINUOUS
10
0.474811968503937
20
1.0999394881889764
11
0.4742125984251969
21
1.1029527559055119
0
LINE
8
BLACK
6
CONTINUOUS
10
0.4742125984251969
20
1.1029527559055119
11
0.4742125984251969
21
1.1265748031496063
0
LINE
8
BLACK
6
CONTINUOUS
10
0.4742125984251969
20
1.1265748031496063
11
0.474811968503937
21
1.1295880708661417
0
LINE
8
BLACK
6
CONTINUOUS
10
0.474811968503937
20
1.1295880708661417
11
0.4765188582677165
21
1.1321425590551182
0
LINE
8
BLACK
6
CONTINUOUS
10
0.4765188582677165
20
1.1321425590551182
11
0.4790733464566929
21
1.1338494488188977
0
LINE
8
BLACK
6
CONTINUOUS
10
0.4790733464566929
20
1.1338494488188977
11
0.4820866141732283
21
1.1344488188976378
0
LINE
8
BLACK
6
CONTINUOUS
10
0.4820866141732283
20
1.1344488188976378
11
0.5431102362204724
21
1.1344488188976378
0
LINE
8
BLACK
6
CONTINUOUS
10
0.5431102362204724
20
1.1344488188976378
11
0.5461235039370078
21
1.1338494488188977
0
LINE
8
BLACK
6
CONTINUOUS
10
2.8605132677165352
20
1.1472746456692913
11
2.8630677559055115
21
1.1455677559055117
0
LINE
8
BLACK
6
CONTINUOUS
10
2.8630677559055115
20
1.1455677559055117
11
2.8647746456692911
21
1.1430132677165354
0
LINE
8
BLACK
6
CONTINUOUS
10
2.8647746456692911
20
1.1430132677165354
11
2.8653740157480314
21
1.1399999999999999
0
LINE
8
BLACK
6
CONTINUOUS
10
2.8653740157480314
20
1.1399999999999999
11
2.8653740157480314
21
1.105
0
LINE
8
BLACK
6
CONTINUOUS
10
2.8653740157480314
20
1.105
11
2.8647746456692911
21
1.1019867322834644
0
LINE
8
BLACK
6
CONTINUOUS
10
2.8647746456692911
20
1.1019867322834644
11
2.8630677559055115
21
1.0994322440944881
0
LINE
8
BLACK
6
CONTINUOUS
10
2.8630677559055115
20
1.0994322440944881
11
2.8605132677165352
21
1.0977253543307086
0
LINE
8
BLACK
6
CONTINUOUS
10
2.8605132677165352
20
1.0977253543307086
11
2.8574999999999999
21
1.0971259842519685
0
LINE
8
BLACK
6
CONTINUOUS
10
2.8574999999999999
20
1.0971259842519685
11
2.8024999999999998
21
1.0971259842519685
0
LINE
8
BLACK
6
CONTINUOUS
10
2.8024999999999998
20
1.0971259842519685
11
2.7994867322834645
21
1.0977253543307086
0
LINE
8
BLACK
6
CONTINUOUS
10
2.7994867322834645
20
1.0977253543307086
11
2.7969322440944882
21
1.0994322440944881
0
LINE
8
BLACK
6
CONTINUOUS
10
2.7969322440944882
20
1.0994322440944881
11
2.7952253543307086
21
1.1019867322834644
0
LINE
8
BLACK
6
CONTINUOUS
10
2.7952253543307086
20
1.1019867322834644
11
2.7946259842519683
21
1.105
0
LINE
8
BLACK
6
CONTINUOUS
10
2.7946259842519683
20
1.105
11
2.7946259842519683
21
1.1399999999999999
0
LINE
8
BLACK
6
CONTINUOUS
10
2.7946259842519683
20
1.1399999999999999
11
2.7952253543307086
21
1.1430132677165354
0
LINE
8
BLACK
6
CONTINUOUS
10
2.7952253543307086
20
1.1430132677165354
11
2.7969322440944882
21
1.1455677559055117
0
LINE
8
BLACK
6
CONTINUOUS
10
2.7969322440944882
20
1.1455677559055117
11
2.7994867322834645
21
1.1472746456692913
0
LINE
8
BLACK
6
CONTINUOUS
10
2.7994867322834645
20
1.1472746456692913
11
2.8024999999999998
21
1.1478740157480314
0
LINE
8
BLACK
6
CONTINUOUS
10
2.8024999999999998
20
1.1478740157480314
11
2.8574999999999999
21
1.1478740157480314
0
LINE
8
BLACK
6
CONTINUOUS
10
2.8574999999999999
20
1.1478740157480314
11
2.8605132677165352
21
1.1472746456692913
0
LINE
8
BLACK
6
CONTINUOUS
10
2.9505132677165355
20
1.1472746456692913
11
2.9530677559055118
21
1.1455677559055117
0
LINE
8
BLACK
6
CONTINUOUS
10
2.9530677559055118
20
1.1455677559055117
11
2.9547746456692914
21
1.1430132677165354
0
LINE
8
BLACK
6
CONTINUOUS
10
2.9547746456692914
20
1.1430132677165354
11
2.9553740157480313
21
1.1399999999999999
0
LINE
8
BLACK
6
CONTINUOUS
10
2.9553740157480313
20
1.1399999999999999
11
2.9553740157480313
21
1.105
0
LINE
8
BLACK
6
CONTINUOUS
10
2.9553740157480313
20
1.105
11
2.9547746456692914
21
1.1019867322834644
0
LINE
8
BLACK
6
CONTINUOUS
10
2.9547746456692914
20
1.1019867322834644
11
2.9530677559055118
21
1.0994322440944881
0
LINE
8
BLACK
6
CONTINUOUS
10
2.9530677559055118
20
1.0994322440944881
11
2.9505132677165355
21
1.0977253543307086
0
LINE
8
BLACK
6
CONTINUOUS
10
2.9505132677165355
20
1.0977253543307086
11
2.9474999999999998
21
1.0971259842519685
0
LINE
8
BLACK
6
CONTINUOUS
10
2.9474999999999998
20
1.0971259842519685
11
2.8925000000000001
21
1.0971259842519685
0
LINE
8
BLACK
6
CONTINUOUS
10
2.8925000000000001
20
1.0971259842519685
11
2.8894867322834643
21
1.0977253543307086
0
LINE
8
BLACK
6
CONTINUOUS
10
2.8894867322834643
20
1.0977253543307086
11
2.886932244094488
21
1.0994322440944881
0
LINE
8
BLACK
6
CONTINUOUS
10
2.886932244094488
20
1.0994322440944881
11
2.8852253543307085
21
1.1019867322834644
0
LINE
8
BLACK
6
CONTINUOUS
10
2.8852253543307085
20
1.1019867322834644
11
2.8846259842519686
21
1.105
0
LINE
8
BLACK
6
CONTINUOUS
10
2.8846259842519686
20
1.105
11
2.8846259842519686
21
1.1399999999999999
0
LINE
8
BLACK
6
CONTINUOUS
10
2.8846259842519686
20
1.1399999999999999
11
2.8852253543307085
21
1.1430132677165354
0
LINE
8
BLACK
6
CONTINUOUS
10
2.8852253543307085
20
1.1430132677165354
11
2.886932244094488
21
1.1455677559055117
0
LINE
8
BLACK
6
CONTINUOUS
10
2.886932244094488
20
1.1455677559055117
11
2.8894867322834643
21
1.1472746456692913
0
LINE
8
BLACK
6
CONTINUOUS
10
2.8894867322834643
20
1.1472746456692913
11
2.8925000000000001
21
1.1478740157480314
0
LINE
8
BLACK
6
CONTINUOUS
10
2.8925000000000001
20
1.1478740157480314
11
2.9474999999999998
21
1.1478740157480314
0
LINE
8
BLACK
6
CONTINUOUS
10
2.9474999999999998
20
1.1478740157480314
11
2.9505132677165355
21
1.1472746456692913
0
LINE
8
BLACK
6
CONTINUOUS
10
0.2368124803149606
20
1.1645384251968505
11
0.239366968503937
21
1.1628315354330709
0
LINE
8
BLACK
6
CONTINUOUS
10
0.239366968503937
20
1.1628315354330709
11
0.2410738582677165
21
1.1602770472440944
0
LINE
8
BLACK
6
CONTINUOUS
10
0.2410738582677165
20
1.1602770472440944
11
0.2416732283464567
21
1.1572637795275591
0
LINE
8
BLACK
6
CONTINUOUS
10
0.2416732283464567
20
1.1572637795275591
11
0.2416732283464567
21
1.122263779527559
0
LINE
8
BLACK
6
CONTINUOUS
10
0.2416732283464567
20
1.122263779527559
11
0.2410738582677165
21
1.1192505118110236
0
LINE
8
BLACK
6
CONTINUOUS
10
0.2410738582677165
20
1.1192505118110236
11
0.239366968503937
21
1.1166960236220471
0
LINE
8
BLACK
6
CONTINUOUS
10
0.239366968503937
20
1.1166960236220471
11
0.2368124803149606
21
1.1149891338582676
0
LINE
8
BLACK
6
CONTINUOUS
10
0.2368124803149606
20
1.1149891338582676
11
0.2337992125984252
21
1.1143897637795275
0
LINE
8
BLACK
6
CONTINUOUS
10
0.2337992125984252
20
1.1143897637795275
11
0.1787992125984252
21
1.1143897637795275
0
LINE
8
BLACK
6
CONTINUOUS
10
0.1787992125984252
20
1.1143897637795275
11
0.1757859448818898
21
1.1149891338582676
0
LINE
8
BLACK
6
CONTINUOUS
10
0.1757859448818898
20
1.1149891338582676
11
0.1732314566929134
21
1.1166960236220471
0
LINE
8
BLACK
6
CONTINUOUS
10
0.1732314566929134
20
1.1166960236220471
11
0.1715245669291338
21
1.1192505118110236
0
LINE
8
BLACK
6
CONTINUOUS
10
0.1715245669291338
20
1.1192505118110236
11
0.1709251968503937
21
1.122263779527559
0
LINE
8
BLACK
6
CONTINUOUS
10
0.1709251968503937
20
1.122263779527559
11
0.1709251968503937
21
1.1572637795275591
0
LINE
8
BLACK
6
CONTINUOUS
10
0.1709251968503937
20
1.1572637795275591
11
0.1715245669291338
21
1.1602770472440944
0
LINE
8
BLACK
6
CONTINUOUS
10
0.1715245669291338
20
1.1602770472440944
11
0.1732314566929134
21
1.1628315354330709
0
LINE
8
BLACK
6
CONTINUOUS
10
0.1732314566929134
20
1.1628315354330709
11
0.1757859448818898
21
1.1645384251968505
0
LINE
8
BLACK
6
CONTINUOUS
10
0.1757859448818898
20
1.1645384251968505
11
0.1787992125984252
21
1.1651377952755906
0
LINE
8
BLACK
6
CONTINUOUS
10
0.1787992125984252
20
1.1651377952755906
11
0.2337992125984252
21
1.1651377952755906
0
LINE
8
BLACK
6
CONTINUOUS
10
0.2337992125984252
20
1.1651377952755906
11
0.2368124803149606
21
1.1645384251968505
0
LINE
8
BLACK
6
CONTINUOUS
10
1.1068124803149606
20
1.1770384251968504
11
1.1093669685039369
21
1.1753315354330709
0
LINE
8
BLACK
6
CONTINUOUS
10
1.1093669685039369
20
1.1753315354330709
11
1.1110738582677164
21
1.1727770472440944
0
LINE
8
BLACK
6
CONTINUOUS
10
1.1110738582677164
20
1.1727770472440944
11
1.1116732283464568
21
1.1697637795275591
0
LINE
8
BLACK
6
CONTINUOUS
10
1.1116732283464568
20
1.1697637795275591
11
1.1116732283464568
21
1.1347637795275591
0
LINE
8
BLACK
6
CONTINUOUS
10
1.1116732283464568
20
1.1347637795275591
11
1.1110738582677164
21
1.1317505118110236
0
LINE
8
BLACK
6
CONTINUOUS
10
1.1110738582677164
20
1.1317505118110236
11
1.1093669685039369
21
1.1291960236220473
0
LINE
8
BLACK
6
CONTINUOUS
10
1.1093669685039369
20
1.1291960236220473
11
1.1068124803149606
21
1.1274891338582678
0
LINE
8
BLACK
6
CONTINUOUS
10
1.1068124803149606
20
1.1274891338582678
11
1.1037992125984251
21
1.1268897637795274
0
LINE
8
BLACK
6
CONTINUOUS
10
1.1037992125984251
20
1.1268897637795274
11
1.0487992125984251
21
1.1268897637795274
0
LINE
8
BLACK
6
CONTINUOUS
10
1.0487992125984251
20
1.1268897637795274
11
1.0457859448818898
21
1.1274891338582678
0
LINE
8
BLACK
6
CONTINUOUS
10
1.0457859448818898
20
1.1274891338582678
11
1.0432314566929133
21
1.1291960236220473
0
LINE
8
BLACK
6
CONTINUOUS
10
1.0432314566929133
20
1.1291960236220473
11
1.0415245669291338
21
1.1317505118110236
0
LINE
8
BLACK
6
CONTINUOUS
10
1.0415245669291338
20
1.1317505118110236
11
1.0409251968503936
21
1.1347637795275591
0
LINE
8
BLACK
6
CONTINUOUS
10
1.0409251968503936
20
1.1347637795275591
11
1.0409251968503936
21
1.1697637795275591
0
LINE
8
BLACK
6
CONTINUOUS
10
1.0409251968503936
20
1.1697637795275591
11
1.0415245669291338
21
1.1727770472440944
0
LINE
8
BLACK
6
CONTINUOUS
10
1.0415245669291338
20
1.1727770472440944
11
1.0432314566929133
21
1.1753315354330709
0
LINE
8
BLACK
6
CONTINUOUS
10
1.0432314566929133
20
1.1753315354330709
11
1.0457859448818898
21
1.1770384251968504
0
LINE
8
BLACK
6
CONTINUOUS
10
1.0457859448818898
20
1.1770384251968504
11
1.0487992125984251
21
1.1776377952755905
0
LINE
8
BLACK
6
CONTINUOUS
10
1.0487992125984251
20
1.1776377952755905
11
1.1037992125984251
21
1.1776377952755905
0
LINE
8
BLACK
6
CONTINUOUS
10
1.1037992125984251
20
1.1776377952755905
11
1.1068124803149606
21
1.1770384251968504
0
LINE
8
BLACK
6
CONTINUOUS
10
3.1780132677165351
20
1.2097746456692913
11
3.1805677559055119
21
1.2080677559055117
0
LINE
8
BLACK
6
CONTINUOUS
10
3.1805677559055119
20
1.2080677559055117
11
3.1822746456692914
21
1.2055132677165354
0
LINE
8
BLACK
6
CONTINUOUS
10
3.1822746456692914
20
1.2055132677165354
11
3.1828740157480313
21
1.2024999999999999
0
LINE
8
BLACK
6
CONTINUOUS
10
3.1828740157480313
20
1.2024999999999999
11
3.1828740157480313
21
1.1475
0
LINE
8
BLACK
6
CONTINUOUS
10
3.1828740157480313
20
1.1475
11
3.1822746456692914
21
1.1444867322834646
0
LINE
8
BLACK
6
CONTINUOUS
10
3.1822746456692914
20
1.1444867322834646
11
3.1805677559055119
21
1.1419322440944881
0
LINE
8
BLACK
6
CONTINUOUS
10
3.1805677559055119
20
1.1419322440944881
11
3.1780132677165351
21
1.1402253543307086
0
LINE
8
BLACK
6
CONTINUOUS
10
3.1780132677165351
20
1.1402253543307086
11
3.1749999999999998
21
1.1396259842519685
0
LINE
8
BLACK
6
CONTINUOUS
10
3.1749999999999998
20
1.1396259842519685
11
3.1400000000000001
21
1.1396259842519685
0
LINE
8
BLACK
6
CONTINUOUS
10
3.1400000000000001
20
1.1396259842519685
11
3.1369867322834644
21
1.1402253543307086
0
LINE
8
BLACK
6
CONTINUOUS
10
3.1369867322834644
20
1.1402253543307086
11
3.1344322440944881
21
1.1419322440944881
0
LINE
8
BLACK
6
CONTINUOUS
10
3.1344322440944881
20
1.1419322440944881
11
3.1327253543307085
21
1.1444867322834646
0
LINE
8
BLACK
6
CONTINUOUS
10
3.1327253543307085
20
1.1444867322834646
11
3.1321259842519686
21
1.1475
0
LINE
8
BLACK
6
CONTINUOUS
10
3.1321259842519686
20
1.1475
11
3.1321259842519686
21
1.2024999999999999
0
LINE
8
BLACK
6
CONTINUOUS
10
3.1321259842519686
20
1.2024999999999999
11
3.1327253543307085
21
1.2055132677165354
0
LINE
8
BLACK
6
CONTINUOUS
10
3.1327253543307085
20
1.2055132677165354
11
3.1344322440944881
21
1.2080677559055117
0
LINE
8
BLACK
6
CONTINUOUS
10
3.1344322440944881
20
1.2080677559055117
11
3.1369867322834644
21
1.2097746456692913
0
LINE
8
BLACK
6
CONTINUOUS
10
3.1369867322834644
20
1.2097746456692913
11
3.1400000000000001
21
1.2103740157480314
0
LINE
8
BLACK
6
CONTINUOUS
10
3.1400000000000001
20
1.2103740157480314
11
3.1749999999999998
21
1.2103740157480314
0
LINE
8
BLACK
6
CONTINUOUS
10
3.1749999999999998
20
1.2103740157480314
11
3.1780132677165351
21
1.2097746456692913
0
LINE
8
BLACK
6
CONTINUOUS
10
3.2530132677165353
20
1.2097746456692913
11
3.2555677559055116
21
1.2080677559055117
0
LINE
8
BLACK
6
CONTINUOUS
10
3.2555677559055116
20
1.2080677559055117
11
3.2572746456692911
21
1.2055132677165354
0
LINE
8
BLACK
6
CONTINUOUS
10
3.2572746456692911
20
1.2055132677165354
11
3.2578740157480315
21
1.2024999999999999
0
LINE
8
BLACK
6
CONTINUOUS
10
3.2578740157480315
20
1.2024999999999999
11
3.2578740157480315
21
1.1475
0
LINE
8
BLACK
6
CONTINUOUS
10
3.2578740157480315
20
1.1475
11
3.2572746456692911
21
1.1444867322834646
0
LINE
8
BLACK
6
CONTINUOUS
10
3.2572746456692911
20
1.1444867322834646
11
3.2555677559055116
21
1.1419322440944881
0
LINE
8
BLACK
6
CONTINUOUS
10
3.2555677559055116
20
1.1419322440944881
11
3.2530132677165353
21
1.1402253543307086
0
LINE
8
BLACK
6
CONTINUOUS
10
3.2530132677165353
20
1.1402253543307086
11
3.25
21
1.1396259842519685
0
LINE
8
BLACK
6
CONTINUOUS
10
3.25
20
1.1396259842519685
11
3.2149999999999999
21
1.1396259842519685
0
LINE
8
BLACK
6
CONTINUOUS
10
3.2149999999999999
20
1.1396259842519685
11
3.2119867322834645
21
1.1402253543307086
0
LINE
8
BLACK
6
CONTINUOUS
10
3.2119867322834645
20
1.1402253543307086
11
3.2094322440944882
21
1.1419322440944881
0
LINE
8
BLACK
6
CONTINUOUS
10
3.2094322440944882
20
1.1419322440944881
11
3.2077253543307087
21
1.1444867322834646
0
LINE
8
BLACK
6
CONTINUOUS
10
3.2077253543307087
20
1.1444867322834646
11
3.2071259842519684
21
1.1475
0
LINE
8
BLACK
6
CONTINUOUS
10
3.2071259842519684
20
1.1475
11
3.2071259842519684
21
1.2024999999999999
0
LINE
8
BLACK
6
CONTINUOUS
10
3.2071259842519684
20
1.2024999999999999
11
3.2077253543307087
21
1.2055132677165354
0
LINE
8
BLACK
6
CONTINUOUS
10
3.2077253543307087
20
1.2055132677165354
11
3.2094322440944882
21
1.2080677559055117
0
LINE
8
BLACK
6
CONTINUOUS
10
3.2094322440944882
20
1.2080677559055117
11
3.2119867322834645
21
1.2097746456692913
0
LINE
8
BLACK
6
CONTINUOUS
10
3.2119867322834645
20
1.2097746456692913
11
3.2149999999999999
21
1.2103740157480314
0
LINE
8
BLACK
6
CONTINUOUS
10
3.2149999999999999
20
1.2103740157480314
11
3.25
21
1.2103740157480314
0
LINE
8
BLACK
6
CONTINUOUS
10
3.25
20
1.2103740157480314
11
3.2530132677165353
21
1.2097746456692913
0
LINE
8
BLACK
6
CONTINUOUS
10
1.5168124803149605
20
1.1920384251968503
11
1.519366968503937
21
1.1903315354330708
0
LINE
8
BLACK
6
CONTINUOUS
10
1.519366968503937
20
1.1903315354330708
11
1.5210738582677166
21
1.1877770472440945
0
LINE
8
BLACK
6
CONTINUOUS
10
1.5210738582677166
20
1.1877770472440945
11
1.5216732283464567
21
1.184763779527559
0
LINE
8
BLACK
6
CONTINUOUS
10
1.5216732283464567
20
1.184763779527559
11
1.5216732283464567
21
1.149763779527559
0
LINE
8
BLACK
6
CONTINUOUS
10
1.5216732283464567
20
1.149763779527559
11
1.5210738582677166
21
1.1467505118110235
0
LINE
8
BLACK
6
CONTINUOUS
10
1.5210738582677166
20
1.1467505118110235
11
1.519366968503937
21
1.1441960236220472
0
LINE
8
BLACK
6
CONTINUOUS
10
1.519366968503937
20
1.1441960236220472
11
1.5168124803149605
21
1.1424891338582677
0
LINE
8
BLACK
6
CONTINUOUS
10
1.5168124803149605
20
1.1424891338582677
11
1.5137992125984252
21
1.1418897637795276
0
LINE
8
BLACK
6
CONTINUOUS
10
1.5137992125984252
20
1.1418897637795276
11
1.4587992125984253
21
1.1418897637795276
0
LINE
8
BLACK
6
CONTINUOUS
10
1.4587992125984253
20
1.1418897637795276
11
1.4557859448818897
21
1.1424891338582677
0
LINE
8
BLACK
6
CONTINUOUS
10
1.4557859448818897
20
1.1424891338582677
11
1.4532314566929134
21
1.1441960236220472
0
LINE
8
BLACK
6
CONTINUOUS
10
1.4532314566929134
20
1.1441960236220472
11
1.4515245669291339
21
1.1467505118110235
0
LINE
8
BLACK
6
CONTINUOUS
10
1.4515245669291339
20
1.1467505118110235
11
1.4509251968503936
21
1.149763779527559
0
LINE
8
BLACK
6
CONTINUOUS
10
1.4509251968503936
20
1.149763779527559
11
1.4509251968503936
21
1.184763779527559
0
LINE
8
BLACK
6
CONTINUOUS
10
1.4509251968503936
20
1.184763779527559
11
1.4515245669291339
21
1.1877770472440945
0
LINE
8
BLACK
6
CONTINUOUS
10
1.4515245669291339
20
1.1877770472440945
11
1.4532314566929134
21
1.1903315354330708
0
LINE
8
BLACK
6
CONTINUOUS
10
1.4532314566929134
20
1.1903315354330708
11
1.4557859448818897
21
1.1920384251968503
0
LINE
8
BLACK
6
CONTINUOUS
10
1.4557859448818897
20
1.1920384251968503
11
1.4587992125984253
21
1.1926377952755904
0
LINE
8
BLACK
6
CONTINUOUS
10
1.4587992125984253
20
1.1926377952755904
11
1.5137992125984252
21
1.1926377952755904
0
LINE
8
BLACK
6
CONTINUOUS
10
1.5137992125984252
20
1.1926377952755904
11
1.5168124803149605
21
1.1920384251968503
0
LINE
8
BLACK
6
CONTINUOUS
10
0.3335250787401575
20
1.1838494488188975
11
0.3360795669291339
21
1.182142559055118
0
LINE
8
BLACK
6
CONTINUOUS
10
0.3360795669291339
20
1.182142559055118
11
0.3377864566929134
21
1.1795880708661417
0
LINE
8
BLACK
6
CONTINUOUS
10
0.3377864566929134
20
1.1795880708661417
11
0.3383858267716535
21
1.1765748031496062
0
LINE
8
BLACK
6
CONTINUOUS
10
0.3383858267716535
20
1.1765748031496062
11
0.3383858267716535
21
1.1529527559055117
0
LINE
8
BLACK
6
CONTINUOUS
10
0.3383858267716535
20
1.1529527559055117
11
0.3377864566929134
21
1.1499394881889764
0
LINE
8
BLACK
6
CONTINUOUS
10
0.3377864566929134
20
1.1499394881889764
11
0.3360795669291339
21
1.1473849999999999
0
LINE
8
BLACK
6
CONTINUOUS
10
0.3360795669291339
20
1.1473849999999999
11
0.3335250787401575
21
1.1456781102362203
0
LINE
8
BLACK
6
CONTINUOUS
10
0.3335250787401575
20
1.1456781102362203
11
0.330511811023622
21
1.1450787401574802
0
LINE
8
BLACK
6
CONTINUOUS
10
0.330511811023622
20
1.1450787401574802
11
0.2694881889763779
21
1.1450787401574802
0
LINE
8
BLACK
6
CONTINUOUS
10
0.2694881889763779
20
1.1450787401574802
11
0.2664749212598425
21
1.1456781102362203
0
LINE
8
BLACK
6
CONTINUOUS
10
0.2664749212598425
20
1.1456781102362203
11
0.2639204330708662
21
1.1473849999999999
0
LINE
8
BLACK
6
CONTINUOUS
10
0.2639204330708662
20
1.1473849999999999
11
0.2622135433070866
21
1.1499394881889764
0
LINE
8
BLACK
6
CONTINUOUS
10
0.2622135433070866
20
1.1499394881889764
11
0.2616141732283465
21
1.1529527559055117
0
LINE
8
BLACK
6
CONTINUOUS
10
0.2616141732283465
20
1.1529527559055117
11
0.2616141732283465
21
1.1765748031496062
0
LINE
8
BLACK
6
CONTINUOUS
10
0.2616141732283465
20
1.1765748031496062
11
0.2622135433070866
21
1.1795880708661417
0
LINE
8
BLACK
6
CONTINUOUS
10
0.2622135433070866
20
1.1795880708661417
11
0.2639204330708662
21
1.182142559055118
0
LINE
8
BLACK
6
CONTINUOUS
10
0.2639204330708662
20
1.182142559055118
11
0.2664749212598425
21
1.1838494488188975
0
LINE
8
BLACK
6
CONTINUOUS
10
0.2664749212598425
20
1.1838494488188975
11
0.2694881889763779
21
1.1844488188976379
0
LINE
8
BLACK
6
CONTINUOUS
10
0.2694881889763779
20
1.1844488188976379
11
0.330511811023622
21
1.1844488188976379
0
LINE
8
BLACK
6
CONTINUOUS
10
0.330511811023622
20
1.1844488188976379
11
0.3335250787401575
21
1.1838494488188975
0
LINE
8
BLACK
6
CONTINUOUS
10
0.5461235039370078
20
1.1838494488188975
11
0.5486779921259842
21
1.182142559055118
0
LINE
8
BLACK
6
CONTINUOUS
10
0.5486779921259842
20
1.182142559055118
11
0.5503848818897638
21
1.1795880708661417
0
LINE
8
BLACK
6
CONTINUOUS
10
0.5503848818897638
20
1.1795880708661417
11
0.550984251968504
21
1.1765748031496062
0
LINE
8
BLACK
6
CONTINUOUS
10
0.550984251968504
20
1.1765748031496062
11
0.550984251968504
21
1.1529527559055117
0
LINE
8
BLACK
6
CONTINUOUS
10
0.550984251968504
20
1.1529527559055117
11
0.5503848818897638
21
1.1499394881889764
0
LINE
8
BLACK
6
CONTINUOUS
10
0.5503848818897638
20
1.1499394881889764
11
0.5486779921259842
21
1.1473849999999999
0
LINE
8
BLACK
6
CONTINUOUS
10
0.5486779921259842
20
1.1473849999999999
11
0.5461235039370078
21
1.1456781102362203
0
LINE
8
BLACK
6
CONTINUOUS
10
0.5461235039370078
20
1.1456781102362203
11
0.5431102362204724
21
1.1450787401574802
0
LINE
8
BLACK
6
CONTINUOUS
10
0.5431102362204724
20
1.1450787401574802
11
0.4820866141732283
21
1.1450787401574802
0
LINE
8
BLACK
6
CONTINUOUS
10
0.4820866141732283
20
1.1450787401574802
11
0.4790733464566929
21
1.1456781102362203
0
LINE
8
BLACK
6
CONTINUOUS
10
0.4790733464566929
20
1.1456781102362203
11
0.4765188582677165
21
1.1473849999999999
0
LINE
8
BLACK
6
CONTINUOUS
10
0.4765188582677165
20
1.1473849999999999
11
0.474811968503937
21
1.1499394881889764
0
LINE
8
BLACK
6
CONTINUOUS
10
0.474811968503937
20
1.1499394881889764
11
0.4742125984251969
21
1.1529527559055117
0
LINE
8
BLACK
6
CONTINUOUS
10
0.4742125984251969
20
1.1529527559055117
11
0.4742125984251969
21
1.1765748031496062
0
LINE
8
BLACK
6
CONTINUOUS
10
0.4742125984251969
20
1.1765748031496062
11
0.474811968503937
21
1.1795880708661417
0
LINE
8
BLACK
6
CONTINUOUS
10
0.474811968503937
20
1.1795880708661417
11
0.4765188582677165
21
1.182142559055118
0
LINE
8
BLACK
6
CONTINUOUS
10
0.4765188582677165
20
1.182142559055118
11
0.4790733464566929
21
1.1838494488188975
0
LINE
8
BLACK
6
CONTINUOUS
10
0.4790733464566929
20
1.1838494488188975
11
0.4820866141732283
21
1.1844488188976379
0
LINE
8
BLACK
6
CONTINUOUS
10
0.4820866141732283
20
1.1844488188976379
11
0.5431102362204724
21
1.1844488188976379
0
LINE
8
BLACK
6
CONTINUOUS
10
0.5431102362204724
20
1.1844488188976379
11
0.5461235039370078
21
1.1838494488188975
0
LINE
8
BLACK
6
CONTINUOUS
10
0.6368124803149606
20
1.2020384251968503
11
0.639366968503937
21
1.2003315354330708
0
LINE
8
BLACK
6
CONTINUOUS
10
0.639366968503937
20
1.2003315354330708
11
0.6410738582677166
21
1.1977770472440945
0
LINE
8
BLACK
6
CONTINUOUS
10
0.6410738582677166
20
1.1977770472440945
11
0.6416732283464567
21
1.194763779527559
0
LINE
8
BLACK
6
CONTINUOUS
10
0.6416732283464567
20
1.194763779527559
11
0.6416732283464567
21
1.159763779527559
0
LINE
8
BLACK
6
CONTINUOUS
10
0.6416732283464567
20
1.159763779527559
11
0.6410738582677166
21
1.1567505118110235
0
LINE
8
BLACK
6
CONTINUOUS
10
0.6410738582677166
20
1.1567505118110235
11
0.639366968503937
21
1.1541960236220472
0
LINE
8
BLACK
6
CONTINUOUS
10
0.639366968503937
20
1.1541960236220472
11
0.6368124803149606
21
1.1524891338582677
0
LINE
8
BLACK
6
CONTINUOUS
10
0.6368124803149606
20
1.1524891338582677
11
0.6337992125984252
21
1.1518897637795276
0
LINE
8
BLACK
6
CONTINUOUS
10
0.6337992125984252
20
1.1518897637795276
11
0.5787992125984252
21
1.1518897637795276
0
LINE
8
BLACK
6
CONTINUOUS
10
0.5787992125984252
20
1.1518897637795276
11
0.5757859448818897
21
1.1524891338582677
0
LINE
8
BLACK
6
CONTINUOUS
10
0.5757859448818897
20
1.1524891338582677
11
0.5732314566929134
21
1.1541960236220472
0
LINE
8
BLACK
6
CONTINUOUS
10
0.5732314566929134
20
1.1541960236220472
11
0.5715245669291339
21
1.1567505118110235
0
LINE
8
BLACK
6
CONTINUOUS
10
0.5715245669291339
20
1.1567505118110235
11
0.5709251968503937
21
1.159763779527559
0
LINE
8
BLACK
6
CONTINUOUS
10
0.5709251968503937
20
1.159763779527559
11
0.5709251968503937
21
1.194763779527559
0
LINE
8
BLACK
6
CONTINUOUS
10
0.5709251968503937
20
1.194763779527559
11
0.5715245669291339
21
1.1977770472440945
0
LINE
8
BLACK
6
CONTINUOUS
10
0.5715245669291339
20
1.1977770472440945
11
0.5732314566929134
21
1.2003315354330708
0
LINE
8
BLACK
6
CONTINUOUS
10
0.5732314566929134
20
1.2003315354330708
11
0.5757859448818897
21
1.2020384251968503
0
LINE
8
BLACK
6
CONTINUOUS
10
0.5757859448818897
20
1.2020384251968503
11
0.5787992125984252
21
1.2026377952755904
0
LINE
8
BLACK
6
CONTINUOUS
10
0.5787992125984252
20
1.2026377952755904
11
0.6337992125984252
21
1.2026377952755904
0
LINE
8
BLACK
6
CONTINUOUS
10
0.6337992125984252
20
1.2026377952755904
11
0.6368124803149606
21
1.2020384251968503
0
LINE
8
BLACK
6
CONTINUOUS
10
0.7368124803149606
20
1.2045384251968503
11
0.739366968503937
21
1.2028315354330708
0
LINE
8
BLACK
6
CONTINUOUS
10
0.739366968503937
20
1.2028315354330708
11
0.7410738582677165
21
1.2002770472440945
0
LINE
8
BLACK
6
CONTINUOUS
10
0.7410738582677165
20
1.2002770472440945
11
0.7416732283464567
21
1.1972637795275591
0
LINE
8
BLACK
6
CONTINUOUS
10
0.7416732283464567
20
1.1972637795275591
11
0.7416732283464567
21
1.162263779527559
0
LINE
8
BLACK
6
CONTINUOUS
10
0.7416732283464567
20
1.162263779527559
11
0.7410738582677165
21
1.1592505118110237
0
LINE
8
BLACK
6
CONTINUOUS
10
0.7410738582677165
20
1.1592505118110237
11
0.739366968503937
21
1.1566960236220472
0
LINE
8
BLACK
6
CONTINUOUS
10
0.739366968503937
20
1.1566960236220472
11
0.7368124803149606
21
1.1549891338582676
0
LINE
8
BLACK
6
CONTINUOUS
10
0.7368124803149606
20
1.1549891338582676
11
0.7337992125984252
21
1.1543897637795275
0
LINE
8
BLACK
6
CONTINUOUS
10
0.7337992125984252
20
1.1543897637795275
11
0.6787992125984251
21
1.1543897637795275
0
LINE
8
BLACK
6
CONTINUOUS
10
0.6787992125984251
20
1.1543897637795275
11
0.6757859448818897
21
1.1549891338582676
0
LINE
8
BLACK
6
CONTINUOUS
10
0.6757859448818897
20
1.1549891338582676
11
0.6732314566929134
21
1.1566960236220472
0
LINE
8
BLACK
6
CONTINUOUS
10
0.6732314566929134
20
1.1566960236220472
11
0.6715245669291339
21
1.1592505118110237
0
LINE
8
BLACK
6
CONTINUOUS
10
0.6715245669291339
20
1.1592505118110237
11
0.6709251968503936
21
1.162263779527559
0
LINE
8
BLACK
6
CONTINUOUS
10
0.6709251968503936
20
1.162263779527559
11
0.6709251968503936
21
1.1972637795275591
0
LINE
8
BLACK
6
CONTINUOUS
10
0.6709251968503936
20
1.1972637795275591
11
0.6715245669291339
21
1.2002770472440945
0
LINE
8
BLACK
6
CONTINUOUS
10
0.6715245669291339
20
1.2002770472440945
11
0.6732314566929134
21
1.2028315354330708
0
LINE
8
BLACK
6
CONTINUOUS
10
0.6732314566929134
20
1.2028315354330708
11
0.6757859448818897
21
1.2045384251968503
0
LINE
8
BLACK
6
CONTINUOUS
10
0.6757859448818897
20
1.2045384251968503
11
0.6787992125984251
21
1.2051377952755906
0
LINE
8
BLACK
6
CONTINUOUS
10
0.6787992125984251
20
1.2051377952755906
11
0.7337992125984252
21
1.2051377952755906
0
LINE
8
BLACK
6
CONTINUOUS
10
0.7337992125984252
20
1.2051377952755906
11
0.7368124803149606
21
1.2045384251968503
0
LINE
8
BLACK
6
CONTINUOUS
10
1.9755132677165355
20
1.2172746456692913
11
1.9780677559055118
21
1.2155677559055118
0
LINE
8
BLACK
6
CONTINUOUS
10
1.9780677559055118
20
1.2155677559055118
11
1.9797746456692913
21
1.2130132677165355
0
LINE
8
BLACK
6
CONTINUOUS
10
1.9797746456692913
20
1.2130132677165355
11
1.9803740157480314
21
1.21
0
LINE
8
BLACK
6
CONTINUOUS
10
1.9803740157480314
20
1.21
11
1.9803740157480314
21
1.175
0
LINE
8
BLACK
6
CONTINUOUS
10
1.9803740157480314
20
1.175
11
1.9797746456692913
21
1.1719867322834645
0
LINE
8
BLACK
6
CONTINUOUS
10
1.9797746456692913
20
1.1719867322834645
11
1.9780677559055118
21
1.1694322440944882
0
LINE
8
BLACK
6
CONTINUOUS
10
1.9780677559055118
20
1.1694322440944882
11
1.9755132677165355
21
1.1677253543307087
0
LINE
8
BLACK
6
CONTINUOUS
10
1.9755132677165355
20
1.1677253543307087
11
1.9724999999999999
21
1.1671259842519686
0
LINE
8
BLACK
6
CONTINUOUS
10
1.9724999999999999
20
1.1671259842519686
11
1.9175
21
1.1671259842519686
0
LINE
8
BLACK
6
CONTINUOUS
10
1.9175
20
1.1671259842519686
11
1.9144867322834644
21
1.1677253543307087
0
LINE
8
BLACK
6
CONTINUOUS
10
1.9144867322834644
20
1.1677253543307087
11
1.9119322440944881
21
1.1694322440944882
0
LINE
8
BLACK
6
CONTINUOUS
10
1.9119322440944881
20
1.1694322440944882
11
1.9102253543307086
21
1.1719867322834645
0
LINE
8
BLACK
6
CONTINUOUS
10
1.9102253543307086
20
1.1719867322834645
11
1.9096259842519685
21
1.175
0
LINE
8
BLACK
6
CONTINUOUS
10
1.9096259842519685
20
1.175
11
1.9096259842519685
21
1.21
0
LINE
8
BLACK
6
CONTINUOUS
10
1.9096259842519685
20
1.21
11
1.9102253543307086
21
1.2130132677165355
0
LINE
8
BLACK
6
CONTINUOUS
10
1.9102253543307086
20
1.2130132677165355
11
1.9119322440944881
21
1.2155677559055118
0
LINE
8
BLACK
6
CONTINUOUS
10
1.9119322440944881
20
1.2155677559055118
11
1.9144867322834644
21
1.2172746456692913
0
LINE
8
BLACK
6
CONTINUOUS
10
1.9144867322834644
20
1.2172746456692913
11
1.9175
21
1.2178740157480314
0
LINE
8
BLACK
6
CONTINUOUS
10
1.9175
20
1.2178740157480314
11
1.9724999999999999
21
1.2178740157480314
0
LINE
8
BLACK
6
CONTINUOUS
10
1.9724999999999999
20
1.2178740157480314
11
1.9755132677165355
21
1.2172746456692913
0
LINE
8
BLACK
6
CONTINUOUS
10
2.0955132677165356
20
1.2172746456692913
11
2.0980677559055119
21
1.2155677559055118
0
LINE
8
BLACK
6
CONTINUOUS
10
2.0980677559055119
20
1.2155677559055118
11
2.0997746456692914
21
1.2130132677165355
0
LINE
8
BLACK
6
CONTINUOUS
10
2.0997746456692914
20
1.2130132677165355
11
2.1003740157480313
21
1.21
0
LINE
8
BLACK
6
CONTINUOUS
10
2.1003740157480313
20
1.21
11
2.1003740157480313
21
1.175
0
LINE
8
BLACK
6
CONTINUOUS
10
2.1003740157480313
20
1.175
11
2.0997746456692914
21
1.1719867322834645
0
LINE
8
BLACK
6
CONTINUOUS
10
2.0997746456692914
20
1.1719867322834645
11
2.0980677559055119
21
1.1694322440944882
0
LINE
8
BLACK
6
CONTINUOUS
10
2.0980677559055119
20
1.1694322440944882
11
2.0955132677165356
21
1.1677253543307087
0
LINE
8
BLACK
6
CONTINUOUS
10
2.0955132677165356
20
1.1677253543307087
11
2.0924999999999998
21
1.1671259842519686
0
LINE
8
BLACK
6
CONTINUOUS
10
2.0924999999999998
20
1.1671259842519686
11
2.0375000000000001
21
1.1671259842519686
0
LINE
8
BLACK
6
CONTINUOUS
10
2.0375000000000001
20
1.1671259842519686
11
2.0344867322834643
21
1.1677253543307087
0
LINE
8
BLACK
6
CONTINUOUS
10
2.0344867322834643
20
1.1677253543307087
11
2.031932244094488
21
1.1694322440944882
0
LINE
8
BLACK
6
CONTINUOUS
10
2.031932244094488
20
1.1694322440944882
11
2.0302253543307085
21
1.1719867322834645
0
LINE
8
BLACK
6
CONTINUOUS
10
2.0302253543307085
20
1.1719867322834645
11
2.0296259842519686
21
1.175
0
LINE
8
BLACK
6
CONTINUOUS
10
2.0296259842519686
20
1.175
11
2.0296259842519686
21
1.21
0
LINE
8
BLACK
6
CONTINUOUS
10
2.0296259842519686
20
1.21
11
2.0302253543307085
21
1.2130132677165355
0
LINE
8
BLACK
6
CONTINUOUS
10
2.0302253543307085
20
1.2130132677165355
11
2.031932244094488
21
1.2155677559055118
0
LINE
8
BLACK
6
CONTINUOUS
10
2.031932244094488
20
1.2155677559055118
11
2.0344867322834643
21
1.2172746456692913
0
LINE
8
BLACK
6
CONTINUOUS
10
2.0344867322834643
20
1.2172746456692913
11
2.0375000000000001
21
1.2178740157480314
0
LINE
8
BLACK
6
CONTINUOUS
10
2.0375000000000001
20
1.2178740157480314
11
2.0924999999999998
21
1.2178740157480314
0
LINE
8
BLACK
6
CONTINUOUS
10
2.0924999999999998
20
1.2178740157480314
11
2.0955132677165356
21
1.2172746456692913
0
LINE
8
BLACK
6
CONTINUOUS
10
2.8605132677165352
20
1.2222746456692912
11
2.8630677559055115
21
1.2205677559055117
0
LINE
8
BLACK
6
CONTINUOUS
10
2.8630677559055115
20
1.2205677559055117
11
2.8647746456692911
21
1.2180132677165354
0
LINE
8
BLACK
6
CONTINUOUS
10
2.8647746456692911
20
1.2180132677165354
11
2.8653740157480314
21
1.2150000000000001
0
LINE
8
BLACK
6
CONTINUOUS
10
2.8653740157480314
20
1.2150000000000001
11
2.8653740157480314
21
1.1799999999999999
0
LINE
8
BLACK
6
CONTINUOUS
10
2.8653740157480314
20
1.1799999999999999
11
2.8647746456692911
21
1.1769867322834646
0
LINE
8
BLACK
6
CONTINUOUS
10
2.8647746456692911
20
1.1769867322834646
11
2.8630677559055115
21
1.1744322440944881
0
LINE
8
BLACK
6
CONTINUOUS
10
2.8630677559055115
20
1.1744322440944881
11
2.8605132677165352
21
1.1727253543307086
0
LINE
8
BLACK
6
CONTINUOUS
10
2.8605132677165352
20
1.1727253543307086
11
2.8574999999999999
21
1.1721259842519685
0
LINE
8
BLACK
6
CONTINUOUS
10
2.8574999999999999
20
1.1721259842519685
11
2.8024999999999998
21
1.1721259842519685
0
LINE
8
BLACK
6
CONTINUOUS
10
2.8024999999999998
20
1.1721259842519685
11
2.7994867322834645
21
1.1727253543307086
0
LINE
8
BLACK
6
CONTINUOUS
10
2.7994867322834645
20
1.1727253543307086
11
2.7969322440944882
21
1.1744322440944881
0
LINE
8
BLACK
6
CONTINUOUS
10
2.7969322440944882
20
1.1744322440944881
11
2.7952253543307086
21
1.1769867322834646
0
LINE
8
BLACK
6
CONTINUOUS
10
2.7952253543307086
20
1.1769867322834646
11
2.7946259842519683
21
1.1799999999999999
0
LINE
8
BLACK
6
CONTINUOUS
10
2.7946259842519683
20
1.1799999999999999
11
2.7946259842519683
21
1.2150000000000001
0
LINE
8
BLACK
6
CONTINUOUS
10
2.7946259842519683
20
1.2150000000000001
11
2.7952253543307086
21
1.2180132677165354
0
LINE
8
BLACK
6
CONTINUOUS
10
2.7952253543307086
20
1.2180132677165354
11
2.7969322440944882
21
1.2205677559055117
0
LINE
8
BLACK
6
CONTINUOUS
10
2.7969322440944882
20
1.2205677559055117
11
2.7994867322834645
21
1.2222746456692912
0
LINE
8
BLACK
6
CONTINUOUS
10
2.7994867322834645
20
1.2222746456692912
11
2.8024999999999998
21
1.2228740157480316
0
LINE
8
BLACK
6
CONTINUOUS
10
2.8024999999999998
20
1.2228740157480316
11
2.8574999999999999
21
1.2228740157480316
0
LINE
8
BLACK
6
CONTINUOUS
10
2.8574999999999999
20
1.2228740157480316
11
2.8605132677165352
21
1.2222746456692912
0
LINE
8
BLACK
6
CONTINUOUS
10
2.9505132677165355
20
1.2222746456692912
11
2.9530677559055118
21
1.2205677559055117
0
LINE
8
BLACK
6
CONTINUOUS
10
2.9530677559055118
20
1.2205677559055117
11
2.9547746456692914
21
1.2180132677165354
0
LINE
8
BLACK
6
CONTINUOUS
10
2.9547746456692914
20
1.2180132677165354
11
2.9553740157480313
21
1.2150000000000001
0
LINE
8
BLACK
6
CONTINUOUS
10
2.9553740157480313
20
1.2150000000000001
11
2.9553740157480313
21
1.1799999999999999
0
LINE
8
BLACK
6
CONTINUOUS
10
2.9553740157480313
20
1.1799999999999999
11
2.9547746456692914
21
1.1769867322834646
0
LINE
8
BLACK
6
CONTINUOUS
10
2.9547746456692914
20
1.1769867322834646
11
2.9530677559055118
21
1.1744322440944881
0
LINE
8
BLACK
6
CONTINUOUS
10
2.9530677559055118
20
1.1744322440944881
11
2.9505132677165355
21
1.1727253543307086
0
LINE
8
BLACK
6
CONTINUOUS
10
2.9505132677165355
20
1.1727253543307086
11
2.9474999999999998
21
1.1721259842519685
0
LINE
8
BLACK
6
CONTINUOUS
10
2.9474999999999998
20
1.1721259842519685
11
2.8925000000000001
21
1.1721259842519685
0
LINE
8
BLACK
6
CONTINUOUS
10
2.8925000000000001
20
1.1721259842519685
11
2.8894867322834643
21
1.1727253543307086
0
LINE
8
BLACK
6
CONTINUOUS
10
2.8894867322834643
20
1.1727253543307086
11
2.886932244094488
21
1.1744322440944881
0
LINE
8
BLACK
6
CONTINUOUS
10
2.886932244094488
20
1.1744322440944881
11
2.8852253543307085
21
1.1769867322834646
0
LINE
8
BLACK
6
CONTINUOUS
10
2.8852253543307085
20
1.1769867322834646
11
2.8846259842519686
21
1.1799999999999999
0
LINE
8
BLACK
6
CONTINUOUS
10
2.8846259842519686
20
1.1799999999999999
11
2.8846259842519686
21
1.2150000000000001
0
LINE
8
BLACK
6
CONTINUOUS
10
2.8846259842519686
20
1.2150000000000001
11
2.8852253543307085
21
1.2180132677165354
0
LINE
8
BLACK
6
CONTINUOUS
10
2.8852253543307085
20
1.2180132677165354
11
2.886932244094488
21
1.2205677559055117
0
LINE
8
BLACK
6
CONTINUOUS
10
2.886932244094488
20
1.2205677559055117
11
2.8894867322834643
21
1.2222746456692912
0
LINE
8
BLACK
6
CONTINUOUS
10
2.8894867322834643
20
1.2222746456692912
11
2.8925000000000001
21
1.2228740157480316
0
LINE
8
BLACK
6
CONTINUOUS
10
2.8925000000000001
20
1.2228740157480316
11
2.9474999999999998
21
1.2228740157480316
0
LINE
8
BLACK
6
CONTINUOUS
10
2.9474999999999998
20
1.2228740157480316
11
2.9505132677165355
21
1.2222746456692912
0
LINE
8
BLACK
6
CONTINUOUS
10
3.3780132677165353
20
1.2572746456692914
11
3.3805677559055116
21
1.2555677559055118
0
LINE
8
BLACK
6
CONTINUOUS
10
3.3805677559055116
20
1.2555677559055118
11
3.3822746456692911
21
1.2530132677165353
0
LINE
8
BLACK
6
CONTINUOUS
10
3.3822746456692911
20
1.2530132677165353
11
3.3828740157480315
21
1.25
0
LINE
8
BLACK
6
CONTINUOUS
10
3.3828740157480315
20
1.25
11
3.3828740157480315
21
1.1899999999999999
0
LINE
8
BLACK
6
CONTINUOUS
10
3.3828740157480315
20
1.1899999999999999
11
3.3822746456692911
21
1.1869867322834646
0
LINE
8
BLACK
6
CONTINUOUS
10
3.3822746456692911
20
1.1869867322834646
11
3.3805677559055116
21
1.1844322440944881
0
LINE
8
BLACK
6
CONTINUOUS
10
3.3805677559055116
20
1.1844322440944881
11
3.3780132677165353
21
1.1827253543307086
0
LINE
8
BLACK
6
CONTINUOUS
10
3.3780132677165353
20
1.1827253543307086
11
3.375
21
1.1821259842519685
0
LINE
8
BLACK
6
CONTINUOUS
10
3.375
20
1.1821259842519685
11
3.3149999999999999
21
1.1821259842519685
0
LINE
8
BLACK
6
CONTINUOUS
10
3.3149999999999999
20
1.1821259842519685
11
3.3119867322834646
21
1.1827253543307086
0
LINE
8
BLACK
6
CONTINUOUS
10
3.3119867322834646
20
1.1827253543307086
11
3.3094322440944883
21
1.1844322440944881
0
LINE
8
BLACK
6
CONTINUOUS
10
3.3094322440944883
20
1.1844322440944881
11
3.3077253543307088
21
1.1869867322834646
0
LINE
8
BLACK
6
CONTINUOUS
10
3.3077253543307088
20
1.1869867322834646
11
3.3071259842519685
21
1.1899999999999999
0
LINE
8
BLACK
6
CONTINUOUS
10
3.3071259842519685
20
1.1899999999999999
11
3.3071259842519685
21
1.25
0
LINE
8
BLACK
6
CONTINUOUS
10
3.3071259842519685
20
1.25
11
3.3077253543307088
21
1.2530132677165353
0
LINE
8
BLACK
6
CONTINUOUS
10
3.3077253543307088
20
1.2530132677165353
11
3.3094322440944883
21
1.2555677559055118
0
LINE
8
BLACK
6
CONTINUOUS
10
3.3094322440944883
20
1.2555677559055118
11
3.3119867322834646
21
1.2572746456692914
0
LINE
8
BLACK
6
CONTINUOUS
10
3.3119867322834646
20
1.2572746456692914
11
3.3149999999999999
21
1.2578740157480315
0
LINE
8
BLACK
6
CONTINUOUS
10
3.3149999999999999
20
1.2578740157480315
11
3.375
21
1.2578740157480315
0
LINE
8
BLACK
6
CONTINUOUS
10
3.375
20
1.2578740157480315
11
3.3780132677165353
21
1.2572746456692914
0
LINE
8
BLACK
6
CONTINUOUS
10
3.4780132677165354
20
1.2572746456692914
11
3.4805677559055117
21
1.2555677559055118
0
LINE
8
BLACK
6
CONTINUOUS
10
3.4805677559055117
20
1.2555677559055118
11
3.4822746456692912
21
1.2530132677165353
0
LINE
8
BLACK
6
CONTINUOUS
10
3.4822746456692912
20
1.2530132677165353
11
3.4828740157480316
21
1.25
0
LINE
8
BLACK
6
CONTINUOUS
10
3.4828740157480316
20
1.25
11
3.4828740157480316
21
1.1899999999999999
0
LINE
8
BLACK
6
CONTINUOUS
10
3.4828740157480316
20
1.1899999999999999
11
3.4822746456692912
21
1.1869867322834646
0
LINE
8
BLACK
6
CONTINUOUS
10
3.4822746456692912
20
1.1869867322834646
11
3.4805677559055117
21
1.1844322440944881
0
LINE
8
BLACK
6
CONTINUOUS
10
3.4805677559055117
20
1.1844322440944881
11
3.4780132677165354
21
1.1827253543307086
0
LINE
8
BLACK
6
CONTINUOUS
10
3.4780132677165354
20
1.1827253543307086
11
3.4750000000000001
21
1.1821259842519685
0
LINE
8
BLACK
6
CONTINUOUS
10
3.4750000000000001
20
1.1821259842519685
11
3.415
21
1.1821259842519685
0
LINE
8
BLACK
6
CONTINUOUS
10
3.415
20
1.1821259842519685
11
3.4119867322834643
21
1.1827253543307086
0
LINE
8
BLACK
6
CONTINUOUS
10
3.4119867322834643
20
1.1827253543307086
11
3.409432244094488
21
1.1844322440944881
0
LINE
8
BLACK
6
CONTINUOUS
10
3.409432244094488
20
1.1844322440944881
11
3.4077253543307084
21
1.1869867322834646
0
LINE
8
BLACK
6
CONTINUOUS
10
3.4077253543307084
20
1.1869867322834646
11
3.4071259842519686
21
1.1899999999999999
0
LINE
8
BLACK
6
CONTINUOUS
10
3.4071259842519686
20
1.1899999999999999
11
3.4071259842519686
21
1.25
0
LINE
8
BLACK
6
CONTINUOUS
10
3.4071259842519686
20
1.25
11
3.4077253543307084
21
1.2530132677165353
0
LINE
8
BLACK
6
CONTINUOUS
10
3.4077253543307084
20
1.2530132677165353
11
3.409432244094488
21
1.2555677559055118
0
LINE
8
BLACK
6
CONTINUOUS
10
3.409432244094488
20
1.2555677559055118
11
3.4119867322834643
21
1.2572746456692914
0
LINE
8
BLACK
6
CONTINUOUS
10
3.4119867322834643
20
1.2572746456692914
11
3.415
21
1.2578740157480315
0
LINE
8
BLACK
6
CONTINUOUS
10
3.415
20
1.2578740157480315
11
3.4750000000000001
21
1.2578740157480315
0
LINE
8
BLACK
6
CONTINUOUS
10
3.4750000000000001
20
1.2578740157480315
11
3.4780132677165354
21
1.2572746456692914
0
LINE
8
BLACK
6
CONTINUOUS
10
0.2368124803149606
20
1.2395384251968504
11
0.239366968503937
21
1.2378315354330709
0
LINE
8
BLACK
6
CONTINUOUS
10
0.239366968503937
20
1.2378315354330709
11
0.2410738582677165
21
1.2352770472440944
0
LINE
8
BLACK
6
CONTINUOUS
10
0.2410738582677165
20
1.2352770472440944
11
0.2416732283464567
21
1.2322637795275591
0
LINE
8
BLACK
6
CONTINUOUS
10
0.2416732283464567
20
1.2322637795275591
11
0.2416732283464567
21
1.1972637795275591
0
LINE
8
BLACK
6
CONTINUOUS
10
0.2416732283464567
20
1.1972637795275591
11
0.2410738582677165
21
1.1942505118110236
0
LINE
8
BLACK
6
CONTINUOUS
10
0.2410738582677165
20
1.1942505118110236
11
0.239366968503937
21
1.1916960236220473
0
LINE
8
BLACK
6
CONTINUOUS
10
0.239366968503937
20
1.1916960236220473
11
0.2368124803149606
21
1.1899891338582678
0
LINE
8
BLACK
6
CONTINUOUS
10
0.2368124803149606
20
1.1899891338582678
11
0.2337992125984252
21
1.1893897637795274
0
LINE
8
BLACK
6
CONTINUOUS
10
0.2337992125984252
20
1.1893897637795274
11
0.1787992125984252
21
1.1893897637795274
0
LINE
8
BLACK
6
CONTINUOUS
10
0.1787992125984252
20
1.1893897637795274
11
0.1757859448818898
21
1.1899891338582678
0
LINE
8
BLACK
6
CONTINUOUS
10
0.1757859448818898
20
1.1899891338582678
11
0.1732314566929134
21
1.1916960236220473
0
LINE
8
BLACK
6
CONTINUOUS
10
0.1732314566929134
20
1.1916960236220473
11
0.1715245669291338
21
1.1942505118110236
0
LINE
8
BLACK
6
CONTINUOUS
10
0.1715245669291338
20
1.1942505118110236
11
0.1709251968503937
21
1.1972637795275591
0
LINE
8
BLACK
6
CONTINUOUS
10
0.1709251968503937
20
1.1972637795275591
11
0.1709251968503937
21
1.2322637795275591
0
LINE
8
BLACK
6
CONTINUOUS
10
0.1709251968503937
20
1.2322637795275591
11
0.1715245669291338
21
1.2352770472440944
0
LINE
8
BLACK
6
CONTINUOUS
10
0.1715245669291338
20
1.2352770472440944
11
0.1732314566929134
21
1.2378315354330709
0
LINE
8
BLACK
6
CONTINUOUS
10
0.1732314566929134
20
1.2378315354330709
11
0.1757859448818898
21
1.2395384251968504
0
LINE
8
BLACK
6
CONTINUOUS
10
0.1757859448818898
20
1.2395384251968504
11
0.1787992125984252
21
1.2401377952755905
0
LINE
8
BLACK
6
CONTINUOUS
10
0.1787992125984252
20
1.2401377952755905
11
0.2337992125984252
21
1.2401377952755905
0
LINE
8
BLACK
6
CONTINUOUS
10
0.2337992125984252
20
1.2401377952755905
11
0.2368124803149606
21
1.2395384251968504
0
LINE
8
BLACK
6
CONTINUOUS
10
3.1780132677165351
20
1.2947746456692912
11
3.1805677559055119
21
1.2930677559055117
0
LINE
8
BLACK
6
CONTINUOUS
10
3.1805677559055119
20
1.2930677559055117
11
3.1822746456692914
21
1.2905132677165354
0
LINE
8
BLACK
6
CONTINUOUS
10
3.1822746456692914
20
1.2905132677165354
11
3.1828740157480313
21
1.2874999999999999
0
LINE
8
BLACK
6
CONTINUOUS
10
3.1828740157480313
20
1.2874999999999999
11
3.1828740157480313
21
1.2324999999999999
0
LINE
8
BLACK
6
CONTINUOUS
10
3.1828740157480313
20
1.2324999999999999
11
3.1822746456692914
21
1.2294867322834646
0
LINE
8
BLACK
6
CONTINUOUS
10
3.1822746456692914
20
1.2294867322834646
11
3.1805677559055119
21
1.2269322440944881
0
LINE
8
BLACK
6
CONTINUOUS
10
3.1805677559055119
20
1.2269322440944881
11
3.1780132677165351
21
1.2252253543307086
0
LINE
8
BLACK
6
CONTINUOUS
10
3.1780132677165351
20
1.2252253543307086
11
3.1749999999999998
21
1.2246259842519684
0
LINE
8
BLACK
6
CONTINUOUS
10
3.1749999999999998
20
1.2246259842519684
11
3.1400000000000001
21
1.2246259842519684
0
LINE
8
BLACK
6
CONTINUOUS
10
3.1400000000000001
20
1.2246259842519684
11
3.1369867322834644
21
1.2252253543307086
0
LINE
8
BLACK
6
CONTINUOUS
10
3.1369867322834644
20
1.2252253543307086
11
3.1344322440944881
21
1.2269322440944881
0
LINE
8
BLACK
6
CONTINUOUS
10
3.1344322440944881
20
1.2269322440944881
11
3.1327253543307085
21
1.2294867322834646
0
LINE
8
BLACK
6
CONTINUOUS
10
3.1327253543307085
20
1.2294867322834646
11
3.1321259842519686
21
1.2324999999999999
0
LINE
8
BLACK
6
CONTINUOUS
10
3.1321259842519686
20
1.2324999999999999
11
3.1321259842519686
21
1.2874999999999999
0
LINE
8
BLACK
6
CONTINUOUS
10
3.1321259842519686
20
1.2874999999999999
11
3.1327253543307085
21
1.2905132677165354
0
LINE
8
BLACK
6
CONTINUOUS
10
3.1327253543307085
20
1.2905132677165354
11
3.1344322440944881
21
1.2930677559055117
0
LINE
8
BLACK
6
CONTINUOUS
10
3.1344322440944881
20
1.2930677559055117
11
3.1369867322834644
21
1.2947746456692912
0
LINE
8
BLACK
6
CONTINUOUS
10
3.1369867322834644
20
1.2947746456692912
11
3.1400000000000001
21
1.2953740157480316
0
LINE
8
BLACK
6
CONTINUOUS
10
3.1400000000000001
20
1.2953740157480316
11
3.1749999999999998
21
1.2953740157480316
0
LINE
8
BLACK
6
CONTINUOUS
10
3.1749999999999998
20
1.2953740157480316
11
3.1780132677165351
21
1.2947746456692912
0
LINE
8
BLACK
6
CONTINUOUS
10
3.2530132677165353
20
1.2947746456692912
11
3.2555677559055116
21
1.2930677559055117
0
LINE
8
BLACK
6
CONTINUOUS
10
3.2555677559055116
20
1.2930677559055117
11
3.2572746456692911
21
1.2905132677165354
0
LINE
8
BLACK
6
CONTINUOUS
10
3.2572746456692911
20
1.2905132677165354
11
3.2578740157480315
21
1.2874999999999999
0
LINE
8
BLACK
6
CONTINUOUS
10
3.2578740157480315
20
1.2874999999999999
11
3.2578740157480315
21
1.2324999999999999
0
LINE
8
BLACK
6
CONTINUOUS
10
3.2578740157480315
20
1.2324999999999999
11
3.2572746456692911
21
1.2294867322834646
0
LINE
8
BLACK
6
CONTINUOUS
10
3.2572746456692911
20
1.2294867322834646
11
3.2555677559055116
21
1.2269322440944881
0
LINE
8
BLACK
6
CONTINUOUS
10
3.2555677559055116
20
1.2269322440944881
11
3.2530132677165353
21
1.2252253543307086
0
LINE
8
BLACK
6
CONTINUOUS
10
3.2530132677165353
20
1.2252253543307086
11
3.25
21
1.2246259842519684
0
LINE
8
BLACK
6
CONTINUOUS
10
3.25
20
1.2246259842519684
11
3.2149999999999999
21
1.2246259842519684
0
LINE
8
BLACK
6
CONTINUOUS
10
3.2149999999999999
20
1.2246259842519684
11
3.2119867322834645
21
1.2252253543307086
0
LINE
8
BLACK
6
CONTINUOUS
10
3.2119867322834645
20
1.2252253543307086
11
3.2094322440944882
21
1.2269322440944881
0
LINE
8
BLACK
6
CONTINUOUS
10
3.2094322440944882
20
1.2269322440944881
11
3.2077253543307087
21
1.2294867322834646
0
LINE
8
BLACK
6
CONTINUOUS
10
3.2077253543307087
20
1.2294867322834646
11
3.2071259842519684
21
1.2324999999999999
0
LINE
8
BLACK
6
CONTINUOUS
10
3.2071259842519684
20
1.2324999999999999
11
3.2071259842519684
21
1.2874999999999999
0
LINE
8
BLACK
6
CONTINUOUS
10
3.2071259842519684
20
1.2874999999999999
11
3.2077253543307087
21
1.2905132677165354
0
LINE
8
BLACK
6
CONTINUOUS
10
3.2077253543307087
20
1.2905132677165354
11
3.2094322440944882
21
1.2930677559055117
0
LINE
8
BLACK
6
CONTINUOUS
10
3.2094322440944882
20
1.2930677559055117
11
3.2119867322834645
21
1.2947746456692912
0
LINE
8
BLACK
6
CONTINUOUS
10
3.2119867322834645
20
1.2947746456692912
11
3.2149999999999999
21
1.2953740157480316
0
LINE
8
BLACK
6
CONTINUOUS
10
3.2149999999999999
20
1.2953740157480316
11
3.25
21
1.2953740157480316
0
LINE
8
BLACK
6
CONTINUOUS
10
3.25
20
1.2953740157480316
11
3.2530132677165353
21
1.2947746456692912
0
LINE
8
BLACK
6
CONTINUOUS
10
0.6368124803149606
20
1.2770384251968503
11
0.639366968503937
21
1.2753315354330708
0
LINE
8
BLACK
6
CONTINUOUS
10
0.639366968503937
20
1.2753315354330708
11
0.6410738582677166
21
1.2727770472440945
0
LINE
8
BLACK
6
CONTINUOUS
10
0.6410738582677166
20
1.2727770472440945
11
0.6416732283464567
21
1.2697637795275589
0
LINE
8
BLACK
6
CONTINUOUS
10
0.6416732283464567
20
1.2697637795275589
11
0.6416732283464567
21
1.234763779527559
0
LINE
8
BLACK
6
CONTINUOUS
10
0.6416732283464567
20
1.234763779527559
11
0.6410738582677166
21
1.2317505118110237
0
LINE
8
BLACK
6
CONTINUOUS
10
0.6410738582677166
20
1.2317505118110237
11
0.639366968503937
21
1.2291960236220472
0
LINE
8
BLACK
6
CONTINUOUS
10
0.639366968503937
20
1.2291960236220472
11
0.6368124803149606
21
1.2274891338582676
0
LINE
8
BLACK
6
CONTINUOUS
10
0.6368124803149606
20
1.2274891338582676
11
0.6337992125984252
21
1.2268897637795275
0
LINE
8
BLACK
6
CONTINUOUS
10
0.6337992125984252
20
1.2268897637795275
11
0.5787992125984252
21
1.2268897637795275
0
LINE
8
BLACK
6
CONTINUOUS
10
0.5787992125984252
20
1.2268897637795275
11
0.5757859448818897
21
1.2274891338582676
0
LINE
8
BLACK
6
CONTINUOUS
10
0.5757859448818897
20
1.2274891338582676
11
0.5732314566929134
21
1.2291960236220472
0
LINE
8
BLACK
6
CONTINUOUS
10
0.5732314566929134
20
1.2291960236220472
11
0.5715245669291339
21
1.2317505118110237
0
LINE
8
BLACK
6
CONTINUOUS
10
0.5715245669291339
20
1.2317505118110237
11
0.5709251968503937
21
1.234763779527559
0
LINE
8
BLACK
6
CONTINUOUS
10
0.5709251968503937
20
1.234763779527559
11
0.5709251968503937
21
1.2697637795275589
0
LINE
8
BLACK
6
CONTINUOUS
10
0.5709251968503937
20
1.2697637795275589
11
0.5715245669291339
21
1.2727770472440945
0
LINE
8
BLACK
6
CONTINUOUS
10
0.5715245669291339
20
1.2727770472440945
11
0.5732314566929134
21
1.2753315354330708
0
LINE
8
BLACK
6
CONTINUOUS
10
0.5732314566929134
20
1.2753315354330708
11
0.5757859448818897
21
1.2770384251968503
0
LINE
8
BLACK
6
CONTINUOUS
10
0.5757859448818897
20
1.2770384251968503
11
0.5787992125984252
21
1.2776377952755906
0
LINE
8
BLACK
6
CONTINUOUS
10
0.5787992125984252
20
1.2776377952755906
11
0.6337992125984252
21
1.2776377952755906
0
LINE
8
BLACK
6
CONTINUOUS
10
0.6337992125984252
20
1.2776377952755906
11
0.6368124803149606
21
1.2770384251968503
0
LINE
8
BLACK
6
CONTINUOUS
10
1.5047061811023621
20
1.3045974803149607
11
1.5072606692913386
21
1.3028905905511812
0
LINE
8
BLACK
6
CONTINUOUS
10
1.5072606692913386
20
1.3028905905511812
11
1.5075984251968504
21
1.3023850787401574
0
LINE
8
BLACK
6
CONTINUOUS
10
1.5075984251968504
20
1.3023850787401574
11
1.5079361811023622
21
1.3028905905511812
0
LINE
8
BLACK
6
CONTINUOUS
10
1.5079361811023622
20
1.3028905905511812
11
1.5104906692913385
21
1.3045974803149607
0
LINE
8
BLACK
6
CONTINUOUS
10
1.5104906692913385
20
1.3045974803149607
11
1.513503937007874
21
1.3051968503937008
0
LINE
8
BLACK
6
CONTINUOUS
10
1.513503937007874
20
1.3051968503937008
11
1.5390944881889763
21
1.3051968503937008
0
LINE
8
BLACK
6
CONTINUOUS
10
1.5390944881889763
20
1.3051968503937008
11
1.5421077559055119
21
1.3045974803149607
0
LINE
8
BLACK
6
CONTINUOUS
10
1.5421077559055119
20
1.3045974803149607
11
1.5446622440944882
21
1.3028905905511812
0
LINE
8
BLACK
6
CONTINUOUS
10
1.5446622440944882
20
1.3028905905511812
11
1.5449999999999999
21
1.3023850787401574
0
LINE
8
BLACK
6
CONTINUOUS
10
1.5449999999999999
20
1.3023850787401574
11
1.5453377559055117
21
1.3028905905511812
0
LINE
8
BLACK
6
CONTINUOUS
10
1.5453377559055117
20
1.3028905905511812
11
1.5478922440944882
21
1.3045974803149607
0
LINE
8
BLACK
6
CONTINUOUS
10
1.5478922440944882
20
1.3045974803149607
11
1.5509055118110235
21
1.3051968503937008
0
LINE
8
BLACK
6
CONTINUOUS
10
1.5509055118110235
20
1.3051968503937008
11
1.5764960629921259
21
1.3051968503937008
0
LINE
8
BLACK
6
CONTINUOUS
10
1.5764960629921259
20
1.3051968503937008
11
1.5795093307086614
21
1.3045974803149607
0
LINE
8
BLACK
6
CONTINUOUS
10
1.5795093307086614
20
1.3045974803149607
11
1.5820638188976377
21
1.3028905905511812
0
LINE
8
BLACK
6
CONTINUOUS
10
1.5820638188976377
20
1.3028905905511812
11
1.5837707086614172
21
1.3003361023622046
0
LINE
8
BLACK
6
CONTINUOUS
10
1.5837707086614172
20
1.3003361023622046
11
1.5843700787401573
21
1.2973228346456693
0
LINE
8
BLACK
6
CONTINUOUS
10
1.5843700787401573
20
1.2973228346456693
11
1.5843700787401573
21
1.2359055118110236
0
LINE
8
BLACK
6
CONTINUOUS
10
1.5843700787401573
20
1.2359055118110236
11
1.5837707086614172
21
1.2328922440944881
0
LINE
8
BLACK
6
CONTINUOUS
10
1.5837707086614172
20
1.2328922440944881
11
1.5820638188976377
21
1.2303377559055118
0
LINE
8
BLACK
6
CONTINUOUS
10
1.5820638188976377
20
1.2303377559055118
11
1.5795093307086614
21
1.2286308661417322
0
LINE
8
BLACK
6
CONTINUOUS
10
1.5795093307086614
20
1.2286308661417322
11
1.5764960629921259
21
1.2280314960629921
0
LINE
8
BLACK
6
CONTINUOUS
10
1.5764960629921259
20
1.2280314960629921
11
1.5509055118110235
21
1.2280314960629921
0
LINE
8
BLACK
6
CONTINUOUS
10
1.5509055118110235
20
1.2280314960629921
11
1.5478922440944882
21
1.2286308661417322
0
LINE
8
BLACK
6
CONTINUOUS
10
1.5478922440944882
20
1.2286308661417322
11
1.5453377559055117
21
1.2303377559055118
0
LINE
8
BLACK
6
CONTINUOUS
10
1.5453377559055117
20
1.2303377559055118
11
1.5449999999999999
21
1.2308432283464568
0
LINE
8
BLACK
6
CONTINUOUS
10
1.5449999999999999
20
1.2308432283464568
11
1.5446622440944882
21
1.2303377559055118
0
LINE
8
BLACK
6
CONTINUOUS
10
1.5446622440944882
20
1.2303377559055118
11
1.5421077559055119
21
1.2286308661417322
0
LINE
8
BLACK
6
CONTINUOUS
10
1.5421077559055119
20
1.2286308661417322
11
1.5390944881889763
21
1.2280314960629921
0
LINE
8
BLACK
6
CONTINUOUS
10
1.5390944881889763
20
1.2280314960629921
11
1.513503937007874
21
1.2280314960629921
0
LINE
8
BLACK
6
CONTINUOUS
10
1.513503937007874
20
1.2280314960629921
11
1.5104906692913385
21
1.2286308661417322
0
LINE
8
BLACK
6
CONTINUOUS
10
1.5104906692913385
20
1.2286308661417322
11
1.5079361811023622
21
1.2303377559055118
0
LINE
8
BLACK
6
CONTINUOUS
10
1.5079361811023622
20
1.2303377559055118
11
1.5075984251968504
21
1.2308432283464568
0
LINE
8
BLACK
6
CONTINUOUS
10
1.5075984251968504
20
1.2308432283464568
11
1.5072606692913386
21
1.2303377559055118
0
LINE
8
BLACK
6
CONTINUOUS
10
1.5072606692913386
20
1.2303377559055118
11
1.5047061811023621
21
1.2286308661417322
0
LINE
8
BLACK
6
CONTINUOUS
10
1.5047061811023621
20
1.2286308661417322
11
1.5016929133858268
21
1.2280314960629921
0
LINE
8
BLACK
6
CONTINUOUS
10
1.5016929133858268
20
1.2280314960629921
11
1.4761023622047245
21
1.2280314960629921
0
LINE
8
BLACK
6
CONTINUOUS
10
1.4761023622047245
20
1.2280314960629921
11
1.4730890944881889
21
1.2286308661417322
0
LINE
8
BLACK
6
CONTINUOUS
10
1.4730890944881889
20
1.2286308661417322
11
1.4705346062992126
21
1.2303377559055118
0
LINE
8
BLACK
6
CONTINUOUS
10
1.4705346062992126
20
1.2303377559055118
11
1.4688277165354331
21
1.2328922440944881
0
LINE
8
BLACK
6
CONTINUOUS
10
1.4688277165354331
20
1.2328922440944881
11
1.468228346456693
21
1.2359055118110236
0
LINE
8
BLACK
6
CONTINUOUS
10
1.468228346456693
20
1.2359055118110236
11
1.468228346456693
21
1.2973228346456693
0
LINE
8
BLACK
6
CONTINUOUS
10
1.468228346456693
20
1.2973228346456693
11
1.4688277165354331
21
1.3003361023622046
0
LINE
8
BLACK
6
CONTINUOUS
10
1.4688277165354331
20
1.3003361023622046
11
1.4705346062992126
21
1.3028905905511812
0
LINE
8
BLACK
6
CONTINUOUS
10
1.4705346062992126
20
1.3028905905511812
11
1.4730890944881889
21
1.3045974803149607
0
LINE
8
BLACK
6
CONTINUOUS
10
1.4730890944881889
20
1.3045974803149607
11
1.4761023622047245
21
1.3051968503937008
0
LINE
8
BLACK
6
CONTINUOUS
10
1.4761023622047245
20
1.3051968503937008
11
1.5016929133858268
21
1.3051968503937008
0
LINE
8
BLACK
6
CONTINUOUS
10
1.5016929133858268
20
1.3051968503937008
11
1.5047061811023621
21
1.3045974803149607
0
LINE
8
BLACK
6
CONTINUOUS
10
0.7368124803149606
20
1.2795384251968505
11
0.739366968503937
21
1.2778315354330709
0
LINE
8
BLACK
6
CONTINUOUS
10
0.739366968503937
20
1.2778315354330709
11
0.7410738582677165
21
1.2752770472440944
0
LINE
8
BLACK
6
CONTINUOUS
10
0.7410738582677165
20
1.2752770472440944
11
0.7416732283464567
21
1.2722637795275591
0
LINE
8
BLACK
6
CONTINUOUS
10
0.7416732283464567
20
1.2722637795275591
11
0.7416732283464567
21
1.2372637795275589
0
LINE
8
BLACK
6
CONTINUOUS
10
0.7416732283464567
20
1.2372637795275589
11
0.7410738582677165
21
1.2342505118110236
0
LINE
8
BLACK
6
CONTINUOUS
10
0.7410738582677165
20
1.2342505118110236
11
0.739366968503937
21
1.2316960236220471
0
LINE
8
BLACK
6
CONTINUOUS
10
0.739366968503937
20
1.2316960236220471
11
0.7368124803149606
21
1.2299891338582676
0
LINE
8
BLACK
6
CONTINUOUS
10
0.7368124803149606
20
1.2299891338582676
11
0.7337992125984252
21
1.2293897637795275
0
LINE
8
BLACK
6
CONTINUOUS
10
0.7337992125984252
20
1.2293897637795275
11
0.6787992125984251
21
1.2293897637795275
0
LINE
8
BLACK
6
CONTINUOUS
10
0.6787992125984251
20
1.2293897637795275
11
0.6757859448818897
21
1.2299891338582676
0
LINE
8
BLACK
6
CONTINUOUS
10
0.6757859448818897
20
1.2299891338582676
11
0.6732314566929134
21
1.2316960236220471
0
LINE
8
BLACK
6
CONTINUOUS
10
0.6732314566929134
20
1.2316960236220471
11
0.6715245669291339
21
1.2342505118110236
0
LINE
8
BLACK
6
CONTINUOUS
10
0.6715245669291339
20
1.2342505118110236
11
0.6709251968503936
21
1.2372637795275589
0
LINE
8
BLACK
6
CONTINUOUS
10
0.6709251968503936
20
1.2372637795275589
11
0.6709251968503936
21
1.2722637795275591
0
LINE
8
BLACK
6
CONTINUOUS
10
0.6709251968503936
20
1.2722637795275591
11
0.6715245669291339
21
1.2752770472440944
0
LINE
8
BLACK
6
CONTINUOUS
10
0.6715245669291339
20
1.2752770472440944
11
0.6732314566929134
21
1.2778315354330709
0
LINE
8
BLACK
6
CONTINUOUS
10
0.6732314566929134
20
1.2778315354330709
11
0.6757859448818897
21
1.2795384251968505
0
LINE
8
BLACK
6
CONTINUOUS
10
0.6757859448818897
20
1.2795384251968505
11
0.6787992125984251
21
1.2801377952755906
0
LINE
8
BLACK
6
CONTINUOUS
10
0.6787992125984251
20
1.2801377952755906
11
0.7337992125984252
21
1.2801377952755906
0
LINE
8
BLACK
6
CONTINUOUS
10
0.7337992125984252
20
1.2801377952755906
11
0.7368124803149606
21
1.2795384251968505
0
LINE
8
BLACK
6
CONTINUOUS
10
2.8805132677165353
20
1.2797746456692913
11
2.8830677559055116
21
1.2780677559055118
0
LINE
8
BLACK
6
CONTINUOUS
10
2.8830677559055116
20
1.2780677559055118
11
2.8847746456692911
21
1.2755132677165355
0
LINE
8
BLACK
6
CONTINUOUS
10
2.8847746456692911
20
1.2755132677165355
11
2.8853740157480314
21
1.2725
0
LINE
8
BLACK
6
CONTINUOUS
10
2.8853740157480314
20
1.2725
11
2.8853740157480314
21
1.2375
0
LINE
8
BLACK
6
CONTINUOUS
10
2.8853740157480314
20
1.2375
11
2.8847746456692911
21
1.2344867322834645
0
LINE
8
BLACK
6
CONTINUOUS
10
2.8847746456692911
20
1.2344867322834645
11
2.8830677559055116
21
1.2319322440944882
0
LINE
8
BLACK
6
CONTINUOUS
10
2.8830677559055116
20
1.2319322440944882
11
2.8805132677165353
21
1.2302253543307087
0
LINE
8
BLACK
6
CONTINUOUS
10
2.8805132677165353
20
1.2302253543307087
11
2.8774999999999999
21
1.2296259842519686
0
LINE
8
BLACK
6
CONTINUOUS
10
2.8774999999999999
20
1.2296259842519686
11
2.8224999999999998
21
1.2296259842519686
0
LINE
8
BLACK
6
CONTINUOUS
10
2.8224999999999998
20
1.2296259842519686
11
2.8194867322834645
21
1.2302253543307087
0
LINE
8
BLACK
6
CONTINUOUS
10
2.8194867322834645
20
1.2302253543307087
11
2.8169322440944882
21
1.2319322440944882
0
LINE
8
BLACK
6
CONTINUOUS
10
2.8169322440944882
20
1.2319322440944882
11
2.8152253543307086
21
1.2344867322834645
0
LINE
8
BLACK
6
CONTINUOUS
10
2.8152253543307086
20
1.2344867322834645
11
2.8146259842519683
21
1.2375
0
LINE
8
BLACK
6
CONTINUOUS
10
2.8146259842519683
20
1.2375
11
2.8146259842519683
21
1.2725
0
LINE
8
BLACK
6
CONTINUOUS
10
2.8146259842519683
20
1.2725
11
2.8152253543307086
21
1.2755132677165355
0
LINE
8
BLACK
6
CONTINUOUS
10
2.8152253543307086
20
1.2755132677165355
11
2.8169322440944882
21
1.2780677559055118
0
LINE
8
BLACK
6
CONTINUOUS
10
2.8169322440944882
20
1.2780677559055118
11
2.8194867322834645
21
1.2797746456692913
0
LINE
8
BLACK
6
CONTINUOUS
10
2.8194867322834645
20
1.2797746456692913
11
2.8224999999999998
21
1.2803740157480314
0
LINE
8
BLACK
6
CONTINUOUS
10
2.8224999999999998
20
1.2803740157480314
11
2.8774999999999999
21
1.2803740157480314
0
LINE
8
BLACK
6
CONTINUOUS
10
2.8774999999999999
20
1.2803740157480314
11
2.8805132677165353
21
1.2797746456692913
0
LINE
8
BLACK
6
CONTINUOUS
10
1.2468124803149605
20
1.2870384251968503
11
1.249366968503937
21
1.2853315354330708
0
LINE
8
BLACK
6
CONTINUOUS
10
1.249366968503937
20
1.2853315354330708
11
1.2510738582677166
21
1.2827770472440945
0
LINE
8
BLACK
6
CONTINUOUS
10
1.2510738582677166
20
1.2827770472440945
11
1.2516732283464567
21
1.2797637795275589
0
LINE
8
BLACK
6
CONTINUOUS
10
1.2516732283464567
20
1.2797637795275589
11
1.2516732283464567
21
1.244763779527559
0
LINE
8
BLACK
6
CONTINUOUS
10
1.2516732283464567
20
1.244763779527559
11
1.2510738582677166
21
1.2417505118110237
0
LINE
8
BLACK
6
CONTINUOUS
10
1.2510738582677166
20
1.2417505118110237
11
1.249366968503937
21
1.2391960236220472
0
LINE
8
BLACK
6
CONTINUOUS
10
1.249366968503937
20
1.2391960236220472
11
1.2468124803149605
21
1.2374891338582676
0
LINE
8
BLACK
6
CONTINUOUS
10
1.2468124803149605
20
1.2374891338582676
11
1.2437992125984252
21
1.2368897637795275
0
LINE
8
BLACK
6
CONTINUOUS
10
1.2437992125984252
20
1.2368897637795275
11
1.1887992125984252
21
1.2368897637795275
0
LINE
8
BLACK
6
CONTINUOUS
10
1.1887992125984252
20
1.2368897637795275
11
1.1857859448818897
21
1.2374891338582676
0
LINE
8
BLACK
6
CONTINUOUS
10
1.1857859448818897
20
1.2374891338582676
11
1.1832314566929134
21
1.2391960236220472
0
LINE
8
BLACK
6
CONTINUOUS
10
1.1832314566929134
20
1.2391960236220472
11
1.1815245669291339
21
1.2417505118110237
0
LINE
8
BLACK
6
CONTINUOUS
10
1.1815245669291339
20
1.2417505118110237
11
1.1809251968503938
21
1.244763779527559
0
LINE
8
BLACK
6
CONTINUOUS
10
1.1809251968503938
20
1.244763779527559
11
1.1809251968503938
21
1.2797637795275589
0
LINE
8
BLACK
6
CONTINUOUS
10
1.1809251968503938
20
1.2797637795275589
11
1.1815245669291339
21
1.2827770472440945
0
LINE
8
BLACK
6
CONTINUOUS
10
1.1815245669291339
20
1.2827770472440945
11
1.1832314566929134
21
1.2853315354330708
0
LINE
8
BLACK
6
CONTINUOUS
10
1.1832314566929134
20
1.2853315354330708
11
1.1857859448818897
21
1.2870384251968503
0
LINE
8
BLACK
6
CONTINUOUS
10
1.1857859448818897
20
1.2870384251968503
11
1.1887992125984252
21
1.2876377952755904
0
LINE
8
BLACK
6
CONTINUOUS
10
1.1887992125984252
20
1.2876377952755904
11
1.2437992125984252
21
1.2876377952755904
0
LINE
8
BLACK
6
CONTINUOUS
10
1.2437992125984252
20
1.2876377952755904
11
1.2468124803149605
21
1.2870384251968503
0
LINE
8
BLACK
6
CONTINUOUS
10
1.3368124803149606
20
1.2870384251968503
11
1.3393669685039369
21
1.2853315354330708
0
LINE
8
BLACK
6
CONTINUOUS
10
1.3393669685039369
20
1.2853315354330708
11
1.3410738582677164
21
1.2827770472440945
0
LINE
8
BLACK
6
CONTINUOUS
10
1.3410738582677164
20
1.2827770472440945
11
1.3416732283464567
21
1.2797637795275589
0
LINE
8
BLACK
6
CONTINUOUS
10
1.3416732283464567
20
1.2797637795275589
11
1.3416732283464567
21
1.244763779527559
0
LINE
8
BLACK
6
CONTINUOUS
10
1.3416732283464567
20
1.244763779527559
11
1.3410738582677164
21
1.2417505118110237
0
LINE
8
BLACK
6
CONTINUOUS
10
1.3410738582677164
20
1.2417505118110237
11
1.3393669685039369
21
1.2391960236220472
0
LINE
8
BLACK
6
CONTINUOUS
10
1.3393669685039369
20
1.2391960236220472
11
1.3368124803149606
21
1.2374891338582676
0
LINE
8
BLACK
6
CONTINUOUS
10
1.3368124803149606
20
1.2374891338582676
11
1.3337992125984253
21
1.2368897637795275
0
LINE
8
BLACK
6
CONTINUOUS
10
1.3337992125984253
20
1.2368897637795275
11
1.2787992125984251
21
1.2368897637795275
0
LINE
8
BLACK
6
CONTINUOUS
10
1.2787992125984251
20
1.2368897637795275
11
1.2757859448818898
21
1.2374891338582676
0
LINE
8
BLACK
6
CONTINUOUS
10
1.2757859448818898
20
1.2374891338582676
11
1.2732314566929133
21
1.2391960236220472
0
LINE
8
BLACK
6
CONTINUOUS
10
1.2732314566929133
20
1.2391960236220472
11
1.2715245669291337
21
1.2417505118110237
0
LINE
8
BLACK
6
CONTINUOUS
10
1.2715245669291337
20
1.2417505118110237
11
1.2709251968503936
21
1.244763779527559
0
LINE
8
BLACK
6
CONTINUOUS
10
1.2709251968503936
20
1.244763779527559
11
1.2709251968503936
21
1.2797637795275589
0
LINE
8
BLACK
6
CONTINUOUS
10
1.2709251968503936
20
1.2797637795275589
11
1.2715245669291337
21
1.2827770472440945
0
LINE
8
BLACK
6
CONTINUOUS
10
1.2715245669291337
20
1.2827770472440945
11
1.2732314566929133
21
1.2853315354330708
0
LINE
8
BLACK
6
CONTINUOUS
10
1.2732314566929133
20
1.2853315354330708
11
1.2757859448818898
21
1.2870384251968503
0
LINE
8
BLACK
6
CONTINUOUS
10
1.2757859448818898
20
1.2870384251968503
11
1.2787992125984251
21
1.2876377952755904
0
LINE
8
BLACK
6
CONTINUOUS
10
1.2787992125984251
20
1.2876377952755904
11
1.3337992125984253
21
1.2876377952755904
0
LINE
8
BLACK
6
CONTINUOUS
10
1.3337992125984253
20
1.2876377952755904
11
1.3368124803149606
21
1.2870384251968503
0
LINE
8
BLACK
6
CONTINUOUS
10
1.4268124803149607
20
1.2870384251968503
11
1.429366968503937
21
1.2853315354330708
0
LINE
8
BLACK
6
CONTINUOUS
10
1.429366968503937
20
1.2853315354330708
11
1.4310738582677165
21
1.2827770472440945
0
LINE
8
BLACK
6
CONTINUOUS
10
1.4310738582677165
20
1.2827770472440945
11
1.4316732283464566
21
1.2797637795275589
0
LINE
8
BLACK
6
CONTINUOUS
10
1.4316732283464566
20
1.2797637795275589
11
1.4316732283464566
21
1.244763779527559
0
LINE
8
BLACK
6
CONTINUOUS
10
1.4316732283464566
20
1.244763779527559
11
1.4310738582677165
21
1.2417505118110237
0
LINE
8
BLACK
6
CONTINUOUS
10
1.4310738582677165
20
1.2417505118110237
11
1.429366968503937
21
1.2391960236220472
0
LINE
8
BLACK
6
CONTINUOUS
10
1.429366968503937
20
1.2391960236220472
11
1.4268124803149607
21
1.2374891338582676
0
LINE
8
BLACK
6
CONTINUOUS
10
1.4268124803149607
20
1.2374891338582676
11
1.4237992125984251
21
1.2368897637795275
0
LINE
8
BLACK
6
CONTINUOUS
10
1.4237992125984251
20
1.2368897637795275
11
1.3687992125984252
21
1.2368897637795275
0
LINE
8
BLACK
6
CONTINUOUS
10
1.3687992125984252
20
1.2368897637795275
11
1.3657859448818896
21
1.2374891338582676
0
LINE
8
BLACK
6
CONTINUOUS
10
1.3657859448818896
20
1.2374891338582676
11
1.3632314566929133
21
1.2391960236220472
0
LINE
8
BLACK
6
CONTINUOUS
10
1.3632314566929133
20
1.2391960236220472
11
1.3615245669291338
21
1.2417505118110237
0
LINE
8
BLACK
6
CONTINUOUS
10
1.3615245669291338
20
1.2417505118110237
11
1.3609251968503937
21
1.244763779527559
0
LINE
8
BLACK
6
CONTINUOUS
10
1.3609251968503937
20
1.244763779527559
11
1.3609251968503937
21
1.2797637795275589
0
LINE
8
BLACK
6
CONTINUOUS
10
1.3609251968503937
20
1.2797637795275589
11
1.3615245669291338
21
1.2827770472440945
0
LINE
8
BLACK
6
CONTINUOUS
10
1.3615245669291338
20
1.2827770472440945
11
1.3632314566929133
21
1.2853315354330708
0
LINE
8
BLACK
6
CONTINUOUS
10
1.3632314566929133
20
1.2853315354330708
11
1.3657859448818896
21
1.2870384251968503
0
LINE
8
BLACK
6
CONTINUOUS
10
1.3657859448818896
20
1.2870384251968503
11
1.3687992125984252
21
1.2876377952755904
0
LINE
8
BLACK
6
CONTINUOUS
10
1.3687992125984252
20
1.2876377952755904
11
1.4237992125984251
21
1.2876377952755904
0
LINE
8
BLACK
6
CONTINUOUS
10
1.4237992125984251
20
1.2876377952755904
11
1.4268124803149607
21
1.2870384251968503
0
LINE
8
BLACK
6
CONTINUOUS
10
2.9630132677165353
20
1.3522746456692913
11
2.9655677559055116
21
1.3505677559055118
0
LINE
8
BLACK
6
CONTINUOUS
10
2.9655677559055116
20
1.3505677559055118
11
2.9672746456692911
21
1.3480132677165355
0
LINE
8
BLACK
6
CONTINUOUS
10
2.9672746456692911
20
1.3480132677165355
11
2.9678740157480314
21
1.345
0
LINE
8
BLACK
6
CONTINUOUS
10
2.9678740157480314
20
1.345
11
2.9678740157480314
21
1.2449999999999999
0
LINE
8
BLACK
6
CONTINUOUS
10
2.9678740157480314
20
1.2449999999999999
11
2.9672746456692911
21
1.2419867322834646
0
LINE
8
BLACK
6
CONTINUOUS
10
2.9672746456692911
20
1.2419867322834646
11
2.9655677559055116
21
1.2394322440944883
0
LINE
8
BLACK
6
CONTINUOUS
10
2.9655677559055116
20
1.2394322440944883
11
2.9630132677165353
21
1.2377253543307087
0
LINE
8
BLACK
6
CONTINUOUS
10
2.9630132677165353
20
1.2377253543307087
11
2.96
21
1.2371259842519684
0
LINE
8
BLACK
6
CONTINUOUS
10
2.96
20
1.2371259842519684
11
2.9100000000000001
21
1.2371259842519684
0
LINE
8
BLACK
6
CONTINUOUS
10
2.9100000000000001
20
1.2371259842519684
11
2.9069867322834644
21
1.2377253543307087
0
LINE
8
BLACK
6
CONTINUOUS
10
2.9069867322834644
20
1.2377253543307087
11
2.9044322440944881
21
1.2394322440944883
0
LINE
8
BLACK
6
CONTINUOUS
10
2.9044322440944881
20
1.2394322440944883
11
2.9027253543307086
21
1.2419867322834646
0
LINE
8
BLACK
6
CONTINUOUS
10
2.9027253543307086
20
1.2419867322834646
11
2.9021259842519682
21
1.2449999999999999
0
LINE
8
BLACK
6
CONTINUOUS
10
2.9021259842519682
20
1.2449999999999999
11
2.9021259842519682
21
1.345
0
LINE
8
BLACK
6
CONTINUOUS
10
2.9021259842519682
20
1.345
11
2.9027253543307086
21
1.3480132677165355
0
LINE
8
BLACK
6
CONTINUOUS
10
2.9027253543307086
20
1.3480132677165355
11
2.9044322440944881
21
1.3505677559055118
0
LINE
8
BLACK
6
CONTINUOUS
10
2.9044322440944881
20
1.3505677559055118
11
2.9069867322834644
21
1.3522746456692913
0
LINE
8
BLACK
6
CONTINUOUS
10
2.9069867322834644
20
1.3522746456692913
11
2.9100000000000001
21
1.3528740157480315
0
LINE
8
BLACK
6
CONTINUOUS
10
2.9100000000000001
20
1.3528740157480315
11
2.96
21
1.3528740157480315
0
LINE
8
BLACK
6
CONTINUOUS
10
2.96
20
1.3528740157480315
11
2.9630132677165353
21
1.3522746456692913
0
LINE
8
BLACK
6
CONTINUOUS
10
3.0830132677165354
20
1.3522746456692913
11
3.0855677559055117
21
1.3505677559055118
0
LINE
8
BLACK
6
CONTINUOUS
10
3.0855677559055117
20
1.3505677559055118
11
3.0872746456692912
21
1.3480132677165355
0
LINE
8
BLACK
6
CONTINUOUS
10
3.0872746456692912
20
1.3480132677165355
11
3.0878740157480316
21
1.345
0
LINE
8
BLACK
6
CONTINUOUS
10
3.0878740157480316
20
1.345
11
3.0878740157480316
21
1.2449999999999999
0
LINE
8
BLACK
6
CONTINUOUS
10
3.0878740157480316
20
1.2449999999999999
11
3.0872746456692912
21
1.2419867322834646
0
LINE
8
BLACK
6
CONTINUOUS
10
3.0872746456692912
20
1.2419867322834646
11
3.0855677559055117
21
1.2394322440944883
0
LINE
8
BLACK
6
CONTINUOUS
10
3.0855677559055117
20
1.2394322440944883
11
3.0830132677165354
21
1.2377253543307087
0
LINE
8
BLACK
6
CONTINUOUS
10
3.0830132677165354
20
1.2377253543307087
11
3.0800000000000001
21
1.2371259842519684
0
LINE
8
BLACK
6
CONTINUOUS
10
3.0800000000000001
20
1.2371259842519684
11
3.0299999999999998
21
1.2371259842519684
0
LINE
8
BLACK
6
CONTINUOUS
10
3.0299999999999998
20
1.2371259842519684
11
3.0269867322834645
21
1.2377253543307087
0
LINE
8
BLACK
6
CONTINUOUS
10
3.0269867322834645
20
1.2377253543307087
11
3.0244322440944882
21
1.2394322440944883
0
LINE
8
BLACK
6
CONTINUOUS
10
3.0244322440944882
20
1.2394322440944883
11
3.0227253543307087
21
1.2419867322834646
0
LINE
8
BLACK
6
CONTINUOUS
10
3.0227253543307087
20
1.2419867322834646
11
3.0221259842519683
21
1.2449999999999999
0
LINE
8
BLACK
6
CONTINUOUS
10
3.0221259842519683
20
1.2449999999999999
11
3.0221259842519683
21
1.345
0
LINE
8
BLACK
6
CONTINUOUS
10
3.0221259842519683
20
1.345
11
3.0227253543307087
21
1.3480132677165355
0
LINE
8
BLACK
6
CONTINUOUS
10
3.0227253543307087
20
1.3480132677165355
11
3.0244322440944882
21
1.3505677559055118
0
LINE
8
BLACK
6
CONTINUOUS
10
3.0244322440944882
20
1.3505677559055118
11
3.0269867322834645
21
1.3522746456692913
0
LINE
8
BLACK
6
CONTINUOUS
10
3.0269867322834645
20
1.3522746456692913
11
3.0299999999999998
21
1.3528740157480315
0
LINE
8
BLACK
6
CONTINUOUS
10
3.0299999999999998
20
1.3528740157480315
11
3.0800000000000001
21
1.3528740157480315
0
LINE
8
BLACK
6
CONTINUOUS
10
3.0800000000000001
20
1.3528740157480315
11
3.0830132677165354
21
1.3522746456692913
0
LINE
8
BLACK
6
CONTINUOUS
10
2.0955132677165356
20
1.2922746456692913
11
2.0980677559055119
21
1.2905677559055118
0
LINE
8
BLACK
6
CONTINUOUS
10
2.0980677559055119
20
1.2905677559055118
11
2.0997746456692914
21
1.2880132677165355
0
LINE
8
BLACK
6
CONTINUOUS
10
2.0997746456692914
20
1.2880132677165355
11
2.1003740157480313
21
1.2849999999999999
0
LINE
8
BLACK
6
CONTINUOUS
10
2.1003740157480313
20
1.2849999999999999
11
2.1003740157480313
21
1.25
0
LINE
8
BLACK
6
CONTINUOUS
10
2.1003740157480313
20
1.25
11
2.0997746456692914
21
1.2469867322834645
0
LINE
8
BLACK
6
CONTINUOUS
10
2.0997746456692914
20
1.2469867322834645
11
2.0980677559055119
21
1.2444322440944882
0
LINE
8
BLACK
6
CONTINUOUS
10
2.0980677559055119
20
1.2444322440944882
11
2.0955132677165356
21
1.2427253543307086
0
LINE
8
BLACK
6
CONTINUOUS
10
2.0955132677165356
20
1.2427253543307086
11
2.0924999999999998
21
1.2421259842519685
0
LINE
8
BLACK
6
CONTINUOUS
10
2.0924999999999998
20
1.2421259842519685
11
2.0375000000000001
21
1.2421259842519685
0
LINE
8
BLACK
6
CONTINUOUS
10
2.0375000000000001
20
1.2421259842519685
11
2.0344867322834643
21
1.2427253543307086
0
LINE
8
BLACK
6
CONTINUOUS
10
2.0344867322834643
20
1.2427253543307086
11
2.031932244094488
21
1.2444322440944882
0
LINE
8
BLACK
6
CONTINUOUS
10
2.031932244094488
20
1.2444322440944882
11
2.0302253543307085
21
1.2469867322834645
0
LINE
8
BLACK
6
CONTINUOUS
10
2.0302253543307085
20
1.2469867322834645
11
2.0296259842519686
21
1.25
0
LINE
8
BLACK
6
CONTINUOUS
10
2.0296259842519686
20
1.25
11
2.0296259842519686
21
1.2849999999999999
0
LINE
8
BLACK
6
CONTINUOUS
10
2.0296259842519686
20
1.2849999999999999
11
2.0302253543307085
21
1.2880132677165355
0
LINE
8
BLACK
6
CONTINUOUS
10
2.0302253543307085
20
1.2880132677165355
11
2.031932244094488
21
1.2905677559055118
0
LINE
8
BLACK
6
CONTINUOUS
10
2.031932244094488
20
1.2905677559055118
11
2.0344867322834643
21
1.2922746456692913
0
LINE
8
BLACK
6
CONTINUOUS
10
2.0344867322834643
20
1.2922746456692913
11
2.0375000000000001
21
1.2928740157480314
0
LINE
8
BLACK
6
CONTINUOUS
10
2.0375000000000001
20
1.2928740157480314
11
2.0924999999999998
21
1.2928740157480314
0
LINE
8
BLACK
6
CONTINUOUS
10
2.0924999999999998
20
1.2928740157480314
11
2.0955132677165356
21
1.2922746456692913
0
LINE
8
BLACK
6
CONTINUOUS
10
1.8573833464566929
20
1.4375502362204724
11
1.8599378346456692
21
1.4358433464566929
0
LINE
8
BLACK
6
CONTINUOUS
10
1.8599378346456692
20
1.4358433464566929
11
1.8616447244094487
21
1.4332888582677166
0
LINE
8
BLACK
6
CONTINUOUS
10
1.8616447244094487
20
1.4332888582677166
11
1.8622440944881888
21
1.430275590551181
0
LINE
8
BLACK
6
CONTINUOUS
10
1.8622440944881888
20
1.430275590551181
11
1.8622440944881888
21
1.2806692913385826
0
LINE
8
BLACK
6
CONTINUOUS
10
1.8622440944881888
20
1.2806692913385826
11
1.8616447244094487
21
1.2776560236220471
0
LINE
8
BLACK
6
CONTINUOUS
10
1.8616447244094487
20
1.2776560236220471
11
1.8599378346456692
21
1.2751015354330708
0
LINE
8
BLACK
6
CONTINUOUS
10
1.8599378346456692
20
1.2751015354330708
11
1.8573833464566929
21
1.2733946456692913
0
LINE
8
BLACK
6
CONTINUOUS
10
1.8573833464566929
20
1.2733946456692913
11
1.8543700787401574
21
1.2727952755905512
0
LINE
8
BLACK
6
CONTINUOUS
10
1.8543700787401574
20
1.2727952755905512
11
1.8149999999999999
21
1.2727952755905512
0
LINE
8
BLACK
6
CONTINUOUS
10
1.8149999999999999
20
1.2727952755905512
11
1.8119867322834646
21
1.2733946456692913
0
LINE
8
BLACK
6
CONTINUOUS
10
1.8119867322834646
20
1.2733946456692913
11
1.8094322440944881
21
1.2751015354330708
0
LINE
8
BLACK
6
CONTINUOUS
10
1.8094322440944881
20
1.2751015354330708
11
1.8077253543307086
21
1.2776560236220471
0
LINE
8
BLACK
6
CONTINUOUS
10
1.8077253543307086
20
1.2776560236220471
11
1.8071259842519685
21
1.2806692913385826
0
LINE
8
BLACK
6
CONTINUOUS
10
1.8071259842519685
20
1.2806692913385826
11
1.8071259842519685
21
1.430275590551181
0
LINE
8
BLACK
6
CONTINUOUS
10
1.8071259842519685
20
1.430275590551181
11
1.8077253543307086
21
1.4332888582677166
0
LINE
8
BLACK
6
CONTINUOUS
10
1.8077253543307086
20
1.4332888582677166
11
1.8094322440944881
21
1.4358433464566929
0
LINE
8
BLACK
6
CONTINUOUS
10
1.8094322440944881
20
1.4358433464566929
11
1.8119867322834646
21
1.4375502362204724
0
LINE
8
BLACK
6
CONTINUOUS
10
1.8119867322834646
20
1.4375502362204724
11
1.8149999999999999
21
1.4381496062992125
0
LINE
8
BLACK
6
CONTINUOUS
10
1.8149999999999999
20
1.4381496062992125
11
1.8543700787401574
21
1.4381496062992125
0
LINE
8
BLACK
6
CONTINUOUS
10
1.8543700787401574
20
1.4381496062992125
11
1.8573833464566929
21
1.4375502362204724
0
LINE
8
BLACK
6
CONTINUOUS
10
3.5817927952755904
20
1.4375502362204724
11
3.5843472834645667
21
1.4358433464566929
0
LINE
8
BLACK
6
CONTINUOUS
10
3.5843472834645667
20
1.4358433464566929
11
3.5860541732283462
21
1.4332888582677166
0
LINE
8
BLACK
6
CONTINUOUS
10
3.5860541732283462
20
1.4332888582677166
11
3.5866535433070865
21
1.430275590551181
0
LINE
8
BLACK
6
CONTINUOUS
10
3.5866535433070865
20
1.430275590551181
11
3.5866535433070865
21
1.2806692913385826
0
LINE
8
BLACK
6
CONTINUOUS
10
3.5866535433070865
20
1.2806692913385826
11
3.5860541732283462
21
1.2776560236220471
0
LINE
8
BLACK
6
CONTINUOUS
10
3.5860541732283462
20
1.2776560236220471
11
3.5843472834645667
21
1.2751015354330708
0
LINE
8
BLACK
6
CONTINUOUS
10
3.5843472834645667
20
1.2751015354330708
11
3.5817927952755904
21
1.2733946456692913
0
LINE
8
BLACK
6
CONTINUOUS
10
3.5817927952755904
20
1.2733946456692913
11
3.578779527559055
21
1.2727952755905512
0
LINE
8
BLACK
6
CONTINUOUS
10
3.578779527559055
20
1.2727952755905512
11
3.5394094488188976
21
1.2727952755905512
0
LINE
8
BLACK
6
CONTINUOUS
10
3.5394094488188976
20
1.2727952755905512
11
3.5363961811023623
21
1.2733946456692913
0
LINE
8
BLACK
6
CONTINUOUS
10
3.5363961811023623
20
1.2733946456692913
11
3.5338416929133856
21
1.2751015354330708
0
LINE
8
BLACK
6
CONTINUOUS
10
3.5338416929133856
20
1.2751015354330708
11
3.532134803149606
21
1.2776560236220471
0
LINE
8
BLACK
6
CONTINUOUS
10
3.532134803149606
20
1.2776560236220471
11
3.5315354330708661
21
1.2806692913385826
0
LINE
8
BLACK
6
CONTINUOUS
10
3.5315354330708661
20
1.2806692913385826
11
3.5315354330708661
21
1.430275590551181
0
LINE
8
BLACK
6
CONTINUOUS
10
3.5315354330708661
20
1.430275590551181
11
3.532134803149606
21
1.4332888582677166
0
LINE
8
BLACK
6
CONTINUOUS
10
3.532134803149606
20
1.4332888582677166
11
3.5338416929133856
21
1.4358433464566929
0
LINE
8
BLACK
6
CONTINUOUS
10
3.5338416929133856
20
1.4358433464566929
11
3.5363961811023623
21
1.4375502362204724
0
LINE
8
BLACK
6
CONTINUOUS
10
3.5363961811023623
20
1.4375502362204724
11
3.5394094488188976
21
1.4381496062992125
0
LINE
8
BLACK
6
CONTINUOUS
10
3.5394094488188976
20
1.4381496062992125
11
3.578779527559055
21
1.4381496062992125
0
LINE
8
BLACK
6
CONTINUOUS
10
3.578779527559055
20
1.4381496062992125
11
3.5817927952755904
21
1.4375502362204724
0
LINE
8
BLACK
6
CONTINUOUS
10
0.0610447637795276
20
1.439951811023622
11
0.0635992519685039
21
1.4382449212598425
0
LINE
8
BLACK
6
CONTINUOUS
10
0.0635992519685039
20
1.4382449212598425
11
0.0653061417322835
21
1.4356904330708662
0
LINE
8
BLACK
6
CONTINUOUS
10
0.0653061417322835
20
1.4356904330708662
11
0.0659055118110236
21
1.4326771653543307
0
LINE
8
BLACK
6
CONTINUOUS
10
0.0659055118110236
20
1.4326771653543307
11
0.0659055118110236
21
1.2830708661417323
0
LINE
8
BLACK
6
CONTINUOUS
10
0.0659055118110236
20
1.2830708661417323
11
0.0653061417322835
21
1.2800575984251967
0
LINE
8
BLACK
6
CONTINUOUS
10
0.0653061417322835
20
1.2800575984251967
11
0.0635992519685039
21
1.2775031102362204
0
LINE
8
BLACK
6
CONTINUOUS
10
0.0635992519685039
20
1.2775031102362204
11
0.0610447637795276
21
1.2757962204724409
0
LINE
8
BLACK
6
CONTINUOUS
10
0.0610447637795276
20
1.2757962204724409
11
0.0580314960629921
21
1.2751968503937008
0
LINE
8
BLACK
6
CONTINUOUS
10
0.0580314960629921
20
1.2751968503937008
11
0.0186614173228346
21
1.2751968503937008
0
LINE
8
BLACK
6
CONTINUOUS
10
0.0186614173228346
20
1.2751968503937008
11
0.0156481496062992
21
1.2757962204724409
0
LINE
8
BLACK
6
CONTINUOUS
10
0.0156481496062992
20
1.2757962204724409
11
0.0130936614173228
21
1.2775031102362204
0
LINE
8
BLACK
6
CONTINUOUS
10
0.0130936614173228
20
1.2775031102362204
11
0.0113867716535433
21
1.2800575984251967
0
LINE
8
BLACK
6
CONTINUOUS
10
0.0113867716535433
20
1.2800575984251967
11
0.0107874015748031
21
1.2830708661417323
0
LINE
8
BLACK
6
CONTINUOUS
10
0.0107874015748031
20
1.2830708661417323
11
0.0107874015748031
21
1.4326771653543307
0
LINE
8
BLACK
6
CONTINUOUS
10
0.0107874015748031
20
1.4326771653543307
11
0.0113867716535433
21
1.4356904330708662
0
LINE
8
BLACK
6
CONTINUOUS
10
0.0113867716535433
20
1.4356904330708662
11
0.0130936614173228
21
1.4382449212598425
0
LINE
8
BLACK
6
CONTINUOUS
10
0.0130936614173228
20
1.4382449212598425
11
0.0156481496062992
21
1.439951811023622
0
LINE
8
BLACK
6
CONTINUOUS
10
0.0156481496062992
20
1.439951811023622
11
0.0186614173228346
21
1.4405511811023621
0
LINE
8
BLACK
6
CONTINUOUS
10
0.0186614173228346
20
1.4405511811023621
11
0.0580314960629921
21
1.4405511811023621
0
LINE
8
BLACK
6
CONTINUOUS
10
0.0580314960629921
20
1.4405511811023621
11
0.0610447637795276
21
1.439951811023622
0
LINE
8
BLACK
6
CONTINUOUS
10
1.7854542125984252
20
1.439951811023622
11
1.7880087007874015
21
1.4382449212598425
0
LINE
8
BLACK
6
CONTINUOUS
10
1.7880087007874015
20
1.4382449212598425
11
1.789715590551181
21
1.4356904330708662
0
LINE
8
BLACK
6
CONTINUOUS
10
1.789715590551181
20
1.4356904330708662
11
1.7903149606299211
21
1.4326771653543307
0
LINE
8
BLACK
6
CONTINUOUS
10
1.7903149606299211
20
1.4326771653543307
11
1.7903149606299211
21
1.2830708661417323
0
LINE
8
BLACK
6
CONTINUOUS
10
1.7903149606299211
20
1.2830708661417323
11
1.789715590551181
21
1.2800575984251967
0
LINE
8
BLACK
6
CONTINUOUS
10
1.789715590551181
20
1.2800575984251967
11
1.7880087007874015
21
1.2775031102362204
0
LINE
8
BLACK
6
CONTINUOUS
10
1.7880087007874015
20
1.2775031102362204
11
1.7854542125984252
21
1.2757962204724409
0
LINE
8
BLACK
6
CONTINUOUS
10
1.7854542125984252
20
1.2757962204724409
11
1.7824409448818896
21
1.2751968503937008
0
LINE
8
BLACK
6
CONTINUOUS
10
1.7824409448818896
20
1.2751968503937008
11
1.7430708661417322
21
1.2751968503937008
0
LINE
8
BLACK
6
CONTINUOUS
10
1.7430708661417322
20
1.2751968503937008
11
1.7400575984251969
21
1.2757962204724409
0
LINE
8
BLACK
6
CONTINUOUS
10
1.7400575984251969
20
1.2757962204724409
11
1.7375031102362204
21
1.2775031102362204
0
LINE
8
BLACK
6
CONTINUOUS
10
1.7375031102362204
20
1.2775031102362204
11
1.7357962204724409
21
1.2800575984251967
0
LINE
8
BLACK
6
CONTINUOUS
10
1.7357962204724409
20
1.2800575984251967
11
1.7351968503937008
21
1.2830708661417323
0
LINE
8
BLACK
6
CONTINUOUS
10
1.7351968503937008
20
1.2830708661417323
11
1.7351968503937008
21
1.4326771653543307
0
LINE
8
BLACK
6
CONTINUOUS
10
1.7351968503937008
20
1.4326771653543307
11
1.7357962204724409
21
1.4356904330708662
0
LINE
8
BLACK
6
CONTINUOUS
10
1.7357962204724409
20
1.4356904330708662
11
1.7375031102362204
21
1.4382449212598425
0
LINE
8
BLACK
6
CONTINUOUS
10
1.7375031102362204
20
1.4382449212598425
11
1.7400575984251969
21
1.439951811023622
0
LINE
8
BLACK
6
CONTINUOUS
10
1.7400575984251969
20
1.439951811023622
11
1.7430708661417322
21
1.4405511811023621
0
LINE
8
BLACK
6
CONTINUOUS
10
1.7430708661417322
20
1.4405511811023621
11
1.7824409448818896
21
1.4405511811023621
0
LINE
8
BLACK
6
CONTINUOUS
10
1.7824409448818896
20
1.4405511811023621
11
1.7854542125984252
21
1.439951811023622
0
LINE
8
BLACK
6
CONTINUOUS
10
3.3780132677165353
20
1.3572746456692912
11
3.3805677559055116
21
1.3555677559055117
0
LINE
8
BLACK
6
CONTINUOUS
10
3.3805677559055116
20
1.3555677559055117
11
3.3822746456692911
21
1.3530132677165354
0
LINE
8
BLACK
6
CONTINUOUS
10
3.3822746456692911
20
1.3530132677165354
11
3.3828740157480315
21
1.3499999999999999
0
LINE
8
BLACK
6
CONTINUOUS
10
3.3828740157480315
20
1.3499999999999999
11
3.3828740157480315
21
1.29
0
LINE
8
BLACK
6
CONTINUOUS
10
3.3828740157480315
20
1.29
11
3.3822746456692911
21
1.2869867322834645
0
LINE
8
BLACK
6
CONTINUOUS
10
3.3822746456692911
20
1.2869867322834645
11
3.3805677559055116
21
1.2844322440944882
0
LINE
8
BLACK
6
CONTINUOUS
10
3.3805677559055116
20
1.2844322440944882
11
3.3780132677165353
21
1.2827253543307087
0
LINE
8
BLACK
6
CONTINUOUS
10
3.3780132677165353
20
1.2827253543307087
11
3.375
21
1.2821259842519686
0
LINE
8
BLACK
6
CONTINUOUS
10
3.375
20
1.2821259842519686
11
3.3149999999999999
21
1.2821259842519686
0
LINE
8
BLACK
6
CONTINUOUS
10
3.3149999999999999
20
1.2821259842519686
11
3.3119867322834646
21
1.2827253543307087
0
LINE
8
BLACK
6
CONTINUOUS
10
3.3119867322834646
20
1.2827253543307087
11
3.3094322440944883
21
1.2844322440944882
0
LINE
8
BLACK
6
CONTINUOUS
10
3.3094322440944883
20
1.2844322440944882
11
3.3077253543307088
21
1.2869867322834645
0
LINE
8
BLACK
6
CONTINUOUS
10
3.3077253543307088
20
1.2869867322834645
11
3.3071259842519685
21
1.29
0
LINE
8
BLACK
6
CONTINUOUS
10
3.3071259842519685
20
1.29
11
3.3071259842519685
21
1.3499999999999999
0
LINE
8
BLACK
6
CONTINUOUS
10
3.3071259842519685
20
1.3499999999999999
11
3.3077253543307088
21
1.3530132677165354
0
LINE
8
BLACK
6
CONTINUOUS
10
3.3077253543307088
20
1.3530132677165354
11
3.3094322440944883
21
1.3555677559055117
0
LINE
8
BLACK
6
CONTINUOUS
10
3.3094322440944883
20
1.3555677559055117
11
3.3119867322834646
21
1.3572746456692912
0
LINE
8
BLACK
6
CONTINUOUS
10
3.3119867322834646
20
1.3572746456692912
11
3.3149999999999999
21
1.3578740157480316
0
LINE
8
BLACK
6
CONTINUOUS
10
3.3149999999999999
20
1.3578740157480316
11
3.375
21
1.3578740157480316
0
LINE
8
BLACK
6
CONTINUOUS
10
3.375
20
1.3578740157480316
11
3.3780132677165353
21
1.3572746456692912
0
LINE
8
BLACK
6
CONTINUOUS
10
3.4780132677165354
20
1.3572746456692912
11
3.4805677559055117
21
1.3555677559055117
0
LINE
8
BLACK
6
CONTINUOUS
10
3.4805677559055117
20
1.3555677559055117
11
3.4822746456692912
21
1.3530132677165354
0
LINE
8
BLACK
6
CONTINUOUS
10
3.4822746456692912
20
1.3530132677165354
11
3.4828740157480316
21
1.3499999999999999
0
LINE
8
BLACK
6
CONTINUOUS
10
3.4828740157480316
20
1.3499999999999999
11
3.4828740157480316
21
1.29
0
LINE
8
BLACK
6
CONTINUOUS
10
3.4828740157480316
20
1.29
11
3.4822746456692912
21
1.2869867322834645
0
LINE
8
BLACK
6
CONTINUOUS
10
3.4822746456692912
20
1.2869867322834645
11
3.4805677559055117
21
1.2844322440944882
0
LINE
8
BLACK
6
CONTINUOUS
10
3.4805677559055117
20
1.2844322440944882
11
3.4780132677165354
21
1.2827253543307087
0
LINE
8
BLACK
6
CONTINUOUS
10
3.4780132677165354
20
1.2827253543307087
11
3.4750000000000001
21
1.2821259842519686
0
LINE
8
BLACK
6
CONTINUOUS
10
3.4750000000000001
20
1.2821259842519686
11
3.415
21
1.2821259842519686
0
LINE
8
BLACK
6
CONTINUOUS
10
3.415
20
1.2821259842519686
11
3.4119867322834643
21
1.2827253543307087
0
LINE
8
BLACK
6
CONTINUOUS
10
3.4119867322834643
20
1.2827253543307087
11
3.409432244094488
21
1.2844322440944882
0
LINE
8
BLACK
6
CONTINUOUS
10
3.409432244094488
20
1.2844322440944882
11
3.4077253543307084
21
1.2869867322834645
0
LINE
8
BLACK
6
CONTINUOUS
10
3.4077253543307084
20
1.2869867322834645
11
3.4071259842519686
21
1.29
0
LINE
8
BLACK
6
CONTINUOUS
10
3.4071259842519686
20
1.29
11
3.4071259842519686
21
1.3499999999999999
0
LINE
8
BLACK
6
CONTINUOUS
10
3.4071259842519686
20
1.3499999999999999
11
3.4077253543307084
21
1.3530132677165354
0
LINE
8
BLACK
6
CONTINUOUS
10
3.4077253543307084
20
1.3530132677165354
11
3.409432244094488
21
1.3555677559055117
0
LINE
8
BLACK
6
CONTINUOUS
10
3.409432244094488
20
1.3555677559055117
11
3.4119867322834643
21
1.3572746456692912
0
LINE
8
BLACK
6
CONTINUOUS
10
3.4119867322834643
20
1.3572746456692912
11
3.415
21
1.3578740157480316
0
LINE
8
BLACK
6
CONTINUOUS
10
3.415
20
1.3578740157480316
11
3.4750000000000001
21
1.3578740157480316
0
LINE
8
BLACK
6
CONTINUOUS
10
3.4750000000000001
20
1.3578740157480316
11
3.4780132677165354
21
1.3572746456692912
0
LINE
8
BLACK
6
CONTINUOUS
10
1.6968715354330708
20
1.3472352755905512
11
1.6994260236220473
21
1.3455283858267717
0
LINE
8
BLACK
6
CONTINUOUS
10
1.6994260236220473
20
1.3455283858267717
11
1.7011329133858268
21
1.3429738976377952
0
LINE
8
BLACK
6
CONTINUOUS
10
1.7011329133858268
20
1.3429738976377952
11
1.701732283464567
21
1.3399606299212599
0
LINE
8
BLACK
6
CONTINUOUS
10
1.701732283464567
20
1.3399606299212599
11
1.701732283464567
21
1.3045669291338582
0
LINE
8
BLACK
6
CONTINUOUS
10
1.701732283464567
20
1.3045669291338582
11
1.7011329133858268
21
1.3015536614173229
0
LINE
8
BLACK
6
CONTINUOUS
10
1.7011329133858268
20
1.3015536614173229
11
1.6994260236220473
21
1.2989991732283463
0
LINE
8
BLACK
6
CONTINUOUS
10
1.6994260236220473
20
1.2989991732283463
11
1.6968715354330708
21
1.2972922834645668
0
LINE
8
BLACK
6
CONTINUOUS
10
1.6968715354330708
20
1.2972922834645668
11
1.6938582677165355
21
1.2966929133858267
0
LINE
8
BLACK
6
CONTINUOUS
10
1.6938582677165355
20
1.2966929133858267
11
1.6387401574803149
21
1.2966929133858267
0
LINE
8
BLACK
6
CONTINUOUS
10
1.6387401574803149
20
1.2966929133858267
11
1.6357268897637796
21
1.2972922834645668
0
LINE
8
BLACK
6
CONTINUOUS
10
1.6357268897637796
20
1.2972922834645668
11
1.633172401574803
21
1.2989991732283463
0
LINE
8
BLACK
6
CONTINUOUS
10
1.633172401574803
20
1.2989991732283463
11
1.6314655118110235
21
1.3015536614173229
0
LINE
8
BLACK
6
CONTINUOUS
10
1.6314655118110235
20
1.3015536614173229
11
1.6308661417322834
21
1.3045669291338582
0
LINE
8
BLACK
6
CONTINUOUS
10
1.6308661417322834
20
1.3045669291338582
11
1.6308661417322834
21
1.3399606299212599
0
LINE
8
BLACK
6
CONTINUOUS
10
1.6308661417322834
20
1.3399606299212599
11
1.6314655118110235
21
1.3429738976377952
0
LINE
8
BLACK
6
CONTINUOUS
10
1.6314655118110235
20
1.3429738976377952
11
1.633172401574803
21
1.3455283858267717
0
LINE
8
BLACK
6
CONTINUOUS
10
1.633172401574803
20
1.3455283858267717
11
1.6357268897637796
21
1.3472352755905512
0
LINE
8
BLACK
6
CONTINUOUS
10
1.6357268897637796
20
1.3472352755905512
11
1.6387401574803149
21
1.3478346456692913
0
LINE
8
BLACK
6
CONTINUOUS
10
1.6387401574803149
20
1.3478346456692913
11
1.6938582677165355
21
1.3478346456692913
0
LINE
8
BLACK
6
CONTINUOUS
10
1.6938582677165355
20
1.3478346456692913
11
1.6968715354330708
21
1.3472352755905512
0
LINE
8
BLACK
6
CONTINUOUS
10
0.8305132677165354
20
1.3472746456692912
11
0.8330677559055117
21
1.3455677559055117
0
LINE
8
BLACK
6
CONTINUOUS
10
0.8330677559055117
20
1.3455677559055117
11
0.8347746456692913
21
1.3430132677165354
0
LINE
8
BLACK
6
CONTINUOUS
10
0.8347746456692913
20
1.3430132677165354
11
0.8353740157480315
21
1.3400000000000001
0
LINE
8
BLACK
6
CONTINUOUS
10
0.8353740157480315
20
1.3400000000000001
11
0.8353740157480315
21
1.3049999999999999
0
LINE
8
BLACK
6
CONTINUOUS
10
0.8353740157480315
20
1.3049999999999999
11
0.8347746456692913
21
1.3019867322834646
0
LINE
8
BLACK
6
CONTINUOUS
10
0.8347746456692913
20
1.3019867322834646
11
0.8330677559055117
21
1.2994322440944881
0
LINE
8
BLACK
6
CONTINUOUS
10
0.8330677559055117
20
1.2994322440944881
11
0.8305132677165354
21
1.2977253543307086
0
LINE
8
BLACK
6
CONTINUOUS
10
0.8305132677165354
20
1.2977253543307086
11
0.8275
21
1.2971259842519685
0
LINE
8
BLACK
6
CONTINUOUS
10
0.8275
20
1.2971259842519685
11
0.7725
21
1.2971259842519685
0
LINE
8
BLACK
6
CONTINUOUS
10
0.7725
20
1.2971259842519685
11
0.7694867322834645
21
1.2977253543307086
0
LINE
8
BLACK
6
CONTINUOUS
10
0.7694867322834645
20
1.2977253543307086
11
0.7669322440944881
21
1.2994322440944881
0
LINE
8
BLACK
6
CONTINUOUS
10
0.7669322440944881
20
1.2994322440944881
11
0.7652253543307086
21
1.3019867322834646
0
LINE
8
BLACK
6
CONTINUOUS
10
0.7652253543307086
20
1.3019867322834646
11
0.7646259842519685
21
1.3049999999999999
0
LINE
8
BLACK
6
CONTINUOUS
10
0.7646259842519685
20
1.3049999999999999
11
0.7646259842519685
21
1.3400000000000001
0
LINE
8
BLACK
6
CONTINUOUS
10
0.7646259842519685
20
1.3400000000000001
11
0.7652253543307086
21
1.3430132677165354
0
LINE
8
BLACK
6
CONTINUOUS
10
0.7652253543307086
20
1.3430132677165354
11
0.7669322440944881
21
1.3455677559055117
0
LINE
8
BLACK
6
CONTINUOUS
10
0.7669322440944881
20
1.3455677559055117
11
0.7694867322834645
21
1.3472746456692912
0
LINE
8
BLACK
6
CONTINUOUS
10
0.7694867322834645
20
1.3472746456692912
11
0.7725
21
1.3478740157480316
0
LINE
8
BLACK
6
CONTINUOUS
10
0.7725
20
1.3478740157480316
11
0.8275
21
1.3478740157480316
0
LINE
8
BLACK
6
CONTINUOUS
10
0.8275
20
1.3478740157480316
11
0.8305132677165354
21
1.3472746456692912
0
LINE
8
BLACK
6
CONTINUOUS
10
0.9105132677165354
20
1.3472746456692912
11
0.9130677559055118
21
1.3455677559055117
0
LINE
8
BLACK
6
CONTINUOUS
10
0.9130677559055118
20
1.3455677559055117
11
0.9147746456692913
21
1.3430132677165354
0
LINE
8
BLACK
6
CONTINUOUS
10
0.9147746456692913
20
1.3430132677165354
11
0.9153740157480315
21
1.3400000000000001
0
LINE
8
BLACK
6
CONTINUOUS
10
0.9153740157480315
20
1.3400000000000001
11
0.9153740157480315
21
1.3049999999999999
0
LINE
8
BLACK
6
CONTINUOUS
10
0.9153740157480315
20
1.3049999999999999
11
0.9147746456692913
21
1.3019867322834646
0
LINE
8
BLACK
6
CONTINUOUS
10
0.9147746456692913
20
1.3019867322834646
11
0.9130677559055118
21
1.2994322440944881
0
LINE
8
BLACK
6
CONTINUOUS
10
0.9130677559055118
20
1.2994322440944881
11
0.9105132677165354
21
1.2977253543307086
0
LINE
8
BLACK
6
CONTINUOUS
10
0.9105132677165354
20
1.2977253543307086
11
0.9075
21
1.2971259842519685
0
LINE
8
BLACK
6
CONTINUOUS
10
0.9075
20
1.2971259842519685
11
0.8525
21
1.2971259842519685
0
LINE
8
BLACK
6
CONTINUOUS
10
0.8525
20
1.2971259842519685
11
0.8494867322834645
21
1.2977253543307086
0
LINE
8
BLACK
6
CONTINUOUS
10
0.8494867322834645
20
1.2977253543307086
11
0.8469322440944882
21
1.2994322440944881
0
LINE
8
BLACK
6
CONTINUOUS
10
0.8469322440944882
20
1.2994322440944881
11
0.8452253543307087
21
1.3019867322834646
0
LINE
8
BLACK
6
CONTINUOUS
10
0.8452253543307087
20
1.3019867322834646
11
0.8446259842519684
21
1.3049999999999999
0
LINE
8
BLACK
6
CONTINUOUS
10
0.8446259842519684
20
1.3049999999999999
11
0.8446259842519684
21
1.3400000000000001
0
LINE
8
BLACK
6
CONTINUOUS
10
0.8446259842519684
20
1.3400000000000001
11
0.8452253543307087
21
1.3430132677165354
0
LINE
8
BLACK
6
CONTINUOUS
10
0.8452253543307087
20
1.3430132677165354
11
0.8469322440944882
21
1.3455677559055117
0
LINE
8
BLACK
6
CONTINUOUS
10
0.8469322440944882
20
1.3455677559055117
11
0.8494867322834645
21
1.3472746456692912
0
LINE
8
BLACK
6
CONTINUOUS
10
0.8494867322834645
20
1.3472746456692912
11
0.8525
21
1.3478740157480316
0
LINE
8
BLACK
6
CONTINUOUS
10
0.8525
20
1.3478740157480316
11
0.9075
21
1.3478740157480316
0
LINE
8
BLACK
6
CONTINUOUS
10
0.9075
20
1.3478740157480316
11
0.9105132677165354
21
1.3472746456692912
0
LINE
8
BLACK
6
CONTINUOUS
10
0.9905132677165354
20
1.3472746456692912
11
0.9930677559055118
21
1.3455677559055117
0
LINE
8
BLACK
6
CONTINUOUS
10
0.9930677559055118
20
1.3455677559055117
11
0.9947746456692913
21
1.3430132677165354
0
LINE
8
BLACK
6
CONTINUOUS
10
0.9947746456692913
20
1.3430132677165354
11
0.9953740157480315
21
1.3400000000000001
0
LINE
8
BLACK
6
CONTINUOUS
10
0.9953740157480315
20
1.3400000000000001
11
0.9953740157480315
21
1.3049999999999999
0
LINE
8
BLACK
6
CONTINUOUS
10
0.9953740157480315
20
1.3049999999999999
11
0.9947746456692913
21
1.3019867322834646
0
LINE
8
BLACK
6
CONTINUOUS
10
0.9947746456692913
20
1.3019867322834646
11
0.9930677559055118
21
1.2994322440944881
0
LINE
8
BLACK
6
CONTINUOUS
10
0.9930677559055118
20
1.2994322440944881
11
0.9905132677165354
21
1.2977253543307086
0
LINE
8
BLACK
6
CONTINUOUS
10
0.9905132677165354
20
1.2977253543307086
11
0.9874999999999999
21
1.2971259842519685
0
LINE
8
BLACK
6
CONTINUOUS
10
0.9874999999999999
20
1.2971259842519685
11
0.9325
21
1.2971259842519685
0
LINE
8
BLACK
6
CONTINUOUS
10
0.9325
20
1.2971259842519685
11
0.9294867322834646
21
1.2977253543307086
0
LINE
8
BLACK
6
CONTINUOUS
10
0.9294867322834646
20
1.2977253543307086
11
0.9269322440944882
21
1.2994322440944881
0
LINE
8
BLACK
6
CONTINUOUS
10
0.9269322440944882
20
1.2994322440944881
11
0.9252253543307086
21
1.3019867322834646
0
LINE
8
BLACK
6
CONTINUOUS
10
0.9252253543307086
20
1.3019867322834646
11
0.9246259842519685
21
1.3049999999999999
0
LINE
8
BLACK
6
CONTINUOUS
10
0.9246259842519685
20
1.3049999999999999
11
0.9246259842519685
21
1.3400000000000001
0
LINE
8
BLACK
6
CONTINUOUS
10
0.9246259842519685
20
1.3400000000000001
11
0.9252253543307086
21
1.3430132677165354
0
LINE
8
BLACK
6
CONTINUOUS
10
0.9252253543307086
20
1.3430132677165354
11
0.9269322440944882
21
1.3455677559055117
0
LINE
8
BLACK
6
CONTINUOUS
10
0.9269322440944882
20
1.3455677559055117
11
0.9294867322834646
21
1.3472746456692912
0
LINE
8
BLACK
6
CONTINUOUS
10
0.9294867322834646
20
1.3472746456692912
11
0.9325
21
1.3478740157480316
0
LINE
8
BLACK
6
CONTINUOUS
10
0.9325
20
1.3478740157480316
11
0.9874999999999999
21
1.3478740157480316
0
LINE
8
BLACK
6
CONTINUOUS
10
0.9874999999999999
20
1.3478740157480316
11
0.9905132677165354
21
1.3472746456692912
0
LINE
8
BLACK
6
CONTINUOUS
10
0.7405132677165354
20
1.3497746456692914
11
0.7430677559055118
21
1.3480677559055119
0
LINE
8
BLACK
6
CONTINUOUS
10
0.7430677559055118
20
1.3480677559055119
11
0.7447746456692913
21
1.3455132677165353
0
LINE
8
BLACK
6
CONTINUOUS
10
0.7447746456692913
20
1.3455132677165353
11
0.7453740157480315
21
1.3425
0
LINE
8
BLACK
6
CONTINUOUS
10
0.7453740157480315
20
1.3425
11
0.7453740157480315
21
1.3074999999999999
0
LINE
8
BLACK
6
CONTINUOUS
10
0.7453740157480315
20
1.3074999999999999
11
0.7447746456692913
21
1.3044867322834646
0
LINE
8
BLACK
6
CONTINUOUS
10
0.7447746456692913
20
1.3044867322834646
11
0.7430677559055118
21
1.3019322440944883
0
LINE
8
BLACK
6
CONTINUOUS
10
0.7430677559055118
20
1.3019322440944883
11
0.7405132677165354
21
1.3002253543307087
0
LINE
8
BLACK
6
CONTINUOUS
10
0.7405132677165354
20
1.3002253543307087
11
0.7374999999999999
21
1.2996259842519684
0
LINE
8
BLACK
6
CONTINUOUS
10
0.7374999999999999
20
1.2996259842519684
11
0.6825
21
1.2996259842519684
0
LINE
8
BLACK
6
CONTINUOUS
10
0.6825
20
1.2996259842519684
11
0.6794867322834646
21
1.3002253543307087
0
LINE
8
BLACK
6
CONTINUOUS
10
0.6794867322834646
20
1.3002253543307087
11
0.6769322440944882
21
1.3019322440944883
0
LINE
8
BLACK
6
CONTINUOUS
10
0.6769322440944882
20
1.3019322440944883
11
0.6752253543307086
21
1.3044867322834646
0
LINE
8
BLACK
6
CONTINUOUS
10
0.6752253543307086
20
1.3044867322834646
11
0.6746259842519685
21
1.3074999999999999
0
LINE
8
BLACK
6
CONTINUOUS
10
0.6746259842519685
20
1.3074999999999999
11
0.6746259842519685
21
1.3425
0
LINE
8
BLACK
6
CONTINUOUS
10
0.6746259842519685
20
1.3425
11
0.6752253543307086
21
1.3455132677165353
0
LINE
8
BLACK
6
CONTINUOUS
10
0.6752253543307086
20
1.3455132677165353
11
0.6769322440944882
21
1.3480677559055119
0
LINE
8
BLACK
6
CONTINUOUS
10
0.6769322440944882
20
1.3480677559055119
11
0.6794867322834646
21
1.3497746456692914
0
LINE
8
BLACK
6
CONTINUOUS
10
0.6794867322834646
20
1.3497746456692914
11
0.6825
21
1.3503740157480315
0
LINE
8
BLACK
6
CONTINUOUS
10
0.6825
20
1.3503740157480315
11
0.7374999999999999
21
1.3503740157480315
0
LINE
8
BLACK
6
CONTINUOUS
10
0.7374999999999999
20
1.3503740157480315
11
0.7405132677165354
21
1.3497746456692914
0
LINE
8
BLACK
6
CONTINUOUS
10
2.8805132677165353
20
1.3547746456692913
11
2.8830677559055116
21
1.3530677559055118
0
LINE
8
BLACK
6
CONTINUOUS
10
2.8830677559055116
20
1.3530677559055118
11
2.8847746456692911
21
1.3505132677165355
0
LINE
8
BLACK
6
CONTINUOUS
10
2.8847746456692911
20
1.3505132677165355
11
2.8853740157480314
21
1.3474999999999999
0
LINE
8
BLACK
6
CONTINUOUS
10
2.8853740157480314
20
1.3474999999999999
11
2.8853740157480314
21
1.3125
0
LINE
8
BLACK
6
CONTINUOUS
10
2.8853740157480314
20
1.3125
11
2.8847746456692911
21
1.3094867322834645
0
LINE
8
BLACK
6
CONTINUOUS
10
2.8847746456692911
20
1.3094867322834645
11
2.8830677559055116
21
1.3069322440944882
0
LINE
8
BLACK
6
CONTINUOUS
10
2.8830677559055116
20
1.3069322440944882
11
2.8805132677165353
21
1.3052253543307086
0
LINE
8
BLACK
6
CONTINUOUS
10
2.8805132677165353
20
1.3052253543307086
11
2.8774999999999999
21
1.3046259842519685
0
LINE
8
BLACK
6
CONTINUOUS
10
2.8774999999999999
20
1.3046259842519685
11
2.8224999999999998
21
1.3046259842519685
0
LINE
8
BLACK
6
CONTINUOUS
10
2.8224999999999998
20
1.3046259842519685
11
2.8194867322834645
21
1.3052253543307086
0
LINE
8
BLACK
6
CONTINUOUS
10
2.8194867322834645
20
1.3052253543307086
11
2.8169322440944882
21
1.3069322440944882
0
LINE
8
BLACK
6
CONTINUOUS
10
2.8169322440944882
20
1.3069322440944882
11
2.8152253543307086
21
1.3094867322834645
0
LINE
8
BLACK
6
CONTINUOUS
10
2.8152253543307086
20
1.3094867322834645
11
2.8146259842519683
21
1.3125
0
LINE
8
BLACK
6
CONTINUOUS
10
2.8146259842519683
20
1.3125
11
2.8146259842519683
21
1.3474999999999999
0
LINE
8
BLACK
6
CONTINUOUS
10
2.8146259842519683
20
1.3474999999999999
11
2.8152253543307086
21
1.3505132677165355
0
LINE
8
BLACK
6
CONTINUOUS
10
2.8152253543307086
20
1.3505132677165355
11
2.8169322440944882
21
1.3530677559055118
0
LINE
8
BLACK
6
CONTINUOUS
10
2.8169322440944882
20
1.3530677559055118
11
2.8194867322834645
21
1.3547746456692913
0
LINE
8
BLACK
6
CONTINUOUS
10
2.8194867322834645
20
1.3547746456692913
11
2.8224999999999998
21
1.3553740157480314
0
LINE
8
BLACK
6
CONTINUOUS
10
2.8224999999999998
20
1.3553740157480314
11
2.8774999999999999
21
1.3553740157480314
0
LINE
8
BLACK
6
CONTINUOUS
10
2.8774999999999999
20
1.3553740157480314
11
2.8805132677165353
21
1.3547746456692913
0
LINE
8
BLACK
6
CONTINUOUS
10
0.415262874015748
20
1.383209251968504
11
0.4223677559055118
21
1.3810540157480315
0
LINE
8
BLACK
6
CONTINUOUS
10
0.4223677559055118
20
1.3810540157480315
11
0.4289157086614173
21
1.377554094488189
0
LINE
8
BLACK
6
CONTINUOUS
10
0.4289157086614173
20
1.377554094488189
11
0.434655
21
1.3728439763779527
0
LINE
8
BLACK
6
CONTINUOUS
10
0.434655
20
1.3728439763779527
11
0.4393651181102362
21
1.36710468503937
0
LINE
8
BLACK
6
CONTINUOUS
10
0.4393651181102362
20
1.36710468503937
11
0.4428650393700787
21
1.3605567322834646
0
LINE
8
BLACK
6
CONTINUOUS
10
0.4428650393700787
20
1.3605567322834646
11
0.4450202755905512
21
1.3534518503937008
0
LINE
8
BLACK
6
CONTINUOUS
10
0.4450202755905512
20
1.3534518503937008
11
0.445748031496063
21
1.3460629921259841
0
LINE
8
BLACK
6
CONTINUOUS
10
0.445748031496063
20
1.3460629921259841
11
0.4450202755905512
21
1.3386741338582677
0
LINE
8
BLACK
6
CONTINUOUS
10
0.4450202755905512
20
1.3386741338582677
11
0.4428650393700787
21
1.3315692519685038
0
LINE
8
BLACK
6
CONTINUOUS
10
0.4428650393700787
20
1.3315692519685038
11
0.4393651181102362
21
1.3250212992125985
0
LINE
8
BLACK
6
CONTINUOUS
10
0.4393651181102362
20
1.3250212992125985
11
0.434655
21
1.3192820078740157
0
LINE
8
BLACK
6
CONTINUOUS
10
0.434655
20
1.3192820078740157
11
0.4289157086614173
21
1.3145718897637795
0
LINE
8
BLACK
6
CONTINUOUS
10
0.4289157086614173
20
1.3145718897637795
11
0.4223677559055118
21
1.3110719685039369
0
LINE
8
BLACK
6
CONTINUOUS
10
0.4223677559055118
20
1.3110719685039369
11
0.415262874015748
21
1.3089167322834645
0
LINE
8
BLACK
6
CONTINUOUS
10
0.415262874015748
20
1.3089167322834645
11
0.4078740157480315
21
1.3081889763779526
0
LINE
8
BLACK
6
CONTINUOUS
10
0.4078740157480315
20
1.3081889763779526
11
0.4004851574803149
21
1.3089167322834645
0
LINE
8
BLACK
6
CONTINUOUS
10
0.4004851574803149
20
1.3089167322834645
11
0.3933802755905512
21
1.3110719685039369
0
LINE
8
BLACK
6
CONTINUOUS
10
0.3933802755905512
20
1.3110719685039369
11
0.3868323228346456
21
1.3145718897637795
0
LINE
8
BLACK
6
CONTINUOUS
10
0.3868323228346456
20
1.3145718897637795
11
0.381093031496063
21
1.3192820078740157
0
LINE
8
BLACK
6
CONTINUOUS
10
0.381093031496063
20
1.3192820078740157
11
0.3763829133858267
21
1.3250212992125985
0
LINE
8
BLACK
6
CONTINUOUS
10
0.3763829133858267
20
1.3250212992125985
11
0.3728829921259842
21
1.3315692519685038
0
LINE
8
BLACK
6
CONTINUOUS
10
0.3728829921259842
20
1.3315692519685038
11
0.3707277559055118
21
1.3386741338582677
0
LINE
8
BLACK
6
CONTINUOUS
10
0.3707277559055118
20
1.3386741338582677
11
0.37
21
1.3460629921259841
0
LINE
8
BLACK
6
CONTINUOUS
10
0.37
20
1.3460629921259841
11
0.3707277559055118
21
1.3534518503937008
0
LINE
8
BLACK
6
CONTINUOUS
10
0.3707277559055118
20
1.3534518503937008
11
0.3728829921259842
21
1.3605567322834646
0
LINE
8
BLACK
6
CONTINUOUS
10
0.3728829921259842
20
1.3605567322834646
11
0.3763829133858267
21
1.36710468503937
0
LINE
8
BLACK
6
CONTINUOUS
10
0.3763829133858267
20
1.36710468503937
11
0.381093031496063
21
1.3728439763779527
0
LINE
8
BLACK
6
CONTINUOUS
10
0.381093031496063
20
1.3728439763779527
11
0.3868323228346456
21
1.377554094488189
0
LINE
8
BLACK
6
CONTINUOUS
10
0.3868323228346456
20
1.377554094488189
11
0.3933802755905512
21
1.3810540157480315
0
LINE
8
BLACK
6
CONTINUOUS
10
0.3933802755905512
20
1.3810540157480315
11
0.4004851574803149
21
1.383209251968504
0
LINE
8
BLACK
6
CONTINUOUS
10
0.4004851574803149
20
1.383209251968504
11
0.4078740157480315
21
1.3839370078740156
0
LINE
8
BLACK
6
CONTINUOUS
10
0.4078740157480315
20
1.3839370078740156
11
0.415262874015748
21
1.383209251968504
0
LINE
8
BLACK
6
CONTINUOUS
10
0.6121132677165354
20
1.383209251968504
11
0.6192181496062992
21
1.3810540157480315
0
LINE
8
BLACK
6
CONTINUOUS
10
0.6192181496062992
20
1.3810540157480315
11
0.6257661023622048
21
1.377554094488189
0
LINE
8
BLACK
6
CONTINUOUS
10
0.6257661023622048
20
1.377554094488189
11
0.6315053937007874
21
1.3728439763779527
0
LINE
8
BLACK
6
CONTINUOUS
10
0.6315053937007874
20
1.3728439763779527
11
0.6362155118110236
21
1.36710468503937
0
LINE
8
BLACK
6
CONTINUOUS
10
0.6362155118110236
20
1.36710468503937
11
0.6397154330708661
21
1.3605567322834646
0
LINE
8
BLACK
6
CONTINUOUS
10
0.6397154330708661
20
1.3605567322834646
11
0.6418706692913385
21
1.3534518503937008
0
LINE
8
BLACK
6
CONTINUOUS
10
0.6418706692913385
20
1.3534518503937008
11
0.6425984251968504
21
1.3460629921259841
0
LINE
8
BLACK
6
CONTINUOUS
10
0.6425984251968504
20
1.3460629921259841
11
0.6418706692913385
21
1.3386741338582677
0
LINE
8
BLACK
6
CONTINUOUS
10
0.6418706692913385
20
1.3386741338582677
11
0.6397154330708661
21
1.3315692519685038
0
LINE
8
BLACK
6
CONTINUOUS
10
0.6397154330708661
20
1.3315692519685038
11
0.6362155118110236
21
1.3250212992125985
0
LINE
8
BLACK
6
CONTINUOUS
10
0.6362155118110236
20
1.3250212992125985
11
0.6315053937007874
21
1.3192820078740157
0
LINE
8
BLACK
6
CONTINUOUS
10
0.6315053937007874
20
1.3192820078740157
11
0.6257661023622048
21
1.3145718897637795
0
LINE
8
BLACK
6
CONTINUOUS
10
0.6257661023622048
20
1.3145718897637795
11
0.6192181496062992
21
1.3110719685039369
0
LINE
8
BLACK
6
CONTINUOUS
10
0.6192181496062992
20
1.3110719685039369
11
0.6121132677165354
21
1.3089167322834645
0
LINE
8
BLACK
6
CONTINUOUS
10
0.6121132677165354
20
1.3089167322834645
11
0.6047244094488189
21
1.3081889763779526
0
LINE
8
BLACK
6
CONTINUOUS
10
0.6047244094488189
20
1.3081889763779526
11
0.5973355511811024
21
1.3089167322834645
0
LINE
8
BLACK
6
CONTINUOUS
10
0.5973355511811024
20
1.3089167322834645
11
0.5902306692913386
21
1.3110719685039369
0
LINE
8
BLACK
6
CONTINUOUS
10
0.5902306692913386
20
1.3110719685039369
11
0.583682716535433
21
1.3145718897637795
0
LINE
8
BLACK
6
CONTINUOUS
10
0.583682716535433
20
1.3145718897637795
11
0.5779434251968504
21
1.3192820078740157
0
LINE
8
BLACK
6
CONTINUOUS
10
0.5779434251968504
20
1.3192820078740157
11
0.5732333070866141
21
1.3250212992125985
0
LINE
8
BLACK
6
CONTINUOUS
10
0.5732333070866141
20
1.3250212992125985
11
0.5697333858267717
21
1.3315692519685038
0
LINE
8
BLACK
6
CONTINUOUS
10
0.5697333858267717
20
1.3315692519685038
11
0.5675781496062992
21
1.3386741338582677
0
LINE
8
BLACK
6
CONTINUOUS
10
0.5675781496062992
20
1.3386741338582677
11
0.5668503937007874
21
1.3460629921259841
0
LINE
8
BLACK
6
CONTINUOUS
10
0.5668503937007874
20
1.3460629921259841
11
0.5675781496062992
21
1.3534518503937008
0
LINE
8
BLACK
6
CONTINUOUS
10
0.5675781496062992
20
1.3534518503937008
11
0.5697333858267717
21
1.3605567322834646
0
LINE
8
BLACK
6
CONTINUOUS
10
0.5697333858267717
20
1.3605567322834646
11
0.5732333070866141
21
1.36710468503937
0
LINE
8
BLACK
6
CONTINUOUS
10
0.5732333070866141
20
1.36710468503937
11
0.5779434251968504
21
1.3728439763779527
0
LINE
8
BLACK
6
CONTINUOUS
10
0.5779434251968504
20
1.3728439763779527
11
0.583682716535433
21
1.377554094488189
0
LINE
8
BLACK
6
CONTINUOUS
10
0.583682716535433
20
1.377554094488189
11
0.5902306692913386
21
1.3810540157480315
0
LINE
8
BLACK
6
CONTINUOUS
10
0.5902306692913386
20
1.3810540157480315
11
0.5973355511811024
21
1.383209251968504
0
LINE
8
BLACK
6
CONTINUOUS
10
0.5973355511811024
20
1.383209251968504
11
0.6047244094488189
21
1.3839370078740156
0
LINE
8
BLACK
6
CONTINUOUS
10
0.6047244094488189
20
1.3839370078740156
11
0.6121132677165354
21
1.383209251968504
0
LINE
8
BLACK
6
CONTINUOUS
10
1.2468124803149605
20
1.3620384251968503
11
1.249366968503937
21
1.3603315354330707
0
LINE
8
BLACK
6
CONTINUOUS
10
1.249366968503937
20
1.3603315354330707
11
1.2510738582677166
21
1.3577770472440944
0
LINE
8
BLACK
6
CONTINUOUS
10
1.2510738582677166
20
1.3577770472440944
11
1.2516732283464567
21
1.3547637795275591
0
LINE
8
BLACK
6
CONTINUOUS
10
1.2516732283464567
20
1.3547637795275591
11
1.2516732283464567
21
1.319763779527559
0
LINE
8
BLACK
6
CONTINUOUS
10
1.2516732283464567
20
1.319763779527559
11
1.2510738582677166
21
1.3167505118110236
0
LINE
8
BLACK
6
CONTINUOUS
10
1.2510738582677166
20
1.3167505118110236
11
1.249366968503937
21
1.3141960236220471
0
LINE
8
BLACK
6
CONTINUOUS
10
1.249366968503937
20
1.3141960236220471
11
1.2468124803149605
21
1.3124891338582676
0
LINE
8
BLACK
6
CONTINUOUS
10
1.2468124803149605
20
1.3124891338582676
11
1.2437992125984252
21
1.3118897637795275
0
LINE
8
BLACK
6
CONTINUOUS
10
1.2437992125984252
20
1.3118897637795275
11
1.1887992125984252
21
1.3118897637795275
0
LINE
8
BLACK
6
CONTINUOUS
10
1.1887992125984252
20
1.3118897637795275
11
1.1857859448818897
21
1.3124891338582676
0
LINE
8
BLACK
6
CONTINUOUS
10
1.1857859448818897
20
1.3124891338582676
11
1.1832314566929134
21
1.3141960236220471
0
LINE
8
BLACK
6
CONTINUOUS
10
1.1832314566929134
20
1.3141960236220471
11
1.1815245669291339
21
1.3167505118110236
0
LINE
8
BLACK
6
CONTINUOUS
10
1.1815245669291339
20
1.3167505118110236
11
1.1809251968503938
21
1.319763779527559
0
LINE
8
BLACK
6
CONTINUOUS
10
1.1809251968503938
20
1.319763779527559
11
1.1809251968503938
21
1.3547637795275591
0
LINE
8
BLACK
6
CONTINUOUS
10
1.1809251968503938
20
1.3547637795275591
11
1.1815245669291339
21
1.3577770472440944
0
LINE
8
BLACK
6
CONTINUOUS
10
1.1815245669291339
20
1.3577770472440944
11
1.1832314566929134
21
1.3603315354330707
0
LINE
8
BLACK
6
CONTINUOUS
10
1.1832314566929134
20
1.3603315354330707
11
1.1857859448818897
21
1.3620384251968503
0
LINE
8
BLACK
6
CONTINUOUS
10
1.1857859448818897
20
1.3620384251968503
11
1.1887992125984252
21
1.3626377952755906
0
LINE
8
BLACK
6
CONTINUOUS
10
1.1887992125984252
20
1.3626377952755906
11
1.2437992125984252
21
1.3626377952755906
0
LINE
8
BLACK
6
CONTINUOUS
10
1.2437992125984252
20
1.3626377952755906
11
1.2468124803149605
21
1.3620384251968503
0
LINE
8
BLACK
6
CONTINUOUS
10
1.3368124803149606
20
1.3620384251968503
11
1.3393669685039369
21
1.3603315354330707
0
LINE
8
BLACK
6
CONTINUOUS
10
1.3393669685039369
20
1.3603315354330707
11
1.3410738582677164
21
1.3577770472440944
0
LINE
8
BLACK
6
CONTINUOUS
10
1.3410738582677164
20
1.3577770472440944
11
1.3416732283464567
21
1.3547637795275591
0
LINE
8
BLACK
6
CONTINUOUS
10
1.3416732283464567
20
1.3547637795275591
11
1.3416732283464567
21
1.319763779527559
0
LINE
8
BLACK
6
CONTINUOUS
10
1.3416732283464567
20
1.319763779527559
11
1.3410738582677164
21
1.3167505118110236
0
LINE
8
BLACK
6
CONTINUOUS
10
1.3410738582677164
20
1.3167505118110236
11
1.3393669685039369
21
1.3141960236220471
0
LINE
8
BLACK
6
CONTINUOUS
10
1.3393669685039369
20
1.3141960236220471
11
1.3368124803149606
21
1.3124891338582676
0
LINE
8
BLACK
6
CONTINUOUS
10
1.3368124803149606
20
1.3124891338582676
11
1.3337992125984253
21
1.3118897637795275
0
LINE
8
BLACK
6
CONTINUOUS
10
1.3337992125984253
20
1.3118897637795275
11
1.2787992125984251
21
1.3118897637795275
0
LINE
8
BLACK
6
CONTINUOUS
10
1.2787992125984251
20
1.3118897637795275
11
1.2757859448818898
21
1.3124891338582676
0
LINE
8
BLACK
6
CONTINUOUS
10
1.2757859448818898
20
1.3124891338582676
11
1.2732314566929133
21
1.3141960236220471
0
LINE
8
BLACK
6
CONTINUOUS
10
1.2732314566929133
20
1.3141960236220471
11
1.2715245669291337
21
1.3167505118110236
0
LINE
8
BLACK
6
CONTINUOUS
10
1.2715245669291337
20
1.3167505118110236
11
1.2709251968503936
21
1.319763779527559
0
LINE
8
BLACK
6
CONTINUOUS
10
1.2709251968503936
20
1.319763779527559
11
1.2709251968503936
21
1.3547637795275591
0
LINE
8
BLACK
6
CONTINUOUS
10
1.2709251968503936
20
1.3547637795275591
11
1.2715245669291337
21
1.3577770472440944
0
LINE
8
BLACK
6
CONTINUOUS
10
1.2715245669291337
20
1.3577770472440944
11
1.2732314566929133
21
1.3603315354330707
0
LINE
8
BLACK
6
CONTINUOUS
10
1.2732314566929133
20
1.3603315354330707
11
1.2757859448818898
21
1.3620384251968503
0
LINE
8
BLACK
6
CONTINUOUS
10
1.2757859448818898
20
1.3620384251968503
11
1.2787992125984251
21
1.3626377952755906
0
LINE
8
BLACK
6
CONTINUOUS
10
1.2787992125984251
20
1.3626377952755906
11
1.3337992125984253
21
1.3626377952755906
0
LINE
8
BLACK
6
CONTINUOUS
10
1.3337992125984253
20
1.3626377952755906
11
1.3368124803149606
21
1.3620384251968503
0
LINE
8
BLACK
6
CONTINUOUS
10
1.4268124803149607
20
1.3620384251968503
11
1.429366968503937
21
1.3603315354330707
0
LINE
8
BLACK
6
CONTINUOUS
10
1.429366968503937
20
1.3603315354330707
11
1.4310738582677165
21
1.3577770472440944
0
LINE
8
BLACK
6
CONTINUOUS
10
1.4310738582677165
20
1.3577770472440944
11
1.4316732283464566
21
1.3547637795275591
0
LINE
8
BLACK
6
CONTINUOUS
10
1.4316732283464566
20
1.3547637795275591
11
1.4316732283464566
21
1.319763779527559
0
LINE
8
BLACK
6
CONTINUOUS
10
1.4316732283464566
20
1.319763779527559
11
1.4310738582677165
21
1.3167505118110236
0
LINE
8
BLACK
6
CONTINUOUS
10
1.4310738582677165
20
1.3167505118110236
11
1.429366968503937
21
1.3141960236220471
0
LINE
8
BLACK
6
CONTINUOUS
10
1.429366968503937
20
1.3141960236220471
11
1.4268124803149607
21
1.3124891338582676
0
LINE
8
BLACK
6
CONTINUOUS
10
1.4268124803149607
20
1.3124891338582676
11
1.4237992125984251
21
1.3118897637795275
0
LINE
8
BLACK
6
CONTINUOUS
10
1.4237992125984251
20
1.3118897637795275
11
1.3687992125984252
21
1.3118897637795275
0
LINE
8
BLACK
6
CONTINUOUS
10
1.3687992125984252
20
1.3118897637795275
11
1.3657859448818896
21
1.3124891338582676
0
LINE
8
BLACK
6
CONTINUOUS
10
1.3657859448818896
20
1.3124891338582676
11
1.3632314566929133
21
1.3141960236220471
0
LINE
8
BLACK
6
CONTINUOUS
10
1.3632314566929133
20
1.3141960236220471
11
1.3615245669291338
21
1.3167505118110236
0
LINE
8
BLACK
6
CONTINUOUS
10
1.3615245669291338
20
1.3167505118110236
11
1.3609251968503937
21
1.319763779527559
0
LINE
8
BLACK
6
CONTINUOUS
10
1.3609251968503937
20
1.319763779527559
11
1.3609251968503937
21
1.3547637795275591
0
LINE
8
BLACK
6
CONTINUOUS
10
1.3609251968503937
20
1.3547637795275591
11
1.3615245669291338
21
1.3577770472440944
0
LINE
8
BLACK
6
CONTINUOUS
10
1.3615245669291338
20
1.3577770472440944
11
1.3632314566929133
21
1.3603315354330707
0
LINE
8
BLACK
6
CONTINUOUS
10
1.3632314566929133
20
1.3603315354330707
11
1.3657859448818896
21
1.3620384251968503
0
LINE
8
BLACK
6
CONTINUOUS
10
1.3657859448818896
20
1.3620384251968503
11
1.3687992125984252
21
1.3626377952755906
0
LINE
8
BLACK
6
CONTINUOUS
10
1.3687992125984252
20
1.3626377952755906
11
1.4237992125984251
21
1.3626377952755906
0
LINE
8
BLACK
6
CONTINUOUS
10
1.4237992125984251
20
1.3626377952755906
11
1.4268124803149607
21
1.3620384251968503
0
LINE
8
BLACK
6
CONTINUOUS
10
1.991201062992126
20
1.3967049212598426
11
1.9982215354330708
21
1.3945752755905512
0
LINE
8
BLACK
6
CONTINUOUS
10
1.9982215354330708
20
1.3945752755905512
11
2.0046916535433073
21
1.3911169291338583
0
LINE
8
BLACK
6
CONTINUOUS
10
2.0046916535433073
20
1.3911169291338583
11
2.0103627559055117
21
1.3864627559055118
0
LINE
8
BLACK
6
CONTINUOUS
10
2.0103627559055117
20
1.3864627559055118
11
2.0150169291338584
21
1.3807916535433071
0
LINE
8
BLACK
6
CONTINUOUS
10
2.0150169291338584
20
1.3807916535433071
11
2.0184752755905513
21
1.3743215354330709
0
LINE
8
BLACK
6
CONTINUOUS
10
2.0184752755905513
20
1.3743215354330709
11
2.0206049212598423
21
1.3673010629921261
0
LINE
8
BLACK
6
CONTINUOUS
10
2.0206049212598423
20
1.3673010629921261
11
2.0213240157480317
21
1.3599999999999999
0
LINE
8
BLACK
6
CONTINUOUS
10
2.0213240157480317
20
1.3599999999999999
11
2.0206049212598423
21
1.3526989370078739
0
LINE
8
BLACK
6
CONTINUOUS
10
2.0206049212598423
20
1.3526989370078739
11
2.0184752755905513
21
1.3456784645669291
0
LINE
8
BLACK
6
CONTINUOUS
10
2.0184752755905513
20
1.3456784645669291
11
2.0150169291338584
21
1.3392083464566928
0
LINE
8
BLACK
6
CONTINUOUS
10
2.0150169291338584
20
1.3392083464566928
11
2.0103627559055117
21
1.3335372440944882
0
LINE
8
BLACK
6
CONTINUOUS
10
2.0103627559055117
20
1.3335372440944882
11
2.0046916535433073
21
1.3288830708661417
0
LINE
8
BLACK
6
CONTINUOUS
10
2.0046916535433073
20
1.3288830708661417
11
1.9982215354330708
21
1.3254247244094488
0
LINE
8
BLACK
6
CONTINUOUS
10
1.9982215354330708
20
1.3254247244094488
11
1.991201062992126
21
1.3232950787401574
0
LINE
8
BLACK
6
CONTINUOUS
10
1.991201062992126
20
1.3232950787401574
11
1.9839
21
1.3225759842519684
0
LINE
8
BLACK
6
CONTINUOUS
10
1.9839
20
1.3225759842519684
11
1.976598937007874
21
1.3232950787401574
0
LINE
8
BLACK
6
CONTINUOUS
10
1.976598937007874
20
1.3232950787401574
11
1.9695784645669292
21
1.3254247244094488
0
LINE
8
BLACK
6
CONTINUOUS
10
1.9695784645669292
20
1.3254247244094488
11
1.963108346456693
21
1.3288830708661417
0
LINE
8
BLACK
6
CONTINUOUS
10
1.963108346456693
20
1.3288830708661417
11
1.957437244094488
21
1.3335372440944882
0
LINE
8
BLACK
6
CONTINUOUS
10
1.957437244094488
20
1.3335372440944882
11
1.9527830708661418
21
1.3392083464566928
0
LINE
8
BLACK
6
CONTINUOUS
10
1.9527830708661418
20
1.3392083464566928
11
1.9493247244094487
21
1.3456784645669291
0
LINE
8
BLACK
6
CONTINUOUS
10
1.9493247244094487
20
1.3456784645669291
11
1.9471950787401575
21
1.3526989370078739
0
LINE
8
BLACK
6
CONTINUOUS
10
1.9471950787401575
20
1.3526989370078739
11
1.9464759842519685
21
1.3599999999999999
0
LINE
8
BLACK
6
CONTINUOUS
10
1.9464759842519685
20
1.3599999999999999
11
1.9471950787401575
21
1.3673010629921261
0
LINE
8
BLACK
6
CONTINUOUS
10
1.9471950787401575
20
1.3673010629921261
11
1.9493247244094487
21
1.3743215354330709
0
LINE
8
BLACK
6
CONTINUOUS
10
1.9493247244094487
20
1.3743215354330709
11
1.9527830708661418
21
1.3807916535433071
0
LINE
8
BLACK
6
CONTINUOUS
10
1.9527830708661418
20
1.3807916535433071
11
1.957437244094488
21
1.3864627559055118
0
LINE
8
BLACK
6
CONTINUOUS
10
1.957437244094488
20
1.3864627559055118
11
1.963108346456693
21
1.3911169291338583
0
LINE
8
BLACK
6
CONTINUOUS
10
1.963108346456693
20
1.3911169291338583
11
1.9695784645669292
21
1.3945752755905512
0
LINE
8
BLACK
6
CONTINUOUS
10
1.9695784645669292
20
1.3945752755905512
11
1.976598937007874
21
1.3967049212598426
0
LINE
8
BLACK
6
CONTINUOUS
10
1.976598937007874
20
1.3967049212598426
11
1.9839
21
1.3974240157480315
0
LINE
8
BLACK
6
CONTINUOUS
10
1.9839
20
1.3974240157480315
11
1.991201062992126
21
1.3967049212598426
0
LINE
8
BLACK
6
CONTINUOUS
10
2.1834010629921261
20
1.3967049212598426
11
2.1904215354330709
21
1.3945752755905512
0
LINE
8
BLACK
6
CONTINUOUS
10
2.1904215354330709
20
1.3945752755905512
11
2.196891653543307
21
1.3911169291338583
0
LINE
8
BLACK
6
CONTINUOUS
10
2.196891653543307
20
1.3911169291338583
11
2.2025627559055119
21
1.3864627559055118
0
LINE
8
BLACK
6
CONTINUOUS
10
2.2025627559055119
20
1.3864627559055118
11
2.2072169291338581
21
1.3807916535433071
0
LINE
8
BLACK
6
CONTINUOUS
10
2.2072169291338581
20
1.3807916535433071
11
2.210675275590551
21
1.3743215354330709
0
LINE
8
BLACK
6
CONTINUOUS
10
2.210675275590551
20
1.3743215354330709
11
2.2128049212598424
21
1.3673010629921261
0
LINE
8
BLACK
6
CONTINUOUS
10
2.2128049212598424
20
1.3673010629921261
11
2.2135240157480314
21
1.3599999999999999
0
LINE
8
BLACK
6
CONTINUOUS
10
2.2135240157480314
20
1.3599999999999999
11
2.2128049212598424
21
1.3526989370078739
0
LINE
8
BLACK
6
CONTINUOUS
10
2.2128049212598424
20
1.3526989370078739
11
2.210675275590551
21
1.3456784645669291
0
LINE
8
BLACK
6
CONTINUOUS
10
2.210675275590551
20
1.3456784645669291
11
2.2072169291338581
21
1.3392083464566928
0
LINE
8
BLACK
6
CONTINUOUS
10
2.2072169291338581
20
1.3392083464566928
11
2.2025627559055119
21
1.3335372440944882
0
LINE
8
BLACK
6
CONTINUOUS
10
2.2025627559055119
20
1.3335372440944882
11
2.196891653543307
21
1.3288830708661417
0
LINE
8
BLACK
6
CONTINUOUS
10
2.196891653543307
20
1.3288830708661417
11
2.1904215354330709
21
1.3254247244094488
0
LINE
8
BLACK
6
CONTINUOUS
10
2.1904215354330709
20
1.3254247244094488
11
2.1834010629921261
21
1.3232950787401574
0
LINE
8
BLACK
6
CONTINUOUS
10
2.1834010629921261
20
1.3232950787401574
11
2.1760999999999999
21
1.3225759842519684
0
LINE
8
BLACK
6
CONTINUOUS
10
2.1760999999999999
20
1.3225759842519684
11
2.1687989370078742
21
1.3232950787401574
0
LINE
8
BLACK
6
CONTINUOUS
10
2.1687989370078742
20
1.3232950787401574
11
2.1617784645669289
21
1.3254247244094488
0
LINE
8
BLACK
6
CONTINUOUS
10
2.1617784645669289
20
1.3254247244094488
11
2.1553083464566929
21
1.3288830708661417
0
LINE
8
BLACK
6
CONTINUOUS
10
2.1553083464566929
20
1.3288830708661417
11
2.149637244094488
21
1.3335372440944882
0
LINE
8
BLACK
6
CONTINUOUS
10
2.149637244094488
20
1.3335372440944882
11
2.1449830708661417
21
1.3392083464566928
0
LINE
8
BLACK
6
CONTINUOUS
10
2.1449830708661417
20
1.3392083464566928
11
2.1415247244094489
21
1.3456784645669291
0
LINE
8
BLACK
6
CONTINUOUS
10
2.1415247244094489
20
1.3456784645669291
11
2.1393950787401574
21
1.3526989370078739
0
LINE
8
BLACK
6
CONTINUOUS
10
2.1393950787401574
20
1.3526989370078739
11
2.1386759842519685
21
1.3599999999999999
0
LINE
8
BLACK
6
CONTINUOUS
10
2.1386759842519685
20
1.3599999999999999
11
2.1393950787401574
21
1.3673010629921261
0
LINE
8
BLACK
6
CONTINUOUS
10
2.1393950787401574
20
1.3673010629921261
11
2.1415247244094489
21
1.3743215354330709
0
LINE
8
BLACK
6
CONTINUOUS
10
2.1415247244094489
20
1.3743215354330709
11
2.1449830708661417
21
1.3807916535433071
0
LINE
8
BLACK
6
CONTINUOUS
10
2.1449830708661417
20
1.3807916535433071
11
2.149637244094488
21
1.3864627559055118
0
LINE
8
BLACK
6
CONTINUOUS
10
2.149637244094488
20
1.3864627559055118
11
2.1553083464566929
21
1.3911169291338583
0
LINE
8
BLACK
6
CONTINUOUS
10
2.1553083464566929
20
1.3911169291338583
11
2.1617784645669289
21
1.3945752755905512
0
LINE
8
BLACK
6
CONTINUOUS
10
2.1617784645669289
20
1.3945752755905512
11
2.1687989370078742
21
1.3967049212598426
0
LINE
8
BLACK
6
CONTINUOUS
10
2.1687989370078742
20
1.3967049212598426
11
2.1760999999999999
21
1.3974240157480315
0
LINE
8
BLACK
6
CONTINUOUS
10
2.1760999999999999
20
1.3974240157480315
11
2.1834010629921261
21
1.3967049212598426
0
LINE
8
BLACK
6
CONTINUOUS
10
1.5047061811023621
20
1.4108966929133857
11
1.5072606692913386
21
1.4091898031496062
0
LINE
8
BLACK
6
CONTINUOUS
10
1.5072606692913386
20
1.4091898031496062
11
1.5089675590551181
21
1.4066353149606299
0
LINE
8
BLACK
6
CONTINUOUS
10
1.5089675590551181
20
1.4066353149606299
11
1.5095669291338583
21
1.4036220472440946
0
LINE
8
BLACK
6
CONTINUOUS
10
1.5095669291338583
20
1.4036220472440946
11
1.5095669291338583
21
1.3422047244094488
0
LINE
8
BLACK
6
CONTINUOUS
10
1.5095669291338583
20
1.3422047244094488
11
1.5089675590551181
21
1.3391914566929133
0
LINE
8
BLACK
6
CONTINUOUS
10
1.5089675590551181
20
1.3391914566929133
11
1.5072606692913386
21
1.336636968503937
0
LINE
8
BLACK
6
CONTINUOUS
10
1.5072606692913386
20
1.336636968503937
11
1.5047061811023621
21
1.3349300787401575
0
LINE
8
BLACK
6
CONTINUOUS
10
1.5047061811023621
20
1.3349300787401575
11
1.5016929133858268
21
1.3343307086614173
0
LINE
8
BLACK
6
CONTINUOUS
10
1.5016929133858268
20
1.3343307086614173
11
1.4761023622047245
21
1.3343307086614173
0
LINE
8
BLACK
6
CONTINUOUS
10
1.4761023622047245
20
1.3343307086614173
11
1.4730890944881889
21
1.3349300787401575
0
LINE
8
BLACK
6
CONTINUOUS
10
1.4730890944881889
20
1.3349300787401575
11
1.4705346062992126
21
1.336636968503937
0
LINE
8
BLACK
6
CONTINUOUS
10
1.4705346062992126
20
1.336636968503937
11
1.4688277165354331
21
1.3391914566929133
0
LINE
8
BLACK
6
CONTINUOUS
10
1.4688277165354331
20
1.3391914566929133
11
1.468228346456693
21
1.3422047244094488
0
LINE
8
BLACK
6
CONTINUOUS
10
1.468228346456693
20
1.3422047244094488
11
1.468228346456693
21
1.4036220472440946
0
LINE
8
BLACK
6
CONTINUOUS
10
1.468228346456693
20
1.4036220472440946
11
1.4688277165354331
21
1.4066353149606299
0
LINE
8
BLACK
6
CONTINUOUS
10
1.4688277165354331
20
1.4066353149606299
11
1.4705346062992126
21
1.4091898031496062
0
LINE
8
BLACK
6
CONTINUOUS
10
1.4705346062992126
20
1.4091898031496062
11
1.4730890944881889
21
1.4108966929133857
0
LINE
8
BLACK
6
CONTINUOUS
10
1.4730890944881889
20
1.4108966929133857
11
1.4761023622047245
21
1.411496062992126
0
LINE
8
BLACK
6
CONTINUOUS
10
1.4761023622047245
20
1.411496062992126
11
1.5016929133858268
21
1.411496062992126
0
LINE
8
BLACK
6
CONTINUOUS
10
1.5016929133858268
20
1.411496062992126
11
1.5047061811023621
21
1.4108966929133857
0
LINE
8
BLACK
6
CONTINUOUS
10
1.5795093307086614
20
1.4108966929133857
11
1.5820638188976377
21
1.4091898031496062
0
LINE
8
BLACK
6
CONTINUOUS
10
1.5820638188976377
20
1.4091898031496062
11
1.5837707086614172
21
1.4066353149606299
0
LINE
8
BLACK
6
CONTINUOUS
10
1.5837707086614172
20
1.4066353149606299
11
1.5843700787401573
21
1.4036220472440946
0
LINE
8
BLACK
6
CONTINUOUS
10
1.5843700787401573
20
1.4036220472440946
11
1.5843700787401573
21
1.3422047244094488
0
LINE
8
BLACK
6
CONTINUOUS
10
1.5843700787401573
20
1.3422047244094488
11
1.5837707086614172
21
1.3391914566929133
0
LINE
8
BLACK
6
CONTINUOUS
10
1.5837707086614172
20
1.3391914566929133
11
1.5820638188976377
21
1.336636968503937
0
LINE
8
BLACK
6
CONTINUOUS
10
1.5820638188976377
20
1.336636968503937
11
1.5795093307086614
21
1.3349300787401575
0
LINE
8
BLACK
6
CONTINUOUS
10
1.5795093307086614
20
1.3349300787401575
11
1.5764960629921259
21
1.3343307086614173
0
LINE
8
BLACK
6
CONTINUOUS
10
1.5764960629921259
20
1.3343307086614173
11
1.5509055118110235
21
1.3343307086614173
0
LINE
8
BLACK
6
CONTINUOUS
10
1.5509055118110235
20
1.3343307086614173
11
1.5478922440944882
21
1.3349300787401575
0
LINE
8
BLACK
6
CONTINUOUS
10
1.5478922440944882
20
1.3349300787401575
11
1.5453377559055117
21
1.336636968503937
0
LINE
8
BLACK
6
CONTINUOUS
10
1.5453377559055117
20
1.336636968503937
11
1.5436308661417322
21
1.3391914566929133
0
LINE
8
BLACK
6
CONTINUOUS
10
1.5436308661417322
20
1.3391914566929133
11
1.5430314960629921
21
1.3422047244094488
0
LINE
8
BLACK
6
CONTINUOUS
10
1.5430314960629921
20
1.3422047244094488
11
1.5430314960629921
21
1.4036220472440946
0
LINE
8
BLACK
6
CONTINUOUS
10
1.5430314960629921
20
1.4036220472440946
11
1.5436308661417322
21
1.4066353149606299
0
LINE
8
BLACK
6
CONTINUOUS
10
1.5436308661417322
20
1.4066353149606299
11
1.5453377559055117
21
1.4091898031496062
0
LINE
8
BLACK
6
CONTINUOUS
10
1.5453377559055117
20
1.4091898031496062
11
1.5478922440944882
21
1.4108966929133857
0
LINE
8
BLACK
6
CONTINUOUS
10
1.5478922440944882
20
1.4108966929133857
11
1.5509055118110235
21
1.411496062992126
0
LINE
8
BLACK
6
CONTINUOUS
10
1.5509055118110235
20
1.411496062992126
11
1.5764960629921259
21
1.411496062992126
0
LINE
8
BLACK
6
CONTINUOUS
10
1.5764960629921259
20
1.411496062992126
11
1.5795093307086614
21
1.4108966929133857
0
LINE
8
BLACK
6
CONTINUOUS
10
1.6968715354330708
20
1.4220384251968503
11
1.6994260236220473
21
1.4203315354330708
0
LINE
8
BLACK
6
CONTINUOUS
10
1.6994260236220473
20
1.4203315354330708
11
1.7011329133858268
21
1.4177770472440945
0
LINE
8
BLACK
6
CONTINUOUS
10
1.7011329133858268
20
1.4177770472440945
11
1.701732283464567
21
1.4147637795275589
0
LINE
8
BLACK
6
CONTINUOUS
10
1.701732283464567
20
1.4147637795275589
11
1.701732283464567
21
1.379763779527559
0
LINE
8
BLACK
6
CONTINUOUS
10
1.701732283464567
20
1.379763779527559
11
1.7011329133858268
21
1.3767505118110235
0
LINE
8
BLACK
6
CONTINUOUS
10
1.7011329133858268
20
1.3767505118110235
11
1.6994260236220473
21
1.3741960236220472
0
LINE
8
BLACK
6
CONTINUOUS
10
1.6994260236220473
20
1.3741960236220472
11
1.6968715354330708
21
1.3724891338582677
0
LINE
8
BLACK
6
CONTINUOUS
10
1.6968715354330708
20
1.3724891338582677
11
1.6938582677165355
21
1.3718897637795275
0
LINE
8
BLACK
6
CONTINUOUS
10
1.6938582677165355
20
1.3718897637795275
11
1.6387401574803149
21
1.3718897637795275
0
LINE
8
BLACK
6
CONTINUOUS
10
1.6387401574803149
20
1.3718897637795275
11
1.6357268897637796
21
1.3724891338582677
0
LINE
8
BLACK
6
CONTINUOUS
10
1.6357268897637796
20
1.3724891338582677
11
1.633172401574803
21
1.3741960236220472
0
LINE
8
BLACK
6
CONTINUOUS
10
1.633172401574803
20
1.3741960236220472
11
1.6314655118110235
21
1.3767505118110235
0
LINE
8
BLACK
6
CONTINUOUS
10
1.6314655118110235
20
1.3767505118110235
11
1.6308661417322834
21
1.379763779527559
0
LINE
8
BLACK
6
CONTINUOUS
10
1.6308661417322834
20
1.379763779527559
11
1.6308661417322834
21
1.4147637795275589
0
LINE
8
BLACK
6
CONTINUOUS
10
1.6308661417322834
20
1.4147637795275589
11
1.6314655118110235
21
1.4177770472440945
0
LINE
8
BLACK
6
CONTINUOUS
10
1.6314655118110235
20
1.4177770472440945
11
1.633172401574803
21
1.4203315354330708
0
LINE
8
BLACK
6
CONTINUOUS
10
1.633172401574803
20
1.4203315354330708
11
1.6357268897637796
21
1.4220384251968503
0
LINE
8
BLACK
6
CONTINUOUS
10
1.6357268897637796
20
1.4220384251968503
11
1.6387401574803149
21
1.4226377952755904
0
LINE
8
BLACK
6
CONTINUOUS
10
1.6387401574803149
20
1.4226377952755904
11
1.6938582677165355
21
1.4226377952755904
0
LINE
8
BLACK
6
CONTINUOUS
10
1.6938582677165355
20
1.4226377952755904
11
1.6968715354330708
21
1.4220384251968503
0
LINE
8
BLACK
6
CONTINUOUS
10
0.8305132677165354
20
1.4222746456692914
11
0.8330677559055117
21
1.4205677559055119
0
LINE
8
BLACK
6
CONTINUOUS
10
0.8330677559055117
20
1.4205677559055119
11
0.8347746456692913
21
1.4180132677165354
0
LINE
8
BLACK
6
CONTINUOUS
10
0.8347746456692913
20
1.4180132677165354
11
0.8353740157480315
21
1.415
0
LINE
8
BLACK
6
CONTINUOUS
10
0.8353740157480315
20
1.415
11
0.8353740157480315
21
1.3799999999999999
0
LINE
8
BLACK
6
CONTINUOUS
10
0.8353740157480315
20
1.3799999999999999
11
0.8347746456692913
21
1.3769867322834646
0
LINE
8
BLACK
6
CONTINUOUS
10
0.8347746456692913
20
1.3769867322834646
11
0.8330677559055117
21
1.3744322440944881
0
LINE
8
BLACK
6
CONTINUOUS
10
0.8330677559055117
20
1.3744322440944881
11
0.8305132677165354
21
1.3727253543307085
0
LINE
8
BLACK
6
CONTINUOUS
10
0.8305132677165354
20
1.3727253543307085
11
0.8275
21
1.3721259842519684
0
LINE
8
BLACK
6
CONTINUOUS
10
0.8275
20
1.3721259842519684
11
0.7725
21
1.3721259842519684
0
LINE
8
BLACK
6
CONTINUOUS
10
0.7725
20
1.3721259842519684
11
0.7694867322834645
21
1.3727253543307085
0
LINE
8
BLACK
6
CONTINUOUS
10
0.7694867322834645
20
1.3727253543307085
11
0.7669322440944881
21
1.3744322440944881
0
LINE
8
BLACK
6
CONTINUOUS
10
0.7669322440944881
20
1.3744322440944881
11
0.7652253543307086
21
1.3769867322834646
0
LINE
8
BLACK
6
CONTINUOUS
10
0.7652253543307086
20
1.3769867322834646
11
0.7646259842519685
21
1.3799999999999999
0
LINE
8
BLACK
6
CONTINUOUS
10
0.7646259842519685
20
1.3799999999999999
11
0.7646259842519685
21
1.415
0
LINE
8
BLACK
6
CONTINUOUS
10
0.7646259842519685
20
1.415
11
0.7652253543307086
21
1.4180132677165354
0
LINE
8
BLACK
6
CONTINUOUS
10
0.7652253543307086
20
1.4180132677165354
11
0.7669322440944881
21
1.4205677559055119
0
LINE
8
BLACK
6
CONTINUOUS
10
0.7669322440944881
20
1.4205677559055119
11
0.7694867322834645
21
1.4222746456692914
0
LINE
8
BLACK
6
CONTINUOUS
10
0.7694867322834645
20
1.4222746456692914
11
0.7725
21
1.4228740157480315
0
LINE
8
BLACK
6
CONTINUOUS
10
0.7725
20
1.4228740157480315
11
0.8275
21
1.4228740157480315
0
LINE
8
BLACK
6
CONTINUOUS
10
0.8275
20
1.4228740157480315
11
0.8305132677165354
21
1.4222746456692914
0
LINE
8
BLACK
6
CONTINUOUS
10
0.9105132677165354
20
1.4222746456692914
11
0.9130677559055118
21
1.4205677559055119
0
LINE
8
BLACK
6
CONTINUOUS
10
0.9130677559055118
20
1.4205677559055119
11
0.9147746456692913
21
1.4180132677165354
0
LINE
8
BLACK
6
CONTINUOUS
10
0.9147746456692913
20
1.4180132677165354
11
0.9153740157480315
21
1.415
0
LINE
8
BLACK
6
CONTINUOUS
10
0.9153740157480315
20
1.415
11
0.9153740157480315
21
1.3799999999999999
0
LINE
8
BLACK
6
CONTINUOUS
10
0.9153740157480315
20
1.3799999999999999
11
0.9147746456692913
21
1.3769867322834646
0
LINE
8
BLACK
6
CONTINUOUS
10
0.9147746456692913
20
1.3769867322834646
11
0.9130677559055118
21
1.3744322440944881
0
LINE
8
BLACK
6
CONTINUOUS
10
0.9130677559055118
20
1.3744322440944881
11
0.9105132677165354
21
1.3727253543307085
0
LINE
8
BLACK
6
CONTINUOUS
10
0.9105132677165354
20
1.3727253543307085
11
0.9075
21
1.3721259842519684
0
LINE
8
BLACK
6
CONTINUOUS
10
0.9075
20
1.3721259842519684
11
0.8525
21
1.3721259842519684
0
LINE
8
BLACK
6
CONTINUOUS
10
0.8525
20
1.3721259842519684
11
0.8494867322834645
21
1.3727253543307085
0
LINE
8
BLACK
6
CONTINUOUS
10
0.8494867322834645
20
1.3727253543307085
11
0.8469322440944882
21
1.3744322440944881
0
LINE
8
BLACK
6
CONTINUOUS
10
0.8469322440944882
20
1.3744322440944881
11
0.8452253543307087
21
1.3769867322834646
0
LINE
8
BLACK
6
CONTINUOUS
10
0.8452253543307087
20
1.3769867322834646
11
0.8446259842519684
21
1.3799999999999999
0
LINE
8
BLACK
6
CONTINUOUS
10
0.8446259842519684
20
1.3799999999999999
11
0.8446259842519684
21
1.415
0
LINE
8
BLACK
6
CONTINUOUS
10
0.8446259842519684
20
1.415
11
0.8452253543307087
21
1.4180132677165354
0
LINE
8
BLACK
6
CONTINUOUS
10
0.8452253543307087
20
1.4180132677165354
11
0.8469322440944882
21
1.4205677559055119
0
LINE
8
BLACK
6
CONTINUOUS
10
0.8469322440944882
20
1.4205677559055119
11
0.8494867322834645
21
1.4222746456692914
0
LINE
8
BLACK
6
CONTINUOUS
10
0.8494867322834645
20
1.4222746456692914
11
0.8525
21
1.4228740157480315
0
LINE
8
BLACK
6
CONTINUOUS
10
0.8525
20
1.4228740157480315
11
0.9075
21
1.4228740157480315
0
LINE
8
BLACK
6
CONTINUOUS
10
0.9075
20
1.4228740157480315
11
0.9105132677165354
21
1.4222746456692914
0
LINE
8
BLACK
6
CONTINUOUS
10
0.9905132677165354
20
1.4222746456692914
11
0.9930677559055118
21
1.4205677559055119
0
LINE
8
BLACK
6
CONTINUOUS
10
0.9930677559055118
20
1.4205677559055119
11
0.9947746456692913
21
1.4180132677165354
0
LINE
8
BLACK
6
CONTINUOUS
10
0.9947746456692913
20
1.4180132677165354
11
0.9953740157480315
21
1.415
0
LINE
8
BLACK
6
CONTINUOUS
10
0.9953740157480315
20
1.415
11
0.9953740157480315
21
1.3799999999999999
0
LINE
8
BLACK
6
CONTINUOUS
10
0.9953740157480315
20
1.3799999999999999
11
0.9947746456692913
21
1.3769867322834646
0
LINE
8
BLACK
6
CONTINUOUS
10
0.9947746456692913
20
1.3769867322834646
11
0.9930677559055118
21
1.3744322440944881
0
LINE
8
BLACK
6
CONTINUOUS
10
0.9930677559055118
20
1.3744322440944881
11
0.9905132677165354
21
1.3727253543307085
0
LINE
8
BLACK
6
CONTINUOUS
10
0.9905132677165354
20
1.3727253543307085
11
0.9874999999999999
21
1.3721259842519684
0
LINE
8
BLACK
6
CONTINUOUS
10
0.9874999999999999
20
1.3721259842519684
11
0.9325
21
1.3721259842519684
0
LINE
8
BLACK
6
CONTINUOUS
10
0.9325
20
1.3721259842519684
11
0.9294867322834646
21
1.3727253543307085
0
LINE
8
BLACK
6
CONTINUOUS
10
0.9294867322834646
20
1.3727253543307085
11
0.9269322440944882
21
1.3744322440944881
0
LINE
8
BLACK
6
CONTINUOUS
10
0.9269322440944882
20
1.3744322440944881
11
0.9252253543307086
21
1.3769867322834646
0
LINE
8
BLACK
6
CONTINUOUS
10
0.9252253543307086
20
1.3769867322834646
11
0.9246259842519685
21
1.3799999999999999
0
LINE
8
BLACK
6
CONTINUOUS
10
0.9246259842519685
20
1.3799999999999999
11
0.9246259842519685
21
1.415
0
LINE
8
BLACK
6
CONTINUOUS
10
0.9246259842519685
20
1.415
11
0.9252253543307086
21
1.4180132677165354
0
LINE
8
BLACK
6
CONTINUOUS
10
0.9252253543307086
20
1.4180132677165354
11
0.9269322440944882
21
1.4205677559055119
0
LINE
8
BLACK
6
CONTINUOUS
10
0.9269322440944882
20
1.4205677559055119
11
0.9294867322834646
21
1.4222746456692914
0
LINE
8
BLACK
6
CONTINUOUS
10
0.9294867322834646
20
1.4222746456692914
11
0.9325
21
1.4228740157480315
0
LINE
8
BLACK
6
CONTINUOUS
10
0.9325
20
1.4228740157480315
11
0.9874999999999999
21
1.4228740157480315
0
LINE
8
BLACK
6
CONTINUOUS
10
0.9874999999999999
20
1.4228740157480315
11
0.9905132677165354
21
1.4222746456692914
0
LINE
8
BLACK
6
CONTINUOUS
10
0.7405132677165354
20
1.4247746456692914
11
0.7430677559055118
21
1.4230677559055118
0
LINE
8
BLACK
6
CONTINUOUS
10
0.7430677559055118
20
1.4230677559055118
11
0.7447746456692913
21
1.4205132677165353
0
LINE
8
BLACK
6
CONTINUOUS
10
0.7447746456692913
20
1.4205132677165353
11
0.7453740157480315
21
1.4175
0
LINE
8
BLACK
6
CONTINUOUS
10
0.7453740157480315
20
1.4175
11
0.7453740157480315
21
1.3825000000000001
0
LINE
8
BLACK
6
CONTINUOUS
10
0.7453740157480315
20
1.3825000000000001
11
0.7447746456692913
21
1.3794867322834645
0
LINE
8
BLACK
6
CONTINUOUS
10
0.7447746456692913
20
1.3794867322834645
11
0.7430677559055118
21
1.3769322440944882
0
LINE
8
BLACK
6
CONTINUOUS
10
0.7430677559055118
20
1.3769322440944882
11
0.7405132677165354
21
1.3752253543307087
0
LINE
8
BLACK
6
CONTINUOUS
10
0.7405132677165354
20
1.3752253543307087
11
0.7374999999999999
21
1.3746259842519686
0
LINE
8
BLACK
6
CONTINUOUS
10
0.7374999999999999
20
1.3746259842519686
11
0.6825
21
1.3746259842519686
0
LINE
8
BLACK
6
CONTINUOUS
10
0.6825
20
1.3746259842519686
11
0.6794867322834646
21
1.3752253543307087
0
LINE
8
BLACK
6
CONTINUOUS
10
0.6794867322834646
20
1.3752253543307087
11
0.6769322440944882
21
1.3769322440944882
0
LINE
8
BLACK
6
CONTINUOUS
10
0.6769322440944882
20
1.3769322440944882
11
0.6752253543307086
21
1.3794867322834645
0
LINE
8
BLACK
6
CONTINUOUS
10
0.6752253543307086
20
1.3794867322834645
11
0.6746259842519685
21
1.3825000000000001
0
LINE
8
BLACK
6
CONTINUOUS
10
0.6746259842519685
20
1.3825000000000001
11
0.6746259842519685
21
1.4175
0
LINE
8
BLACK
6
CONTINUOUS
10
0.6746259842519685
20
1.4175
11
0.6752253543307086
21
1.4205132677165353
0
LINE
8
BLACK
6
CONTINUOUS
10
0.6752253543307086
20
1.4205132677165353
11
0.6769322440944882
21
1.4230677559055118
0
LINE
8
BLACK
6
CONTINUOUS
10
0.6769322440944882
20
1.4230677559055118
11
0.6794867322834646
21
1.4247746456692914
0
LINE
8
BLACK
6
CONTINUOUS
10
0.6794867322834646
20
1.4247746456692914
11
0.6825
21
1.4253740157480315
0
LINE
8
BLACK
6
CONTINUOUS
10
0.6825
20
1.4253740157480315
11
0.7374999999999999
21
1.4253740157480315
0
LINE
8
BLACK
6
CONTINUOUS
10
0.7374999999999999
20
1.4253740157480315
11
0.7405132677165354
21
1.4247746456692914
0
LINE
8
BLACK
6
CONTINUOUS
10
3.3780132677165353
20
1.4572746456692913
11
3.3805677559055116
21
1.4555677559055118
0
LINE
8
BLACK
6
CONTINUOUS
10
3.3805677559055116
20
1.4555677559055118
11
3.3822746456692911
21
1.4530132677165355
0
LINE
8
BLACK
6
CONTINUOUS
10
3.3822746456692911
20
1.4530132677165355
11
3.3828740157480315
21
1.45
0
LINE
8
BLACK
6
CONTINUOUS
10
3.3828740157480315
20
1.45
11
3.3828740157480315
21
1.3899999999999999
0
LINE
8
BLACK
6
CONTINUOUS
10
3.3828740157480315
20
1.3899999999999999
11
3.3822746456692911
21
1.3869867322834646
0
LINE
8
BLACK
6
CONTINUOUS
10
3.3822746456692911
20
1.3869867322834646
11
3.3805677559055116
21
1.3844322440944881
0
LINE
8
BLACK
6
CONTINUOUS
10
3.3805677559055116
20
1.3844322440944881
11
3.3780132677165353
21
1.3827253543307085
0
LINE
8
BLACK
6
CONTINUOUS
10
3.3780132677165353
20
1.3827253543307085
11
3.375
21
1.3821259842519684
0
LINE
8
BLACK
6
CONTINUOUS
10
3.375
20
1.3821259842519684
11
3.3149999999999999
21
1.3821259842519684
0
LINE
8
BLACK
6
CONTINUOUS
10
3.3149999999999999
20
1.3821259842519684
11
3.3119867322834646
21
1.3827253543307085
0
LINE
8
BLACK
6
CONTINUOUS
10
3.3119867322834646
20
1.3827253543307085
11
3.3094322440944883
21
1.3844322440944881
0
LINE
8
BLACK
6
CONTINUOUS
10
3.3094322440944883
20
1.3844322440944881
11
3.3077253543307088
21
1.3869867322834646
0
LINE
8
BLACK
6
CONTINUOUS
10
3.3077253543307088
20
1.3869867322834646
11
3.3071259842519685
21
1.3899999999999999
0
LINE
8
BLACK
6
CONTINUOUS
10
3.3071259842519685
20
1.3899999999999999
11
3.3071259842519685
21
1.45
0
LINE
8
BLACK
6
CONTINUOUS
10
3.3071259842519685
20
1.45
11
3.3077253543307088
21
1.4530132677165355
0
LINE
8
BLACK
6
CONTINUOUS
10
3.3077253543307088
20
1.4530132677165355
11
3.3094322440944883
21
1.4555677559055118
0
LINE
8
BLACK
6
CONTINUOUS
10
3.3094322440944883
20
1.4555677559055118
11
3.3119867322834646
21
1.4572746456692913
0
LINE
8
BLACK
6
CONTINUOUS
10
3.3119867322834646
20
1.4572746456692913
11
3.3149999999999999
21
1.4578740157480314
0
LINE
8
BLACK
6
CONTINUOUS
10
3.3149999999999999
20
1.4578740157480314
11
3.375
21
1.4578740157480314
0
LINE
8
BLACK
6
CONTINUOUS
10
3.375
20
1.4578740157480314
11
3.3780132677165353
21
1.4572746456692913
0
LINE
8
BLACK
6
CONTINUOUS
10
3.4780132677165354
20
1.4572746456692913
11
3.4805677559055117
21
1.4555677559055118
0
LINE
8
BLACK
6
CONTINUOUS
10
3.4805677559055117
20
1.4555677559055118
11
3.4822746456692912
21
1.4530132677165355
0
LINE
8
BLACK
6
CONTINUOUS
10
3.4822746456692912
20
1.4530132677165355
11
3.4828740157480316
21
1.45
0
LINE
8
BLACK
6
CONTINUOUS
10
3.4828740157480316
20
1.45
11
3.4828740157480316
21
1.3899999999999999
0
LINE
8
BLACK
6
CONTINUOUS
10
3.4828740157480316
20
1.3899999999999999
11
3.4822746456692912
21
1.3869867322834646
0
LINE
8
BLACK
6
CONTINUOUS
10
3.4822746456692912
20
1.3869867322834646
11
3.4805677559055117
21
1.3844322440944881
0
LINE
8
BLACK
6
CONTINUOUS
10
3.4805677559055117
20
1.3844322440944881
11
3.4780132677165354
21
1.3827253543307085
0
LINE
8
BLACK
6
CONTINUOUS
10
3.4780132677165354
20
1.3827253543307085
11
3.4750000000000001
21
1.3821259842519684
0
LINE
8
BLACK
6
CONTINUOUS
10
3.4750000000000001
20
1.3821259842519684
11
3.415
21
1.3821259842519684
0
LINE
8
BLACK
6
CONTINUOUS
10
3.415
20
1.3821259842519684
11
3.4119867322834643
21
1.3827253543307085
0
LINE
8
BLACK
6
CONTINUOUS
10
3.4119867322834643
20
1.3827253543307085
11
3.409432244094488
21
1.3844322440944881
0
LINE
8
BLACK
6
CONTINUOUS
10
3.409432244094488
20
1.3844322440944881
11
3.4077253543307084
21
1.3869867322834646
0
LINE
8
BLACK
6
CONTINUOUS
10
3.4077253543307084
20
1.3869867322834646
11
3.4071259842519686
21
1.3899999999999999
0
LINE
8
BLACK
6
CONTINUOUS
10
3.4071259842519686
20
1.3899999999999999
11
3.4071259842519686
21
1.45
0
LINE
8
BLACK
6
CONTINUOUS
10
3.4071259842519686
20
1.45
11
3.4077253543307084
21
1.4530132677165355
0
LINE
8
BLACK
6
CONTINUOUS
10
3.4077253543307084
20
1.4530132677165355
11
3.409432244094488
21
1.4555677559055118
0
LINE
8
BLACK
6
CONTINUOUS
10
3.409432244094488
20
1.4555677559055118
11
3.4119867322834643
21
1.4572746456692913
0
LINE
8
BLACK
6
CONTINUOUS
10
3.4119867322834643
20
1.4572746456692913
11
3.415
21
1.4578740157480314
0
LINE
8
BLACK
6
CONTINUOUS
10
3.415
20
1.4578740157480314
11
3.4750000000000001
21
1.4578740157480314
0
LINE
8
BLACK
6
CONTINUOUS
10
3.4750000000000001
20
1.4578740157480314
11
3.4780132677165354
21
1.4572746456692913
0
LINE
8
BLACK
6
CONTINUOUS
10
2.3465172047244094
20
1.4675108661417322
11
2.3484251968503935
21
1.4662359448818898
0
LINE
8
BLACK
6
CONTINUOUS
10
2.3484251968503935
20
1.4662359448818898
11
2.3503331889763781
21
1.4675108661417322
0
LINE
8
BLACK
6
CONTINUOUS
10
2.3503331889763781
20
1.4675108661417322
11
2.3533464566929134
21
1.4681102362204723
0
LINE
8
BLACK
6
CONTINUOUS
10
2.3533464566929134
20
1.4681102362204723
11
2.375
21
1.4681102362204723
0
LINE
8
BLACK
6
CONTINUOUS
10
2.375
20
1.4681102362204723
11
2.3780132677165353
21
1.4675108661417322
0
LINE
8
BLACK
6
CONTINUOUS
10
2.3780132677165353
20
1.4675108661417322
11
2.3799212598425195
21
1.4662359448818898
0
LINE
8
BLACK
6
CONTINUOUS
10
2.3799212598425195
20
1.4662359448818898
11
2.381829251968504
21
1.4675108661417322
0
LINE
8
BLACK
6
CONTINUOUS
10
2.381829251968504
20
1.4675108661417322
11
2.3848425196850394
21
1.4681102362204723
0
LINE
8
BLACK
6
CONTINUOUS
10
2.3848425196850394
20
1.4681102362204723
11
2.4064960629921259
21
1.4681102362204723
0
LINE
8
BLACK
6
CONTINUOUS
10
2.4064960629921259
20
1.4681102362204723
11
2.4095093307086612
21
1.4675108661417322
0
LINE
8
BLACK
6
CONTINUOUS
10
2.4095093307086612
20
1.4675108661417322
11
2.4114173228346458
21
1.4662359448818898
0
LINE
8
BLACK
6
CONTINUOUS
10
2.4114173228346458
20
1.4662359448818898
11
2.41332531496063
21
1.4675108661417322
0
LINE
8
BLACK
6
CONTINUOUS
10
2.41332531496063
20
1.4675108661417322
11
2.4163385826771653
21
1.4681102362204723
0
LINE
8
BLACK
6
CONTINUOUS
10
2.4163385826771653
20
1.4681102362204723
11
2.4379921259842519
21
1.4681102362204723
0
LINE
8
BLACK
6
CONTINUOUS
10
2.4379921259842519
20
1.4681102362204723
11
2.4410053937007872
21
1.4675108661417322
0
LINE
8
BLACK
6
CONTINUOUS
10
2.4410053937007872
20
1.4675108661417322
11
2.4429133858267718
21
1.4662359448818898
0
LINE
8
BLACK
6
CONTINUOUS
10
2.4429133858267718
20
1.4662359448818898
11
2.4448213779527559
21
1.4675108661417322
0
LINE
8
BLACK
6
CONTINUOUS
10
2.4448213779527559
20
1.4675108661417322
11
2.4478346456692912
21
1.4681102362204723
0
LINE
8
BLACK
6
CONTINUOUS
10
2.4478346456692912
20
1.4681102362204723
11
2.4694881889763778
21
1.4681102362204723
0
LINE
8
BLACK
6
CONTINUOUS
10
2.4694881889763778
20
1.4681102362204723
11
2.4725014566929135
21
1.4675108661417322
0
LINE
8
BLACK
6
CONTINUOUS
10
2.4725014566929135
20
1.4675108661417322
11
2.4744094488188977
21
1.4662359448818898
0
LINE
8
BLACK
6
CONTINUOUS
10
2.4744094488188977
20
1.4662359448818898
11
2.4763174409448818
21
1.4675108661417322
0
LINE
8
BLACK
6
CONTINUOUS
10
2.4763174409448818
20
1.4675108661417322
11
2.4793307086614171
21
1.4681102362204723
0
LINE
8
BLACK
6
CONTINUOUS
10
2.4793307086614171
20
1.4681102362204723
11
2.5009842519685037
21
1.4681102362204723
0
LINE
8
BLACK
6
CONTINUOUS
10
2.5009842519685037
20
1.4681102362204723
11
2.5039975196850395
21
1.4675108661417322
0
LINE
8
BLACK
6
CONTINUOUS
10
2.5039975196850395
20
1.4675108661417322
11
2.5059055118110236
21
1.4662359448818898
0
LINE
8
BLACK
6
CONTINUOUS
10
2.5059055118110236
20
1.4662359448818898
11
2.5078135039370077
21
1.4675108661417322
0
LINE
8
BLACK
6
CONTINUOUS
10
2.5078135039370077
20
1.4675108661417322
11
2.5108267716535431
21
1.4681102362204723
0
LINE
8
BLACK
6
CONTINUOUS
10
2.5108267716535431
20
1.4681102362204723
11
2.5324803149606301
21
1.4681102362204723
0
LINE
8
BLACK
6
CONTINUOUS
10
2.5324803149606301
20
1.4681102362204723
11
2.5354935826771654
21
1.4675108661417322
0
LINE
8
BLACK
6
CONTINUOUS
10
2.5354935826771654
20
1.4675108661417322
11
2.5374015748031495
21
1.4662359448818898
0
LINE
8
BLACK
6
CONTINUOUS
10
2.5374015748031495
20
1.4662359448818898
11
2.5393095669291337
21
1.4675108661417322
0
LINE
8
BLACK
6
CONTINUOUS
10
2.5393095669291337
20
1.4675108661417322
11
2.5423228346456694
21
1.4681102362204723
0
LINE
8
BLACK
6
CONTINUOUS
10
2.5423228346456694
20
1.4681102362204723
11
2.563976377952756
21
1.4681102362204723
0
LINE
8
BLACK
6
CONTINUOUS
10
2.563976377952756
20
1.4681102362204723
11
2.5669896456692913
21
1.4675108661417322
0
LINE
8
BLACK
6
CONTINUOUS
10
2.5669896456692913
20
1.4675108661417322
11
2.5688976377952755
21
1.4662359448818898
0
LINE
8
BLACK
6
CONTINUOUS
10
2.5688976377952755
20
1.4662359448818898
11
2.5708056299212596
21
1.4675108661417322
0
LINE
8
BLACK
6
CONTINUOUS
10
2.5708056299212596
20
1.4675108661417322
11
2.5738188976377954
21
1.4681102362204723
0
LINE
8
BLACK
6
CONTINUOUS
10
2.5738188976377954
20
1.4681102362204723
11
2.5954724409448819
21
1.4681102362204723
0
LINE
8
BLACK
6
CONTINUOUS
10
2.5954724409448819
20
1.4681102362204723
11
2.5984857086614173
21
1.4675108661417322
0
LINE
8
BLACK
6
CONTINUOUS
10
2.5984857086614173
20
1.4675108661417322
11
2.6003937007874014
21
1.4662359448818898
0
LINE
8
BLACK
6
CONTINUOUS
10
2.6003937007874014
20
1.4662359448818898
11
2.602301692913386
21
1.4675108661417322
0
LINE
8
BLACK
6
CONTINUOUS
10
2.602301692913386
20
1.4675108661417322
11
2.6053149606299213
21
1.4681102362204723
0
LINE
8
BLACK
6
CONTINUOUS
10
2.6053149606299213
20
1.4681102362204723
11
2.6269685039370079
21
1.4681102362204723
0
LINE
8
BLACK
6
CONTINUOUS
10
2.6269685039370079
20
1.4681102362204723
11
2.6299817716535432
21
1.4675108661417322
0
LINE
8
BLACK
6
CONTINUOUS
10
2.6299817716535432
20
1.4675108661417322
11
2.6318897637795273
21
1.4662359448818898
0
LINE
8
BLACK
6
CONTINUOUS
10
2.6318897637795273
20
1.4662359448818898
11
2.6337977559055119
21
1.4675108661417322
0
LINE
8
BLACK
6
CONTINUOUS
10
2.6337977559055119
20
1.4675108661417322
11
2.6368110236220472
21
1.4681102362204723
0
LINE
8
BLACK
6
CONTINUOUS
10
2.6368110236220472
20
1.4681102362204723
11
2.6584645669291338
21
1.4681102362204723
0
LINE
8
BLACK
6
CONTINUOUS
10
2.6584645669291338
20
1.4681102362204723
11
2.6614778346456691
21
1.4675108661417322
0
LINE
8
BLACK
6
CONTINUOUS
10
2.6614778346456691
20
1.4675108661417322
11
2.6640323228346454
21
1.4658039763779527
0
LINE
8
BLACK
6
CONTINUOUS
10
2.6640323228346454
20
1.4658039763779527
11
2.6657392125984249
21
1.4632494881889764
0
LINE
8
BLACK
6
CONTINUOUS
10
2.6657392125984249
20
1.4632494881889764
11
2.6663385826771653
21
1.4602362204724408
0
LINE
8
BLACK
6
CONTINUOUS
10
2.6663385826771653
20
1.4602362204724408
11
2.6663385826771653
21
1.4011811023622047
0
LINE
8
BLACK
6
CONTINUOUS
10
2.6663385826771653
20
1.4011811023622047
11
2.6657392125984249
21
1.3981678346456692
0
LINE
8
BLACK
6
CONTINUOUS
10
2.6657392125984249
20
1.3981678346456692
11
2.6640323228346454
21
1.3956133464566929
0
LINE
8
BLACK
6
CONTINUOUS
10
2.6640323228346454
20
1.3956133464566929
11
2.6614778346456691
21
1.3939064566929134
0
LINE
8
BLACK
6
CONTINUOUS
10
2.6614778346456691
20
1.3939064566929134
11
2.6584645669291338
21
1.3933070866141732
0
LINE
8
BLACK
6
CONTINUOUS
10
2.6584645669291338
20
1.3933070866141732
11
2.6368110236220472
21
1.3933070866141732
0
LINE
8
BLACK
6
CONTINUOUS
10
2.6368110236220472
20
1.3933070866141732
11
2.6337977559055119
21
1.3939064566929134
0
LINE
8
BLACK
6
CONTINUOUS
10
2.6337977559055119
20
1.3939064566929134
11
2.6318897637795273
21
1.3951813385826772
0
LINE
8
BLACK
6
CONTINUOUS
10
2.6318897637795273
20
1.3951813385826772
11
2.6299817716535432
21
1.3939064566929134
0
LINE
8
BLACK
6
CONTINUOUS
10
2.6299817716535432
20
1.3939064566929134
11
2.6269685039370079
21
1.3933070866141732
0
LINE
8
BLACK
6
CONTINUOUS
10
2.6269685039370079
20
1.3933070866141732
11
2.6053149606299213
21
1.3933070866141732
0
LINE
8
BLACK
6
CONTINUOUS
10
2.6053149606299213
20
1.3933070866141732
11
2.602301692913386
21
1.3939064566929134
0
LINE
8
BLACK
6
CONTINUOUS
10
2.602301692913386
20
1.3939064566929134
11
2.6003937007874014
21
1.3951813385826772
0
LINE
8
BLACK
6
CONTINUOUS
10
2.6003937007874014
20
1.3951813385826772
11
2.5984857086614173
21
1.3939064566929134
0
LINE
8
BLACK
6
CONTINUOUS
10
2.5984857086614173
20
1.3939064566929134
11
2.5954724409448819
21
1.3933070866141732
0
LINE
8
BLACK
6
CONTINUOUS
10
2.5954724409448819
20
1.3933070866141732
11
2.5738188976377954
21
1.3933070866141732
0
LINE
8
BLACK
6
CONTINUOUS
10
2.5738188976377954
20
1.3933070866141732
11
2.5708056299212596
21
1.3939064566929134
0
LINE
8
BLACK
6
CONTINUOUS
10
2.5708056299212596
20
1.3939064566929134
11
2.5688976377952755
21
1.3951813385826772
0
LINE
8
BLACK
6
CONTINUOUS
10
2.5688976377952755
20
1.3951813385826772
11
2.5669896456692913
21
1.3939064566929134
0
LINE
8
BLACK
6
CONTINUOUS
10
2.5669896456692913
20
1.3939064566929134
11
2.563976377952756
21
1.3933070866141732
0
LINE
8
BLACK
6
CONTINUOUS
10
2.563976377952756
20
1.3933070866141732
11
2.5423228346456694
21
1.3933070866141732
0
LINE
8
BLACK
6
CONTINUOUS
10
2.5423228346456694
20
1.3933070866141732
11
2.5393095669291337
21
1.3939064566929134
0
LINE
8
BLACK
6
CONTINUOUS
10
2.5393095669291337
20
1.3939064566929134
11
2.5374015748031495
21
1.3951813385826772
0
LINE
8
BLACK
6
CONTINUOUS
10
2.5374015748031495
20
1.3951813385826772
11
2.5354935826771654
21
1.3939064566929134
0
LINE
8
BLACK
6
CONTINUOUS
10
2.5354935826771654
20
1.3939064566929134
11
2.5324803149606301
21
1.3933070866141732
0
LINE
8
BLACK
6
CONTINUOUS
10
2.5324803149606301
20
1.3933070866141732
11
2.5108267716535431
21
1.3933070866141732
0
LINE
8
BLACK
6
CONTINUOUS
10
2.5108267716535431
20
1.3933070866141732
11
2.5078135039370077
21
1.3939064566929134
0
LINE
8
BLACK
6
CONTINUOUS
10
2.5078135039370077
20
1.3939064566929134
11
2.5059055118110236
21
1.3951813385826772
0
LINE
8
BLACK
6
CONTINUOUS
10
2.5059055118110236
20
1.3951813385826772
11
2.5039975196850395
21
1.3939064566929134
0
LINE
8
BLACK
6
CONTINUOUS
10
2.5039975196850395
20
1.3939064566929134
11
2.5009842519685037
21
1.3933070866141732
0
LINE
8
BLACK
6
CONTINUOUS
10
2.5009842519685037
20
1.3933070866141732
11
2.4793307086614171
21
1.3933070866141732
0
LINE
8
BLACK
6
CONTINUOUS
10
2.4793307086614171
20
1.3933070866141732
11
2.4763174409448818
21
1.3939064566929134
0
LINE
8
BLACK
6
CONTINUOUS
10
2.4763174409448818
20
1.3939064566929134
11
2.4744094488188977
21
1.3951813385826772
0
LINE
8
BLACK
6
CONTINUOUS
10
2.4744094488188977
20
1.3951813385826772
11
2.4725014566929135
21
1.3939064566929134
0
LINE
8
BLACK
6
CONTINUOUS
10
2.4725014566929135
20
1.3939064566929134
11
2.4694881889763778
21
1.3933070866141732
0
LINE
8
BLACK
6
CONTINUOUS
10
2.4694881889763778
20
1.3933070866141732
11
2.4478346456692912
21
1.3933070866141732
0
LINE
8
BLACK
6
CONTINUOUS
10
2.4478346456692912
20
1.3933070866141732
11
2.4448213779527559
21
1.3939064566929134
0
LINE
8
BLACK
6
CONTINUOUS
10
2.4448213779527559
20
1.3939064566929134
11
2.4429133858267718
21
1.3951813385826772
0
LINE
8
BLACK
6
CONTINUOUS
10
2.4429133858267718
20
1.3951813385826772
11
2.4410053937007872
21
1.3939064566929134
0
LINE
8
BLACK
6
CONTINUOUS
10
2.4410053937007872
20
1.3939064566929134
11
2.4379921259842519
21
1.3933070866141732
0
LINE
8
BLACK
6
CONTINUOUS
10
2.4379921259842519
20
1.3933070866141732
11
2.4163385826771653
21
1.3933070866141732
0
LINE
8
BLACK
6
CONTINUOUS
10
2.4163385826771653
20
1.3933070866141732
11
2.41332531496063
21
1.3939064566929134
0
LINE
8
BLACK
6
CONTINUOUS
10
2.41332531496063
20
1.3939064566929134
11
2.4114173228346458
21
1.3951813385826772
0
LINE
8
BLACK
6
CONTINUOUS
10
2.4114173228346458
20
1.3951813385826772
11
2.4095093307086612
21
1.3939064566929134
0
LINE
8
BLACK
6
CONTINUOUS
10
2.4095093307086612
20
1.3939064566929134
11
2.4064960629921259
21
1.3933070866141732
0
LINE
8
BLACK
6
CONTINUOUS
10
2.4064960629921259
20
1.3933070866141732
11
2.3848425196850394
21
1.3933070866141732
0
LINE
8
BLACK
6
CONTINUOUS
10
2.3848425196850394
20
1.3933070866141732
11
2.381829251968504
21
1.3939064566929134
0
LINE
8
BLACK
6
CONTINUOUS
10
2.381829251968504
20
1.3939064566929134
11
2.3799212598425195
21
1.3951813385826772
0
LINE
8
BLACK
6
CONTINUOUS
10
2.3799212598425195
20
1.3951813385826772
11
2.3780132677165353
21
1.3939064566929134
0
LINE
8
BLACK
6
CONTINUOUS
10
2.3780132677165353
20
1.3939064566929134
11
2.375
21
1.3933070866141732
0
LINE
8
BLACK
6
CONTINUOUS
10
2.375
20
1.3933070866141732
11
2.3533464566929134
21
1.3933070866141732
0
LINE
8
BLACK
6
CONTINUOUS
10
2.3533464566929134
20
1.3933070866141732
11
2.3503331889763781
21
1.3939064566929134
0
LINE
8
BLACK
6
CONTINUOUS
10
2.3503331889763781
20
1.3939064566929134
11
2.3484251968503935
21
1.3951813385826772
0
LINE
8
BLACK
6
CONTINUOUS
10
2.3484251968503935
20
1.3951813385826772
11
2.3465172047244094
21
1.3939064566929134
0
LINE
8
BLACK
6
CONTINUOUS
10
2.3465172047244094
20
1.3939064566929134
11
2.3435039370078741
21
1.3933070866141732
0
LINE
8
BLACK
6
CONTINUOUS
10
2.3435039370078741
20
1.3933070866141732
11
2.3218503937007875
21
1.3933070866141732
0
LINE
8
BLACK
6
CONTINUOUS
10
2.3218503937007875
20
1.3933070866141732
11
2.3188371259842517
21
1.3939064566929134
0
LINE
8
BLACK
6
CONTINUOUS
10
2.3188371259842517
20
1.3939064566929134
11
2.3162826377952754
21
1.3956133464566929
0
LINE
8
BLACK
6
CONTINUOUS
10
2.3162826377952754
20
1.3956133464566929
11
2.3145757480314959
21
1.3981678346456692
0
LINE
8
BLACK
6
CONTINUOUS
10
2.3145757480314959
20
1.3981678346456692
11
2.313976377952756
21
1.4011811023622047
0
LINE
8
BLACK
6
CONTINUOUS
10
2.313976377952756
20
1.4011811023622047
11
2.313976377952756
21
1.4602362204724408
0
LINE
8
BLACK
6
CONTINUOUS
10
2.313976377952756
20
1.4602362204724408
11
2.3145757480314959
21
1.4632494881889764
0
LINE
8
BLACK
6
CONTINUOUS
10
2.3145757480314959
20
1.4632494881889764
11
2.3162826377952754
21
1.4658039763779527
0
LINE
8
BLACK
6
CONTINUOUS
10
2.3162826377952754
20
1.4658039763779527
11
2.3188371259842517
21
1.4675108661417322
0
LINE
8
BLACK
6
CONTINUOUS
10
2.3188371259842517
20
1.4675108661417322
11
2.3218503937007875
21
1.4681102362204723
0
LINE
8
BLACK
6
CONTINUOUS
10
2.3218503937007875
20
1.4681102362204723
11
2.3435039370078741
21
1.4681102362204723
0
LINE
8
BLACK
6
CONTINUOUS
10
2.3435039370078741
20
1.4681102362204723
11
2.3465172047244094
21
1.4675108661417322
0
LINE
8
BLACK
6
CONTINUOUS
10
3.0745461811023622
20
1.5352723228346457
11
3.0838573228346458
21
1.5330369291338581
0
LINE
8
BLACK
6
CONTINUOUS
10
3.0838573228346458
20
1.5330369291338581
11
3.0927041338582675
21
1.5293724409448819
0
LINE
8
BLACK
6
CONTINUOUS
10
3.0927041338582675
20
1.5293724409448819
11
3.1008687795275591
21
1.5243691338582677
0
LINE
8
BLACK
6
CONTINUOUS
10
3.1008687795275591
20
1.5243691338582677
11
3.1081502362204723
21
1.5181502362204724
0
LINE
8
BLACK
6
CONTINUOUS
10
3.1081502362204723
20
1.5181502362204724
11
3.1143691338582675
21
1.510868779527559
0
LINE
8
BLACK
6
CONTINUOUS
10
3.1143691338582675
20
1.510868779527559
11
3.116115590551181
21
1.508018779527559
0
LINE
8
BLACK
6
CONTINUOUS
10
3.116115590551181
20
1.508018779527559
11
3.1175031102362203
21
1.51009531496063
0
LINE
8
BLACK
6
CONTINUOUS
10
3.1175031102362203
20
1.51009531496063
11
3.1200575984251966
21
1.5118022047244095
0
LINE
8
BLACK
6
CONTINUOUS
10
3.1200575984251966
20
1.5118022047244095
11
3.1230708661417323
21
1.5124015748031496
0
LINE
8
BLACK
6
CONTINUOUS
10
3.1230708661417323
20
1.5124015748031496
11
3.1644094488188976
21
1.5124015748031496
0
LINE
8
BLACK
6
CONTINUOUS
10
3.1644094488188976
20
1.5124015748031496
11
3.1674227165354329
21
1.5118022047244095
0
LINE
8
BLACK
6
CONTINUOUS
10
3.1674227165354329
20
1.5118022047244095
11
3.1699772047244092
21
1.51009531496063
0
LINE
8
BLACK
6
CONTINUOUS
10
3.1699772047244092
20
1.51009531496063
11
3.1716840944881888
21
1.5075408267716535
0
LINE
8
BLACK
6
CONTINUOUS
10
3.1716840944881888
20
1.5075408267716535
11
3.1722834645669291
21
1.5045275590551181
0
LINE
8
BLACK
6
CONTINUOUS
10
3.1722834645669291
20
1.5045275590551181
11
3.1722834645669291
21
1.4454724409448818
0
LINE
8
BLACK
6
CONTINUOUS
10
3.1722834645669291
20
1.4454724409448818
11
3.1716840944881888
21
1.4424591732283465
0
LINE
8
BLACK
6
CONTINUOUS
10
3.1716840944881888
20
1.4424591732283465
11
3.1699772047244092
21
1.43990468503937
0
LINE
8
BLACK
6
CONTINUOUS
10
3.1699772047244092
20
1.43990468503937
11
3.1674227165354329
21
1.4381977952755904
0
LINE
8
BLACK
6
CONTINUOUS
10
3.1674227165354329
20
1.4381977952755904
11
3.1644094488188976
21
1.4375984251968503
0
LINE
8
BLACK
6
CONTINUOUS
10
3.1644094488188976
20
1.4375984251968503
11
3.1230708661417323
21
1.4375984251968503
0
LINE
8
BLACK
6
CONTINUOUS
10
3.1230708661417323
20
1.4375984251968503
11
3.1200575984251966
21
1.4381977952755904
0
LINE
8
BLACK
6
CONTINUOUS
10
3.1200575984251966
20
1.4381977952755904
11
3.1175031102362203
21
1.43990468503937
0
LINE
8
BLACK
6
CONTINUOUS
10
3.1175031102362203
20
1.43990468503937
11
3.116115590551181
21
1.4419811811023622
0
LINE
8
BLACK
6
CONTINUOUS
10
3.116115590551181
20
1.4419811811023622
11
3.1143691338582675
21
1.4391312204724409
0
LINE
8
BLACK
6
CONTINUOUS
10
3.1143691338582675
20
1.4391312204724409
11
3.1081502362204723
21
1.4318497637795276
0
LINE
8
BLACK
6
CONTINUOUS
10
3.1081502362204723
20
1.4318497637795276
11
3.1008687795275591
21
1.4256308661417323
0
LINE
8
BLACK
6
CONTINUOUS
10
3.1008687795275591
20
1.4256308661417323
11
3.0927041338582675
21
1.4206275590551181
0
LINE
8
BLACK
6
CONTINUOUS
10
3.0927041338582675
20
1.4206275590551181
11
3.0838573228346458
21
1.4169630708661416
0
LINE
8
BLACK
6
CONTINUOUS
10
3.0838573228346458
20
1.4169630708661416
11
3.0745461811023622
21
1.4147276771653543
0
LINE
8
BLACK
6
CONTINUOUS
10
3.0745461811023622
20
1.4147276771653543
11
3.0649999999999999
21
1.4139763779527559
0
LINE
8
BLACK
6
CONTINUOUS
10
3.0649999999999999
20
1.4139763779527559
11
3.0554538188976377
21
1.4147276771653543
0
LINE
8
BLACK
6
CONTINUOUS
10
3.0554538188976377
20
1.4147276771653543
11
3.0461426771653541
21
1.4169630708661416
0
LINE
8
BLACK
6
CONTINUOUS
10
3.0461426771653541
20
1.4169630708661416
11
3.0372958661417324
21
1.4206275590551181
0
LINE
8
BLACK
6
CONTINUOUS
10
3.0372958661417324
20
1.4206275590551181
11
3.0291312204724408
21
1.4256308661417323
0
LINE
8
BLACK
6
CONTINUOUS
10
3.0291312204724408
20
1.4256308661417323
11
3.0218497637795276
21
1.4318497637795276
0
LINE
8
BLACK
6
CONTINUOUS
10
3.0218497637795276
20
1.4318497637795276
11
3.0156308661417324
21
1.4391312204724409
0
LINE
8
BLACK
6
CONTINUOUS
10
3.0156308661417324
20
1.4391312204724409
11
3.0138843700787401
21
1.4419811811023622
0
LINE
8
BLACK
6
CONTINUOUS
10
3.0138843700787401
20
1.4419811811023622
11
3.0124968897637796
21
1.43990468503937
0
LINE
8
BLACK
6
CONTINUOUS
10
3.0124968897637796
20
1.43990468503937
11
3.0099424015748029
21
1.4381977952755904
0
LINE
8
BLACK
6
CONTINUOUS
10
3.0099424015748029
20
1.4381977952755904
11
3.0069291338582675
21
1.4375984251968503
0
LINE
8
BLACK
6
CONTINUOUS
10
3.0069291338582675
20
1.4375984251968503
11
2.9655905511811023
21
1.4375984251968503
0
LINE
8
BLACK
6
CONTINUOUS
10
2.9655905511811023
20
1.4375984251968503
11
2.9625772834645669
21
1.4381977952755904
0
LINE
8
BLACK
6
CONTINUOUS
10
2.9625772834645669
20
1.4381977952755904
11
2.9600227952755906
21
1.43990468503937
0
LINE
8
BLACK
6
CONTINUOUS
10
2.9600227952755906
20
1.43990468503937
11
2.9583159055118111
21
1.4424591732283465
0
LINE
8
BLACK
6
CONTINUOUS
10
2.9583159055118111
20
1.4424591732283465
11
2.9577165354330708
21
1.4454724409448818
0
LINE
8
BLACK
6
CONTINUOUS
10
2.9577165354330708
20
1.4454724409448818
11
2.9577165354330708
21
1.5045275590551181
0
LINE
8
BLACK
6
CONTINUOUS
10
2.9577165354330708
20
1.5045275590551181
11
2.9583159055118111
21
1.5075408267716535
0
LINE
8
BLACK
6
CONTINUOUS
10
2.9583159055118111
20
1.5075408267716535
11
2.9600227952755906
21
1.51009531496063
0
LINE
8
BLACK
6
CONTINUOUS
10
2.9600227952755906
20
1.51009531496063
11
2.9625772834645669
21
1.5118022047244095
0
LINE
8
BLACK
6
CONTINUOUS
10
2.9625772834645669
20
1.5118022047244095
11
2.9655905511811023
21
1.5124015748031496
0
LINE
8
BLACK
6
CONTINUOUS
10
2.9655905511811023
20
1.5124015748031496
11
3.0069291338582675
21
1.5124015748031496
0
LINE
8
BLACK
6
CONTINUOUS
10
3.0069291338582675
20
1.5124015748031496
11
3.0099424015748029
21
1.5118022047244095
0
LINE
8
BLACK
6
CONTINUOUS
10
3.0099424015748029
20
1.5118022047244095
11
3.0124968897637796
21
1.51009531496063
0
LINE
8
BLACK
6
CONTINUOUS
10
3.0124968897637796
20
1.51009531496063
11
3.0138843700787401
21
1.508018779527559
0
LINE
8
BLACK
6
CONTINUOUS
10
3.0138843700787401
20
1.508018779527559
11
3.0156308661417324
21
1.510868779527559
0
LINE
8
BLACK
6
CONTINUOUS
10
3.0156308661417324
20
1.510868779527559
11
3.0218497637795276
21
1.5181502362204724
0
LINE
8
BLACK
6
CONTINUOUS
10
3.0218497637795276
20
1.5181502362204724
11
3.0291312204724408
21
1.5243691338582677
0
LINE
8
BLACK
6
CONTINUOUS
10
3.0291312204724408
20
1.5243691338582677
11
3.0372958661417324
21
1.5293724409448819
0
LINE
8
BLACK
6
CONTINUOUS
10
3.0372958661417324
20
1.5293724409448819
11
3.0461426771653541
21
1.5330369291338581
0
LINE
8
BLACK
6
CONTINUOUS
10
3.0461426771653541
20
1.5330369291338581
11
3.0554538188976377
21
1.5352723228346457
0
LINE
8
BLACK
6
CONTINUOUS
10
3.0554538188976377
20
1.5352723228346457
11
3.0649999999999999
21
1.5360236220472441
0
LINE
8
BLACK
6
CONTINUOUS
10
3.0649999999999999
20
1.5360236220472441
11
3.0745461811023622
21
1.5352723228346457
0
LINE
8
BLACK
6
CONTINUOUS
10
1.9830132677165353
20
1.4897746456692913
11
1.9855677559055118
21
1.4880677559055118
0
LINE
8
BLACK
6
CONTINUOUS
10
1.9855677559055118
20
1.4880677559055118
11
1.9872746456692914
21
1.4855132677165355
0
LINE
8
BLACK
6
CONTINUOUS
10
1.9872746456692914
20
1.4855132677165355
11
1.9878740157480315
21
1.4824999999999999
0
LINE
8
BLACK
6
CONTINUOUS
10
1.9878740157480315
20
1.4824999999999999
11
1.9878740157480315
21
1.4275
0
LINE
8
BLACK
6
CONTINUOUS
10
1.9878740157480315
20
1.4275
11
1.9872746456692914
21
1.4244867322834645
0
LINE
8
BLACK
6
CONTINUOUS
10
1.9872746456692914
20
1.4244867322834645
11
1.9855677559055118
21
1.4219322440944882
0
LINE
8
BLACK
6
CONTINUOUS
10
1.9855677559055118
20
1.4219322440944882
11
1.9830132677165353
21
1.4202253543307086
0
LINE
8
BLACK
6
CONTINUOUS
10
1.9830132677165353
20
1.4202253543307086
11
1.98
21
1.4196259842519685
0
LINE
8
BLACK
6
CONTINUOUS
10
1.98
20
1.4196259842519685
11
1.9450000000000001
21
1.4196259842519685
0
LINE
8
BLACK
6
CONTINUOUS
10
1.9450000000000001
20
1.4196259842519685
11
1.9419867322834645
21
1.4202253543307086
0
LINE
8
BLACK
6
CONTINUOUS
10
1.9419867322834645
20
1.4202253543307086
11
1.9394322440944882
21
1.4219322440944882
0
LINE
8
BLACK
6
CONTINUOUS
10
1.9394322440944882
20
1.4219322440944882
11
1.9377253543307087
21
1.4244867322834645
0
LINE
8
BLACK
6
CONTINUOUS
10
1.9377253543307087
20
1.4244867322834645
11
1.9371259842519684
21
1.4275
0
LINE
8
BLACK
6
CONTINUOUS
10
1.9371259842519684
20
1.4275
11
1.9371259842519684
21
1.4824999999999999
0
LINE
8
BLACK
6
CONTINUOUS
10
1.9371259842519684
20
1.4824999999999999
11
1.9377253543307087
21
1.4855132677165355
0
LINE
8
BLACK
6
CONTINUOUS
10
1.9377253543307087
20
1.4855132677165355
11
1.9394322440944882
21
1.4880677559055118
0
LINE
8
BLACK
6
CONTINUOUS
10
1.9394322440944882
20
1.4880677559055118
11
1.9419867322834645
21
1.4897746456692913
0
LINE
8
BLACK
6
CONTINUOUS
10
1.9419867322834645
20
1.4897746456692913
11
1.9450000000000001
21
1.4903740157480314
0
LINE
8
BLACK
6
CONTINUOUS
10
1.9450000000000001
20
1.4903740157480314
11
1.98
21
1.4903740157480314
0
LINE
8
BLACK
6
CONTINUOUS
10
1.98
20
1.4903740157480314
11
1.9830132677165353
21
1.4897746456692913
0
LINE
8
BLACK
6
CONTINUOUS
10
2.0580132677165355
20
1.4897746456692913
11
2.0605677559055118
21
1.4880677559055118
0
LINE
8
BLACK
6
CONTINUOUS
10
2.0605677559055118
20
1.4880677559055118
11
2.0622746456692913
21
1.4855132677165355
0
LINE
8
BLACK
6
CONTINUOUS
10
2.0622746456692913
20
1.4855132677165355
11
2.0628740157480316
21
1.4824999999999999
0
LINE
8
BLACK
6
CONTINUOUS
10
2.0628740157480316
20
1.4824999999999999
11
2.0628740157480316
21
1.4275
0
LINE
8
BLACK
6
CONTINUOUS
10
2.0628740157480316
20
1.4275
11
2.0622746456692913
21
1.4244867322834645
0
LINE
8
BLACK
6
CONTINUOUS
10
2.0622746456692913
20
1.4244867322834645
11
2.0605677559055118
21
1.4219322440944882
0
LINE
8
BLACK
6
CONTINUOUS
10
2.0605677559055118
20
1.4219322440944882
11
2.0580132677165355
21
1.4202253543307086
0
LINE
8
BLACK
6
CONTINUOUS
10
2.0580132677165355
20
1.4202253543307086
11
2.0550000000000002
21
1.4196259842519685
0
LINE
8
BLACK
6
CONTINUOUS
10
2.0550000000000002
20
1.4196259842519685
11
2.02
21
1.4196259842519685
0
LINE
8
BLACK
6
CONTINUOUS
10
2.02
20
1.4196259842519685
11
2.0169867322834647
21
1.4202253543307086
0
LINE
8
BLACK
6
CONTINUOUS
10
2.0169867322834647
20
1.4202253543307086
11
2.014432244094488
21
1.4219322440944882
0
LINE
8
BLACK
6
CONTINUOUS
10
2.014432244094488
20
1.4219322440944882
11
2.0127253543307084
21
1.4244867322834645
0
LINE
8
BLACK
6
CONTINUOUS
10
2.0127253543307084
20
1.4244867322834645
11
2.0121259842519685
21
1.4275
0
LINE
8
BLACK
6
CONTINUOUS
10
2.0121259842519685
20
1.4275
11
2.0121259842519685
21
1.4824999999999999
0
LINE
8
BLACK
6
CONTINUOUS
10
2.0121259842519685
20
1.4824999999999999
11
2.0127253543307084
21
1.4855132677165355
0
LINE
8
BLACK
6
CONTINUOUS
10
2.0127253543307084
20
1.4855132677165355
11
2.014432244094488
21
1.4880677559055118
0
LINE
8
BLACK
6
CONTINUOUS
10
2.014432244094488
20
1.4880677559055118
11
2.0169867322834647
21
1.4897746456692913
0
LINE
8
BLACK
6
CONTINUOUS
10
2.0169867322834647
20
1.4897746456692913
11
2.02
21
1.4903740157480314
0
LINE
8
BLACK
6
CONTINUOUS
10
2.02
20
1.4903740157480314
11
2.0550000000000002
21
1.4903740157480314
0
LINE
8
BLACK
6
CONTINUOUS
10
2.0550000000000002
20
1.4903740157480314
11
2.0580132677165355
21
1.4897746456692913
0
LINE
8
BLACK
6
CONTINUOUS
10
2.1280132677165353
20
1.4897746456692913
11
2.1305677559055116
21
1.4880677559055118
0
LINE
8
BLACK
6
CONTINUOUS
10
2.1305677559055116
20
1.4880677559055118
11
2.1322746456692911
21
1.4855132677165355
0
LINE
8
BLACK
6
CONTINUOUS
10
2.1322746456692911
20
1.4855132677165355
11
2.1328740157480315
21
1.4824999999999999
0
LINE
8
BLACK
6
CONTINUOUS
10
2.1328740157480315
20
1.4824999999999999
11
2.1328740157480315
21
1.4275
0
LINE
8
BLACK
6
CONTINUOUS
10
2.1328740157480315
20
1.4275
11
2.1322746456692911
21
1.4244867322834645
0
LINE
8
BLACK
6
CONTINUOUS
10
2.1322746456692911
20
1.4244867322834645
11
2.1305677559055116
21
1.4219322440944882
0
LINE
8
BLACK
6
CONTINUOUS
10
2.1305677559055116
20
1.4219322440944882
11
2.1280132677165353
21
1.4202253543307086
0
LINE
8
BLACK
6
CONTINUOUS
10
2.1280132677165353
20
1.4202253543307086
11
2.125
21
1.4196259842519685
0
LINE
8
BLACK
6
CONTINUOUS
10
2.125
20
1.4196259842519685
11
2.0899999999999999
21
1.4196259842519685
0
LINE
8
BLACK
6
CONTINUOUS
10
2.0899999999999999
20
1.4196259842519685
11
2.0869867322834645
21
1.4202253543307086
0
LINE
8
BLACK
6
CONTINUOUS
10
2.0869867322834645
20
1.4202253543307086
11
2.0844322440944882
21
1.4219322440944882
0
LINE
8
BLACK
6
CONTINUOUS
10
2.0844322440944882
20
1.4219322440944882
11
2.0827253543307087
21
1.4244867322834645
0
LINE
8
BLACK
6
CONTINUOUS
10
2.0827253543307087
20
1.4244867322834645
11
2.0821259842519684
21
1.4275
0
LINE
8
BLACK
6
CONTINUOUS
10
2.0821259842519684
20
1.4275
11
2.0821259842519684
21
1.4824999999999999
0
LINE
8
BLACK
6
CONTINUOUS
10
2.0821259842519684
20
1.4824999999999999
11
2.0827253543307087
21
1.4855132677165355
0
LINE
8
BLACK
6
CONTINUOUS
10
2.0827253543307087
20
1.4855132677165355
11
2.0844322440944882
21
1.4880677559055118
0
LINE
8
BLACK
6
CONTINUOUS
10
2.0844322440944882
20
1.4880677559055118
11
2.0869867322834645
21
1.4897746456692913
0
LINE
8
BLACK
6
CONTINUOUS
10
2.0869867322834645
20
1.4897746456692913
11
2.0899999999999999
21
1.4903740157480314
0
LINE
8
BLACK
6
CONTINUOUS
10
2.0899999999999999
20
1.4903740157480314
11
2.125
21
1.4903740157480314
0
LINE
8
BLACK
6
CONTINUOUS
10
2.125
20
1.4903740157480314
11
2.1280132677165353
21
1.4897746456692913
0
LINE
8
BLACK
6
CONTINUOUS
10
2.2030132677165355
20
1.4897746456692913
11
2.2055677559055118
21
1.4880677559055118
0
LINE
8
BLACK
6
CONTINUOUS
10
2.2055677559055118
20
1.4880677559055118
11
2.2072746456692913
21
1.4855132677165355
0
LINE
8
BLACK
6
CONTINUOUS
10
2.2072746456692913
20
1.4855132677165355
11
2.2078740157480317
21
1.4824999999999999
0
LINE
8
BLACK
6
CONTINUOUS
10
2.2078740157480317
20
1.4824999999999999
11
2.2078740157480317
21
1.4275
0
LINE
8
BLACK
6
CONTINUOUS
10
2.2078740157480317
20
1.4275
11
2.2072746456692913
21
1.4244867322834645
0
LINE
8
BLACK
6
CONTINUOUS
10
2.2072746456692913
20
1.4244867322834645
11
2.2055677559055118
21
1.4219322440944882
0
LINE
8
BLACK
6
CONTINUOUS
10
2.2055677559055118
20
1.4219322440944882
11
2.2030132677165355
21
1.4202253543307086
0
LINE
8
BLACK
6
CONTINUOUS
10
2.2030132677165355
20
1.4202253543307086
11
2.1999999999999997
21
1.4196259842519685
0
LINE
8
BLACK
6
CONTINUOUS
10
2.1999999999999997
20
1.4196259842519685
11
2.165
21
1.4196259842519685
0
LINE
8
BLACK
6
CONTINUOUS
10
2.165
20
1.4196259842519685
11
2.1619867322834647
21
1.4202253543307086
0
LINE
8
BLACK
6
CONTINUOUS
10
2.1619867322834647
20
1.4202253543307086
11
2.159432244094488
21
1.4219322440944882
0
LINE
8
BLACK
6
CONTINUOUS
10
2.159432244094488
20
1.4219322440944882
11
2.1577253543307084
21
1.4244867322834645
0
LINE
8
BLACK
6
CONTINUOUS
10
2.1577253543307084
20
1.4244867322834645
11
2.1571259842519686
21
1.4275
0
LINE
8
BLACK
6
CONTINUOUS
10
2.1571259842519686
20
1.4275
11
2.1571259842519686
21
1.4824999999999999
0
LINE
8
BLACK
6
CONTINUOUS
10
2.1571259842519686
20
1.4824999999999999
11
2.1577253543307084
21
1.4855132677165355
0
LINE
8
BLACK
6
CONTINUOUS
10
2.1577253543307084
20
1.4855132677165355
11
2.159432244094488
21
1.4880677559055118
0
LINE
8
BLACK
6
CONTINUOUS
10
2.159432244094488
20
1.4880677559055118
11
2.1619867322834647
21
1.4897746456692913
0
LINE
8
BLACK
6
CONTINUOUS
10
2.1619867322834647
20
1.4897746456692913
11
2.165
21
1.4903740157480314
0
LINE
8
BLACK
6
CONTINUOUS
10
2.165
20
1.4903740157480314
11
2.1999999999999997
21
1.4903740157480314
0
LINE
8
BLACK
6
CONTINUOUS
10
2.1999999999999997
20
1.4903740157480314
11
2.2030132677165355
21
1.4897746456692913
0
LINE
8
BLACK
6
CONTINUOUS
10
2.8580132677165353
20
1.5097746456692913
11
2.8605677559055116
21
1.5080677559055118
0
LINE
8
BLACK
6
CONTINUOUS
10
2.8605677559055116
20
1.5080677559055118
11
2.8622746456692911
21
1.5055132677165355
0
LINE
8
BLACK
6
CONTINUOUS
10
2.8622746456692911
20
1.5055132677165355
11
2.8628740157480315
21
1.5024999999999999
0
LINE
8
BLACK
6
CONTINUOUS
10
2.8628740157480315
20
1.5024999999999999
11
2.8628740157480315
21
1.4475
0
LINE
8
BLACK
6
CONTINUOUS
10
2.8628740157480315
20
1.4475
11
2.8622746456692911
21
1.4444867322834645
0
LINE
8
BLACK
6
CONTINUOUS
10
2.8622746456692911
20
1.4444867322834645
11
2.8605677559055116
21
1.4419322440944882
0
LINE
8
BLACK
6
CONTINUOUS
10
2.8605677559055116
20
1.4419322440944882
11
2.8580132677165353
21
1.4402253543307086
0
LINE
8
BLACK
6
CONTINUOUS
10
2.8580132677165353
20
1.4402253543307086
11
2.855
21
1.4396259842519685
0
LINE
8
BLACK
6
CONTINUOUS
10
2.855
20
1.4396259842519685
11
2.8199999999999998
21
1.4396259842519685
0
LINE
8
BLACK
6
CONTINUOUS
10
2.8199999999999998
20
1.4396259842519685
11
2.8169867322834645
21
1.4402253543307086
0
LINE
8
BLACK
6
CONTINUOUS
10
2.8169867322834645
20
1.4402253543307086
11
2.8144322440944882
21
1.4419322440944882
0
LINE
8
BLACK
6
CONTINUOUS
10
2.8144322440944882
20
1.4419322440944882
11
2.8127253543307087
21
1.4444867322834645
0
LINE
8
BLACK
6
CONTINUOUS
10
2.8127253543307087
20
1.4444867322834645
11
2.8121259842519684
21
1.4475
0
LINE
8
BLACK
6
CONTINUOUS
10
2.8121259842519684
20
1.4475
11
2.8121259842519684
21
1.5024999999999999
0
LINE
8
BLACK
6
CONTINUOUS
10
2.8121259842519684
20
1.5024999999999999
11
2.8127253543307087
21
1.5055132677165355
0
LINE
8
BLACK
6
CONTINUOUS
10
2.8127253543307087
20
1.5055132677165355
11
2.8144322440944882
21
1.5080677559055118
0
LINE
8
BLACK
6
CONTINUOUS
10
2.8144322440944882
20
1.5080677559055118
11
2.8169867322834645
21
1.5097746456692913
0
LINE
8
BLACK
6
CONTINUOUS
10
2.8169867322834645
20
1.5097746456692913
11
2.8199999999999998
21
1.5103740157480314
0
LINE
8
BLACK
6
CONTINUOUS
10
2.8199999999999998
20
1.5103740157480314
11
2.855
21
1.5103740157480314
0
LINE
8
BLACK
6
CONTINUOUS
10
2.855
20
1.5103740157480314
11
2.8580132677165353
21
1.5097746456692913
0
LINE
8
BLACK
6
CONTINUOUS
10
2.9330132677165355
20
1.5097746456692913
11
2.9355677559055118
21
1.5080677559055118
0
LINE
8
BLACK
6
CONTINUOUS
10
2.9355677559055118
20
1.5080677559055118
11
2.9372746456692913
21
1.5055132677165355
0
LINE
8
BLACK
6
CONTINUOUS
10
2.9372746456692913
20
1.5055132677165355
11
2.9378740157480316
21
1.5024999999999999
0
LINE
8
BLACK
6
CONTINUOUS
10
2.9378740157480316
20
1.5024999999999999
11
2.9378740157480316
21
1.4475
0
LINE
8
BLACK
6
CONTINUOUS
10
2.9378740157480316
20
1.4475
11
2.9372746456692913
21
1.4444867322834645
0
LINE
8
BLACK
6
CONTINUOUS
10
2.9372746456692913
20
1.4444867322834645
11
2.9355677559055118
21
1.4419322440944882
0
LINE
8
BLACK
6
CONTINUOUS
10
2.9355677559055118
20
1.4419322440944882
11
2.9330132677165355
21
1.4402253543307086
0
LINE
8
BLACK
6
CONTINUOUS
10
2.9330132677165355
20
1.4402253543307086
11
2.9299999999999997
21
1.4396259842519685
0
LINE
8
BLACK
6
CONTINUOUS
10
2.9299999999999997
20
1.4396259842519685
11
2.895
21
1.4396259842519685
0
LINE
8
BLACK
6
CONTINUOUS
10
2.895
20
1.4396259842519685
11
2.8919867322834647
21
1.4402253543307086
0
LINE
8
BLACK
6
CONTINUOUS
10
2.8919867322834647
20
1.4402253543307086
11
2.889432244094488
21
1.4419322440944882
0
LINE
8
BLACK
6
CONTINUOUS
10
2.889432244094488
20
1.4419322440944882
11
2.8877253543307084
21
1.4444867322834645
0
LINE
8
BLACK
6
CONTINUOUS
10
2.8877253543307084
20
1.4444867322834645
11
2.8871259842519685
21
1.4475
0
LINE
8
BLACK
6
CONTINUOUS
10
2.8871259842519685
20
1.4475
11
2.8871259842519685
21
1.5024999999999999
0
LINE
8
BLACK
6
CONTINUOUS
10
2.8871259842519685
20
1.5024999999999999
11
2.8877253543307084
21
1.5055132677165355
0
LINE
8
BLACK
6
CONTINUOUS
10
2.8877253543307084
20
1.5055132677165355
11
2.889432244094488
21
1.5080677559055118
0
LINE
8
BLACK
6
CONTINUOUS
10
2.889432244094488
20
1.5080677559055118
11
2.8919867322834647
21
1.5097746456692913
0
LINE
8
BLACK
6
CONTINUOUS
10
2.8919867322834647
20
1.5097746456692913
11
2.895
21
1.5103740157480314
0
LINE
8
BLACK
6
CONTINUOUS
10
2.895
20
1.5103740157480314
11
2.9299999999999997
21
1.5103740157480314
0
LINE
8
BLACK
6
CONTINUOUS
10
2.9299999999999997
20
1.5103740157480314
11
2.9330132677165355
21
1.5097746456692913
0
LINE
8
BLACK
6
CONTINUOUS
10
0.7455132677165354
20
1.5347746456692912
11
0.7480677559055118
21
1.5330677559055117
0
LINE
8
BLACK
6
CONTINUOUS
10
0.7480677559055118
20
1.5330677559055117
11
0.7497746456692913
21
1.5305132677165354
0
LINE
8
BLACK
6
CONTINUOUS
10
0.7497746456692913
20
1.5305132677165354
11
0.7503740157480315
21
1.5274999999999999
0
LINE
8
BLACK
6
CONTINUOUS
10
0.7503740157480315
20
1.5274999999999999
11
0.7503740157480315
21
1.4724999999999999
0
LINE
8
BLACK
6
CONTINUOUS
10
0.7503740157480315
20
1.4724999999999999
11
0.7497746456692913
21
1.4694867322834646
0
LINE
8
BLACK
6
CONTINUOUS
10
0.7497746456692913
20
1.4694867322834646
11
0.7480677559055118
21
1.4669322440944881
0
LINE
8
BLACK
6
CONTINUOUS
10
0.7480677559055118
20
1.4669322440944881
11
0.7455132677165354
21
1.4652253543307086
0
LINE
8
BLACK
6
CONTINUOUS
10
0.7455132677165354
20
1.4652253543307086
11
0.7424999999999999
21
1.4646259842519684
0
LINE
8
BLACK
6
CONTINUOUS
10
0.7424999999999999
20
1.4646259842519684
11
0.7075
21
1.4646259842519684
0
LINE
8
BLACK
6
CONTINUOUS
10
0.7075
20
1.4646259842519684
11
0.7044867322834646
21
1.4652253543307086
0
LINE
8
BLACK
6
CONTINUOUS
10
0.7044867322834646
20
1.4652253543307086
11
0.7019322440944882
21
1.4669322440944881
0
LINE
8
BLACK
6
CONTINUOUS
10
0.7019322440944882
20
1.4669322440944881
11
0.7002253543307086
21
1.4694867322834646
0
LINE
8
BLACK
6
CONTINUOUS
10
0.7002253543307086
20
1.4694867322834646
11
0.6996259842519685
21
1.4724999999999999
0
LINE
8
BLACK
6
CONTINUOUS
10
0.6996259842519685
20
1.4724999999999999
11
0.6996259842519685
21
1.5274999999999999
0
LINE
8
BLACK
6
CONTINUOUS
10
0.6996259842519685
20
1.5274999999999999
11
0.7002253543307086
21
1.5305132677165354
0
LINE
8
BLACK
6
CONTINUOUS
10
0.7002253543307086
20
1.5305132677165354
11
0.7019322440944882
21
1.5330677559055117
0
LINE
8
BLACK
6
CONTINUOUS
10
0.7019322440944882
20
1.5330677559055117
11
0.7044867322834646
21
1.5347746456692912
0
LINE
8
BLACK
6
CONTINUOUS
10
0.7044867322834646
20
1.5347746456692912
11
0.7075
21
1.5353740157480316
0
LINE
8
BLACK
6
CONTINUOUS
10
0.7075
20
1.5353740157480316
11
0.7424999999999999
21
1.5353740157480316
0
LINE
8
BLACK
6
CONTINUOUS
10
0.7424999999999999
20
1.5353740157480316
11
0.7455132677165354
21
1.5347746456692912
0
LINE
8
BLACK
6
CONTINUOUS
10
0.8205132677165354
20
1.5347746456692912
11
0.8230677559055118
21
1.5330677559055117
0
LINE
8
BLACK
6
CONTINUOUS
10
0.8230677559055118
20
1.5330677559055117
11
0.8247746456692914
21
1.5305132677165354
0
LINE
8
BLACK
6
CONTINUOUS
10
0.8247746456692914
20
1.5305132677165354
11
0.8253740157480315
21
1.5274999999999999
0
LINE
8
BLACK
6
CONTINUOUS
10
0.8253740157480315
20
1.5274999999999999
11
0.8253740157480315
21
1.4724999999999999
0
LINE
8
BLACK
6
CONTINUOUS
10
0.8253740157480315
20
1.4724999999999999
11
0.8247746456692914
21
1.4694867322834646
0
LINE
8
BLACK
6
CONTINUOUS
10
0.8247746456692914
20
1.4694867322834646
11
0.8230677559055118
21
1.4669322440944881
0
LINE
8
BLACK
6
CONTINUOUS
10
0.8230677559055118
20
1.4669322440944881
11
0.8205132677165354
21
1.4652253543307086
0
LINE
8
BLACK
6
CONTINUOUS
10
0.8205132677165354
20
1.4652253543307086
11
0.8175
21
1.4646259842519684
0
LINE
8
BLACK
6
CONTINUOUS
10
0.8175
20
1.4646259842519684
11
0.7825
21
1.4646259842519684
0
LINE
8
BLACK
6
CONTINUOUS
10
0.7825
20
1.4646259842519684
11
0.7794867322834645
21
1.4652253543307086
0
LINE
8
BLACK
6
CONTINUOUS
10
0.7794867322834645
20
1.4652253543307086
11
0.7769322440944881
21
1.4669322440944881
0
LINE
8
BLACK
6
CONTINUOUS
10
0.7769322440944881
20
1.4669322440944881
11
0.7752253543307086
21
1.4694867322834646
0
LINE
8
BLACK
6
CONTINUOUS
10
0.7752253543307086
20
1.4694867322834646
11
0.7746259842519685
21
1.4724999999999999
0
LINE
8
BLACK
6
CONTINUOUS
10
0.7746259842519685
20
1.4724999999999999
11
0.7746259842519685
21
1.5274999999999999
0
LINE
8
BLACK
6
CONTINUOUS
10
0.7746259842519685
20
1.5274999999999999
11
0.7752253543307086
21
1.5305132677165354
0
LINE
8
BLACK
6
CONTINUOUS
10
0.7752253543307086
20
1.5305132677165354
11
0.7769322440944881
21
1.5330677559055117
0
LINE
8
BLACK
6
CONTINUOUS
10
0.7769322440944881
20
1.5330677559055117
11
0.7794867322834645
21
1.5347746456692912
0
LINE
8
BLACK
6
CONTINUOUS
10
0.7794867322834645
20
1.5347746456692912
11
0.7825
21
1.5353740157480316
0
LINE
8
BLACK
6
CONTINUOUS
10
0.7825
20
1.5353740157480316
11
0.8175
21
1.5353740157480316
0
LINE
8
BLACK
6
CONTINUOUS
10
0.8175
20
1.5353740157480316
11
0.8205132677165354
21
1.5347746456692912
0
LINE
8
BLACK
6
CONTINUOUS
10
0.8955132677165354
20
1.5347746456692912
11
0.8980677559055118
21
1.5330677559055117
0
LINE
8
BLACK
6
CONTINUOUS
10
0.8980677559055118
20
1.5330677559055117
11
0.8997746456692913
21
1.5305132677165354
0
LINE
8
BLACK
6
CONTINUOUS
10
0.8997746456692913
20
1.5305132677165354
11
0.9003740157480314
21
1.5274999999999999
0
LINE
8
BLACK
6
CONTINUOUS
10
0.9003740157480314
20
1.5274999999999999
11
0.9003740157480314
21
1.4724999999999999
0
LINE
8
BLACK
6
CONTINUOUS
10
0.9003740157480314
20
1.4724999999999999
11
0.8997746456692913
21
1.4694867322834646
0
LINE
8
BLACK
6
CONTINUOUS
10
0.8997746456692913
20
1.4694867322834646
11
0.8980677559055118
21
1.4669322440944881
0
LINE
8
BLACK
6
CONTINUOUS
10
0.8980677559055118
20
1.4669322440944881
11
0.8955132677165354
21
1.4652253543307086
0
LINE
8
BLACK
6
CONTINUOUS
10
0.8955132677165354
20
1.4652253543307086
11
0.8925
21
1.4646259842519684
0
LINE
8
BLACK
6
CONTINUOUS
10
0.8925
20
1.4646259842519684
11
0.8574999999999999
21
1.4646259842519684
0
LINE
8
BLACK
6
CONTINUOUS
10
0.8574999999999999
20
1.4646259842519684
11
0.8544867322834645
21
1.4652253543307086
0
LINE
8
BLACK
6
CONTINUOUS
10
0.8544867322834645
20
1.4652253543307086
11
0.8519322440944882
21
1.4669322440944881
0
LINE
8
BLACK
6
CONTINUOUS
10
0.8519322440944882
20
1.4669322440944881
11
0.8502253543307087
21
1.4694867322834646
0
LINE
8
BLACK
6
CONTINUOUS
10
0.8502253543307087
20
1.4694867322834646
11
0.8496259842519684
21
1.4724999999999999
0
LINE
8
BLACK
6
CONTINUOUS
10
0.8496259842519684
20
1.4724999999999999
11
0.8496259842519684
21
1.5274999999999999
0
LINE
8
BLACK
6
CONTINUOUS
10
0.8496259842519684
20
1.5274999999999999
11
0.8502253543307087
21
1.5305132677165354
0
LINE
8
BLACK
6
CONTINUOUS
10
0.8502253543307087
20
1.5305132677165354
11
0.8519322440944882
21
1.5330677559055117
0
LINE
8
BLACK
6
CONTINUOUS
10
0.8519322440944882
20
1.5330677559055117
11
0.8544867322834645
21
1.5347746456692912
0
LINE
8
BLACK
6
CONTINUOUS
10
0.8544867322834645
20
1.5347746456692912
11
0.8574999999999999
21
1.5353740157480316
0
LINE
8
BLACK
6
CONTINUOUS
10
0.8574999999999999
20
1.5353740157480316
11
0.8925
21
1.5353740157480316
0
LINE
8
BLACK
6
CONTINUOUS
10
0.8925
20
1.5353740157480316
11
0.8955132677165354
21
1.5347746456692912
0
LINE
8
BLACK
6
CONTINUOUS
10
0.9705132677165355
20
1.5347746456692912
11
0.9730677559055118
21
1.5330677559055117
0
LINE
8
BLACK
6
CONTINUOUS
10
0.9730677559055118
20
1.5330677559055117
11
0.9747746456692913
21
1.5305132677165354
0
LINE
8
BLACK
6
CONTINUOUS
10
0.9747746456692913
20
1.5305132677165354
11
0.9753740157480315
21
1.5274999999999999
0
LINE
8
BLACK
6
CONTINUOUS
10
0.9753740157480315
20
1.5274999999999999
11
0.9753740157480315
21
1.4724999999999999
0
LINE
8
BLACK
6
CONTINUOUS
10
0.9753740157480315
20
1.4724999999999999
11
0.9747746456692913
21
1.4694867322834646
0
LINE
8
BLACK
6
CONTINUOUS
10
0.9747746456692913
20
1.4694867322834646
11
0.9730677559055118
21
1.4669322440944881
0
LINE
8
BLACK
6
CONTINUOUS
10
0.9730677559055118
20
1.4669322440944881
11
0.9705132677165355
21
1.4652253543307086
0
LINE
8
BLACK
6
CONTINUOUS
10
0.9705132677165355
20
1.4652253543307086
11
0.9675
21
1.4646259842519684
0
LINE
8
BLACK
6
CONTINUOUS
10
0.9675
20
1.4646259842519684
11
0.9325
21
1.4646259842519684
0
LINE
8
BLACK
6
CONTINUOUS
10
0.9325
20
1.4646259842519684
11
0.9294867322834646
21
1.4652253543307086
0
LINE
8
BLACK
6
CONTINUOUS
10
0.9294867322834646
20
1.4652253543307086
11
0.9269322440944882
21
1.4669322440944881
0
LINE
8
BLACK
6
CONTINUOUS
10
0.9269322440944882
20
1.4669322440944881
11
0.9252253543307086
21
1.4694867322834646
0
LINE
8
BLACK
6
CONTINUOUS
10
0.9252253543307086
20
1.4694867322834646
11
0.9246259842519685
21
1.4724999999999999
0
LINE
8
BLACK
6
CONTINUOUS
10
0.9246259842519685
20
1.4724999999999999
11
0.9246259842519685
21
1.5274999999999999
0
LINE
8
BLACK
6
CONTINUOUS
10
0.9246259842519685
20
1.5274999999999999
11
0.9252253543307086
21
1.5305132677165354
0
LINE
8
BLACK
6
CONTINUOUS
10
0.9252253543307086
20
1.5305132677165354
11
0.9269322440944882
21
1.5330677559055117
0
LINE
8
BLACK
6
CONTINUOUS
10
0.9269322440944882
20
1.5330677559055117
11
0.9294867322834646
21
1.5347746456692912
0
LINE
8
BLACK
6
CONTINUOUS
10
0.9294867322834646
20
1.5347746456692912
11
0.9325
21
1.5353740157480316
0
LINE
8
BLACK
6
CONTINUOUS
10
0.9325
20
1.5353740157480316
11
0.9675
21
1.5353740157480316
0
LINE
8
BLACK
6
CONTINUOUS
10
0.9675
20
1.5353740157480316
11
0.9705132677165355
21
1.5347746456692912
0
LINE
8
BLACK
6
CONTINUOUS
10
1.0455132677165353
20
1.5347746456692912
11
1.0480677559055118
21
1.5330677559055117
0
LINE
8
BLACK
6
CONTINUOUS
10
1.0480677559055118
20
1.5330677559055117
11
1.0497746456692914
21
1.5305132677165354
0
LINE
8
BLACK
6
CONTINUOUS
10
1.0497746456692914
20
1.5305132677165354
11
1.0503740157480315
21
1.5274999999999999
0
LINE
8
BLACK
6
CONTINUOUS
10
1.0503740157480315
20
1.5274999999999999
11
1.0503740157480315
21
1.4724999999999999
0
LINE
8
BLACK
6
CONTINUOUS
10
1.0503740157480315
20
1.4724999999999999
11
1.0497746456692914
21
1.4694867322834646
0
LINE
8
BLACK
6
CONTINUOUS
10
1.0497746456692914
20
1.4694867322834646
11
1.0480677559055118
21
1.4669322440944881
0
LINE
8
BLACK
6
CONTINUOUS
10
1.0480677559055118
20
1.4669322440944881
11
1.0455132677165353
21
1.4652253543307086
0
LINE
8
BLACK
6
CONTINUOUS
10
1.0455132677165353
20
1.4652253543307086
11
1.0425
21
1.4646259842519684
0
LINE
8
BLACK
6
CONTINUOUS
10
1.0425
20
1.4646259842519684
11
1.0075000000000001
21
1.4646259842519684
0
LINE
8
BLACK
6
CONTINUOUS
10
1.0075000000000001
20
1.4646259842519684
11
1.0044867322834645
21
1.4652253543307086
0
LINE
8
BLACK
6
CONTINUOUS
10
1.0044867322834645
20
1.4652253543307086
11
1.0019322440944882
21
1.4669322440944881
0
LINE
8
BLACK
6
CONTINUOUS
10
1.0019322440944882
20
1.4669322440944881
11
1.0002253543307087
21
1.4694867322834646
0
LINE
8
BLACK
6
CONTINUOUS
10
1.0002253543307087
20
1.4694867322834646
11
0.9996259842519685
21
1.4724999999999999
0
LINE
8
BLACK
6
CONTINUOUS
10
0.9996259842519685
20
1.4724999999999999
11
0.9996259842519685
21
1.5274999999999999
0
LINE
8
BLACK
6
CONTINUOUS
10
0.9996259842519685
20
1.5274999999999999
11
1.0002253543307087
21
1.5305132677165354
0
LINE
8
BLACK
6
CONTINUOUS
10
1.0002253543307087
20
1.5305132677165354
11
1.0019322440944882
21
1.5330677559055117
0
LINE
8
BLACK
6
CONTINUOUS
10
1.0019322440944882
20
1.5330677559055117
11
1.0044867322834645
21
1.5347746456692912
0
LINE
8
BLACK
6
CONTINUOUS
10
1.0044867322834645
20
1.5347746456692912
11
1.0075000000000001
21
1.5353740157480316
0
LINE
8
BLACK
6
CONTINUOUS
10
1.0075000000000001
20
1.5353740157480316
11
1.0425
21
1.5353740157480316
0
LINE
8
BLACK
6
CONTINUOUS
10
1.0425
20
1.5353740157480316
11
1.0455132677165353
21
1.5347746456692912
0
LINE
8
BLACK
6
CONTINUOUS
10
1.1205132677165355
20
1.5347746456692912
11
1.1230677559055118
21
1.5330677559055117
0
LINE
8
BLACK
6
CONTINUOUS
10
1.1230677559055118
20
1.5330677559055117
11
1.1247746456692913
21
1.5305132677165354
0
LINE
8
BLACK
6
CONTINUOUS
10
1.1247746456692913
20
1.5305132677165354
11
1.1253740157480314
21
1.5274999999999999
0
LINE
8
BLACK
6
CONTINUOUS
10
1.1253740157480314
20
1.5274999999999999
11
1.1253740157480314
21
1.4724999999999999
0
LINE
8
BLACK
6
CONTINUOUS
10
1.1253740157480314
20
1.4724999999999999
11
1.1247746456692913
21
1.4694867322834646
0
LINE
8
BLACK
6
CONTINUOUS
10
1.1247746456692913
20
1.4694867322834646
11
1.1230677559055118
21
1.4669322440944881
0
LINE
8
BLACK
6
CONTINUOUS
10
1.1230677559055118
20
1.4669322440944881
11
1.1205132677165355
21
1.4652253543307086
0
LINE
8
BLACK
6
CONTINUOUS
10
1.1205132677165355
20
1.4652253543307086
11
1.1174999999999999
21
1.4646259842519684
0
LINE
8
BLACK
6
CONTINUOUS
10
1.1174999999999999
20
1.4646259842519684
11
1.0825
21
1.4646259842519684
0
LINE
8
BLACK
6
CONTINUOUS
10
1.0825
20
1.4646259842519684
11
1.0794867322834645
21
1.4652253543307086
0
LINE
8
BLACK
6
CONTINUOUS
10
1.0794867322834645
20
1.4652253543307086
11
1.0769322440944882
21
1.4669322440944881
0
LINE
8
BLACK
6
CONTINUOUS
10
1.0769322440944882
20
1.4669322440944881
11
1.0752253543307086
21
1.4694867322834646
0
LINE
8
BLACK
6
CONTINUOUS
10
1.0752253543307086
20
1.4694867322834646
11
1.0746259842519685
21
1.4724999999999999
0
LINE
8
BLACK
6
CONTINUOUS
10
1.0746259842519685
20
1.4724999999999999
11
1.0746259842519685
21
1.5274999999999999
0
LINE
8
BLACK
6
CONTINUOUS
10
1.0746259842519685
20
1.5274999999999999
11
1.0752253543307086
21
1.5305132677165354
0
LINE
8
BLACK
6
CONTINUOUS
10
1.0752253543307086
20
1.5305132677165354
11
1.0769322440944882
21
1.5330677559055117
0
LINE
8
BLACK
6
CONTINUOUS
10
1.0769322440944882
20
1.5330677559055117
11
1.0794867322834645
21
1.5347746456692912
0
LINE
8
BLACK
6
CONTINUOUS
10
1.0794867322834645
20
1.5347746456692912
11
1.0825
21
1.5353740157480316
0
LINE
8
BLACK
6
CONTINUOUS
10
1.0825
20
1.5353740157480316
11
1.1174999999999999
21
1.5353740157480316
0
LINE
8
BLACK
6
CONTINUOUS
10
1.1174999999999999
20
1.5353740157480316
11
1.1205132677165355
21
1.5347746456692912
0
LINE
8
BLACK
6
CONTINUOUS
10
2.5080132677165352
20
1.5497746456692914
11
2.510567755905512
21
1.5480677559055118
0
LINE
8
BLACK
6
CONTINUOUS
10
2.510567755905512
20
1.5480677559055118
11
2.5122746456692915
21
1.5455132677165353
0
LINE
8
BLACK
6
CONTINUOUS
10
2.5122746456692915
20
1.5455132677165353
11
2.5128740157480314
21
1.5425
0
LINE
8
BLACK
6
CONTINUOUS
10
2.5128740157480314
20
1.5425
11
2.5128740157480314
21
1.4875
0
LINE
8
BLACK
6
CONTINUOUS
10
2.5128740157480314
20
1.4875
11
2.5122746456692915
21
1.4844867322834645
0
LINE
8
BLACK
6
CONTINUOUS
10
2.5122746456692915
20
1.4844867322834645
11
2.510567755905512
21
1.4819322440944882
0
LINE
8
BLACK
6
CONTINUOUS
10
2.510567755905512
20
1.4819322440944882
11
2.5080132677165352
21
1.4802253543307087
0
LINE
8
BLACK
6
CONTINUOUS
10
2.5080132677165352
20
1.4802253543307087
11
2.5049999999999999
21
1.4796259842519686
0
LINE
8
BLACK
6
CONTINUOUS
10
2.5049999999999999
20
1.4796259842519686
11
2.4699999999999998
21
1.4796259842519686
0
LINE
8
BLACK
6
CONTINUOUS
10
2.4699999999999998
20
1.4796259842519686
11
2.4669867322834644
21
1.4802253543307087
0
LINE
8
BLACK
6
CONTINUOUS
10
2.4669867322834644
20
1.4802253543307087
11
2.4644322440944881
21
1.4819322440944882
0
LINE
8
BLACK
6
CONTINUOUS
10
2.4644322440944881
20
1.4819322440944882
11
2.4627253543307086
21
1.4844867322834645
0
LINE
8
BLACK
6
CONTINUOUS
10
2.4627253543307086
20
1.4844867322834645
11
2.4621259842519683
21
1.4875
0
LINE
8
BLACK
6
CONTINUOUS
10
2.4621259842519683
20
1.4875
11
2.4621259842519683
21
1.5425
0
LINE
8
BLACK
6
CONTINUOUS
10
2.4621259842519683
20
1.5425
11
2.4627253543307086
21
1.5455132677165353
0
LINE
8
BLACK
6
CONTINUOUS
10
2.4627253543307086
20
1.5455132677165353
11
2.4644322440944881
21
1.5480677559055118
0
LINE
8
BLACK
6
CONTINUOUS
10
2.4644322440944881
20
1.5480677559055118
11
2.4669867322834644
21
1.5497746456692914
0
LINE
8
BLACK
6
CONTINUOUS
10
2.4669867322834644
20
1.5497746456692914
11
2.4699999999999998
21
1.5503740157480315
0
LINE
8
BLACK
6
CONTINUOUS
10
2.4699999999999998
20
1.5503740157480315
11
2.5049999999999999
21
1.5503740157480315
0
LINE
8
BLACK
6
CONTINUOUS
10
2.5049999999999999
20
1.5503740157480315
11
2.5080132677165352
21
1.5497746456692914
0
LINE
8
BLACK
6
CONTINUOUS
10
2.5830132677165354
20
1.5497746456692914
11
2.5855677559055117
21
1.5480677559055118
0
LINE
8
BLACK
6
CONTINUOUS
10
2.5855677559055117
20
1.5480677559055118
11
2.5872746456692912
21
1.5455132677165353
0
LINE
8
BLACK
6
CONTINUOUS
10
2.5872746456692912
20
1.5455132677165353
11
2.5878740157480316
21
1.5425
0
LINE
8
BLACK
6
CONTINUOUS
10
2.5878740157480316
20
1.5425
11
2.5878740157480316
21
1.4875
0
LINE
8
BLACK
6
CONTINUOUS
10
2.5878740157480316
20
1.4875
11
2.5872746456692912
21
1.4844867322834645
0
LINE
8
BLACK
6
CONTINUOUS
10
2.5872746456692912
20
1.4844867322834645
11
2.5855677559055117
21
1.4819322440944882
0
LINE
8
BLACK
6
CONTINUOUS
10
2.5855677559055117
20
1.4819322440944882
11
2.5830132677165354
21
1.4802253543307087
0
LINE
8
BLACK
6
CONTINUOUS
10
2.5830132677165354
20
1.4802253543307087
11
2.5800000000000001
21
1.4796259842519686
0
LINE
8
BLACK
6
CONTINUOUS
10
2.5800000000000001
20
1.4796259842519686
11
2.5449999999999999
21
1.4796259842519686
0
LINE
8
BLACK
6
CONTINUOUS
10
2.5449999999999999
20
1.4796259842519686
11
2.5419867322834646
21
1.4802253543307087
0
LINE
8
BLACK
6
CONTINUOUS
10
2.5419867322834646
20
1.4802253543307087
11
2.5394322440944883
21
1.4819322440944882
0
LINE
8
BLACK
6
CONTINUOUS
10
2.5394322440944883
20
1.4819322440944882
11
2.5377253543307088
21
1.4844867322834645
0
LINE
8
BLACK
6
CONTINUOUS
10
2.5377253543307088
20
1.4844867322834645
11
2.5371259842519684
21
1.4875
0
LINE
8
BLACK
6
CONTINUOUS
10
2.5371259842519684
20
1.4875
11
2.5371259842519684
21
1.5425
0
LINE
8
BLACK
6
CONTINUOUS
10
2.5371259842519684
20
1.5425
11
2.5377253543307088
21
1.5455132677165353
0
LINE
8
BLACK
6
CONTINUOUS
10
2.5377253543307088
20
1.5455132677165353
11
2.5394322440944883
21
1.5480677559055118
0
LINE
8
BLACK
6
CONTINUOUS
10
2.5394322440944883
20
1.5480677559055118
11
2.5419867322834646
21
1.5497746456692914
0
LINE
8
BLACK
6
CONTINUOUS
10
2.5419867322834646
20
1.5497746456692914
11
2.5449999999999999
21
1.5503740157480315
0
LINE
8
BLACK
6
CONTINUOUS
10
2.5449999999999999
20
1.5503740157480315
11
2.5800000000000001
21
1.5503740157480315
0
LINE
8
BLACK
6
CONTINUOUS
10
2.5800000000000001
20
1.5503740157480315
11
2.5830132677165354
21
1.5497746456692914
0
LINE
8
BLACK
6
CONTINUOUS
10
1.9479345275590552
20
1.6245581102362205
11
1.9504890157480315
21
1.622851220472441
0
LINE
8
BLACK
6
CONTINUOUS
10
1.9504890157480315
20
1.622851220472441
11
1.952195905511811
21
1.6202967322834645
0
LINE
8
BLACK
6
CONTINUOUS
10
1.952195905511811
20
1.6202967322834645
11
1.9527952755905511
21
1.6172834645669292
0
LINE
8
BLACK
6
CONTINUOUS
10
1.9527952755905511
20
1.6172834645669292
11
1.9527952755905511
21
1.5168897637795276
0
LINE
8
BLACK
6
CONTINUOUS
10
1.9527952755905511
20
1.5168897637795276
11
1.952195905511811
21
1.513876496062992
0
LINE
8
BLACK
6
CONTINUOUS
10
1.952195905511811
20
1.513876496062992
11
1.9504890157480315
21
1.5113220078740157
0
LINE
8
BLACK
6
CONTINUOUS
10
1.9504890157480315
20
1.5113220078740157
11
1.9479345275590552
21
1.5096151181102362
0
LINE
8
BLACK
6
CONTINUOUS
10
1.9479345275590552
20
1.5096151181102362
11
1.9449212598425196
21
1.5090157480314961
0
LINE
8
BLACK
6
CONTINUOUS
10
1.9449212598425196
20
1.5090157480314961
11
1.8149999999999999
21
1.5090157480314961
0
LINE
8
BLACK
6
CONTINUOUS
10
1.8149999999999999
20
1.5090157480314961
11
1.8119867322834646
21
1.5096151181102362
0
LINE
8
BLACK
6
CONTINUOUS
10
1.8119867322834646
20
1.5096151181102362
11
1.8094322440944881
21
1.5113220078740157
0
LINE
8
BLACK
6
CONTINUOUS
10
1.8094322440944881
20
1.5113220078740157
11
1.8077253543307086
21
1.513876496062992
0
LINE
8
BLACK
6
CONTINUOUS
10
1.8077253543307086
20
1.513876496062992
11
1.8071259842519685
21
1.5168897637795276
0
LINE
8
BLACK
6
CONTINUOUS
10
1.8071259842519685
20
1.5168897637795276
11
1.8071259842519685
21
1.6172834645669292
0
LINE
8
BLACK
6
CONTINUOUS
10
1.8071259842519685
20
1.6172834645669292
11
1.8077253543307086
21
1.6202967322834645
0
LINE
8
BLACK
6
CONTINUOUS
10
1.8077253543307086
20
1.6202967322834645
11
1.8094322440944881
21
1.622851220472441
0
LINE
8
BLACK
6
CONTINUOUS
10
1.8094322440944881
20
1.622851220472441
11
1.8119867322834646
21
1.6245581102362205
0
LINE
8
BLACK
6
CONTINUOUS
10
1.8119867322834646
20
1.6245581102362205
11
1.8149999999999999
21
1.6251574803149607
0
LINE
8
BLACK
6
CONTINUOUS
10
1.8149999999999999
20
1.6251574803149607
11
1.9449212598425196
21
1.6251574803149607
0
LINE
8
BLACK
6
CONTINUOUS
10
1.9449212598425196
20
1.6251574803149607
11
1.9479345275590552
21
1.6245581102362205
0
LINE
8
BLACK
6
CONTINUOUS
10
3.5817927952755904
20
1.6245581102362205
11
3.5843472834645667
21
1.622851220472441
0
LINE
8
BLACK
6
CONTINUOUS
10
3.5843472834645667
20
1.622851220472441
11
3.5860541732283462
21
1.6202967322834645
0
LINE
8
BLACK
6
CONTINUOUS
10
3.5860541732283462
20
1.6202967322834645
11
3.5866535433070865
21
1.6172834645669292
0
LINE
8
BLACK
6
CONTINUOUS
10
3.5866535433070865
20
1.6172834645669292
11
3.5866535433070865
21
1.5168897637795276
0
LINE
8
BLACK
6
CONTINUOUS
10
3.5866535433070865
20
1.5168897637795276
11
3.5860541732283462
21
1.513876496062992
0
LINE
8
BLACK
6
CONTINUOUS
10
3.5860541732283462
20
1.513876496062992
11
3.5843472834645667
21
1.5113220078740157
0
LINE
8
BLACK
6
CONTINUOUS
10
3.5843472834645667
20
1.5113220078740157
11
3.5817927952755904
21
1.5096151181102362
0
LINE
8
BLACK
6
CONTINUOUS
10
3.5817927952755904
20
1.5096151181102362
11
3.578779527559055
21
1.5090157480314961
0
LINE
8
BLACK
6
CONTINUOUS
10
3.578779527559055
20
1.5090157480314961
11
3.4488582677165351
21
1.5090157480314961
0
LINE
8
BLACK
6
CONTINUOUS
10
3.4488582677165351
20
1.5090157480314961
11
3.4458449999999998
21
1.5096151181102362
0
LINE
8
BLACK
6
CONTINUOUS
10
3.4458449999999998
20
1.5096151181102362
11
3.4432905118110235
21
1.5113220078740157
0
LINE
8
BLACK
6
CONTINUOUS
10
3.4432905118110235
20
1.5113220078740157
11
3.441583622047244
21
1.513876496062992
0
LINE
8
BLACK
6
CONTINUOUS
10
3.441583622047244
20
1.513876496062992
11
3.4409842519685037
21
1.5168897637795276
0
LINE
8
BLACK
6
CONTINUOUS
10
3.4409842519685037
20
1.5168897637795276
11
3.4409842519685037
21
1.6172834645669292
0
LINE
8
BLACK
6
CONTINUOUS
10
3.4409842519685037
20
1.6172834645669292
11
3.441583622047244
21
1.6202967322834645
0
LINE
8
BLACK
6
CONTINUOUS
10
3.441583622047244
20
1.6202967322834645
11
3.4432905118110235
21
1.622851220472441
0
LINE
8
BLACK
6
CONTINUOUS
10
3.4432905118110235
20
1.622851220472441
11
3.4458449999999998
21
1.6245581102362205
0
LINE
8
BLACK
6
CONTINUOUS
10
3.4458449999999998
20
1.6245581102362205
11
3.4488582677165351
21
1.6251574803149607
0
LINE
8
BLACK
6
CONTINUOUS
10
3.4488582677165351
20
1.6251574803149607
11
3.578779527559055
21
1.6251574803149607
0
LINE
8
BLACK
6
CONTINUOUS
10
3.578779527559055
20
1.6251574803149607
11
3.5817927952755904
21
1.6245581102362205
0
LINE
8
BLACK
6
CONTINUOUS
10
0.1515959448818898
20
1.6269596850393699
11
0.1541504330708661
21
1.6252527952755904
0
LINE
8
BLACK
6
CONTINUOUS
10
0.1541504330708661
20
1.6252527952755904
11
0.1558573228346457
21
1.6226983070866141
0
LINE
8
BLACK
6
CONTINUOUS
10
0.1558573228346457
20
1.6226983070866141
11
0.1564566929133858
21
1.6196850393700788
0
LINE
8
BLACK
6
CONTINUOUS
10
0.1564566929133858
20
1.6196850393700788
11
0.1564566929133858
21
1.5192913385826772
0
LINE
8
BLACK
6
CONTINUOUS
10
0.1564566929133858
20
1.5192913385826772
11
0.1558573228346457
21
1.5162780708661416
0
LINE
8
BLACK
6
CONTINUOUS
10
0.1558573228346457
20
1.5162780708661416
11
0.1541504330708661
21
1.5137235826771653
0
LINE
8
BLACK
6
CONTINUOUS
10
0.1541504330708661
20
1.5137235826771653
11
0.1515959448818898
21
1.5120166929133858
0
LINE
8
BLACK
6
CONTINUOUS
10
0.1515959448818898
20
1.5120166929133858
11
0.1485826771653543
21
1.5114173228346457
0
LINE
8
BLACK
6
CONTINUOUS
10
0.1485826771653543
20
1.5114173228346457
11
0.0186614173228346
21
1.5114173228346457
0
LINE
8
BLACK
6
CONTINUOUS
10
0.0186614173228346
20
1.5114173228346457
11
0.0156481496062992
21
1.5120166929133858
0
LINE
8
BLACK
6
CONTINUOUS
10
0.0156481496062992
20
1.5120166929133858
11
0.0130936614173228
21
1.5137235826771653
0
LINE
8
BLACK
6
CONTINUOUS
10
0.0130936614173228
20
1.5137235826771653
11
0.0113867716535433
21
1.5162780708661416
0
LINE
8
BLACK
6
CONTINUOUS
10
0.0113867716535433
20
1.5162780708661416
11
0.0107874015748031
21
1.5192913385826772
0
LINE
8
BLACK
6
CONTINUOUS
10
0.0107874015748031
20
1.5192913385826772
11
0.0107874015748031
21
1.6196850393700788
0
LINE
8
BLACK
6
CONTINUOUS
10
0.0107874015748031
20
1.6196850393700788
11
0.0113867716535433
21
1.6226983070866141
0
LINE
8
BLACK
6
CONTINUOUS
10
0.0113867716535433
20
1.6226983070866141
11
0.0130936614173228
21
1.6252527952755904
0
LINE
8
BLACK
6
CONTINUOUS
10
0.0130936614173228
20
1.6252527952755904
11
0.0156481496062992
21
1.6269596850393699
0
LINE
8
BLACK
6
CONTINUOUS
10
0.0156481496062992
20
1.6269596850393699
11
0.0186614173228346
21
1.6275590551181103
0
LINE
8
BLACK
6
CONTINUOUS
10
0.0186614173228346
20
1.6275590551181103
11
0.1485826771653543
21
1.6275590551181103
0
LINE
8
BLACK
6
CONTINUOUS
10
0.1485826771653543
20
1.6275590551181103
11
0.1515959448818898
21
1.6269596850393699
0
LINE
8
BLACK
6
CONTINUOUS
10
1.7854542125984252
20
1.6269596850393699
11
1.7880087007874015
21
1.6252527952755904
0
LINE
8
BLACK
6
CONTINUOUS
10
1.7880087007874015
20
1.6252527952755904
11
1.789715590551181
21
1.6226983070866141
0
LINE
8
BLACK
6
CONTINUOUS
10
1.789715590551181
20
1.6226983070866141
11
1.7903149606299211
21
1.6196850393700788
0
LINE
8
BLACK
6
CONTINUOUS
10
1.7903149606299211
20
1.6196850393700788
11
1.7903149606299211
21
1.5192913385826772
0
LINE
8
BLACK
6
CONTINUOUS
10
1.7903149606299211
20
1.5192913385826772
11
1.789715590551181
21
1.5162780708661416
0
LINE
8
BLACK
6
CONTINUOUS
10
1.789715590551181
20
1.5162780708661416
11
1.7880087007874015
21
1.5137235826771653
0
LINE
8
BLACK
6
CONTINUOUS
10
1.7880087007874015
20
1.5137235826771653
11
1.7854542125984252
21
1.5120166929133858
0
LINE
8
BLACK
6
CONTINUOUS
10
1.7854542125984252
20
1.5120166929133858
11
1.7824409448818896
21
1.5114173228346457
0
LINE
8
BLACK
6
CONTINUOUS
10
1.7824409448818896
20
1.5114173228346457
11
1.65251968503937
21
1.5114173228346457
0
LINE
8
BLACK
6
CONTINUOUS
10
1.65251968503937
20
1.5114173228346457
11
1.6495064173228347
21
1.5120166929133858
0
LINE
8
BLACK
6
CONTINUOUS
10
1.6495064173228347
20
1.5120166929133858
11
1.6469519291338581
21
1.5137235826771653
0
LINE
8
BLACK
6
CONTINUOUS
10
1.6469519291338581
20
1.5137235826771653
11
1.6452450393700786
21
1.5162780708661416
0
LINE
8
BLACK
6
CONTINUOUS
10
1.6452450393700786
20
1.5162780708661416
11
1.6446456692913385
21
1.5192913385826772
0
LINE
8
BLACK
6
CONTINUOUS
10
1.6446456692913385
20
1.5192913385826772
11
1.6446456692913385
21
1.6196850393700788
0
LINE
8
BLACK
6
CONTINUOUS
10
1.6446456692913385
20
1.6196850393700788
11
1.6452450393700786
21
1.6226983070866141
0
LINE
8
BLACK
6
CONTINUOUS
10
1.6452450393700786
20
1.6226983070866141
11
1.6469519291338581
21
1.6252527952755904
0
LINE
8
BLACK
6
CONTINUOUS
10
1.6469519291338581
20
1.6252527952755904
11
1.6495064173228347
21
1.6269596850393699
0
LINE
8
BLACK
6
CONTINUOUS
10
1.6495064173228347
20
1.6269596850393699
11
1.65251968503937
21
1.6275590551181103
0
LINE
8
BLACK
6
CONTINUOUS
10
1.65251968503937
20
1.6275590551181103
11
1.7824409448818896
21
1.6275590551181103
0
LINE
8
BLACK
6
CONTINUOUS
10
1.7824409448818896
20
1.6275590551181103
11
1.7854542125984252
21
1.6269596850393699
0
LINE
8
BLACK
6
CONTINUOUS
10
2.1841550000000001
20
1.6245581102362205
11
2.1867094881889764
21
1.622851220472441
0
LINE
8
BLACK
6
CONTINUOUS
10
2.1867094881889764
20
1.622851220472441
11
2.1884163779527559
21
1.6202967322834645
0
LINE
8
BLACK
6
CONTINUOUS
10
2.1884163779527559
20
1.6202967322834645
11
2.1890157480314962
21
1.6172834645669292
0
LINE
8
BLACK
6
CONTINUOUS
10
2.1890157480314962
20
1.6172834645669292
11
2.1890157480314962
21
1.5779133858267715
0
LINE
8
BLACK
6
CONTINUOUS
10
2.1890157480314962
20
1.5779133858267715
11
2.1884163779527559
21
1.5749001181102362
0
LINE
8
BLACK
6
CONTINUOUS
10
2.1884163779527559
20
1.5749001181102362
11
2.1867094881889764
21
1.5723456299212597
0
LINE
8
BLACK
6
CONTINUOUS
10
2.1867094881889764
20
1.5723456299212597
11
2.1841550000000001
21
1.5706387401574802
0
LINE
8
BLACK
6
CONTINUOUS
10
2.1841550000000001
20
1.5706387401574802
11
2.1811417322834643
21
1.5700393700787401
0
LINE
8
BLACK
6
CONTINUOUS
10
2.1811417322834643
20
1.5700393700787401
11
2.0315354330708661
21
1.5700393700787401
0
LINE
8
BLACK
6
CONTINUOUS
10
2.0315354330708661
20
1.5700393700787401
11
2.0285221653543308
21
1.5706387401574802
0
LINE
8
BLACK
6
CONTINUOUS
10
2.0285221653543308
20
1.5706387401574802
11
2.0259676771653541
21
1.5723456299212597
0
LINE
8
BLACK
6
CONTINUOUS
10
2.0259676771653541
20
1.5723456299212597
11
2.0242607874015746
21
1.5749001181102362
0
LINE
8
BLACK
6
CONTINUOUS
10
2.0242607874015746
20
1.5749001181102362
11
2.0236614173228347
21
1.5779133858267715
0
LINE
8
BLACK
6
CONTINUOUS
10
2.0236614173228347
20
1.5779133858267715
11
2.0236614173228347
21
1.6172834645669292
0
LINE
8
BLACK
6
CONTINUOUS
10
2.0236614173228347
20
1.6172834645669292
11
2.0242607874015746
21
1.6202967322834645
0
LINE
8
BLACK
6
CONTINUOUS
10
2.0242607874015746
20
1.6202967322834645
11
2.0259676771653541
21
1.622851220472441
0
LINE
8
BLACK
6
CONTINUOUS
10
2.0259676771653541
20
1.622851220472441
11
2.0285221653543308
21
1.6245581102362205
0
LINE
8
BLACK
6
CONTINUOUS
10
2.0285221653543308
20
1.6245581102362205
11
2.0315354330708661
21
1.6251574803149607
0
LINE
8
BLACK
6
CONTINUOUS
10
2.0315354330708661
20
1.6251574803149607
11
2.1811417322834643
21
1.6251574803149607
0
LINE
8
BLACK
6
CONTINUOUS
10
2.1811417322834643
20
1.6251574803149607
11
2.1841550000000001
21
1.6245581102362205
0
LINE
8
BLACK
6
CONTINUOUS
10
2.420375472440945
20
1.6245581102362205
11
2.4229299606299213
21
1.622851220472441
0
LINE
8
BLACK
6
CONTINUOUS
10
2.4229299606299213
20
1.622851220472441
11
2.4246368503937008
21
1.6202967322834645
0
LINE
8
BLACK
6
CONTINUOUS
10
2.4246368503937008
20
1.6202967322834645
11
2.4252362204724407
21
1.6172834645669292
0
LINE
8
BLACK
6
CONTINUOUS
10
2.4252362204724407
20
1.6172834645669292
11
2.4252362204724407
21
1.5779133858267715
0
LINE
8
BLACK
6
CONTINUOUS
10
2.4252362204724407
20
1.5779133858267715
11
2.4246368503937008
21
1.5749001181102362
0
LINE
8
BLACK
6
CONTINUOUS
10
2.4246368503937008
20
1.5749001181102362
11
2.4229299606299213
21
1.5723456299212597
0
LINE
8
BLACK
6
CONTINUOUS
10
2.4229299606299213
20
1.5723456299212597
11
2.420375472440945
21
1.5706387401574802
0
LINE
8
BLACK
6
CONTINUOUS
10
2.420375472440945
20
1.5706387401574802
11
2.4173622047244092
21
1.5700393700787401
0
LINE
8
BLACK
6
CONTINUOUS
10
2.4173622047244092
20
1.5700393700787401
11
2.2677559055118111
21
1.5700393700787401
0
LINE
8
BLACK
6
CONTINUOUS
10
2.2677559055118111
20
1.5700393700787401
11
2.2647426377952757
21
1.5706387401574802
0
LINE
8
BLACK
6
CONTINUOUS
10
2.2647426377952757
20
1.5706387401574802
11
2.262188149606299
21
1.5723456299212597
0
LINE
8
BLACK
6
CONTINUOUS
10
2.262188149606299
20
1.5723456299212597
11
2.2604812598425195
21
1.5749001181102362
0
LINE
8
BLACK
6
CONTINUOUS
10
2.2604812598425195
20
1.5749001181102362
11
2.2598818897637796
21
1.5779133858267715
0
LINE
8
BLACK
6
CONTINUOUS
10
2.2598818897637796
20
1.5779133858267715
11
2.2598818897637796
21
1.6172834645669292
0
LINE
8
BLACK
6
CONTINUOUS
10
2.2598818897637796
20
1.6172834645669292
11
2.2604812598425195
21
1.6202967322834645
0
LINE
8
BLACK
6
CONTINUOUS
10
2.2604812598425195
20
1.6202967322834645
11
2.262188149606299
21
1.622851220472441
0
LINE
8
BLACK
6
CONTINUOUS
10
2.262188149606299
20
1.622851220472441
11
2.2647426377952757
21
1.6245581102362205
0
LINE
8
BLACK
6
CONTINUOUS
10
2.2647426377952757
20
1.6245581102362205
11
2.2677559055118111
21
1.6251574803149607
0
LINE
8
BLACK
6
CONTINUOUS
10
2.2677559055118111
20
1.6251574803149607
11
2.4173622047244092
21
1.6251574803149607
0
LINE
8
BLACK
6
CONTINUOUS
10
2.4173622047244092
20
1.6251574803149607
11
2.420375472440945
21
1.6245581102362205
0
LINE
8
BLACK
6
CONTINUOUS
10
2.6565959448818899
20
1.6245581102362205
11
2.6591504330708662
21
1.622851220472441
0
LINE
8
BLACK
6
CONTINUOUS
10
2.6591504330708662
20
1.622851220472441
11
2.6608573228346457
21
1.6202967322834645
0
LINE
8
BLACK
6
CONTINUOUS
10
2.6608573228346457
20
1.6202967322834645
11
2.6614566929133856
21
1.6172834645669292
0
LINE
8
BLACK
6
CONTINUOUS
10
2.6614566929133856
20
1.6172834645669292
11
2.6614566929133856
21
1.5779133858267715
0
LINE
8
BLACK
6
CONTINUOUS
10
2.6614566929133856
20
1.5779133858267715
11
2.6608573228346457
21
1.5749001181102362
0
LINE
8
BLACK
6
CONTINUOUS
10
2.6608573228346457
20
1.5749001181102362
11
2.6591504330708662
21
1.5723456299212597
0
LINE
8
BLACK
6
CONTINUOUS
10
2.6591504330708662
20
1.5723456299212597
11
2.6565959448818899
21
1.5706387401574802
0
LINE
8
BLACK
6
CONTINUOUS
10
2.6565959448818899
20
1.5706387401574802
11
2.6535826771653541
21
1.5700393700787401
0
LINE
8
BLACK
6
CONTINUOUS
10
2.6535826771653541
20
1.5700393700787401
11
2.503976377952756
21
1.5700393700787401
0
LINE
8
BLACK
6
CONTINUOUS
10
2.503976377952756
20
1.5700393700787401
11
2.5009631102362202
21
1.5706387401574802
0
LINE
8
BLACK
6
CONTINUOUS
10
2.5009631102362202
20
1.5706387401574802
11
2.4984086220472439
21
1.5723456299212597
0
LINE
8
BLACK
6
CONTINUOUS
10
2.4984086220472439
20
1.5723456299212597
11
2.4967017322834644
21
1.5749001181102362
0
LINE
8
BLACK
6
CONTINUOUS
10
2.4967017322834644
20
1.5749001181102362
11
2.4961023622047245
21
1.5779133858267715
0
LINE
8
BLACK
6
CONTINUOUS
10
2.4961023622047245
20
1.5779133858267715
11
2.4961023622047245
21
1.6172834645669292
0
LINE
8
BLACK
6
CONTINUOUS
10
2.4961023622047245
20
1.6172834645669292
11
2.4967017322834644
21
1.6202967322834645
0
LINE
8
BLACK
6
CONTINUOUS
10
2.4967017322834644
20
1.6202967322834645
11
2.4984086220472439
21
1.622851220472441
0
LINE
8
BLACK
6
CONTINUOUS
10
2.4984086220472439
20
1.622851220472441
11
2.5009631102362202
21
1.6245581102362205
0
LINE
8
BLACK
6
CONTINUOUS
10
2.5009631102362202
20
1.6245581102362205
11
2.503976377952756
21
1.6251574803149607
0
LINE
8
BLACK
6
CONTINUOUS
10
2.503976377952756
20
1.6251574803149607
11
2.6535826771653541
21
1.6251574803149607
0
LINE
8
BLACK
6
CONTINUOUS
10
2.6535826771653541
20
1.6251574803149607
11
2.6565959448818899
21
1.6245581102362205
0
LINE
8
BLACK
6
CONTINUOUS
10
2.8928164173228348
20
1.6245581102362205
11
2.8953709055118111
21
1.622851220472441
0
LINE
8
BLACK
6
CONTINUOUS
10
2.8953709055118111
20
1.622851220472441
11
2.8970777952755906
21
1.6202967322834645
0
LINE
8
BLACK
6
CONTINUOUS
10
2.8970777952755906
20
1.6202967322834645
11
2.8976771653543305
21
1.6172834645669292
0
LINE
8
BLACK
6
CONTINUOUS
10
2.8976771653543305
20
1.6172834645669292
11
2.8976771653543305
21
1.5779133858267715
0
LINE
8
BLACK
6
CONTINUOUS
10
2.8976771653543305
20
1.5779133858267715
11
2.8970777952755906
21
1.5749001181102362
0
LINE
8
BLACK
6
CONTINUOUS
10
2.8970777952755906
20
1.5749001181102362
11
2.8953709055118111
21
1.5723456299212597
0
LINE
8
BLACK
6
CONTINUOUS
10
2.8953709055118111
20
1.5723456299212597
11
2.8928164173228348
21
1.5706387401574802
0
LINE
8
BLACK
6
CONTINUOUS
10
2.8928164173228348
20
1.5706387401574802
11
2.889803149606299
21
1.5700393700787401
0
LINE
8
BLACK
6
CONTINUOUS
10
2.889803149606299
20
1.5700393700787401
11
2.7401968503937009
21
1.5700393700787401
0
LINE
8
BLACK
6
CONTINUOUS
10
2.7401968503937009
20
1.5700393700787401
11
2.7371835826771651
21
1.5706387401574802
0
LINE
8
BLACK
6
CONTINUOUS
10
2.7371835826771651
20
1.5706387401574802
11
2.7346290944881888
21
1.5723456299212597
0
LINE
8
BLACK
6
CONTINUOUS
10
2.7346290944881888
20
1.5723456299212597
11
2.7329222047244093
21
1.5749001181102362
0
LINE
8
BLACK
6
CONTINUOUS
10
2.7329222047244093
20
1.5749001181102362
11
2.7323228346456694
21
1.5779133858267715
0
LINE
8
BLACK
6
CONTINUOUS
10
2.7323228346456694
20
1.5779133858267715
11
2.7323228346456694
21
1.6172834645669292
0
LINE
8
BLACK
6
CONTINUOUS
10
2.7323228346456694
20
1.6172834645669292
11
2.7329222047244093
21
1.6202967322834645
0
LINE
8
BLACK
6
CONTINUOUS
10
2.7329222047244093
20
1.6202967322834645
11
2.7346290944881888
21
1.622851220472441
0
LINE
8
BLACK
6
CONTINUOUS
10
2.7346290944881888
20
1.622851220472441
11
2.7371835826771651
21
1.6245581102362205
0
LINE
8
BLACK
6
CONTINUOUS
10
2.7371835826771651
20
1.6245581102362205
11
2.7401968503937009
21
1.6251574803149607
0
LINE
8
BLACK
6
CONTINUOUS
10
2.7401968503937009
20
1.6251574803149607
11
2.889803149606299
21
1.6251574803149607
0
LINE
8
BLACK
6
CONTINUOUS
10
2.889803149606299
20
1.6251574803149607
11
2.8928164173228348
21
1.6245581102362205
0
LINE
8
BLACK
6
CONTINUOUS
10
3.1290368897637793
20
1.6245581102362205
11
3.131591377952756
21
1.622851220472441
0
LINE
8
BLACK
6
CONTINUOUS
10
3.131591377952756
20
1.622851220472441
11
3.1332982677165355
21
1.6202967322834645
0
LINE
8
BLACK
6
CONTINUOUS
10
3.1332982677165355
20
1.6202967322834645
11
3.1338976377952754
21
1.6172834645669292
0
LINE
8
BLACK
6
CONTINUOUS
10
3.1338976377952754
20
1.6172834645669292
11
3.1338976377952754
21
1.5779133858267715
0
LINE
8
BLACK
6
CONTINUOUS
10
3.1338976377952754
20
1.5779133858267715
11
3.1332982677165355
21
1.5749001181102362
0
LINE
8
BLACK
6
CONTINUOUS
10
3.1332982677165355
20
1.5749001181102362
11
3.131591377952756
21
1.5723456299212597
0
LINE
8
BLACK
6
CONTINUOUS
10
3.131591377952756
20
1.5723456299212597
11
3.1290368897637793
21
1.5706387401574802
0
LINE
8
BLACK
6
CONTINUOUS
10
3.1290368897637793
20
1.5706387401574802
11
3.1260236220472439
21
1.5700393700787401
0
LINE
8
BLACK
6
CONTINUOUS
10
3.1260236220472439
20
1.5700393700787401
11
2.9764173228346458
21
1.5700393700787401
0
LINE
8
BLACK
6
CONTINUOUS
10
2.9764173228346458
20
1.5700393700787401
11
2.97340405511811
21
1.5706387401574802
0
LINE
8
BLACK
6
CONTINUOUS
10
2.97340405511811
20
1.5706387401574802
11
2.9708495669291337
21
1.5723456299212597
0
LINE
8
BLACK
6
CONTINUOUS
10
2.9708495669291337
20
1.5723456299212597
11
2.9691426771653542
21
1.5749001181102362
0
LINE
8
BLACK
6
CONTINUOUS
10
2.9691426771653542
20
1.5749001181102362
11
2.9685433070866143
21
1.5779133858267715
0
LINE
8
BLACK
6
CONTINUOUS
10
2.9685433070866143
20
1.5779133858267715
11
2.9685433070866143
21
1.6172834645669292
0
LINE
8
BLACK
6
CONTINUOUS
10
2.9685433070866143
20
1.6172834645669292
11
2.9691426771653542
21
1.6202967322834645
0
LINE
8
BLACK
6
CONTINUOUS
10
2.9691426771653542
20
1.6202967322834645
11
2.9708495669291337
21
1.622851220472441
0
LINE
8
BLACK
6
CONTINUOUS
10
2.9708495669291337
20
1.622851220472441
11
2.97340405511811
21
1.6245581102362205
0
LINE
8
BLACK
6
CONTINUOUS
10
2.97340405511811
20
1.6245581102362205
11
2.9764173228346458
21
1.6251574803149607
0
LINE
8
BLACK
6
CONTINUOUS
10
2.9764173228346458
20
1.6251574803149607
11
3.1260236220472439
21
1.6251574803149607
0
LINE
8
BLACK
6
CONTINUOUS
10
3.1260236220472439
20
1.6251574803149607
11
3.1290368897637793
21
1.6245581102362205
0
LINE
8
BLACK
6
CONTINUOUS
10
3.3652573622047242
20
1.6245581102362205
11
3.3678118503937009
21
1.622851220472441
0
LINE
8
BLACK
6
CONTINUOUS
10
3.3678118503937009
20
1.622851220472441
11
3.3695187401574804
21
1.6202967322834645
0
LINE
8
BLACK
6
CONTINUOUS
10
3.3695187401574804
20
1.6202967322834645
11
3.3701181102362203
21
1.6172834645669292
0
LINE
8
BLACK
6
CONTINUOUS
10
3.3701181102362203
20
1.6172834645669292
11
3.3701181102362203
21
1.5779133858267715
0
LINE
8
BLACK
6
CONTINUOUS
10
3.3701181102362203
20
1.5779133858267715
11
3.3695187401574804
21
1.5749001181102362
0
LINE
8
BLACK
6
CONTINUOUS
10
3.3695187401574804
20
1.5749001181102362
11
3.3678118503937009
21
1.5723456299212597
0
LINE
8
BLACK
6
CONTINUOUS
10
3.3678118503937009
20
1.5723456299212597
11
3.3652573622047242
21
1.5706387401574802
0
LINE
8
BLACK
6
CONTINUOUS
10
3.3652573622047242
20
1.5706387401574802
11
3.3622440944881888
21
1.5700393700787401
0
LINE
8
BLACK
6
CONTINUOUS
10
3.3622440944881888
20
1.5700393700787401
11
3.2126377952755907
21
1.5700393700787401
0
LINE
8
BLACK
6
CONTINUOUS
10
3.2126377952755907
20
1.5700393700787401
11
3.2096245275590549
21
1.5706387401574802
0
LINE
8
BLACK
6
CONTINUOUS
10
3.2096245275590549
20
1.5706387401574802
11
3.2070700393700786
21
1.5723456299212597
0
LINE
8
BLACK
6
CONTINUOUS
10
3.2070700393700786
20
1.5723456299212597
11
3.2053631496062991
21
1.5749001181102362
0
LINE
8
BLACK
6
CONTINUOUS
10
3.2053631496062991
20
1.5749001181102362
11
3.2047637795275592
21
1.5779133858267715
0
LINE
8
BLACK
6
CONTINUOUS
10
3.2047637795275592
20
1.5779133858267715
11
3.2047637795275592
21
1.6172834645669292
0
LINE
8
BLACK
6
CONTINUOUS
10
3.2047637795275592
20
1.6172834645669292
11
3.2053631496062991
21
1.6202967322834645
0
LINE
8
BLACK
6
CONTINUOUS
10
3.2053631496062991
20
1.6202967322834645
11
3.2070700393700786
21
1.622851220472441
0
LINE
8
BLACK
6
CONTINUOUS
10
3.2070700393700786
20
1.622851220472441
11
3.2096245275590549
21
1.6245581102362205
0
LINE
8
BLACK
6
CONTINUOUS
10
3.2096245275590549
20
1.6245581102362205
11
3.2126377952755907
21
1.6251574803149607
0
LINE
8
BLACK
6
CONTINUOUS
10
3.2126377952755907
20
1.6251574803149607
11
3.3622440944881888
21
1.6251574803149607
0
LINE
8
BLACK
6
CONTINUOUS
10
3.3622440944881888
20
1.6251574803149607
11
3.3652573622047242
21
1.6245581102362205
0
LINE
8
BLACK
6
CONTINUOUS
10
0.3878164173228346
20
1.6269596850393699
11
0.390370905511811
21
1.6252527952755904
0
LINE
8
BLACK
6
CONTINUOUS
10
0.390370905511811
20
1.6252527952755904
11
0.3920777952755906
21
1.6226983070866141
0
LINE
8
BLACK
6
CONTINUOUS
10
0.3920777952755906
20
1.6226983070866141
11
0.3926771653543307
21
1.6196850393700788
0
LINE
8
BLACK
6
CONTINUOUS
10
0.3926771653543307
20
1.6196850393700788
11
0.3926771653543307
21
1.5803149606299212
0
LINE
8
BLACK
6
CONTINUOUS
10
0.3926771653543307
20
1.5803149606299212
11
0.3920777952755906
21
1.5773016929133858
0
LINE
8
BLACK
6
CONTINUOUS
10
0.3920777952755906
20
1.5773016929133858
11
0.390370905511811
21
1.5747472047244093
0
LINE
8
BLACK
6
CONTINUOUS
10
0.390370905511811
20
1.5747472047244093
11
0.3878164173228346
21
1.5730403149606298
0
LINE
8
BLACK
6
CONTINUOUS
10
0.3878164173228346
20
1.5730403149606298
11
0.3848031496062992
21
1.5724409448818897
0
LINE
8
BLACK
6
CONTINUOUS
10
0.3848031496062992
20
1.5724409448818897
11
0.2351968503937008
21
1.5724409448818897
0
LINE
8
BLACK
6
CONTINUOUS
10
0.2351968503937008
20
1.5724409448818897
11
0.2321835826771654
21
1.5730403149606298
0
LINE
8
BLACK
6
CONTINUOUS
10
0.2321835826771654
20
1.5730403149606298
11
0.229629094488189
21
1.5747472047244093
0
LINE
8
BLACK
6
CONTINUOUS
10
0.229629094488189
20
1.5747472047244093
11
0.2279222047244094
21
1.5773016929133858
0
LINE
8
BLACK
6
CONTINUOUS
10
0.2279222047244094
20
1.5773016929133858
11
0.2273228346456693
21
1.5803149606299212
0
LINE
8
BLACK
6
CONTINUOUS
10
0.2273228346456693
20
1.5803149606299212
11
0.2273228346456693
21
1.6196850393700788
0
LINE
8
BLACK
6
CONTINUOUS
10
0.2273228346456693
20
1.6196850393700788
11
0.2279222047244094
21
1.6226983070866141
0
LINE
8
BLACK
6
CONTINUOUS
10
0.2279222047244094
20
1.6226983070866141
11
0.229629094488189
21
1.6252527952755904
0
LINE
8
BLACK
6
CONTINUOUS
10
0.229629094488189
20
1.6252527952755904
11
0.2321835826771654
21
1.6269596850393699
0
LINE
8
BLACK
6
CONTINUOUS
10
0.2321835826771654
20
1.6269596850393699
11
0.2351968503937008
21
1.6275590551181103
0
LINE
8
BLACK
6
CONTINUOUS
10
0.2351968503937008
20
1.6275590551181103
11
0.3848031496062992
21
1.6275590551181103
0
LINE
8
BLACK
6
CONTINUOUS
10
0.3848031496062992
20
1.6275590551181103
11
0.3878164173228346
21
1.6269596850393699
0
LINE
8
BLACK
6
CONTINUOUS
10
0.6240368897637795
20
1.6269596850393699
11
0.6265913779527559
21
1.6252527952755904
0
LINE
8
BLACK
6
CONTINUOUS
10
0.6265913779527559
20
1.6252527952755904
11
0.6282982677165354
21
1.6226983070866141
0
LINE
8
BLACK
6
CONTINUOUS
10
0.6282982677165354
20
1.6226983070866141
11
0.6288976377952755
21
1.6196850393700788
0
LINE
8
BLACK
6
CONTINUOUS
10
0.6288976377952755
20
1.6196850393700788
11
0.6288976377952755
21
1.5803149606299212
0
LINE
8
BLACK
6
CONTINUOUS
10
0.6288976377952755
20
1.5803149606299212
11
0.6282982677165354
21
1.5773016929133858
0
LINE
8
BLACK
6
CONTINUOUS
10
0.6282982677165354
20
1.5773016929133858
11
0.6265913779527559
21
1.5747472047244093
0
LINE
8
BLACK
6
CONTINUOUS
10
0.6265913779527559
20
1.5747472047244093
11
0.6240368897637795
21
1.5730403149606298
0
LINE
8
BLACK
6
CONTINUOUS
10
0.6240368897637795
20
1.5730403149606298
11
0.621023622047244
21
1.5724409448818897
0
LINE
8
BLACK
6
CONTINUOUS
10
0.621023622047244
20
1.5724409448818897
11
0.4714173228346457
21
1.5724409448818897
0
LINE
8
BLACK
6
CONTINUOUS
10
0.4714173228346457
20
1.5724409448818897
11
0.4684040551181102
21
1.5730403149606298
0
LINE
8
BLACK
6
CONTINUOUS
10
0.4684040551181102
20
1.5730403149606298
11
0.4658495669291339
21
1.5747472047244093
0
LINE
8
BLACK
6
CONTINUOUS
10
0.4658495669291339
20
1.5747472047244093
11
0.4641426771653543
21
1.5773016929133858
0
LINE
8
BLACK
6
CONTINUOUS
10
0.4641426771653543
20
1.5773016929133858
11
0.4635433070866142
21
1.5803149606299212
0
LINE
8
BLACK
6
CONTINUOUS
10
0.4635433070866142
20
1.5803149606299212
11
0.4635433070866142
21
1.6196850393700788
0
LINE
8
BLACK
6
CONTINUOUS
10
0.4635433070866142
20
1.6196850393700788
11
0.4641426771653543
21
1.6226983070866141
0
LINE
8
BLACK
6
CONTINUOUS
10
0.4641426771653543
20
1.6226983070866141
11
0.4658495669291339
21
1.6252527952755904
0
LINE
8
BLACK
6
CONTINUOUS
10
0.4658495669291339
20
1.6252527952755904
11
0.4684040551181102
21
1.6269596850393699
0
LINE
8
BLACK
6
CONTINUOUS
10
0.4684040551181102
20
1.6269596850393699
11
0.4714173228346457
21
1.6275590551181103
0
LINE
8
BLACK
6
CONTINUOUS
10
0.4714173228346457
20
1.6275590551181103
11
0.621023622047244
21
1.6275590551181103
0
LINE
8
BLACK
6
CONTINUOUS
10
0.621023622047244
20
1.6275590551181103
11
0.6240368897637795
21
1.6269596850393699
0
LINE
8
BLACK
6
CONTINUOUS
10
0.8602573622047244
20
1.6269596850393699
11
0.8628118503937008
21
1.6252527952755904
0
LINE
8
BLACK
6
CONTINUOUS
10
0.8628118503937008
20
1.6252527952755904
11
0.8645187401574803
21
1.6226983070866141
0
LINE
8
BLACK
6
CONTINUOUS
10
0.8645187401574803
20
1.6226983070866141
11
0.8651181102362204
21
1.6196850393700788
0
LINE
8
BLACK
6
CONTINUOUS
10
0.8651181102362204
20
1.6196850393700788
11
0.8651181102362204
21
1.5803149606299212
0
LINE
8
BLACK
6
CONTINUOUS
10
0.8651181102362204
20
1.5803149606299212
11
0.8645187401574803
21
1.5773016929133858
0
LINE
8
BLACK
6
CONTINUOUS
10
0.8645187401574803
20
1.5773016929133858
11
0.8628118503937008
21
1.5747472047244093
0
LINE
8
BLACK
6
CONTINUOUS
10
0.8628118503937008
20
1.5747472047244093
11
0.8602573622047244
21
1.5730403149606298
0
LINE
8
BLACK
6
CONTINUOUS
10
0.8602573622047244
20
1.5730403149606298
11
0.8572440944881889
21
1.5724409448818897
0
LINE
8
BLACK
6
CONTINUOUS
10
0.8572440944881889
20
1.5724409448818897
11
0.7076377952755906
21
1.5724409448818897
0
LINE
8
BLACK
6
CONTINUOUS
10
0.7076377952755906
20
1.5724409448818897
11
0.7046245275590551
21
1.5730403149606298
0
LINE
8
BLACK
6
CONTINUOUS
10
0.7046245275590551
20
1.5730403149606298
11
0.7020700393700787
21
1.5747472047244093
0
LINE
8
BLACK
6
CONTINUOUS
10
0.7020700393700787
20
1.5747472047244093
11
0.7003631496062992
21
1.5773016929133858
0
LINE
8
BLACK
6
CONTINUOUS
10
0.7003631496062992
20
1.5773016929133858
11
0.6997637795275591
21
1.5803149606299212
0
LINE
8
BLACK
6
CONTINUOUS
10
0.6997637795275591
20
1.5803149606299212
11
0.6997637795275591
21
1.6196850393700788
0
LINE
8
BLACK
6
CONTINUOUS
10
0.6997637795275591
20
1.6196850393700788
11
0.7003631496062992
21
1.6226983070866141
0
LINE
8
BLACK
6
CONTINUOUS
10
0.7003631496062992
20
1.6226983070866141
11
0.7020700393700787
21
1.6252527952755904
0
LINE
8
BLACK
6
CONTINUOUS
10
0.7020700393700787
20
1.6252527952755904
11
0.7046245275590551
21
1.6269596850393699
0
LINE
8
BLACK
6
CONTINUOUS
10
0.7046245275590551
20
1.6269596850393699
11
0.7076377952755906
21
1.6275590551181103
0
LINE
8
BLACK
6
CONTINUOUS
10
0.7076377952755906
20
1.6275590551181103
11
0.8572440944881889
21
1.6275590551181103
0
LINE
8
BLACK
6
CONTINUOUS
10
0.8572440944881889
20
1.6275590551181103
11
0.8602573622047244
21
1.6269596850393699
0
LINE
8
BLACK
6
CONTINUOUS
10
1.0964778346456692
20
1.6269596850393699
11
1.0990323228346457
21
1.6252527952755904
0
LINE
8
BLACK
6
CONTINUOUS
10
1.0990323228346457
20
1.6252527952755904
11
1.1007392125984252
21
1.6226983070866141
0
LINE
8
BLACK
6
CONTINUOUS
10
1.1007392125984252
20
1.6226983070866141
11
1.1013385826771653
21
1.6196850393700788
0
LINE
8
BLACK
6
CONTINUOUS
10
1.1013385826771653
20
1.6196850393700788
11
1.1013385826771653
21
1.5803149606299212
0
LINE
8
BLACK
6
CONTINUOUS
10
1.1013385826771653
20
1.5803149606299212
11
1.1007392125984252
21
1.5773016929133858
0
LINE
8
BLACK
6
CONTINUOUS
10
1.1007392125984252
20
1.5773016929133858
11
1.0990323228346457
21
1.5747472047244093
0
LINE
8
BLACK
6
CONTINUOUS
10
1.0990323228346457
20
1.5747472047244093
11
1.0964778346456692
21
1.5730403149606298
0
LINE
8
BLACK
6
CONTINUOUS
10
1.0964778346456692
20
1.5730403149606298
11
1.0934645669291339
21
1.5724409448818897
0
LINE
8
BLACK
6
CONTINUOUS
10
1.0934645669291339
20
1.5724409448818897
11
0.9438582677165354
21
1.5724409448818897
0
LINE
8
BLACK
6
CONTINUOUS
10
0.9438582677165354
20
1.5724409448818897
11
0.9408449999999999
21
1.5730403149606298
0
LINE
8
BLACK
6
CONTINUOUS
10
0.9408449999999999
20
1.5730403149606298
11
0.9382905118110236
21
1.5747472047244093
0
LINE
8
BLACK
6
CONTINUOUS
10
0.9382905118110236
20
1.5747472047244093
11
0.9365836220472441
21
1.5773016929133858
0
LINE
8
BLACK
6
CONTINUOUS
10
0.9365836220472441
20
1.5773016929133858
11
0.9359842519685039
21
1.5803149606299212
0
LINE
8
BLACK
6
CONTINUOUS
10
0.9359842519685039
20
1.5803149606299212
11
0.9359842519685039
21
1.6196850393700788
0
LINE
8
BLACK
6
CONTINUOUS
10
0.9359842519685039
20
1.6196850393700788
11
0.9365836220472441
21
1.6226983070866141
0
LINE
8
BLACK
6
CONTINUOUS
10
0.9365836220472441
20
1.6226983070866141
11
0.9382905118110236
21
1.6252527952755904
0
LINE
8
BLACK
6
CONTINUOUS
10
0.9382905118110236
20
1.6252527952755904
11
0.9408449999999999
21
1.6269596850393699
0
LINE
8
BLACK
6
CONTINUOUS
10
0.9408449999999999
20
1.6269596850393699
11
0.9438582677165354
21
1.6275590551181103
0
LINE
8
BLACK
6
CONTINUOUS
10
0.9438582677165354
20
1.6275590551181103
11
1.0934645669291339
21
1.6275590551181103
0
LINE
8
BLACK
6
CONTINUOUS
10
1.0934645669291339
20
1.6275590551181103
11
1.0964778346456692
21
1.6269596850393699
0
LINE
8
BLACK
6
CONTINUOUS
10
1.3326983070866141
20
1.6269596850393699
11
1.3352527952755906
21
1.6252527952755904
0
LINE
8
BLACK
6
CONTINUOUS
10
1.3352527952755906
20
1.6252527952755904
11
1.3369596850393701
21
1.6226983070866141
0
LINE
8
BLACK
6
CONTINUOUS
10
1.3369596850393701
20
1.6226983070866141
11
1.3375590551181102
21
1.6196850393700788
0
LINE
8
BLACK
6
CONTINUOUS
10
1.3375590551181102
20
1.6196850393700788
11
1.3375590551181102
21
1.5803149606299212
0
LINE
8
BLACK
6
CONTINUOUS
10
1.3375590551181102
20
1.5803149606299212
11
1.3369596850393701
21
1.5773016929133858
0
LINE
8
BLACK
6
CONTINUOUS
10
1.3369596850393701
20
1.5773016929133858
11
1.3352527952755906
21
1.5747472047244093
0
LINE
8
BLACK
6
CONTINUOUS
10
1.3352527952755906
20
1.5747472047244093
11
1.3326983070866141
21
1.5730403149606298
0
LINE
8
BLACK
6
CONTINUOUS
10
1.3326983070866141
20
1.5730403149606298
11
1.3296850393700788
21
1.5724409448818897
0
LINE
8
BLACK
6
CONTINUOUS
10
1.3296850393700788
20
1.5724409448818897
11
1.1800787401574804
21
1.5724409448818897
0
LINE
8
BLACK
6
CONTINUOUS
10
1.1800787401574804
20
1.5724409448818897
11
1.1770654724409448
21
1.5730403149606298
0
LINE
8
BLACK
6
CONTINUOUS
10
1.1770654724409448
20
1.5730403149606298
11
1.1745109842519685
21
1.5747472047244093
0
LINE
8
BLACK
6
CONTINUOUS
10
1.1745109842519685
20
1.5747472047244093
11
1.172804094488189
21
1.5773016929133858
0
LINE
8
BLACK
6
CONTINUOUS
10
1.172804094488189
20
1.5773016929133858
11
1.1722047244094489
21
1.5803149606299212
0
LINE
8
BLACK
6
CONTINUOUS
10
1.1722047244094489
20
1.5803149606299212
11
1.1722047244094489
21
1.6196850393700788
0
LINE
8
BLACK
6
CONTINUOUS
10
1.1722047244094489
20
1.6196850393700788
11
1.172804094488189
21
1.6226983070866141
0
LINE
8
BLACK
6
CONTINUOUS
10
1.172804094488189
20
1.6226983070866141
11
1.1745109842519685
21
1.6252527952755904
0
LINE
8
BLACK
6
CONTINUOUS
10
1.1745109842519685
20
1.6252527952755904
11
1.1770654724409448
21
1.6269596850393699
0
LINE
8
BLACK
6
CONTINUOUS
10
1.1770654724409448
20
1.6269596850393699
11
1.1800787401574804
21
1.6275590551181103
0
LINE
8
BLACK
6
CONTINUOUS
10
1.1800787401574804
20
1.6275590551181103
11
1.3296850393700788
21
1.6275590551181103
0
LINE
8
BLACK
6
CONTINUOUS
10
1.3296850393700788
20
1.6275590551181103
11
1.3326983070866141
21
1.6269596850393699
0
LINE
8
BLACK
6
CONTINUOUS
10
1.568918779527559
20
1.6269596850393699
11
1.5714732677165355
21
1.6252527952755904
0
LINE
8
BLACK
6
CONTINUOUS
10
1.5714732677165355
20
1.6252527952755904
11
1.573180157480315
21
1.6226983070866141
0
LINE
8
BLACK
6
CONTINUOUS
10
1.573180157480315
20
1.6226983070866141
11
1.5737795275590551
21
1.6196850393700788
0
LINE
8
BLACK
6
CONTINUOUS
10
1.5737795275590551
20
1.6196850393700788
11
1.5737795275590551
21
1.5803149606299212
0
LINE
8
BLACK
6
CONTINUOUS
10
1.5737795275590551
20
1.5803149606299212
11
1.573180157480315
21
1.5773016929133858
0
LINE
8
BLACK
6
CONTINUOUS
10
1.573180157480315
20
1.5773016929133858
11
1.5714732677165355
21
1.5747472047244093
0
LINE
8
BLACK
6
CONTINUOUS
10
1.5714732677165355
20
1.5747472047244093
11
1.568918779527559
21
1.5730403149606298
0
LINE
8
BLACK
6
CONTINUOUS
10
1.568918779527559
20
1.5730403149606298
11
1.5659055118110237
21
1.5724409448818897
0
LINE
8
BLACK
6
CONTINUOUS
10
1.5659055118110237
20
1.5724409448818897
11
1.4162992125984251
21
1.5724409448818897
0
LINE
8
BLACK
6
CONTINUOUS
10
1.4162992125984251
20
1.5724409448818897
11
1.4132859448818897
21
1.5730403149606298
0
LINE
8
BLACK
6
CONTINUOUS
10
1.4132859448818897
20
1.5730403149606298
11
1.4107314566929134
21
1.5747472047244093
0
LINE
8
BLACK
6
CONTINUOUS
10
1.4107314566929134
20
1.5747472047244093
11
1.4090245669291339
21
1.5773016929133858
0
LINE
8
BLACK
6
CONTINUOUS
10
1.4090245669291339
20
1.5773016929133858
11
1.4084251968503936
21
1.5803149606299212
0
LINE
8
BLACK
6
CONTINUOUS
10
1.4084251968503936
20
1.5803149606299212
11
1.4084251968503936
21
1.6196850393700788
0
LINE
8
BLACK
6
CONTINUOUS
10
1.4084251968503936
20
1.6196850393700788
11
1.4090245669291339
21
1.6226983070866141
0
LINE
8
BLACK
6
CONTINUOUS
10
1.4090245669291339
20
1.6226983070866141
11
1.4107314566929134
21
1.6252527952755904
0
LINE
8
BLACK
6
CONTINUOUS
10
1.4107314566929134
20
1.6252527952755904
11
1.4132859448818897
21
1.6269596850393699
0
LINE
8
BLACK
6
CONTINUOUS
10
1.4132859448818897
20
1.6269596850393699
11
1.4162992125984251
21
1.6275590551181103
0
LINE
8
BLACK
6
CONTINUOUS
10
1.4162992125984251
20
1.6275590551181103
11
1.5659055118110237
21
1.6275590551181103
0
LINE
8
BLACK
6
CONTINUOUS
10
1.5659055118110237
20
1.6275590551181103
11
1.568918779527559
21
1.6269596850393699
0
LINE
8
BLACK
6
CONTINUOUS
10
0.2141057480314961
20
1.9251920866141732
11
0.2280341338582677
21
1.9228255511811023
0
LINE
8
BLACK
6
CONTINUOUS
10
0.2280341338582677
20
1.9228255511811023
11
0.2416099606299213
21
1.9189144488188976
0
LINE
8
BLACK
6
CONTINUOUS
10
0.2416099606299213
20
1.9189144488188976
11
0.2546625196850394
21
1.9135078740157481
0
LINE
8
BLACK
6
CONTINUOUS
10
0.2546625196850394
20
1.9135078740157481
11
0.2670276771653543
21
1.9066738976377953
0
LINE
8
BLACK
6
CONTINUOUS
10
0.2670276771653543
20
1.9066738976377953
11
0.2785498818897638
21
1.8984984645669292
0
LINE
8
BLACK
6
CONTINUOUS
10
0.2785498818897638
20
1.8984984645669292
11
0.2890843307086614
21
1.8890843307086613
0
LINE
8
BLACK
6
CONTINUOUS
10
0.2890843307086614
20
1.8890843307086613
11
0.2984984645669291
21
1.8785498818897637
0
LINE
8
BLACK
6
CONTINUOUS
10
0.2984984645669291
20
1.8785498818897637
11
0.3066738976377953
21
1.8670276771653542
0
LINE
8
BLACK
6
CONTINUOUS
10
0.3066738976377953
20
1.8670276771653542
11
0.313507874015748
21
1.8546625196850393
0
LINE
8
BLACK
6
CONTINUOUS
10
0.313507874015748
20
1.8546625196850393
11
0.3189144488188976
21
1.8416099606299212
0
LINE
8
BLACK
6
CONTINUOUS
10
0.3189144488188976
20
1.8416099606299212
11
0.3228255511811023
21
1.8280341338582677
0
LINE
8
BLACK
6
CONTINUOUS
10
0.3228255511811023
20
1.8280341338582677
11
0.3251920866141732
21
1.8141057480314959
0
LINE
8
BLACK
6
CONTINUOUS
10
0.3251920866141732
20
1.8141057480314959
11
0.3259842519685039
21
1.8
0
LINE
8
BLACK
6
CONTINUOUS
10
0.3259842519685039
20
1.8
11
0.3251920866141732
21
1.7858942519685039
0
LINE
8
BLACK
6
CONTINUOUS
10
0.3251920866141732
20
1.7858942519685039
11
0.3228255511811023
21
1.7719658661417323
0
LINE
8
BLACK
6
CONTINUOUS
10
0.3228255511811023
20
1.7719658661417323
11
0.3189144488188976
21
1.7583900393700787
0
LINE
8
BLACK
6
CONTINUOUS
10
0.3189144488188976
20
1.7583900393700787
11
0.313507874015748
21
1.7453374803149606
0
LINE
8
BLACK
6
CONTINUOUS
10
0.313507874015748
20
1.7453374803149606
11
0.3066738976377953
21
1.7329723228346456
0
LINE
8
BLACK
6
CONTINUOUS
10
0.3066738976377953
20
1.7329723228346456
11
0.2984984645669291
21
1.7214501181102362
0
LINE
8
BLACK
6
CONTINUOUS
10
0.2984984645669291
20
1.7214501181102362
11
0.2890843307086614
21
1.7109156692913385
0
LINE
8
BLACK
6
CONTINUOUS
10
0.2890843307086614
20
1.7109156692913385
11
0.2785498818897638
21
1.7015015354330709
0
LINE
8
BLACK
6
CONTINUOUS
10
0.2785498818897638
20
1.7015015354330709
11
0.2670276771653543
21
1.6933261023622046
0
LINE
8
BLACK
6
CONTINUOUS
10
0.2670276771653543
20
1.6933261023622046
11
0.2546625196850394
21
1.686492125984252
0
LINE
8
BLACK
6
CONTINUOUS
10
0.2546625196850394
20
1.686492125984252
11
0.2416099606299213
21
1.6810855511811023
0
LINE
8
BLACK
6
CONTINUOUS
10
0.2416099606299213
20
1.6810855511811023
11
0.2280341338582677
21
1.6771744488188975
0
LINE
8
BLACK
6
CONTINUOUS
10
0.2280341338582677
20
1.6771744488188975
11
0.2141057480314961
21
1.6748079133858267
0
LINE
8
BLACK
6
CONTINUOUS
10
0.2141057480314961
20
1.6748079133858267
11
0.2
21
1.6740157480314961
0
LINE
8
BLACK
6
CONTINUOUS
10
0.2
20
1.6740157480314961
11
0.1858942519685039
21
1.6748079133858267
0
LINE
8
BLACK
6
CONTINUOUS
10
0.1858942519685039
20
1.6748079133858267
11
0.1719658661417323
21
1.6771744488188975
0
LINE
8
BLACK
6
CONTINUOUS
10
0.1719658661417323
20
1.6771744488188975
11
0.1583900393700787
21
1.6810855511811023
0
LINE
8
BLACK
6
CONTINUOUS
10
0.1583900393700787
20
1.6810855511811023
11
0.1453374803149606
21
1.686492125984252
0
LINE
8
BLACK
6
CONTINUOUS
10
0.1453374803149606
20
1.686492125984252
11
0.1329723228346457
21
1.6933261023622046
0
LINE
8
BLACK
6
CONTINUOUS
10
0.1329723228346457
20
1.6933261023622046
11
0.1214501181102362
21
1.7015015354330709
0
LINE
8
BLACK
6
CONTINUOUS
10
0.1214501181102362
20
1.7015015354330709
11
0.1109156692913386
21
1.7109156692913385
0
LINE
8
BLACK
6
CONTINUOUS
10
0.1109156692913386
20
1.7109156692913385
11
0.1015015354330709
21
1.7214501181102362
0
LINE
8
BLACK
6
CONTINUOUS
10
0.1015015354330709
20
1.7214501181102362
11
0.0933261023622047
21
1.7329723228346456
0
LINE
8
BLACK
6
CONTINUOUS
10
0.0933261023622047
20
1.7329723228346456
11
0.086492125984252
21
1.7453374803149606
0
LINE
8
BLACK
6
CONTINUOUS
10
0.086492125984252
20
1.7453374803149606
11
0.0810855511811024
21
1.7583900393700787
0
LINE
8
BLACK
6
CONTINUOUS
10
0.0810855511811024
20
1.7583900393700787
11
0.0771744488188976
21
1.7719658661417323
0
LINE
8
BLACK
6
CONTINUOUS
10
0.0771744488188976
20
1.7719658661417323
11
0.0748079133858268
21
1.7858942519685039
0
LINE
8
BLACK
6
CONTINUOUS
10
0.0748079133858268
20
1.7858942519685039
11
0.0740157480314961
21
1.8
0
LINE
8
BLACK
6
CONTINUOUS
10
0.0740157480314961
20
1.8
11
0.0748079133858268
21
1.8141057480314959
0
LINE
8
BLACK
6
CONTINUOUS
10
0.0748079133858268
20
1.8141057480314959
11
0.0771744488188976
21
1.8280341338582677
0
LINE
8
BLACK
6
CONTINUOUS
10
0.0771744488188976
20
1.8280341338582677
11
0.0810855511811024
21
1.8416099606299212
0
LINE
8
BLACK
6
CONTINUOUS
10
0.0810855511811024
20
1.8416099606299212
11
0.086492125984252
21
1.8546625196850393
0
LINE
8
BLACK
6
CONTINUOUS
10
0.086492125984252
20
1.8546625196850393
11
0.0933261023622047
21
1.8670276771653542
0
LINE
8
BLACK
6
CONTINUOUS
10
0.0933261023622047
20
1.8670276771653542
11
0.1015015354330709
21
1.8785498818897637
0
LINE
8
BLACK
6
CONTINUOUS
10
0.1015015354330709
20
1.8785498818897637
11
0.1109156692913386
21
1.8890843307086613
0
LINE
8
BLACK
6
CONTINUOUS
10
0.1109156692913386
20
1.8890843307086613
11
0.1214501181102362
21
1.8984984645669292
0
LINE
8
BLACK
6
CONTINUOUS
10
0.1214501181102362
20
1.8984984645669292
11
0.1329723228346457
21
1.9066738976377953
0
LINE
8
BLACK
6
CONTINUOUS
10
0.1329723228346457
20
1.9066738976377953
11
0.1453374803149606
21
1.9135078740157481
0
LINE
8
BLACK
6
CONTINUOUS
10
0.1453374803149606
20
1.9135078740157481
11
0.1583900393700787
21
1.9189144488188976
0
LINE
8
BLACK
6
CONTINUOUS
10
0.1583900393700787
20
1.9189144488188976
11
0.1719658661417323
21
1.9228255511811023
0
LINE
8
BLACK
6
CONTINUOUS
10
0.1719658661417323
20
1.9228255511811023
11
0.1858942519685039
21
1.9251920866141732
0
LINE
8
BLACK
6
CONTINUOUS
10
0.1858942519685039
20
1.9251920866141732
11
0.2
21
1.925984251968504
0
LINE
8
BLACK
6
CONTINUOUS
10
0.2
20
1.925984251968504
11
0.2141057480314961
21
1.9251920866141732
0
LINE
8
BLACK
6
CONTINUOUS
10
3.414105748031496
20
1.9251920866141732
11
3.4280341338582678
21
1.9228255511811023
0
LINE
8
BLACK
6
CONTINUOUS
10
3.4280341338582678
20
1.9228255511811023
11
3.4416099606299211
21
1.9189144488188976
0
LINE
8
BLACK
6
CONTINUOUS
10
3.4416099606299211
20
1.9189144488188976
11
3.4546625196850393
21
1.9135078740157481
0
LINE
8
BLACK
6
CONTINUOUS
10
3.4546625196850393
20
1.9135078740157481
11
3.4670276771653543
21
1.9066738976377953
0
LINE
8
BLACK
6
CONTINUOUS
10
3.4670276771653543
20
1.9066738976377953
11
3.4785498818897636
21
1.8984984645669292
0
LINE
8
BLACK
6
CONTINUOUS
10
3.4785498818897636
20
1.8984984645669292
11
3.4890843307086614
21
1.8890843307086613
0
LINE
8
BLACK
6
CONTINUOUS
10
3.4890843307086614
20
1.8890843307086613
11
3.498498464566929
21
1.8785498818897637
0
LINE
8
BLACK
6
CONTINUOUS
10
3.498498464566929
20
1.8785498818897637
11
3.5066738976377954
21
1.8670276771653542
0
LINE
8
BLACK
6
CONTINUOUS
10
3.5066738976377954
20
1.8670276771653542
11
3.5135078740157479
21
1.8546625196850393
0
LINE
8
BLACK
6
CONTINUOUS
10
3.5135078740157479
20
1.8546625196850393
11
3.5189144488188977
21
1.8416099606299212
0
LINE
8
BLACK
6
CONTINUOUS
10
3.5189144488188977
20
1.8416099606299212
11
3.5228255511811022
21
1.8280341338582677
0
LINE
8
BLACK
6
CONTINUOUS
10
3.5228255511811022
20
1.8280341338582677
11
3.5251920866141733
21
1.8141057480314959
0
LINE
8
BLACK
6
CONTINUOUS
10
3.5251920866141733
20
1.8141057480314959
11
3.5259842519685041
21
1.8
0
LINE
8
BLACK
6
CONTINUOUS
10
3.5259842519685041
20
1.8
11
3.5251920866141733
21
1.7858942519685039
0
LINE
8
BLACK
6
CONTINUOUS
10
3.5251920866141733
20
1.7858942519685039
11
3.5228255511811022
21
1.7719658661417323
0
LINE
8
BLACK
6
CONTINUOUS
10
3.5228255511811022
20
1.7719658661417323
11
3.5189144488188977
21
1.7583900393700787
0
LINE
8
BLACK
6
CONTINUOUS
10
3.5189144488188977
20
1.7583900393700787
11
3.5135078740157479
21
1.7453374803149606
0
LINE
8
BLACK
6
CONTINUOUS
10
3.5135078740157479
20
1.7453374803149606
11
3.5066738976377954
21
1.7329723228346456
0
LINE
8
BLACK
6
CONTINUOUS
10
3.5066738976377954
20
1.7329723228346456
11
3.498498464566929
21
1.7214501181102362
0
LINE
8
BLACK
6
CONTINUOUS
10
3.498498464566929
20
1.7214501181102362
11
3.4890843307086614
21
1.7109156692913385
0
LINE
8
BLACK
6
CONTINUOUS
10
3.4890843307086614
20
1.7109156692913385
11
3.4785498818897636
21
1.7015015354330709
0
LINE
8
BLACK
6
CONTINUOUS
10
3.4785498818897636
20
1.7015015354330709
11
3.4670276771653543
21
1.6933261023622046
0
LINE
8
BLACK
6
CONTINUOUS
10
3.4670276771653543
20
1.6933261023622046
11
3.4546625196850393
21
1.686492125984252
0
LINE
8
BLACK
6
CONTINUOUS
10
3.4546625196850393
20
1.686492125984252
11
3.4416099606299211
21
1.6810855511811023
0
LINE
8
BLACK
6
CONTINUOUS
10
3.4416099606299211
20
1.6810855511811023
11
3.4280341338582678
21
1.6771744488188975
0
LINE
8
BLACK
6
CONTINUOUS
10
3.4280341338582678
20
1.6771744488188975
11
3.414105748031496
21
1.6748079133858267
0
LINE
8
BLACK
6
CONTINUOUS
10
3.414105748031496
20
1.6748079133858267
11
3.3999999999999999
21
1.6740157480314961
0
LINE
8
BLACK
6
CONTINUOUS
10
3.3999999999999999
20
1.6740157480314961
11
3.3858942519685038
21
1.6748079133858267
0
LINE
8
BLACK
6
CONTINUOUS
10
3.3858942519685038
20
1.6748079133858267
11
3.371965866141732
21
1.6771744488188975
0
LINE
8
BLACK
6
CONTINUOUS
10
3.371965866141732
20
1.6771744488188975
11
3.3583900393700787
21
1.6810855511811023
0
LINE
8
BLACK
6
CONTINUOUS
10
3.3583900393700787
20
1.6810855511811023
11
3.3453374803149605
21
1.686492125984252
0
LINE
8
BLACK
6
CONTINUOUS
10
3.3453374803149605
20
1.686492125984252
11
3.3329723228346455
21
1.6933261023622046
0
LINE
8
BLACK
6
CONTINUOUS
10
3.3329723228346455
20
1.6933261023622046
11
3.3214501181102363
21
1.7015015354330709
0
LINE
8
BLACK
6
CONTINUOUS
10
3.3214501181102363
20
1.7015015354330709
11
3.3109156692913384
21
1.7109156692913385
0
LINE
8
BLACK
6
CONTINUOUS
10
3.3109156692913384
20
1.7109156692913385
11
3.3015015354330708
21
1.7214501181102362
0
LINE
8
BLACK
6
CONTINUOUS
10
3.3015015354330708
20
1.7214501181102362
11
3.2933261023622045
21
1.7329723228346456
0
LINE
8
BLACK
6
CONTINUOUS
10
3.2933261023622045
20
1.7329723228346456
11
3.2864921259842519
21
1.7453374803149606
0
LINE
8
BLACK
6
CONTINUOUS
10
3.2864921259842519
20
1.7453374803149606
11
3.2810855511811021
21
1.7583900393700787
0
LINE
8
BLACK
6
CONTINUOUS
10
3.2810855511811021
20
1.7583900393700787
11
3.2771744488188976
21
1.7719658661417323
0
LINE
8
BLACK
6
CONTINUOUS
10
3.2771744488188976
20
1.7719658661417323
11
3.2748079133858266
21
1.7858942519685039
0
LINE
8
BLACK
6
CONTINUOUS
10
3.2748079133858266
20
1.7858942519685039
11
3.2740157480314962
21
1.8
0
LINE
8
BLACK
6
CONTINUOUS
10
3.2740157480314962
20
1.8
11
3.2748079133858266
21
1.8141057480314959
0
LINE
8
BLACK
6
CONTINUOUS
10
3.2748079133858266
20
1.8141057480314959
11
3.2771744488188976
21
1.8280341338582677
0
LINE
8
BLACK
6
CONTINUOUS
10
3.2771744488188976
20
1.8280341338582677
11
3.2810855511811021
21
1.8416099606299212
0
LINE
8
BLACK
6
CONTINUOUS
10
3.2810855511811021
20
1.8416099606299212
11
3.2864921259842519
21
1.8546625196850393
0
LINE
8
BLACK
6
CONTINUOUS
10
3.2864921259842519
20
1.8546625196850393
11
3.2933261023622045
21
1.8670276771653542
0
LINE
8
BLACK
6
CONTINUOUS
10
3.2933261023622045
20
1.8670276771653542
11
3.3015015354330708
21
1.8785498818897637
0
LINE
8
BLACK
6
CONTINUOUS
10
3.3015015354330708
20
1.8785498818897637
11
3.3109156692913384
21
1.8890843307086613
0
LINE
8
BLACK
6
CONTINUOUS
10
3.3109156692913384
20
1.8890843307086613
11
3.3214501181102363
21
1.8984984645669292
0
LINE
8
BLACK
6
CONTINUOUS
10
3.3214501181102363
20
1.8984984645669292
11
3.3329723228346455
21
1.9066738976377953
0
LINE
8
BLACK
6
CONTINUOUS
10
3.3329723228346455
20
1.9066738976377953
11
3.3453374803149605
21
1.9135078740157481
0
LINE
8
BLACK
6
CONTINUOUS
10
3.3453374803149605
20
1.9135078740157481
11
3.3583900393700787
21
1.9189144488188976
0
LINE
8
BLACK
6
CONTINUOUS
10
3.3583900393700787
20
1.9189144488188976
11
3.371965866141732
21
1.9228255511811023
0
LINE
8
BLACK
6
CONTINUOUS
10
3.371965866141732
20
1.9228255511811023
11
3.3858942519685038
21
1.9251920866141732
0
LINE
8
BLACK
6
CONTINUOUS
10
3.3858942519685038
20
1.9251920866141732
11
3.3999999999999999
21
1.925984251968504
0
LINE
8
BLACK
6
CONTINUOUS
10
3.3999999999999999
20
1.925984251968504
11
3.414105748031496
21
1.9251920866141732
  0
ENDSEC
  0
EOF
