  0
SECTION
  2
HEADER
  9
$ANGBASE
  50
0.0
  9
$ANGDIR
  70
1
  9
$MEASUREMENT
  70
0
  0
ENDSEC
  0
SECTION
  2
TABLES
  0
TABLE
  2
LTYPE
  70
4
  0
LTYPE
  5
40F
  2
CONTINUOUS
  70
0
  3
Solid line
  72
65
  73
0
  40
0.0
  0
LTYPE
  5
410
  2
DASHDOT
 70
0
  3
Dash Dot ____ _ ____ _
 72
65
 73
4
 40
2.0
 49
1.25
 49
-0.25
 49
0.25
 49
-0.25
  0
LTYPE
  5
411
  2
DASHED
 70
0
  3
Dashed __ __ __ __ __
 72
65
 73
2
 40
0.75
 49
0.5
 49
-0.25
  0
LTYPE
  5
43B
  2
DOTTED
 70
0
  3
Dotted .  .  .  .
 72
65
 73
2
 40
0.2
 49
0.0
 49
-0.2
  0
ENDTAB
  0
TABLE
  2
STYLE
  70
4
  0
STYLE
  2
KICAD
  70
0
  40
0
  41
1
  42
1
  50
0
  71
0
  3
isocp.shx
  0
STYLE
  2
KICADB
  70
0
  40
0
  41
1
  42
1
  50
0
  71
0
  3
isocp.shx
  0
STYLE
  2
KICADI
  70
0
  40
0
  41
1
  42
1
  50
15
  71
0
  3
isocp.shx
  0
STYLE
  2
KICADBI
  70
0
  40
0
  41
1
  42
1
  50
15
  71
0
  3
isocp.shx
  0
ENDTAB
  0
TABLE
  2
LAYER
  70
1
  0
LAYER
  2
BLACK
  70
0
  62
7
  6
CONTINUOUS
  0
ENDTAB
  0
ENDSEC
  0
SECTION
  2
ENTITIES
0
LINE
8
BLACK
6
CONTINUOUS
10
2.7725709055118108
20
0.1929034251968504
11
2.7739008661417324
21
0.1926312992125984
0
LINE
8
BLACK
6
CONTINUOUS
10
2.7739008661417324
20
0.1926312992125984
11
2.7795251968503938
21
0.1898191338582677
0
LINE
8
BLACK
6
CONTINUOUS
10
2.7795251968503938
20
0.1898191338582677
11
2.7802365748031495
21
0.1891882677165354
0
LINE
8
BLACK
6
CONTINUOUS
10
2.7802365748031495
20
0.1891882677165354
11
2.7810600000000001
21
0.1887129133858268
0
LINE
8
BLACK
6
CONTINUOUS
10
2.7810600000000001
20
0.1887129133858268
11
2.783872125984252
21
0.1859007874015748
0
LINE
8
BLACK
6
CONTINUOUS
10
2.783872125984252
20
0.1859007874015748
11
2.7843475196850394
21
0.1850773228346457
0
LINE
8
BLACK
6
CONTINUOUS
10
2.7843475196850394
20
0.1850773228346457
11
2.7849783464566928
21
0.1843659842519685
0
LINE
8
BLACK
6
CONTINUOUS
10
2.7849783464566928
20
0.1843659842519685
11
2.7877905118110236
21
0.1787417322834646
0
LINE
8
BLACK
6
CONTINUOUS
10
2.7877905118110236
20
0.1787417322834646
11
2.7880626771653541
21
0.1774116929133858
0
LINE
8
BLACK
6
CONTINUOUS
10
2.7880626771653541
20
0.1774116929133858
11
2.7884139763779525
21
0.1761006692913386
0
LINE
8
BLACK
6
CONTINUOUS
10
2.7884139763779525
20
0.1761006692913386
11
2.7884139763779525
21
0.1704763779527559
0
LINE
8
BLACK
6
CONTINUOUS
10
2.7884139763779525
20
0.1704763779527559
11
2.7881678740157478
21
0.1695579133858268
0
LINE
8
BLACK
6
CONTINUOUS
10
2.7881678740157478
20
0.1695579133858268
11
2.788110905511811
21
0.1686088582677165
0
LINE
8
BLACK
6
CONTINUOUS
10
2.788110905511811
20
0.1686088582677165
11
2.7852987401574802
21
0.1601724409448819
0
LINE
8
BLACK
6
CONTINUOUS
10
2.7852987401574802
20
0.1601724409448819
11
2.7845508267716537
21
0.1590396456692913
0
LINE
8
BLACK
6
CONTINUOUS
10
2.7845508267716537
20
0.1590396456692913
11
2.783872125984252
21
0.157864094488189
0
LINE
8
BLACK
6
CONTINUOUS
10
2.783872125984252
20
0.157864094488189
11
2.7602076771653543
21
0.1341996456692913
0
LINE
8
BLACK
6
CONTINUOUS
10
2.7602076771653543
20
0.1341996456692913
11
2.7825084645669289
21
0.1341996456692913
0
LINE
8
BLACK
6
CONTINUOUS
10
2.7825084645669289
20
0.1341996456692913
11
2.7854612204724409
21
0.1334084645669291
0
LINE
8
BLACK
6
CONTINUOUS
10
2.7854612204724409
20
0.1334084645669291
11
2.7876227952755905
21
0.1312468897637795
0
LINE
8
BLACK
6
CONTINUOUS
10
2.7876227952755905
20
0.1312468897637795
11
2.7884139763779525
21
0.1282941338582677
0
LINE
8
BLACK
6
CONTINUOUS
10
2.7884139763779525
20
0.1282941338582677
11
2.7876227952755905
21
0.1253413779527559
0
LINE
8
BLACK
6
CONTINUOUS
10
2.7876227952755905
20
0.1253413779527559
11
2.7854612204724409
21
0.1231798031496063
0
LINE
8
BLACK
6
CONTINUOUS
10
2.7854612204724409
20
0.1231798031496063
11
2.7825084645669289
21
0.1223886220472441
0
LINE
8
BLACK
6
CONTINUOUS
10
2.7825084645669289
20
0.1223886220472441
11
2.7459505118110235
21
0.1223886220472441
0
LINE
8
BLACK
6
CONTINUOUS
10
2.7459505118110235
20
0.1223886220472441
11
2.7451995275590551
21
0.122589842519685
0
LINE
8
BLACK
6
CONTINUOUS
10
2.7451995275590551
20
0.122589842519685
11
2.7444220472440946
21
0.122589842519685
0
LINE
8
BLACK
6
CONTINUOUS
10
2.7444220472440946
20
0.122589842519685
11
2.7437487007874015
21
0.1229785433070866
0
LINE
8
BLACK
6
CONTINUOUS
10
2.7437487007874015
20
0.1229785433070866
11
2.7429977559055119
21
0.1231798031496063
0
LINE
8
BLACK
6
CONTINUOUS
10
2.7429977559055119
20
0.1231798031496063
11
2.7424479527559056
21
0.1237295669291339
0
LINE
8
BLACK
6
CONTINUOUS
10
2.7424479527559056
20
0.1237295669291339
11
2.7417746850393701
21
0.1241183070866142
0
LINE
8
BLACK
6
CONTINUOUS
10
2.7417746850393701
20
0.1241183070866142
11
2.7413859448818898
21
0.1247915748031496
0
LINE
8
BLACK
6
CONTINUOUS
10
2.7413859448818898
20
0.1247915748031496
11
2.7408361811023623
21
0.1253413779527559
0
LINE
8
BLACK
6
CONTINUOUS
10
2.7408361811023623
20
0.1253413779527559
11
2.7406349212598426
21
0.1260923228346457
0
LINE
8
BLACK
6
CONTINUOUS
10
2.7406349212598426
20
0.1260923228346457
11
2.7402462204724407
21
0.1267656692913386
0
LINE
8
BLACK
6
CONTINUOUS
10
2.7402462204724407
20
0.1267656692913386
11
2.7402462204724407
21
0.1275431496062992
0
LINE
8
BLACK
6
CONTINUOUS
10
2.7402462204724407
20
0.1275431496062992
11
2.7400449999999998
21
0.1282941338582677
0
LINE
8
BLACK
6
CONTINUOUS
10
2.7400449999999998
20
0.1282941338582677
11
2.7402462204724407
21
0.1290450787401575
0
LINE
8
BLACK
6
CONTINUOUS
10
2.7402462204724407
20
0.1290450787401575
11
2.7402462204724407
21
0.1298225984251969
0
LINE
8
BLACK
6
CONTINUOUS
10
2.7402462204724407
20
0.1298225984251969
11
2.7406349212598426
21
0.130495905511811
0
LINE
8
BLACK
6
CONTINUOUS
10
2.7406349212598426
20
0.130495905511811
11
2.7408361811023623
21
0.1312468897637795
0
LINE
8
BLACK
6
CONTINUOUS
10
2.7408361811023623
20
0.1312468897637795
11
2.7413859448818898
21
0.1317966535433071
0
LINE
8
BLACK
6
CONTINUOUS
10
2.7413859448818898
20
0.1317966535433071
11
2.7417746850393701
21
0.1324699606299213
0
LINE
8
BLACK
6
CONTINUOUS
10
2.7417746850393701
20
0.1324699606299213
11
2.7745346850393702
21
0.1652299606299213
0
LINE
8
BLACK
6
CONTINUOUS
10
2.7745346850393702
20
0.1652299606299213
11
2.7766029527559053
21
0.1714347244094488
0
LINE
8
BLACK
6
CONTINUOUS
10
2.7766029527559053
20
0.1714347244094488
11
2.7766029527559053
21
0.1747065354330709
0
LINE
8
BLACK
6
CONTINUOUS
10
2.7766029527559053
20
0.1747065354330709
11
2.7748428346456691
21
0.1782267322834646
0
LINE
8
BLACK
6
CONTINUOUS
10
2.7748428346456691
20
0.1782267322834646
11
2.7733859842519686
21
0.1796836220472441
0
LINE
8
BLACK
6
CONTINUOUS
10
2.7733859842519686
20
0.1796836220472441
11
2.7698657480314961
21
0.1814437401574803
0
LINE
8
BLACK
6
CONTINUOUS
10
2.7698657480314961
20
0.1814437401574803
11
2.7585932283464567
21
0.1814437401574803
0
LINE
8
BLACK
6
CONTINUOUS
10
2.7585932283464567
20
0.1814437401574803
11
2.7550729921259842
21
0.1796836220472441
0
LINE
8
BLACK
6
CONTINUOUS
10
2.7550729921259842
20
0.1796836220472441
11
2.752938503937008
21
0.1775491338582677
0
LINE
8
BLACK
6
CONTINUOUS
10
2.752938503937008
20
0.1775491338582677
11
2.7502911417322835
21
0.1760206692913386
0
LINE
8
BLACK
6
CONTINUOUS
10
2.7502911417322835
20
0.1760206692913386
11
2.7472342125984253
21
0.1760206692913386
0
LINE
8
BLACK
6
CONTINUOUS
10
2.7472342125984253
20
0.1760206692913386
11
2.7445868503937008
21
0.1775491338582677
0
LINE
8
BLACK
6
CONTINUOUS
10
2.7445868503937008
20
0.1775491338582677
11
2.7430583858267714
21
0.1801964960629921
0
LINE
8
BLACK
6
CONTINUOUS
10
2.7430583858267714
20
0.1801964960629921
11
2.7430583858267714
21
0.1832534251968504
0
LINE
8
BLACK
6
CONTINUOUS
10
2.7430583858267714
20
0.1832534251968504
11
2.7445868503937008
21
0.1859007874015748
0
LINE
8
BLACK
6
CONTINUOUS
10
2.7445868503937008
20
0.1859007874015748
11
2.7473989763779527
21
0.1887129133858268
0
LINE
8
BLACK
6
CONTINUOUS
10
2.7473989763779527
20
0.1887129133858268
11
2.7482223622047242
21
0.1891882677165354
0
LINE
8
BLACK
6
CONTINUOUS
10
2.7482223622047242
20
0.1891882677165354
11
2.748933779527559
21
0.1898191338582677
0
LINE
8
BLACK
6
CONTINUOUS
10
2.748933779527559
20
0.1898191338582677
11
2.7545581102362204
21
0.1926312992125984
0
LINE
8
BLACK
6
CONTINUOUS
10
2.7545581102362204
20
0.1926312992125984
11
2.7558880314960628
21
0.1929034251968504
0
LINE
8
BLACK
6
CONTINUOUS
10
2.7558880314960628
20
0.1929034251968504
11
2.7571991338582675
21
0.1932547637795275
0
LINE
8
BLACK
6
CONTINUOUS
10
2.7571991338582675
20
0.1932547637795275
11
2.7712598425196848
21
0.1932547637795275
0
LINE
8
BLACK
6
CONTINUOUS
10
2.7712598425196848
20
0.1932547637795275
11
2.7725709055118108
21
0.1929034251968504
0
LINE
8
BLACK
6
CONTINUOUS
10
2.8260017322834643
20
0.1929034251968504
11
2.8273316929133858
21
0.1926312992125984
0
LINE
8
BLACK
6
CONTINUOUS
10
2.8273316929133858
20
0.1926312992125984
11
2.8329559842519685
21
0.1898191338582677
0
LINE
8
BLACK
6
CONTINUOUS
10
2.8329559842519685
20
0.1898191338582677
11
2.8336673228346454
21
0.1891883070866142
0
LINE
8
BLACK
6
CONTINUOUS
10
2.8336673228346454
20
0.1891883070866142
11
2.834490748031496
21
0.1887129527559055
0
LINE
8
BLACK
6
CONTINUOUS
10
2.834490748031496
20
0.1887129527559055
11
2.8373029133858267
21
0.1859008267716535
0
LINE
8
BLACK
6
CONTINUOUS
10
2.8373029133858267
20
0.1859008267716535
11
2.837778307086614
21
0.1850773622047244
0
LINE
8
BLACK
6
CONTINUOUS
10
2.837778307086614
20
0.1850773622047244
11
2.8384091732283463
21
0.1843659842519685
0
LINE
8
BLACK
6
CONTINUOUS
10
2.8384091732283463
20
0.1843659842519685
11
2.8412212992125983
21
0.1787416535433071
0
LINE
8
BLACK
6
CONTINUOUS
10
2.8412212992125983
20
0.1787416535433071
11
2.841351968503937
21
0.1781029133858268
0
LINE
8
BLACK
6
CONTINUOUS
10
2.841351968503937
20
0.1781029133858268
11
2.8416684251968505
21
0.1775329527559055
0
LINE
8
BLACK
6
CONTINUOUS
10
2.8416684251968505
20
0.1775329527559055
11
2.8444805905511812
21
0.1662843700787401
0
LINE
8
BLACK
6
CONTINUOUS
10
2.8444805905511812
20
0.1662843700787401
11
2.8444683070866139
21
0.1655558267716535
0
LINE
8
BLACK
6
CONTINUOUS
10
2.8444683070866139
20
0.1655558267716535
11
2.8446569291338584
21
0.1648520472440945
0
LINE
8
BLACK
6
CONTINUOUS
10
2.8446569291338584
20
0.1648520472440945
11
2.8446569291338584
21
0.1507913385826772
0
LINE
8
BLACK
6
CONTINUOUS
10
2.8446569291338584
20
0.1507913385826772
11
2.8444683070866139
21
0.1500875196850394
0
LINE
8
BLACK
6
CONTINUOUS
10
2.8444683070866139
20
0.1500875196850394
11
2.8444805905511812
21
0.1493590157480315
0
LINE
8
BLACK
6
CONTINUOUS
10
2.8444805905511812
20
0.1493590157480315
11
2.8416684251968505
21
0.1381104330708662
0
LINE
8
BLACK
6
CONTINUOUS
10
2.8416684251968505
20
0.1381104330708662
11
2.841351968503937
21
0.1375404330708661
0
LINE
8
BLACK
6
CONTINUOUS
10
2.841351968503937
20
0.1375404330708661
11
2.8412212992125983
21
0.1369017322834646
0
LINE
8
BLACK
6
CONTINUOUS
10
2.8412212992125983
20
0.1369017322834646
11
2.8384091732283463
21
0.1312774015748031
0
LINE
8
BLACK
6
CONTINUOUS
10
2.8384091732283463
20
0.1312774015748031
11
2.837778307086614
21
0.1305659842519685
0
LINE
8
BLACK
6
CONTINUOUS
10
2.837778307086614
20
0.1305659842519685
11
2.8373029133858267
21
0.1297425590551181
0
LINE
8
BLACK
6
CONTINUOUS
10
2.8373029133858267
20
0.1297425590551181
11
2.834490748031496
21
0.1269304330708661
0
LINE
8
BLACK
6
CONTINUOUS
10
2.834490748031496
20
0.1269304330708661
11
2.8336673228346454
21
0.1264550393700787
0
LINE
8
BLACK
6
CONTINUOUS
10
2.8336673228346454
20
0.1264550393700787
11
2.8329559842519685
21
0.1258242519685039
0
LINE
8
BLACK
6
CONTINUOUS
10
2.8329559842519685
20
0.1258242519685039
11
2.8273316929133858
21
0.1230120866141732
0
LINE
8
BLACK
6
CONTINUOUS
10
2.8273316929133858
20
0.1230120866141732
11
2.8260017322834643
21
0.1227399212598425
0
LINE
8
BLACK
6
CONTINUOUS
10
2.8260017322834643
20
0.1227399212598425
11
2.8246906692913387
21
0.1223886220472441
0
LINE
8
BLACK
6
CONTINUOUS
10
2.8246906692913387
20
0.1223886220472441
11
2.8190663779527561
21
0.1223886220472441
0
LINE
8
BLACK
6
CONTINUOUS
10
2.8190663779527561
20
0.1223886220472441
11
2.81775531496063
21
0.1227398818897638
0
LINE
8
BLACK
6
CONTINUOUS
10
2.81775531496063
20
0.1227398818897638
11
2.8164253149606298
21
0.1230120866141732
0
LINE
8
BLACK
6
CONTINUOUS
10
2.8164253149606298
20
0.1230120866141732
11
2.8108010629921258
21
0.1258242519685039
0
LINE
8
BLACK
6
CONTINUOUS
10
2.8108010629921258
20
0.1258242519685039
11
2.8100896850393702
21
0.1264550393700787
0
LINE
8
BLACK
6
CONTINUOUS
10
2.8100896850393702
20
0.1264550393700787
11
2.8092662992125983
21
0.1269304330708661
0
LINE
8
BLACK
6
CONTINUOUS
10
2.8092662992125983
20
0.1269304330708661
11
2.8064541338582676
21
0.1297425590551181
0
LINE
8
BLACK
6
CONTINUOUS
10
2.8064541338582676
20
0.1297425590551181
11
2.8059786614173228
21
0.1305660236220473
0
LINE
8
BLACK
6
CONTINUOUS
10
2.8059786614173228
20
0.1305660236220473
11
2.805347874015748
21
0.1312774015748031
0
LINE
8
BLACK
6
CONTINUOUS
10
2.805347874015748
20
0.1312774015748031
11
2.8025357086614173
21
0.1369016929133858
0
LINE
8
BLACK
6
CONTINUOUS
10
2.8025357086614173
20
0.1369016929133858
11
2.8024049606299211
21
0.1375404330708661
0
LINE
8
BLACK
6
CONTINUOUS
10
2.8024049606299211
20
0.1375404330708661
11
2.8020885826771651
21
0.1381104330708662
0
LINE
8
BLACK
6
CONTINUOUS
10
2.8020885826771651
20
0.1381104330708662
11
2.7992764566929131
21
0.1493590551181102
0
LINE
8
BLACK
6
CONTINUOUS
10
2.7992764566929131
20
0.1493590551181102
11
2.7992887007874017
21
0.1500874803149606
0
LINE
8
BLACK
6
CONTINUOUS
10
2.7992887007874017
20
0.1500874803149606
11
2.799100118110236
21
0.1507913385826772
0
LINE
8
BLACK
6
CONTINUOUS
10
2.799100118110236
20
0.1507913385826772
11
2.799100118110236
21
0.1648520472440945
0
LINE
8
BLACK
6
CONTINUOUS
10
2.799100118110236
20
0.1648520472440945
11
2.7992887007874017
21
0.1655558661417323
0
LINE
8
BLACK
6
CONTINUOUS
10
2.7992887007874017
20
0.1655558661417323
11
2.7992764566929131
21
0.1662843307086614
0
LINE
8
BLACK
6
CONTINUOUS
10
2.7992764566929131
20
0.1662843307086614
11
2.8020885826771651
21
0.1775329527559055
0
LINE
8
BLACK
6
CONTINUOUS
10
2.8020885826771651
20
0.1775329527559055
11
2.8024049606299211
21
0.1781029133858268
0
LINE
8
BLACK
6
CONTINUOUS
10
2.8024049606299211
20
0.1781029133858268
11
2.8025357086614173
21
0.1787416929133858
0
LINE
8
BLACK
6
CONTINUOUS
10
2.8025357086614173
20
0.1787416929133858
11
2.805347874015748
21
0.1843659842519685
0
LINE
8
BLACK
6
CONTINUOUS
10
2.805347874015748
20
0.1843659842519685
11
2.8059786614173228
21
0.1850773228346457
0
LINE
8
BLACK
6
CONTINUOUS
10
2.8059786614173228
20
0.1850773228346457
11
2.8064541338582676
21
0.1859008267716535
0
LINE
8
BLACK
6
CONTINUOUS
10
2.8064541338582676
20
0.1859008267716535
11
2.8092662992125983
21
0.1887129527559055
0
LINE
8
BLACK
6
CONTINUOUS
10
2.8092662992125983
20
0.1887129527559055
11
2.8100896850393702
21
0.1891883070866142
0
LINE
8
BLACK
6
CONTINUOUS
10
2.8100896850393702
20
0.1891883070866142
11
2.8108010629921258
21
0.1898191338582677
0
LINE
8
BLACK
6
CONTINUOUS
10
2.8108010629921258
20
0.1898191338582677
11
2.8164253149606298
21
0.1926312992125984
0
LINE
8
BLACK
6
CONTINUOUS
10
2.8164253149606298
20
0.1926312992125984
11
2.81775531496063
21
0.1929034645669291
0
LINE
8
BLACK
6
CONTINUOUS
10
2.81775531496063
20
0.1929034645669291
11
2.8190663779527561
21
0.1932547637795275
0
LINE
8
BLACK
6
CONTINUOUS
10
2.8190663779527561
20
0.1932547637795275
11
2.8246906692913387
21
0.1932547637795275
0
LINE
8
BLACK
6
CONTINUOUS
10
2.8246906692913387
20
0.1932547637795275
11
2.8260017322834643
21
0.1929034251968504
0
LINE
8
BLACK
6
CONTINUOUS
10
2.8169402362204723
20
0.1796835826771654
11
2.8154833858267714
21
0.1782267716535433
0
LINE
8
BLACK
6
CONTINUOUS
10
2.8154833858267714
20
0.1782267716535433
11
2.8133896456692913
21
0.1740393700787402
0
LINE
8
BLACK
6
CONTINUOUS
10
2.8133896456692913
20
0.1740393700787402
11
2.8109111417322832
21
0.1641251181102362
0
LINE
8
BLACK
6
CONTINUOUS
10
2.8109111417322832
20
0.1641251181102362
11
2.8109111417322832
21
0.1515182283464567
0
LINE
8
BLACK
6
CONTINUOUS
10
2.8109111417322832
20
0.1515182283464567
11
2.8133896456692913
21
0.1416039763779527
0
LINE
8
BLACK
6
CONTINUOUS
10
2.8133896456692913
20
0.1416039763779527
11
2.8154833858267714
21
0.1374165748031496
0
LINE
8
BLACK
6
CONTINUOUS
10
2.8154833858267714
20
0.1374165748031496
11
2.8169402362204723
21
0.1359597637795276
0
LINE
8
BLACK
6
CONTINUOUS
10
2.8169402362204723
20
0.1359597637795276
11
2.8204604724409448
21
0.1341996456692913
0
LINE
8
BLACK
6
CONTINUOUS
10
2.8204604724409448
20
0.1341996456692913
11
2.8232965748031496
21
0.1341996456692913
0
LINE
8
BLACK
6
CONTINUOUS
10
2.8232965748031496
20
0.1341996456692913
11
2.826816811023622
21
0.1359597637795276
0
LINE
8
BLACK
6
CONTINUOUS
10
2.826816811023622
20
0.1359597637795276
11
2.8282736614173229
21
0.1374166141732283
0
LINE
8
BLACK
6
CONTINUOUS
10
2.8282736614173229
20
0.1374166141732283
11
2.8303672834645668
21
0.141603937007874
0
LINE
8
BLACK
6
CONTINUOUS
10
2.8303672834645668
20
0.141603937007874
11
2.8328459055118111
21
0.1515182677165354
0
LINE
8
BLACK
6
CONTINUOUS
10
2.8328459055118111
20
0.1515182677165354
11
2.8328459055118111
21
0.1641250787401575
0
LINE
8
BLACK
6
CONTINUOUS
10
2.8328459055118111
20
0.1641250787401575
11
2.8303672834645668
21
0.1740394094488189
0
LINE
8
BLACK
6
CONTINUOUS
10
2.8303672834645668
20
0.1740394094488189
11
2.8282736614173229
21
0.1782267322834646
0
LINE
8
BLACK
6
CONTINUOUS
10
2.8282736614173229
20
0.1782267322834646
11
2.826816811023622
21
0.1796835826771654
0
LINE
8
BLACK
6
CONTINUOUS
10
2.826816811023622
20
0.1796835826771654
11
2.8232965748031496
21
0.1814437401574803
0
LINE
8
BLACK
6
CONTINUOUS
10
2.8232965748031496
20
0.1814437401574803
11
2.8204604724409448
21
0.1814437401574803
0
LINE
8
BLACK
6
CONTINUOUS
10
2.8204604724409448
20
0.1814437401574803
11
2.8169402362204723
21
0.1796835826771654
0
LINE
8
BLACK
6
CONTINUOUS
10
2.8783099606299212
20
0.1932042125984252
11
2.8785015354330707
21
0.1932425590551181
0
LINE
8
BLACK
6
CONTINUOUS
10
2.8785015354330707
20
0.1932425590551181
11
2.8797756692913383
21
0.1928114960629921
0
LINE
8
BLACK
6
CONTINUOUS
10
2.8797756692913383
20
0.1928114960629921
11
2.881074212598425
21
0.1924635826771653
0
LINE
8
BLACK
6
CONTINUOUS
10
2.881074212598425
20
0.1924635826771653
11
2.8812122440944883
21
0.1923255118110236
0
LINE
8
BLACK
6
CONTINUOUS
10
2.8812122440944883
20
0.1923255118110236
11
2.8813972440944879
21
0.1922629527559055
0
LINE
8
BLACK
6
CONTINUOUS
10
2.8813972440944879
20
0.1922629527559055
11
2.8822851181102362
21
0.1912526377952756
0
LINE
8
BLACK
6
CONTINUOUS
10
2.8822851181102362
20
0.1912526377952756
11
2.8832357874015746
21
0.1903020078740157
0
LINE
8
BLACK
6
CONTINUOUS
10
2.8832357874015746
20
0.1903020078740157
11
2.8832862992125983
21
0.1901134645669291
0
LINE
8
BLACK
6
CONTINUOUS
10
2.8832862992125983
20
0.1901134645669291
11
2.8834152362204724
21
0.1899667716535433
0
LINE
8
BLACK
6
CONTINUOUS
10
2.8834152362204724
20
0.1899667716535433
11
2.8836789763779529
21
0.188647874015748
0
LINE
8
BLACK
6
CONTINUOUS
10
2.8836789763779529
20
0.188647874015748
11
2.884026968503937
21
0.1873492519685039
0
LINE
8
BLACK
6
CONTINUOUS
10
2.884026968503937
20
0.1873492519685039
11
2.884026968503937
21
0.1341996456692913
0
LINE
8
BLACK
6
CONTINUOUS
10
2.884026968503937
20
0.1341996456692913
11
2.8949943700787402
21
0.1341996456692913
0
LINE
8
BLACK
6
CONTINUOUS
10
2.8949943700787402
20
0.1341996456692913
11
2.8979471259842517
21
0.1334084645669291
0
LINE
8
BLACK
6
CONTINUOUS
10
2.8979471259842517
20
0.1334084645669291
11
2.9001087007874014
21
0.1312468897637795
0
LINE
8
BLACK
6
CONTINUOUS
10
2.9001087007874014
20
0.1312468897637795
11
2.9008998818897638
21
0.1282941338582677
0
LINE
8
BLACK
6
CONTINUOUS
10
2.9008998818897638
20
0.1282941338582677
11
2.9001087007874014
21
0.1253413779527559
0
LINE
8
BLACK
6
CONTINUOUS
10
2.9001087007874014
20
0.1253413779527559
11
2.8979471259842517
21
0.1231798031496063
0
LINE
8
BLACK
6
CONTINUOUS
10
2.8979471259842517
20
0.1231798031496063
11
2.8949943700787402
21
0.1223886220472441
0
LINE
8
BLACK
6
CONTINUOUS
10
2.8949943700787402
20
0.1223886220472441
11
2.8781214566929134
21
0.1223886220472441
0
LINE
8
BLACK
6
CONTINUOUS
10
2.8781214566929134
20
0.1223886220472441
11
2.8612485826771654
21
0.1223886220472441
0
LINE
8
BLACK
6
CONTINUOUS
10
2.8612485826771654
20
0.1223886220472441
11
2.8582958267716534
21
0.1231798031496063
0
LINE
8
BLACK
6
CONTINUOUS
10
2.8582958267716534
20
0.1231798031496063
11
2.8561342519685038
21
0.1253413779527559
0
LINE
8
BLACK
6
CONTINUOUS
10
2.8561342519685038
20
0.1253413779527559
11
2.8553430708661418
21
0.1282941338582677
0
LINE
8
BLACK
6
CONTINUOUS
10
2.8553430708661418
20
0.1282941338582677
11
2.8561342519685038
21
0.1312468897637795
0
LINE
8
BLACK
6
CONTINUOUS
10
2.8561342519685038
20
0.1312468897637795
11
2.8582958267716534
21
0.1334084645669291
0
LINE
8
BLACK
6
CONTINUOUS
10
2.8582958267716534
20
0.1334084645669291
11
2.8612485826771654
21
0.1341996456692913
0
LINE
8
BLACK
6
CONTINUOUS
10
2.8612485826771654
20
0.1341996456692913
11
2.8722159448818898
21
0.1341996456692913
0
LINE
8
BLACK
6
CONTINUOUS
10
2.8722159448818898
20
0.1341996456692913
11
2.8722159448818898
21
0.1702799212598425
0
LINE
8
BLACK
6
CONTINUOUS
10
2.8722159448818898
20
0.1702799212598425
11
2.8710487007874015
21
0.1691126771653543
0
LINE
8
BLACK
6
CONTINUOUS
10
2.8710487007874015
20
0.1691126771653543
11
2.8702252755905513
21
0.1686372834645669
0
LINE
8
BLACK
6
CONTINUOUS
10
2.8702252755905513
20
0.1686372834645669
11
2.8695138976377952
21
0.1680064566929134
0
LINE
8
BLACK
6
CONTINUOUS
10
2.8695138976377952
20
0.1680064566929134
11
2.8638896062992125
21
0.1651943307086614
0
LINE
8
BLACK
6
CONTINUOUS
10
2.8638896062992125
20
0.1651943307086614
11
2.8608947244094489
21
0.1645814566929134
0
LINE
8
BLACK
6
CONTINUOUS
10
2.8608947244094489
20
0.1645814566929134
11
2.8579946850393698
21
0.1655481496062992
0
LINE
8
BLACK
6
CONTINUOUS
10
2.8579946850393698
20
0.1655481496062992
11
2.8559665354330708
21
0.1678353543307086
0
LINE
8
BLACK
6
CONTINUOUS
10
2.8559665354330708
20
0.1678353543307086
11
2.8553536614173227
21
0.1708302362204724
0
LINE
8
BLACK
6
CONTINUOUS
10
2.8553536614173227
20
0.1708302362204724
11
2.8563203543307085
21
0.1737302755905512
0
LINE
8
BLACK
6
CONTINUOUS
10
2.8563203543307085
20
0.1737302755905512
11
2.8586075590551179
21
0.1757584251968504
0
LINE
8
BLACK
6
CONTINUOUS
10
2.8586075590551179
20
0.1757584251968504
11
2.8633746456692912
21
0.1781419291338583
0
LINE
8
BLACK
6
CONTINUOUS
10
2.8633746456692912
20
0.1781419291338583
11
2.8679077952755905
21
0.1826750787401575
0
LINE
8
BLACK
6
CONTINUOUS
10
2.8679077952755905
20
0.1826750787401575
11
2.8732077952755906
21
0.1906250393700787
0
LINE
8
BLACK
6
CONTINUOUS
10
2.8732077952755906
20
0.1906250393700787
11
2.8742177559055118
21
0.1915126377952756
0
LINE
8
BLACK
6
CONTINUOUS
10
2.8742177559055118
20
0.1915126377952756
11
2.8751687007874014
21
0.1924635826771653
0
LINE
8
BLACK
6
CONTINUOUS
10
2.8751687007874014
20
0.1924635826771653
11
2.8753572834645666
21
0.192514094488189
0
LINE
8
BLACK
6
CONTINUOUS
10
2.8753572834645666
20
0.192514094488189
11
2.8755039763779529
21
0.192643031496063
0
LINE
8
BLACK
6
CONTINUOUS
10
2.8755039763779529
20
0.192643031496063
11
2.8768229133858267
21
0.192906811023622
0
LINE
8
BLACK
6
CONTINUOUS
10
2.8768229133858267
20
0.192906811023622
11
2.8781214566929134
21
0.1932547637795275
0
LINE
8
BLACK
6
CONTINUOUS
10
2.8781214566929134
20
0.1932547637795275
11
2.8783099606299212
21
0.1932042125984252
0
LINE
8
BLACK
6
CONTINUOUS
10
2.9412997637795275
20
0.1929034251968504
11
2.9426297244094486
21
0.1926312992125984
0
LINE
8
BLACK
6
CONTINUOUS
10
2.9426297244094486
20
0.1926312992125984
11
2.94825405511811
21
0.1898191338582677
0
LINE
8
BLACK
6
CONTINUOUS
10
2.94825405511811
20
0.1898191338582677
11
2.9489654330708661
21
0.1891882677165354
0
LINE
8
BLACK
6
CONTINUOUS
10
2.9489654330708661
20
0.1891882677165354
11
2.9497888582677163
21
0.1887129133858268
0
LINE
8
BLACK
6
CONTINUOUS
10
2.9497888582677163
20
0.1887129133858268
11
2.9526009842519683
21
0.1859007874015748
0
LINE
8
BLACK
6
CONTINUOUS
10
2.9526009842519683
20
0.1859007874015748
11
2.953076377952756
21
0.1850773228346457
0
LINE
8
BLACK
6
CONTINUOUS
10
2.953076377952756
20
0.1850773228346457
11
2.9537072047244095
21
0.1843659842519685
0
LINE
8
BLACK
6
CONTINUOUS
10
2.9537072047244095
20
0.1843659842519685
11
2.9565193700787402
21
0.1787417322834646
0
LINE
8
BLACK
6
CONTINUOUS
10
2.9565193700787402
20
0.1787417322834646
11
2.9567915354330707
21
0.1774116929133858
0
LINE
8
BLACK
6
CONTINUOUS
10
2.9567915354330707
20
0.1774116929133858
11
2.9571428346456692
21
0.1761006692913386
0
LINE
8
BLACK
6
CONTINUOUS
10
2.9571428346456692
20
0.1761006692913386
11
2.9571428346456692
21
0.1536034645669291
0
LINE
8
BLACK
6
CONTINUOUS
10
2.9571428346456692
20
0.1536034645669291
11
2.9569542125984252
21
0.1528996456692913
0
LINE
8
BLACK
6
CONTINUOUS
10
2.9569542125984252
20
0.1528996456692913
11
2.956966496062992
21
0.1521711417322835
0
LINE
8
BLACK
6
CONTINUOUS
10
2.956966496062992
20
0.1521711417322835
11
2.9541543307086613
21
0.1409225590551181
0
LINE
8
BLACK
6
CONTINUOUS
10
2.9541543307086613
20
0.1409225590551181
11
2.9536631496062991
21
0.1400377559055118
0
LINE
8
BLACK
6
CONTINUOUS
10
2.9536631496062991
20
0.1400377559055118
11
2.9533388582677165
21
0.139079094488189
0
LINE
8
BLACK
6
CONTINUOUS
10
2.9533388582677165
20
0.139079094488189
11
2.9477145669291338
21
0.1306426377952756
0
LINE
8
BLACK
6
CONTINUOUS
10
2.9477145669291338
20
0.1306426377952756
11
2.947271535433071
21
0.1302532677165354
0
LINE
8
BLACK
6
CONTINUOUS
10
2.947271535433071
20
0.1302532677165354
11
2.9469766535433068
21
0.1297425590551181
0
LINE
8
BLACK
6
CONTINUOUS
10
2.9469766535433068
20
0.1297425590551181
11
2.9441644881889761
21
0.1269304330708661
0
LINE
8
BLACK
6
CONTINUOUS
10
2.9441644881889761
20
0.1269304330708661
11
2.9433410629921259
21
0.1264550393700787
0
LINE
8
BLACK
6
CONTINUOUS
10
2.9433410629921259
20
0.1264550393700787
11
2.9426297244094486
21
0.1258242519685039
0
LINE
8
BLACK
6
CONTINUOUS
10
2.9426297244094486
20
0.1258242519685039
11
2.9370054330708659
21
0.1230120866141732
0
LINE
8
BLACK
6
CONTINUOUS
10
2.9370054330708659
20
0.1230120866141732
11
2.9356754724409448
21
0.1227399212598425
0
LINE
8
BLACK
6
CONTINUOUS
10
2.9356754724409448
20
0.1227399212598425
11
2.9343644094488188
21
0.1223886220472441
0
LINE
8
BLACK
6
CONTINUOUS
10
2.9343644094488188
20
0.1223886220472441
11
2.9231158267716535
21
0.1223886220472441
0
LINE
8
BLACK
6
CONTINUOUS
10
2.9231158267716535
20
0.1223886220472441
11
2.9201630708661415
21
0.1231798031496063
0
LINE
8
BLACK
6
CONTINUOUS
10
2.9201630708661415
20
0.1231798031496063
11
2.9180014960629919
21
0.1253413779527559
0
LINE
8
BLACK
6
CONTINUOUS
10
2.9180014960629919
20
0.1253413779527559
11
2.9172103149606299
21
0.1282941338582677
0
LINE
8
BLACK
6
CONTINUOUS
10
2.9172103149606299
20
0.1282941338582677
11
2.9180014960629919
21
0.1312468897637795
0
LINE
8
BLACK
6
CONTINUOUS
10
2.9180014960629919
20
0.1312468897637795
11
2.9201630708661415
21
0.1334084645669291
0
LINE
8
BLACK
6
CONTINUOUS
10
2.9201630708661415
20
0.1334084645669291
11
2.9231158267716535
21
0.1341996456692913
0
LINE
8
BLACK
6
CONTINUOUS
10
2.9231158267716535
20
0.1341996456692913
11
2.9329703149606297
21
0.1341996456692913
0
LINE
8
BLACK
6
CONTINUOUS
10
2.9329703149606297
20
0.1341996456692913
11
2.9364905511811021
21
0.1359597637795276
0
LINE
8
BLACK
6
CONTINUOUS
10
2.9364905511811021
20
0.1359597637795276
11
2.9382114960629919
21
0.1376807086614173
0
LINE
8
BLACK
6
CONTINUOUS
10
2.9382114960629919
20
0.1376807086614173
11
2.9429440551181103
21
0.1447795275590551
0
LINE
8
BLACK
6
CONTINUOUS
10
2.9429440551181103
20
0.1447795275590551
11
2.9431974803149608
21
0.1457931496062992
0
LINE
8
BLACK
6
CONTINUOUS
10
2.9431974803149608
20
0.1457931496062992
11
2.9426296850393698
21
0.1455092913385827
0
LINE
8
BLACK
6
CONTINUOUS
10
2.9426296850393698
20
0.1455092913385827
11
2.9412999212598425
21
0.1452371653543307
0
LINE
8
BLACK
6
CONTINUOUS
10
2.9412999212598425
20
0.1452371653543307
11
2.9399887007874015
21
0.1448858267716535
0
LINE
8
BLACK
6
CONTINUOUS
10
2.9399887007874015
20
0.1448858267716535
11
2.9287401181102362
21
0.1448858267716535
0
LINE
8
BLACK
6
CONTINUOUS
10
2.9287401181102362
20
0.1448858267716535
11
2.9274288582677164
21
0.1452371653543307
0
LINE
8
BLACK
6
CONTINUOUS
10
2.9274288582677164
20
0.1452371653543307
11
2.9260991338582678
21
0.1455092913385827
0
LINE
8
BLACK
6
CONTINUOUS
10
2.9260991338582678
20
0.1455092913385827
11
2.9204748031496064
21
0.1483214173228346
0
LINE
8
BLACK
6
CONTINUOUS
10
2.9204748031496064
20
0.1483214173228346
11
2.9197633858267715
21
0.1489522440944882
0
LINE
8
BLACK
6
CONTINUOUS
10
2.9197633858267715
20
0.1489522440944882
11
2.9189400000000001
21
0.1494276377952756
0
LINE
8
BLACK
6
CONTINUOUS
10
2.9189400000000001
20
0.1494276377952756
11
2.9161278346456694
21
0.1522398031496063
0
LINE
8
BLACK
6
CONTINUOUS
10
2.9161278346456694
20
0.1522398031496063
11
2.9156524409448816
21
0.1530631889763779
0
LINE
8
BLACK
6
CONTINUOUS
10
2.9156524409448816
20
0.1530631889763779
11
2.9150216141732281
21
0.1537746062992126
0
LINE
8
BLACK
6
CONTINUOUS
10
2.9150216141732281
20
0.1537746062992126
11
2.9122094881889762
21
0.1593988976377953
0
LINE
8
BLACK
6
CONTINUOUS
10
2.9122094881889762
20
0.1593988976377953
11
2.9119373228346457
21
0.1607287401574803
0
LINE
8
BLACK
6
CONTINUOUS
10
2.9119373228346457
20
0.1607287401574803
11
2.9115860236220472
21
0.1620399212598425
0
LINE
8
BLACK
6
CONTINUOUS
10
2.9115860236220472
20
0.1620399212598425
11
2.9115860236220472
21
0.1761006692913386
0
LINE
8
BLACK
6
CONTINUOUS
10
2.9115860236220472
20
0.1761006692913386
11
2.9119373228346457
21
0.1774118110236221
0
LINE
8
BLACK
6
CONTINUOUS
10
2.9119373228346457
20
0.1774118110236221
11
2.9122094881889762
21
0.1787416929133858
0
LINE
8
BLACK
6
CONTINUOUS
10
2.9122094881889762
20
0.1787416929133858
11
2.9150216141732281
21
0.1843659842519685
0
LINE
8
BLACK
6
CONTINUOUS
10
2.9150216141732281
20
0.1843659842519685
11
2.9156524409448816
21
0.1850773622047244
0
LINE
8
BLACK
6
CONTINUOUS
10
2.9156524409448816
20
0.1850773622047244
11
2.9161278740157481
21
0.1859008267716535
0
LINE
8
BLACK
6
CONTINUOUS
10
2.9161278740157481
20
0.1859008267716535
11
2.9189400393700788
21
0.1887129527559055
0
LINE
8
BLACK
6
CONTINUOUS
10
2.9189400393700788
20
0.1887129527559055
11
2.9197634251968503
21
0.1891883070866142
0
LINE
8
BLACK
6
CONTINUOUS
10
2.9197634251968503
20
0.1891883070866142
11
2.9204748031496064
21
0.1898191338582677
0
LINE
8
BLACK
6
CONTINUOUS
10
2.9204748031496064
20
0.1898191338582677
11
2.9260990551181103
21
0.1926312992125984
0
LINE
8
BLACK
6
CONTINUOUS
10
2.9260990551181103
20
0.1926312992125984
11
2.9274290551181101
21
0.1929034645669291
0
LINE
8
BLACK
6
CONTINUOUS
10
2.9274290551181101
20
0.1929034645669291
11
2.9287401181102362
21
0.1932547637795275
0
LINE
8
BLACK
6
CONTINUOUS
10
2.9287401181102362
20
0.1932547637795275
11
2.9399887007874015
21
0.1932547637795275
0
LINE
8
BLACK
6
CONTINUOUS
10
2.9399887007874015
20
0.1932547637795275
11
2.9412997637795275
21
0.1929034251968504
0
LINE
8
BLACK
6
CONTINUOUS
10
2.9266139763779528
20
0.1796835826771654
11
2.9251570866141732
21
0.1782266929133858
0
LINE
8
BLACK
6
CONTINUOUS
10
2.9251570866141732
20
0.1782266929133858
11
2.9233970472440944
21
0.1747065748031496
0
LINE
8
BLACK
6
CONTINUOUS
10
2.9233970472440944
20
0.1747065748031496
11
2.9233970472440944
21
0.1634339763779528
0
LINE
8
BLACK
6
CONTINUOUS
10
2.9233970472440944
20
0.1634339763779528
11
2.9251570866141732
21
0.1599138188976378
0
LINE
8
BLACK
6
CONTINUOUS
10
2.9251570866141732
20
0.1599138188976378
11
2.9266139763779528
21
0.1584569291338583
0
LINE
8
BLACK
6
CONTINUOUS
10
2.9266139763779528
20
0.1584569291338583
11
2.9301342125984253
21
0.1566968503937008
0
LINE
8
BLACK
6
CONTINUOUS
10
2.9301342125984253
20
0.1566968503937008
11
2.9385946456692911
21
0.1566968503937008
0
LINE
8
BLACK
6
CONTINUOUS
10
2.9385946456692911
20
0.1566968503937008
11
2.9421148425196848
21
0.1584569291338583
0
LINE
8
BLACK
6
CONTINUOUS
10
2.9421148425196848
20
0.1584569291338583
11
2.943571653543307
21
0.1599137795275591
0
LINE
8
BLACK
6
CONTINUOUS
10
2.943571653543307
20
0.1599137795275591
11
2.945331811023622
21
0.1634340157480315
0
LINE
8
BLACK
6
CONTINUOUS
10
2.945331811023622
20
0.1634340157480315
11
2.945331811023622
21
0.1747065354330709
0
LINE
8
BLACK
6
CONTINUOUS
10
2.945331811023622
20
0.1747065354330709
11
2.9435716929133857
21
0.1782267322834646
0
LINE
8
BLACK
6
CONTINUOUS
10
2.9435716929133857
20
0.1782267322834646
11
2.9421148425196848
21
0.1796836220472441
0
LINE
8
BLACK
6
CONTINUOUS
10
2.9421148425196848
20
0.1796836220472441
11
2.9385946062992123
21
0.1814437401574803
0
LINE
8
BLACK
6
CONTINUOUS
10
2.9385946062992123
20
0.1814437401574803
11
2.9301342125984253
21
0.1814437401574803
0
LINE
8
BLACK
6
CONTINUOUS
10
2.9301342125984253
20
0.1814437401574803
11
2.9266139763779528
21
0.1796835826771654
0
LINE
8
BLACK
6
CONTINUOUS
10
1.0774971653543306
20
0.2074635826771654
11
1.0796587401574802
21
0.2053020078740157
0
LINE
8
BLACK
6
CONTINUOUS
10
1.0796587401574802
20
0.2053020078740157
11
1.0804499212598424
21
0.2023492519685039
0
LINE
8
BLACK
6
CONTINUOUS
10
1.0804499212598424
20
0.2023492519685039
11
1.0804499212598424
21
0.1545427165354331
0
LINE
8
BLACK
6
CONTINUOUS
10
1.0804499212598424
20
0.1545427165354331
11
1.0800985433070867
21
0.1532314566929134
0
LINE
8
BLACK
6
CONTINUOUS
10
1.0800985433070867
20
0.1532314566929134
11
1.0798264566929134
21
0.1519017322834646
0
LINE
8
BLACK
6
CONTINUOUS
10
1.0798264566929134
20
0.1519017322834646
11
1.0770143307086615
21
0.1462774015748032
0
LINE
8
BLACK
6
CONTINUOUS
10
1.0770143307086615
20
0.1462774015748032
11
1.076383464566929
21
0.1455659842519685
0
LINE
8
BLACK
6
CONTINUOUS
10
1.076383464566929
20
0.1455659842519685
11
1.0759080708661417
21
0.1447425590551181
0
LINE
8
BLACK
6
CONTINUOUS
10
1.0759080708661417
20
0.1447425590551181
11
1.073095905511811
21
0.1419304330708661
0
LINE
8
BLACK
6
CONTINUOUS
10
1.073095905511811
20
0.1419304330708661
11
1.0722724803149606
21
0.1414550393700788
0
LINE
8
BLACK
6
CONTINUOUS
10
1.0722724803149606
20
0.1414550393700788
11
1.0715611417322835
21
0.1408242519685039
0
LINE
8
BLACK
6
CONTINUOUS
10
1.0715611417322835
20
0.1408242519685039
11
1.0659368503937008
21
0.1380120866141732
0
LINE
8
BLACK
6
CONTINUOUS
10
1.0659368503937008
20
0.1380120866141732
11
1.0646068897637795
21
0.1377399212598425
0
LINE
8
BLACK
6
CONTINUOUS
10
1.0646068897637795
20
0.1377399212598425
11
1.0632958267716535
21
0.1373886220472441
0
LINE
8
BLACK
6
CONTINUOUS
10
1.0632958267716535
20
0.1373886220472441
11
1.0520472440944881
21
0.1373886220472441
0
LINE
8
BLACK
6
CONTINUOUS
10
1.0520472440944881
20
0.1373886220472441
11
1.0507361811023621
21
0.1377398818897638
0
LINE
8
BLACK
6
CONTINUOUS
10
1.0507361811023621
20
0.1377398818897638
11
1.0494061811023623
21
0.1380120866141732
0
LINE
8
BLACK
6
CONTINUOUS
10
1.0494061811023623
20
0.1380120866141732
11
1.0437819291338581
21
0.1408242519685039
0
LINE
8
BLACK
6
CONTINUOUS
10
1.0437819291338581
20
0.1408242519685039
11
1.0430705511811023
21
0.1414550393700788
0
LINE
8
BLACK
6
CONTINUOUS
10
1.0430705511811023
20
0.1414550393700788
11
1.0422471653543306
21
0.1419304330708661
0
LINE
8
BLACK
6
CONTINUOUS
10
1.0422471653543306
20
0.1419304330708661
11
1.0394349999999999
21
0.1447425590551181
0
LINE
8
BLACK
6
CONTINUOUS
10
1.0394349999999999
20
0.1447425590551181
11
1.0389595275590551
21
0.1455660236220472
0
LINE
8
BLACK
6
CONTINUOUS
10
1.0389595275590551
20
0.1455660236220472
11
1.0383287401574803
21
0.1462774015748032
0
LINE
8
BLACK
6
CONTINUOUS
10
1.0383287401574803
20
0.1462774015748032
11
1.0355165748031496
21
0.1519016929133858
0
LINE
8
BLACK
6
CONTINUOUS
10
1.0355165748031496
20
0.1519016929133858
11
1.0352444094488189
21
0.1532316141732283
0
LINE
8
BLACK
6
CONTINUOUS
10
1.0352444094488189
20
0.1532316141732283
11
1.0348931102362204
21
0.1545427165354331
0
LINE
8
BLACK
6
CONTINUOUS
10
1.0348931102362204
20
0.1545427165354331
11
1.0348931102362204
21
0.2023492519685039
0
LINE
8
BLACK
6
CONTINUOUS
10
1.0348931102362204
20
0.2023492519685039
11
1.0356842913385826
21
0.2053020078740157
0
LINE
8
BLACK
6
CONTINUOUS
10
1.0356842913385826
20
0.2053020078740157
11
1.0378458661417322
21
0.2074635826771654
0
LINE
8
BLACK
6
CONTINUOUS
10
1.0378458661417322
20
0.2074635826771654
11
1.040798622047244
21
0.2082547637795276
0
LINE
8
BLACK
6
CONTINUOUS
10
1.040798622047244
20
0.2082547637795276
11
1.0437513779527559
21
0.2074635826771654
0
LINE
8
BLACK
6
CONTINUOUS
10
1.0437513779527559
20
0.2074635826771654
11
1.0459129527559055
21
0.2053020078740157
0
LINE
8
BLACK
6
CONTINUOUS
10
1.0459129527559055
20
0.2053020078740157
11
1.0467041338582677
21
0.2023492519685039
0
LINE
8
BLACK
6
CONTINUOUS
10
1.0467041338582677
20
0.2023492519685039
11
1.0467041338582677
21
0.1559368110236221
0
LINE
8
BLACK
6
CONTINUOUS
10
1.0467041338582677
20
0.1559368110236221
11
1.0484642519685039
21
0.1524165748031496
0
LINE
8
BLACK
6
CONTINUOUS
10
1.0484642519685039
20
0.1524165748031496
11
1.0499211023622046
21
0.1509597637795276
0
LINE
8
BLACK
6
CONTINUOUS
10
1.0499211023622046
20
0.1509597637795276
11
1.0534413385826771
21
0.1491996456692913
0
LINE
8
BLACK
6
CONTINUOUS
10
1.0534413385826771
20
0.1491996456692913
11
1.0619017322834645
21
0.1491996456692913
0
LINE
8
BLACK
6
CONTINUOUS
10
1.0619017322834645
20
0.1491996456692913
11
1.065421968503937
21
0.1509597637795276
0
LINE
8
BLACK
6
CONTINUOUS
10
1.065421968503937
20
0.1509597637795276
11
1.0668788188976377
21
0.1524166141732284
0
LINE
8
BLACK
6
CONTINUOUS
10
1.0668788188976377
20
0.1524166141732284
11
1.0686388976377952
21
0.1559367716535433
0
LINE
8
BLACK
6
CONTINUOUS
10
1.0686388976377952
20
0.1559367716535433
11
1.0686388976377952
21
0.2023492519685039
0
LINE
8
BLACK
6
CONTINUOUS
10
1.0686388976377952
20
0.2023492519685039
11
1.0694300787401574
21
0.2053020078740157
0
LINE
8
BLACK
6
CONTINUOUS
10
1.0694300787401574
20
0.2053020078740157
11
1.071591653543307
21
0.2074635826771654
0
LINE
8
BLACK
6
CONTINUOUS
10
1.071591653543307
20
0.2074635826771654
11
1.0745444094488188
21
0.2082547637795276
0
LINE
8
BLACK
6
CONTINUOUS
10
1.0745444094488188
20
0.2082547637795276
11
1.0774971653543306
21
0.2074635826771654
0
LINE
8
BLACK
6
CONTINUOUS
10
1.1260815354330709
20
0.2080086614173228
11
1.127030590551181
21
0.2079516929133858
0
LINE
8
BLACK
6
CONTINUOUS
10
1.127030590551181
20
0.2079516929133858
11
1.1354670472440944
21
0.2051395669291338
0
LINE
8
BLACK
6
CONTINUOUS
10
1.1354670472440944
20
0.2051395669291338
11
1.1380180708661416
21
0.2034552362204724
0
LINE
8
BLACK
6
CONTINUOUS
10
1.1380180708661416
20
0.2034552362204724
11
1.1393851968503936
21
0.2007210236220472
0
LINE
8
BLACK
6
CONTINUOUS
10
1.1393851968503936
20
0.2007210236220472
11
1.1392020078740157
21
0.1976696062992126
0
LINE
8
BLACK
6
CONTINUOUS
10
1.1392020078740157
20
0.1976696062992126
11
1.1375176771653543
21
0.1951185433070866
0
LINE
8
BLACK
6
CONTINUOUS
10
1.1375176771653543
20
0.1951185433070866
11
1.134783464566929
21
0.1937514566929134
0
LINE
8
BLACK
6
CONTINUOUS
10
1.134783464566929
20
0.1937514566929134
11
1.1317320472440944
21
0.1939346456692913
0
LINE
8
BLACK
6
CONTINUOUS
10
1.1317320472440944
20
0.1939346456692913
11
1.1242048425196851
21
0.1964437401574803
0
LINE
8
BLACK
6
CONTINUOUS
10
1.1242048425196851
20
0.1964437401574803
11
1.1124964566929134
21
0.1964437401574803
0
LINE
8
BLACK
6
CONTINUOUS
10
1.1124964566929134
20
0.1964437401574803
11
1.1089762204724409
21
0.1946835826771653
0
LINE
8
BLACK
6
CONTINUOUS
10
1.1089762204724409
20
0.1946835826771653
11
1.1075193307086615
21
0.1932266929133858
0
LINE
8
BLACK
6
CONTINUOUS
10
1.1075193307086615
20
0.1932266929133858
11
1.1057592913385828
21
0.1897065748031496
0
LINE
8
BLACK
6
CONTINUOUS
10
1.1057592913385828
20
0.1897065748031496
11
1.1057592913385828
21
0.1868704330708661
0
LINE
8
BLACK
6
CONTINUOUS
10
1.1057592913385828
20
0.1868704330708661
11
1.1075193700787402
21
0.1833501968503937
0
LINE
8
BLACK
6
CONTINUOUS
10
1.1075193700787402
20
0.1833501968503937
11
1.1089762204724409
21
0.1818933858267716
0
LINE
8
BLACK
6
CONTINUOUS
10
1.1089762204724409
20
0.1818933858267716
11
1.1131636220472441
21
0.1797996850393701
0
LINE
8
BLACK
6
CONTINUOUS
10
1.1131636220472441
20
0.1797996850393701
11
1.1237832283464566
21
0.1771448031496063
0
LINE
8
BLACK
6
CONTINUOUS
10
1.1237832283464566
20
0.1771448031496063
11
1.124353188976378
21
0.1768283858267717
0
LINE
8
BLACK
6
CONTINUOUS
10
1.124353188976378
20
0.1768283858267717
11
1.1249919685039369
21
0.1766976771653543
0
LINE
8
BLACK
6
CONTINUOUS
10
1.1249919685039369
20
0.1766976771653543
11
1.1306162992125983
21
0.1738855118110236
0
LINE
8
BLACK
6
CONTINUOUS
10
1.1306162992125983
20
0.1738855118110236
11
1.1313276771653542
21
0.1732546456692913
0
LINE
8
BLACK
6
CONTINUOUS
10
1.1313276771653542
20
0.1732546456692913
11
1.1321511023622046
21
0.1727792913385827
0
LINE
8
BLACK
6
CONTINUOUS
10
1.1321511023622046
20
0.1727792913385827
11
1.1349632283464566
21
0.1699671653543307
0
LINE
8
BLACK
6
CONTINUOUS
10
1.1349632283464566
20
0.1699671653543307
11
1.1354385826771654
21
0.1691437401574803
0
LINE
8
BLACK
6
CONTINUOUS
10
1.1354385826771654
20
0.1691437401574803
11
1.1360694488188976
21
0.1684323622047244
0
LINE
8
BLACK
6
CONTINUOUS
10
1.1360694488188976
20
0.1684323622047244
11
1.1388816141732283
21
0.162808031496063
0
LINE
8
BLACK
6
CONTINUOUS
10
1.1388816141732283
20
0.162808031496063
11
1.1391537401574803
21
0.1614780708661417
0
LINE
8
BLACK
6
CONTINUOUS
10
1.1391537401574803
20
0.1614780708661417
11
1.1395050787401575
21
0.1601670078740157
0
LINE
8
BLACK
6
CONTINUOUS
10
1.1395050787401575
20
0.1601670078740157
11
1.1395050787401575
21
0.1545427165354331
0
LINE
8
BLACK
6
CONTINUOUS
10
1.1395050787401575
20
0.1545427165354331
11
1.139153779527559
21
0.1532316535433071
0
LINE
8
BLACK
6
CONTINUOUS
10
1.139153779527559
20
0.1532316535433071
11
1.1388816141732283
21
0.1519016535433071
0
LINE
8
BLACK
6
CONTINUOUS
10
1.1388816141732283
20
0.1519016535433071
11
1.1360694488188976
21
0.1462774015748032
0
LINE
8
BLACK
6
CONTINUOUS
10
1.1360694488188976
20
0.1462774015748032
11
1.1354386220472441
21
0.1455660236220472
0
LINE
8
BLACK
6
CONTINUOUS
10
1.1354386220472441
20
0.1455660236220472
11
1.1349632283464566
21
0.1447425984251969
0
LINE
8
BLACK
6
CONTINUOUS
10
1.1349632283464566
20
0.1447425984251969
11
1.1321511023622046
21
0.1419304724409449
0
LINE
8
BLACK
6
CONTINUOUS
10
1.1321511023622046
20
0.1419304724409449
11
1.1313276771653542
21
0.1414550787401575
0
LINE
8
BLACK
6
CONTINUOUS
10
1.1313276771653542
20
0.1414550787401575
11
1.1306162992125983
21
0.1408242519685039
0
LINE
8
BLACK
6
CONTINUOUS
10
1.1306162992125983
20
0.1408242519685039
11
1.1249919685039369
21
0.1380120866141732
0
LINE
8
BLACK
6
CONTINUOUS
10
1.1249919685039369
20
0.1380120866141732
11
1.1236620078740158
21
0.1377399212598425
0
LINE
8
BLACK
6
CONTINUOUS
10
1.1236620078740158
20
0.1377399212598425
11
1.1223509448818898
21
0.1373886220472441
0
LINE
8
BLACK
6
CONTINUOUS
10
1.1223509448818898
20
0.1373886220472441
11
1.1082902362204725
21
0.1373886220472441
0
LINE
8
BLACK
6
CONTINUOUS
10
1.1082902362204725
20
0.1373886220472441
11
1.1073717716535434
21
0.1376346850393701
0
LINE
8
BLACK
6
CONTINUOUS
10
1.1073717716535434
20
0.1376346850393701
11
1.106422716535433
21
0.1376916929133858
0
LINE
8
BLACK
6
CONTINUOUS
10
1.106422716535433
20
0.1376916929133858
11
1.0979862992125984
21
0.1405038582677165
0
LINE
8
BLACK
6
CONTINUOUS
10
1.0979862992125984
20
0.1405038582677165
11
1.0954352362204725
21
0.1421881496062992
0
LINE
8
BLACK
6
CONTINUOUS
10
1.0954352362204725
20
0.1421881496062992
11
1.0940681496062992
21
0.1449223622047244
0
LINE
8
BLACK
6
CONTINUOUS
10
1.0940681496062992
20
0.1449223622047244
11
1.0942513385826771
21
0.1479737795275591
0
LINE
8
BLACK
6
CONTINUOUS
10
1.0942513385826771
20
0.1479737795275591
11
1.0959356299212599
21
0.150524842519685
0
LINE
8
BLACK
6
CONTINUOUS
10
1.0959356299212599
20
0.150524842519685
11
1.098669842519685
21
0.1518919291338583
0
LINE
8
BLACK
6
CONTINUOUS
10
1.098669842519685
20
0.1518919291338583
11
1.1017212598425197
21
0.1517087401574803
0
LINE
8
BLACK
6
CONTINUOUS
10
1.1017212598425197
20
0.1517087401574803
11
1.1092486220472442
21
0.1491996456692913
0
LINE
8
BLACK
6
CONTINUOUS
10
1.1092486220472442
20
0.1491996456692913
11
1.1209568503937009
21
0.1491996456692913
0
LINE
8
BLACK
6
CONTINUOUS
10
1.1209568503937009
20
0.1491996456692913
11
1.1244770866141731
21
0.1509597637795276
0
LINE
8
BLACK
6
CONTINUOUS
10
1.1244770866141731
20
0.1509597637795276
11
1.125933937007874
21
0.1524166141732284
0
LINE
8
BLACK
6
CONTINUOUS
10
1.125933937007874
20
0.1524166141732284
11
1.1276940551181103
21
0.1559368110236221
0
LINE
8
BLACK
6
CONTINUOUS
10
1.1276940551181103
20
0.1559368110236221
11
1.1276940551181103
21
0.1587729133858268
0
LINE
8
BLACK
6
CONTINUOUS
10
1.1276940551181103
20
0.1587729133858268
11
1.125933937007874
21
0.1622931496062992
0
LINE
8
BLACK
6
CONTINUOUS
10
1.125933937007874
20
0.1622931496062992
11
1.1244770866141731
21
0.16375
0
LINE
8
BLACK
6
CONTINUOUS
10
1.1244770866141731
20
0.16375
11
1.12028968503937
21
0.1658436614173228
0
LINE
8
BLACK
6
CONTINUOUS
10
1.12028968503937
20
0.1658436614173228
11
1.1096700787401574
21
0.1684985826771654
0
LINE
8
BLACK
6
CONTINUOUS
10
1.1096700787401574
20
0.1684985826771654
11
1.1091001181102362
21
0.1688149606299213
0
LINE
8
BLACK
6
CONTINUOUS
10
1.1091001181102362
20
0.1688149606299213
11
1.1084612992125984
21
0.1689457086614173
0
LINE
8
BLACK
6
CONTINUOUS
10
1.1084612992125984
20
0.1689457086614173
11
1.1028370472440945
21
0.171757874015748
0
LINE
8
BLACK
6
CONTINUOUS
10
1.1028370472440945
20
0.171757874015748
11
1.1021256692913386
21
0.1723886614173228
0
LINE
8
BLACK
6
CONTINUOUS
10
1.1021256692913386
20
0.1723886614173228
11
1.1013022834645669
21
0.1728640551181102
0
LINE
8
BLACK
6
CONTINUOUS
10
1.1013022834645669
20
0.1728640551181102
11
1.0984901181102362
21
0.1756761811023622
0
LINE
8
BLACK
6
CONTINUOUS
10
1.0984901181102362
20
0.1756761811023622
11
1.0980146850393702
21
0.1764996062992126
0
LINE
8
BLACK
6
CONTINUOUS
10
1.0980146850393702
20
0.1764996062992126
11
1.0973838582677164
21
0.1772110236220472
0
LINE
8
BLACK
6
CONTINUOUS
10
1.0973838582677164
20
0.1772110236220472
11
1.0945717322834645
21
0.1828353937007874
0
LINE
8
BLACK
6
CONTINUOUS
10
1.0945717322834645
20
0.1828353937007874
11
1.0942996062992125
21
0.1841651181102362
0
LINE
8
BLACK
6
CONTINUOUS
10
1.0942996062992125
20
0.1841651181102362
11
1.0939482677165353
21
0.1854763779527559
0
LINE
8
BLACK
6
CONTINUOUS
10
1.0939482677165353
20
0.1854763779527559
11
1.0939482677165353
21
0.1911006692913386
0
LINE
8
BLACK
6
CONTINUOUS
10
1.0939482677165353
20
0.1911006692913386
11
1.0942995669291338
21
0.192411811023622
0
LINE
8
BLACK
6
CONTINUOUS
10
1.0942995669291338
20
0.192411811023622
11
1.0945717322834645
21
0.1937416929133858
0
LINE
8
BLACK
6
CONTINUOUS
10
1.0945717322834645
20
0.1937416929133858
11
1.0973838582677164
21
0.1993659842519685
0
LINE
8
BLACK
6
CONTINUOUS
10
1.0973838582677164
20
0.1993659842519685
11
1.0980146850393702
21
0.2000773622047244
0
LINE
8
BLACK
6
CONTINUOUS
10
1.0980146850393702
20
0.2000773622047244
11
1.0984901181102362
21
0.2009008267716536
0
LINE
8
BLACK
6
CONTINUOUS
10
1.0984901181102362
20
0.2009008267716536
11
1.1013022834645669
21
0.2037129527559055
0
LINE
8
BLACK
6
CONTINUOUS
10
1.1013022834645669
20
0.2037129527559055
11
1.1021256692913386
21
0.2041883070866142
0
LINE
8
BLACK
6
CONTINUOUS
10
1.1021256692913386
20
0.2041883070866142
11
1.1028370472440945
21
0.2048191338582677
0
LINE
8
BLACK
6
CONTINUOUS
10
1.1028370472440945
20
0.2048191338582677
11
1.1084612992125984
21
0.2076312992125984
0
LINE
8
BLACK
6
CONTINUOUS
10
1.1084612992125984
20
0.2076312992125984
11
1.1097912992125984
21
0.2079034645669291
0
LINE
8
BLACK
6
CONTINUOUS
10
1.1097912992125984
20
0.2079034645669291
11
1.1111023622047245
21
0.2082547637795276
0
LINE
8
BLACK
6
CONTINUOUS
10
1.1111023622047245
20
0.2082547637795276
11
1.1251631102362205
21
0.2082547637795276
0
LINE
8
BLACK
6
CONTINUOUS
10
1.1251631102362205
20
0.2082547637795276
11
1.1260815354330709
21
0.2080086614173228
0
LINE
8
BLACK
6
CONTINUOUS
10
1.1871709842519684
20
0.2074635826771654
11
1.189332559055118
21
0.2053020078740157
0
LINE
8
BLACK
6
CONTINUOUS
10
1.189332559055118
20
0.2053020078740157
11
1.1901237401574802
21
0.2023492519685039
0
LINE
8
BLACK
6
CONTINUOUS
10
1.1901237401574802
20
0.2023492519685039
11
1.189332559055118
21
0.1993964960629921
0
LINE
8
BLACK
6
CONTINUOUS
10
1.189332559055118
20
0.1993964960629921
11
1.1871709842519684
21
0.1972349212598425
0
LINE
8
BLACK
6
CONTINUOUS
10
1.1871709842519684
20
0.1972349212598425
11
1.1842182283464566
21
0.1964437401574803
0
LINE
8
BLACK
6
CONTINUOUS
10
1.1842182283464566
20
0.1964437401574803
11
1.1732508267716535
21
0.1964437401574803
0
LINE
8
BLACK
6
CONTINUOUS
10
1.1732508267716535
20
0.1964437401574803
11
1.1732508267716535
21
0.1432941338582677
0
LINE
8
BLACK
6
CONTINUOUS
10
1.1732508267716535
20
0.1432941338582677
11
1.1724596456692913
21
0.1403413779527559
0
LINE
8
BLACK
6
CONTINUOUS
10
1.1724596456692913
20
0.1403413779527559
11
1.1702980708661417
21
0.1381798031496063
0
LINE
8
BLACK
6
CONTINUOUS
10
1.1702980708661417
20
0.1381798031496063
11
1.1673453149606299
21
0.1373886220472441
0
LINE
8
BLACK
6
CONTINUOUS
10
1.1673453149606299
20
0.1373886220472441
11
1.1643925590551181
21
0.1381798031496063
0
LINE
8
BLACK
6
CONTINUOUS
10
1.1643925590551181
20
0.1381798031496063
11
1.1622309842519685
21
0.1403413779527559
0
LINE
8
BLACK
6
CONTINUOUS
10
1.1622309842519685
20
0.1403413779527559
11
1.1614398031496063
21
0.1432941338582677
0
LINE
8
BLACK
6
CONTINUOUS
10
1.1614398031496063
20
0.1432941338582677
11
1.1614398031496063
21
0.1964437401574803
0
LINE
8
BLACK
6
CONTINUOUS
10
1.1614398031496063
20
0.1964437401574803
11
1.1504724409448819
21
0.1964437401574803
0
LINE
8
BLACK
6
CONTINUOUS
10
1.1504724409448819
20
0.1964437401574803
11
1.1475196850393701
21
0.1972349212598425
0
LINE
8
BLACK
6
CONTINUOUS
10
1.1475196850393701
20
0.1972349212598425
11
1.1453581102362205
21
0.1993964960629921
0
LINE
8
BLACK
6
CONTINUOUS
10
1.1453581102362205
20
0.1993964960629921
11
1.1445669291338583
21
0.2023492519685039
0
LINE
8
BLACK
6
CONTINUOUS
10
1.1445669291338583
20
0.2023492519685039
11
1.1453581102362205
21
0.2053020078740157
0
LINE
8
BLACK
6
CONTINUOUS
10
1.1453581102362205
20
0.2053020078740157
11
1.1475196850393701
21
0.2074635826771654
0
LINE
8
BLACK
6
CONTINUOUS
10
1.1475196850393701
20
0.2074635826771654
11
1.1504724409448819
21
0.2082547637795276
0
LINE
8
BLACK
6
CONTINUOUS
10
1.1504724409448819
20
0.2082547637795276
11
1.1842182283464566
21
0.2082547637795276
0
LINE
8
BLACK
6
CONTINUOUS
10
1.1842182283464566
20
0.2082547637795276
11
1.1871709842519684
21
0.2074635826771654
0
LINE
8
BLACK
6
CONTINUOUS
10
1.2046542125984252
20
0.1546227165354331
11
1.2054316535433072
21
0.1546227165354331
0
LINE
8
BLACK
6
CONTINUOUS
10
1.2054316535433072
20
0.1546227165354331
11
1.2054316929133857
21
0.1546227165354331
0
LINE
8
BLACK
6
CONTINUOUS
10
1.2054316929133857
20
0.1546227165354331
11
1.206105
21
0.1542339763779527
0
LINE
8
BLACK
6
CONTINUOUS
10
1.206105
20
0.1542339763779527
11
1.2068559842519684
21
0.1540327559055118
0
LINE
8
BLACK
6
CONTINUOUS
10
1.2068559842519684
20
0.1540327559055118
11
1.2074057086614174
21
0.1534829921259842
0
LINE
8
BLACK
6
CONTINUOUS
10
1.2074057086614174
20
0.1534829921259842
11
1.2080790157480314
21
0.1530942913385827
0
LINE
8
BLACK
6
CONTINUOUS
10
1.2080790157480314
20
0.1530942913385827
11
1.2108911811023622
21
0.1502821653543307
0
LINE
8
BLACK
6
CONTINUOUS
10
1.2108911811023622
20
0.1502821653543307
11
1.2108911811023622
21
0.150282125984252
0
LINE
8
BLACK
6
CONTINUOUS
10
1.2108911811023622
20
0.150282125984252
11
1.2108912204724409
21
0.150282125984252
0
LINE
8
BLACK
6
CONTINUOUS
10
1.2108912204724409
20
0.150282125984252
11
1.2109374015748031
21
0.150202125984252
0
LINE
8
BLACK
6
CONTINUOUS
10
1.2109374015748031
20
0.150202125984252
11
1.21241968503937
21
0.1476348031496063
0
LINE
8
BLACK
6
CONTINUOUS
10
1.21241968503937
20
0.1476348031496063
11
1.21241968503937
21
0.1476347637795276
0
LINE
8
BLACK
6
CONTINUOUS
10
1.21241968503937
20
0.1476347637795276
11
1.21241968503937
21
0.1445778346456693
0
LINE
8
BLACK
6
CONTINUOUS
10
1.21241968503937
20
0.1445778346456693
11
1.2118827952755906
21
0.1436479527559055
0
LINE
8
BLACK
6
CONTINUOUS
10
1.2118827952755906
20
0.1436479527559055
11
1.2114235433070866
21
0.1428524409448819
0
LINE
8
BLACK
6
CONTINUOUS
10
1.2114235433070866
20
0.1428524409448819
11
1.2108912204724409
21
0.1419304724409449
0
LINE
8
BLACK
6
CONTINUOUS
10
1.2108912204724409
20
0.1419304724409449
11
1.2080790551181102
21
0.1391183070866142
0
LINE
8
BLACK
6
CONTINUOUS
10
1.2080790551181102
20
0.1391183070866142
11
1.2080790157480314
21
0.1391182677165354
0
LINE
8
BLACK
6
CONTINUOUS
10
1.2080790157480314
20
0.1391182677165354
11
1.2076586614173228
21
0.1388755905511811
0
LINE
8
BLACK
6
CONTINUOUS
10
1.2076586614173228
20
0.1388755905511811
11
1.2074057480314961
21
0.1387295669291339
0
LINE
8
BLACK
6
CONTINUOUS
10
1.2074057480314961
20
0.1387295669291339
11
1.2068559842519684
21
0.1381798031496063
0
LINE
8
BLACK
6
CONTINUOUS
10
1.2068559842519684
20
0.1381798031496063
11
1.206105
21
0.1379785433070866
0
LINE
8
BLACK
6
CONTINUOUS
10
1.206105
20
0.1379785433070866
11
1.2054316929133857
21
0.137589842519685
0
LINE
8
BLACK
6
CONTINUOUS
10
1.2054316929133857
20
0.137589842519685
11
1.2046542125984252
21
0.137589842519685
0
LINE
8
BLACK
6
CONTINUOUS
10
1.2046542125984252
20
0.137589842519685
11
1.2039032283464566
21
0.1373886220472441
0
LINE
8
BLACK
6
CONTINUOUS
10
1.2039032283464566
20
0.1373886220472441
11
1.2031522440944882
21
0.137589842519685
0
LINE
8
BLACK
6
CONTINUOUS
10
1.2031522440944882
20
0.137589842519685
11
1.2023747637795275
21
0.137589842519685
0
LINE
8
BLACK
6
CONTINUOUS
10
1.2023747637795275
20
0.137589842519685
11
1.2023747244094487
21
0.137589842519685
0
LINE
8
BLACK
6
CONTINUOUS
10
1.2023747244094487
20
0.137589842519685
11
1.2017013779527559
21
0.1379785826771653
0
LINE
8
BLACK
6
CONTINUOUS
10
1.2017013779527559
20
0.1379785826771653
11
1.2009504724409448
21
0.1381798031496063
0
LINE
8
BLACK
6
CONTINUOUS
10
1.2009504724409448
20
0.1381798031496063
11
1.2004006692913385
21
0.1387295669291339
0
LINE
8
BLACK
6
CONTINUOUS
10
1.2004006692913385
20
0.1387295669291339
11
1.1997274803149607
21
0.1391182677165354
0
LINE
8
BLACK
6
CONTINUOUS
10
1.1997274803149607
20
0.1391182677165354
11
1.1997274015748032
21
0.1391183070866142
0
LINE
8
BLACK
6
CONTINUOUS
10
1.1997274015748032
20
0.1391183070866142
11
1.1997273622047244
21
0.1391183464566929
0
LINE
8
BLACK
6
CONTINUOUS
10
1.1997273622047244
20
0.1391183464566929
11
1.1969152362204725
21
0.1419305118110236
0
LINE
8
BLACK
6
CONTINUOUS
10
1.1969152362204725
20
0.1419305118110236
11
1.1959237007874015
21
0.1436479527559055
0
LINE
8
BLACK
6
CONTINUOUS
10
1.1959237007874015
20
0.1436479527559055
11
1.1953868110236221
21
0.1445778346456693
0
LINE
8
BLACK
6
CONTINUOUS
10
1.1953868110236221
20
0.1445778346456693
11
1.1953868110236221
21
0.1476347637795276
0
LINE
8
BLACK
6
CONTINUOUS
10
1.1953868110236221
20
0.1476347637795276
11
1.1953868110236221
21
0.1476348031496063
0
LINE
8
BLACK
6
CONTINUOUS
10
1.1953868110236221
20
0.1476348031496063
11
1.196869094488189
21
0.150202125984252
0
LINE
8
BLACK
6
CONTINUOUS
10
1.196869094488189
20
0.150202125984252
11
1.1969152755905512
21
0.150282125984252
0
LINE
8
BLACK
6
CONTINUOUS
10
1.1969152755905512
20
0.150282125984252
11
1.1997274015748032
21
0.1530942519685039
0
LINE
8
BLACK
6
CONTINUOUS
10
1.1997274015748032
20
0.1530942519685039
11
1.2004006692913385
21
0.1534829527559055
0
LINE
8
BLACK
6
CONTINUOUS
10
1.2004006692913385
20
0.1534829527559055
11
1.2009504724409448
21
0.1540327559055118
0
LINE
8
BLACK
6
CONTINUOUS
10
1.2009504724409448
20
0.1540327559055118
11
1.2017014173228346
21
0.1542339763779527
0
LINE
8
BLACK
6
CONTINUOUS
10
1.2017014173228346
20
0.1542339763779527
11
1.201767440944882
21
0.1542720866141732
0
LINE
8
BLACK
6
CONTINUOUS
10
1.201767440944882
20
0.1542720866141732
11
1.2023747244094487
21
0.1546227165354331
0
LINE
8
BLACK
6
CONTINUOUS
10
1.2023747244094487
20
0.1546227165354331
11
1.2031522440944882
21
0.1546227165354331
0
LINE
8
BLACK
6
CONTINUOUS
10
1.2031522440944882
20
0.1546227165354331
11
1.2039032283464566
21
0.154823937007874
0
LINE
8
BLACK
6
CONTINUOUS
10
1.2039032283464566
20
0.154823937007874
11
1.2046542125984252
21
0.1546227165354331
0
LINE
8
BLACK
6
CONTINUOUS
10
1.2554403543307087
20
0.2080086614173228
11
1.2563894094488188
21
0.2079516929133858
0
LINE
8
BLACK
6
CONTINUOUS
10
1.2563894094488188
20
0.2079516929133858
11
1.2648258661417322
21
0.2051395669291338
0
LINE
8
BLACK
6
CONTINUOUS
10
1.2648258661417322
20
0.2051395669291338
11
1.2659587401574803
21
0.2043915354330709
0
LINE
8
BLACK
6
CONTINUOUS
10
1.2659587401574803
20
0.2043915354330709
11
1.2671342125984251
21
0.2037129133858268
0
LINE
8
BLACK
6
CONTINUOUS
10
1.2671342125984251
20
0.2037129133858268
11
1.269946338582677
21
0.2009007874015748
0
LINE
8
BLACK
6
CONTINUOUS
10
1.269946338582677
20
0.2009007874015748
11
1.2714748031496064
21
0.1982534251968504
0
LINE
8
BLACK
6
CONTINUOUS
10
1.2714748031496064
20
0.1982534251968504
11
1.2714748031496064
21
0.1951964960629921
0
LINE
8
BLACK
6
CONTINUOUS
10
1.2714748031496064
20
0.1951964960629921
11
1.269946338582677
21
0.1925491338582677
0
LINE
8
BLACK
6
CONTINUOUS
10
1.269946338582677
20
0.1925491338582677
11
1.2672989763779527
21
0.1910206692913386
0
LINE
8
BLACK
6
CONTINUOUS
10
1.2672989763779527
20
0.1910206692913386
11
1.2642420472440945
21
0.1910206692913386
0
LINE
8
BLACK
6
CONTINUOUS
10
1.2642420472440945
20
0.1910206692913386
11
1.26159468503937
21
0.1925491338582677
0
LINE
8
BLACK
6
CONTINUOUS
10
1.26159468503937
20
0.1925491338582677
11
1.2597683070866141
21
0.1943754724409449
0
LINE
8
BLACK
6
CONTINUOUS
10
1.2597683070866141
20
0.1943754724409449
11
1.2535636614173229
21
0.1964437401574803
0
LINE
8
BLACK
6
CONTINUOUS
10
1.2535636614173229
20
0.1964437401574803
11
1.2498560236220473
21
0.1964437401574803
0
LINE
8
BLACK
6
CONTINUOUS
10
1.2498560236220473
20
0.1964437401574803
11
1.2436512204724408
21
0.1943754724409449
0
LINE
8
BLACK
6
CONTINUOUS
10
1.2436512204724408
20
0.1943754724409449
11
1.2396903543307087
21
0.1904146062992126
0
LINE
8
BLACK
6
CONTINUOUS
10
1.2396903543307087
20
0.1904146062992126
11
1.2375966141732284
21
0.1862272047244095
0
LINE
8
BLACK
6
CONTINUOUS
10
1.2375966141732284
20
0.1862272047244095
11
1.2351181102362205
21
0.1763129921259843
0
LINE
8
BLACK
6
CONTINUOUS
10
1.2351181102362205
20
0.1763129921259843
11
1.2351181102362205
21
0.1693303543307087
0
LINE
8
BLACK
6
CONTINUOUS
10
1.2351181102362205
20
0.1693303543307087
11
1.2375966141732284
21
0.1594161417322835
0
LINE
8
BLACK
6
CONTINUOUS
10
1.2375966141732284
20
0.1594161417322835
11
1.2396903543307087
21
0.1552287401574803
0
LINE
8
BLACK
6
CONTINUOUS
10
1.2396903543307087
20
0.1552287401574803
11
1.2436512204724408
21
0.151267874015748
0
LINE
8
BLACK
6
CONTINUOUS
10
1.2436512204724408
20
0.151267874015748
11
1.2498560236220473
21
0.1491996456692913
0
LINE
8
BLACK
6
CONTINUOUS
10
1.2498560236220473
20
0.1491996456692913
11
1.2535636614173229
21
0.1491996456692913
0
LINE
8
BLACK
6
CONTINUOUS
10
1.2535636614173229
20
0.1491996456692913
11
1.2597683070866141
21
0.151267874015748
0
LINE
8
BLACK
6
CONTINUOUS
10
1.2597683070866141
20
0.151267874015748
11
1.26159468503937
21
0.1530942519685039
0
LINE
8
BLACK
6
CONTINUOUS
10
1.26159468503937
20
0.1530942519685039
11
1.2642420472440945
21
0.1546227165354331
0
LINE
8
BLACK
6
CONTINUOUS
10
1.2642420472440945
20
0.1546227165354331
11
1.2672989763779527
21
0.1546227165354331
0
LINE
8
BLACK
6
CONTINUOUS
10
1.2672989763779527
20
0.1546227165354331
11
1.269946338582677
21
0.1530942519685039
0
LINE
8
BLACK
6
CONTINUOUS
10
1.269946338582677
20
0.1530942519685039
11
1.2714748031496064
21
0.1504468897637795
0
LINE
8
BLACK
6
CONTINUOUS
10
1.2714748031496064
20
0.1504468897637795
11
1.2714748031496064
21
0.1473899606299213
0
LINE
8
BLACK
6
CONTINUOUS
10
1.2714748031496064
20
0.1473899606299213
11
1.269946338582677
21
0.1447425984251969
0
LINE
8
BLACK
6
CONTINUOUS
10
1.269946338582677
20
0.1447425984251969
11
1.2671342125984251
21
0.1419304724409449
0
LINE
8
BLACK
6
CONTINUOUS
10
1.2671342125984251
20
0.1419304724409449
11
1.2659587401574803
21
0.1412518110236221
0
LINE
8
BLACK
6
CONTINUOUS
10
1.2659587401574803
20
0.1412518110236221
11
1.2648258661417322
21
0.1405038188976378
0
LINE
8
BLACK
6
CONTINUOUS
10
1.2648258661417322
20
0.1405038188976378
11
1.2563894094488188
21
0.1376916929133858
0
LINE
8
BLACK
6
CONTINUOUS
10
1.2563894094488188
20
0.1376916929133858
11
1.2554403543307087
21
0.1376346850393701
0
LINE
8
BLACK
6
CONTINUOUS
10
1.2554403543307087
20
0.1376346850393701
11
1.2545219291338583
21
0.1373886220472441
0
LINE
8
BLACK
6
CONTINUOUS
10
1.2545219291338583
20
0.1373886220472441
11
1.2488976377952756
21
0.1373886220472441
0
LINE
8
BLACK
6
CONTINUOUS
10
1.2488976377952756
20
0.1373886220472441
11
1.2479791732283465
21
0.1376346850393701
0
LINE
8
BLACK
6
CONTINUOUS
10
1.2479791732283465
20
0.1376346850393701
11
1.2470301181102361
21
0.1376916929133858
0
LINE
8
BLACK
6
CONTINUOUS
10
1.2470301181102361
20
0.1376916929133858
11
1.2385937007874015
21
0.1405038582677165
0
LINE
8
BLACK
6
CONTINUOUS
10
1.2385937007874015
20
0.1405038582677165
11
1.2374609055118111
21
0.1412517322834646
0
LINE
8
BLACK
6
CONTINUOUS
10
1.2374609055118111
20
0.1412517322834646
11
1.2362853543307086
21
0.1419304724409449
0
LINE
8
BLACK
6
CONTINUOUS
10
1.2362853543307086
20
0.1419304724409449
11
1.230661062992126
21
0.1475547637795276
0
LINE
8
BLACK
6
CONTINUOUS
10
1.230661062992126
20
0.1475547637795276
11
1.2301856299212599
21
0.1483781889763779
0
LINE
8
BLACK
6
CONTINUOUS
10
1.2301856299212599
20
0.1483781889763779
11
1.2295548425196849
21
0.1490895669291339
0
LINE
8
BLACK
6
CONTINUOUS
10
1.2295548425196849
20
0.1490895669291339
11
1.2267426771653542
21
0.1547138582677165
0
LINE
8
BLACK
6
CONTINUOUS
10
1.2267426771653542
20
0.1547138582677165
11
1.2266119291338582
21
0.1553525984251969
0
LINE
8
BLACK
6
CONTINUOUS
10
1.2266119291338582
20
0.1553525984251969
11
1.2262955511811022
21
0.1559225984251968
0
LINE
8
BLACK
6
CONTINUOUS
10
1.2262955511811022
20
0.1559225984251968
11
1.2234834251968503
21
0.1671711811023622
0
LINE
8
BLACK
6
CONTINUOUS
10
1.2234834251968503
20
0.1671711811023622
11
1.2234956692913386
21
0.1678996062992126
0
LINE
8
BLACK
6
CONTINUOUS
10
1.2234956692913386
20
0.1678996062992126
11
1.2233070866141733
21
0.1686034645669291
0
LINE
8
BLACK
6
CONTINUOUS
10
1.2233070866141733
20
0.1686034645669291
11
1.2233070866141733
21
0.1770399212598425
0
LINE
8
BLACK
6
CONTINUOUS
10
1.2233070866141733
20
0.1770399212598425
11
1.2234956692913386
21
0.1777437401574803
0
LINE
8
BLACK
6
CONTINUOUS
10
1.2234956692913386
20
0.1777437401574803
11
1.2234834251968503
21
0.1784722047244094
0
LINE
8
BLACK
6
CONTINUOUS
10
1.2234834251968503
20
0.1784722047244094
11
1.2262955511811022
21
0.1897207874015748
0
LINE
8
BLACK
6
CONTINUOUS
10
1.2262955511811022
20
0.1897207874015748
11
1.2266119291338582
21
0.1902907480314961
0
LINE
8
BLACK
6
CONTINUOUS
10
1.2266119291338582
20
0.1902907480314961
11
1.2267426771653542
21
0.1909295275590551
0
LINE
8
BLACK
6
CONTINUOUS
10
1.2267426771653542
20
0.1909295275590551
11
1.2295548425196849
21
0.1965538188976378
0
LINE
8
BLACK
6
CONTINUOUS
10
1.2295548425196849
20
0.1965538188976378
11
1.2301856299212599
21
0.197265157480315
0
LINE
8
BLACK
6
CONTINUOUS
10
1.2301856299212599
20
0.197265157480315
11
1.230661062992126
21
0.1980886220472441
0
LINE
8
BLACK
6
CONTINUOUS
10
1.230661062992126
20
0.1980886220472441
11
1.2362853543307086
21
0.2037129133858268
0
LINE
8
BLACK
6
CONTINUOUS
10
1.2362853543307086
20
0.2037129133858268
11
1.2374609055118111
21
0.2043916141732283
0
LINE
8
BLACK
6
CONTINUOUS
10
1.2374609055118111
20
0.2043916141732283
11
1.2385937007874015
21
0.2051395275590551
0
LINE
8
BLACK
6
CONTINUOUS
10
1.2385937007874015
20
0.2051395275590551
11
1.2470301181102361
21
0.2079516929133858
0
LINE
8
BLACK
6
CONTINUOUS
10
1.2470301181102361
20
0.2079516929133858
11
1.2479791732283465
21
0.2080086614173228
0
LINE
8
BLACK
6
CONTINUOUS
10
1.2479791732283465
20
0.2080086614173228
11
1.2488976377952756
21
0.2082547637795276
0
LINE
8
BLACK
6
CONTINUOUS
10
1.2488976377952756
20
0.2082547637795276
11
1.2545219291338583
21
0.2082547637795276
0
LINE
8
BLACK
6
CONTINUOUS
10
1.2545219291338583
20
0.2082547637795276
11
1.2554403543307087
21
0.2080086614173228
0
LINE
8
BLACK
6
CONTINUOUS
10
1.3250142125984252
20
0.2082042125984252
11
1.3252057086614173
21
0.2082425196850394
0
LINE
8
BLACK
6
CONTINUOUS
10
1.3252057086614173
20
0.2082425196850394
11
1.3264795275590551
21
0.2078115748031496
0
LINE
8
BLACK
6
CONTINUOUS
10
1.3264795275590551
20
0.2078115748031496
11
1.3277783858267715
21
0.2074635826771654
0
LINE
8
BLACK
6
CONTINUOUS
10
1.3277783858267715
20
0.2074635826771654
11
1.3279164173228346
21
0.2073255118110236
0
LINE
8
BLACK
6
CONTINUOUS
10
1.3279164173228346
20
0.2073255118110236
11
1.3281014173228347
21
0.2072629527559055
0
LINE
8
BLACK
6
CONTINUOUS
10
1.3281014173228347
20
0.2072629527559055
11
1.3289891732283465
21
0.2062527559055118
0
LINE
8
BLACK
6
CONTINUOUS
10
1.3289891732283465
20
0.2062527559055118
11
1.3299399606299211
21
0.2053020078740157
0
LINE
8
BLACK
6
CONTINUOUS
10
1.3299399606299211
20
0.2053020078740157
11
1.3299904724409448
21
0.2051134251968504
0
LINE
8
BLACK
6
CONTINUOUS
10
1.3299904724409448
20
0.2051134251968504
11
1.3301194094488189
21
0.2049667322834646
0
LINE
8
BLACK
6
CONTINUOUS
10
1.3301194094488189
20
0.2049667322834646
11
1.3303831102362205
21
0.2036479921259843
0
LINE
8
BLACK
6
CONTINUOUS
10
1.3303831102362205
20
0.2036479921259843
11
1.3307311417322834
21
0.2023492519685039
0
LINE
8
BLACK
6
CONTINUOUS
10
1.3307311417322834
20
0.2023492519685039
11
1.3306805905511812
21
0.2021606299212598
0
LINE
8
BLACK
6
CONTINUOUS
10
1.3306805905511812
20
0.2021606299212598
11
1.3307188976377953
21
0.2019691732283465
0
LINE
8
BLACK
6
CONTINUOUS
10
1.3307188976377953
20
0.2019691732283465
11
1.3302879527559055
21
0.2006953149606299
0
LINE
8
BLACK
6
CONTINUOUS
10
1.3302879527559055
20
0.2006953149606299
11
1.3299399606299211
21
0.1993964960629921
0
LINE
8
BLACK
6
CONTINUOUS
10
1.3299399606299211
20
0.1993964960629921
11
1.3298018897637796
21
0.1992584251968504
0
LINE
8
BLACK
6
CONTINUOUS
10
1.3298018897637796
20
0.1992584251968504
11
1.3297393307086613
21
0.1990734645669291
0
LINE
8
BLACK
6
CONTINUOUS
10
1.3297393307086613
20
0.1990734645669291
11
1.2964901181102362
21
0.1491996456692913
0
LINE
8
BLACK
6
CONTINUOUS
10
1.2964901181102362
20
0.1491996456692913
11
1.3248256299212597
21
0.1491996456692913
0
LINE
8
BLACK
6
CONTINUOUS
10
1.3248256299212597
20
0.1491996456692913
11
1.3277783858267715
21
0.1484084645669291
0
LINE
8
BLACK
6
CONTINUOUS
10
1.3277783858267715
20
0.1484084645669291
11
1.3299399606299211
21
0.1462468897637795
0
LINE
8
BLACK
6
CONTINUOUS
10
1.3299399606299211
20
0.1462468897637795
11
1.3307311417322834
21
0.1432941338582677
0
LINE
8
BLACK
6
CONTINUOUS
10
1.3307311417322834
20
0.1432941338582677
11
1.3299399606299211
21
0.1403413779527559
0
LINE
8
BLACK
6
CONTINUOUS
10
1.3299399606299211
20
0.1403413779527559
11
1.3277783858267715
21
0.1381798031496063
0
LINE
8
BLACK
6
CONTINUOUS
10
1.3277783858267715
20
0.1381798031496063
11
1.3248256299212597
21
0.1373886220472441
0
LINE
8
BLACK
6
CONTINUOUS
10
1.3248256299212597
20
0.1373886220472441
11
1.2854555511811023
21
0.1373886220472441
0
LINE
8
BLACK
6
CONTINUOUS
10
1.2854555511811023
20
0.1373886220472441
11
1.2852669291338583
21
0.1374391338582677
0
LINE
8
BLACK
6
CONTINUOUS
10
1.2852669291338583
20
0.1374391338582677
11
1.2850754724409448
21
0.1374008661417323
0
LINE
8
BLACK
6
CONTINUOUS
10
1.2850754724409448
20
0.1374008661417323
11
1.2838016141732282
21
0.1378317716535433
0
LINE
8
BLACK
6
CONTINUOUS
10
1.2838016141732282
20
0.1378317716535433
11
1.2825027952755905
21
0.1381798031496063
0
LINE
8
BLACK
6
CONTINUOUS
10
1.2825027952755905
20
0.1381798031496063
11
1.2823647244094487
21
0.1383178346456693
0
LINE
8
BLACK
6
CONTINUOUS
10
1.2823647244094487
20
0.1383178346456693
11
1.2821797637795276
21
0.1383804330708661
0
LINE
8
BLACK
6
CONTINUOUS
10
1.2821797637795276
20
0.1383804330708661
11
1.281291968503937
21
0.1393905905511811
0
LINE
8
BLACK
6
CONTINUOUS
10
1.281291968503937
20
0.1393905905511811
11
1.2803412204724409
21
0.1403413779527559
0
LINE
8
BLACK
6
CONTINUOUS
10
1.2803412204724409
20
0.1403413779527559
11
1.2802906692913385
21
0.1405299212598425
0
LINE
8
BLACK
6
CONTINUOUS
10
1.2802906692913385
20
0.1405299212598425
11
1.2801617716535432
21
0.1406766535433071
0
LINE
8
BLACK
6
CONTINUOUS
10
1.2801617716535432
20
0.1406766535433071
11
1.2798980314960631
21
0.1419953543307086
0
LINE
8
BLACK
6
CONTINUOUS
10
1.2798980314960631
20
0.1419953543307086
11
1.2795500393700787
21
0.1432941338582677
0
LINE
8
BLACK
6
CONTINUOUS
10
1.2795500393700787
20
0.1432941338582677
11
1.2796005511811024
21
0.1434827165354331
0
LINE
8
BLACK
6
CONTINUOUS
10
1.2796005511811024
20
0.1434827165354331
11
1.2795622834645668
21
0.1436742125984252
0
LINE
8
BLACK
6
CONTINUOUS
10
1.2795622834645668
20
0.1436742125984252
11
1.2799931889763778
21
0.144948031496063
0
LINE
8
BLACK
6
CONTINUOUS
10
1.2799931889763778
20
0.144948031496063
11
1.2803412204724409
21
0.1462468897637795
0
LINE
8
BLACK
6
CONTINUOUS
10
1.2803412204724409
20
0.1462468897637795
11
1.280479251968504
21
0.1463849212598425
0
LINE
8
BLACK
6
CONTINUOUS
10
1.280479251968504
20
0.1463849212598425
11
1.2805418503937007
21
0.1465699212598425
0
LINE
8
BLACK
6
CONTINUOUS
10
1.2805418503937007
20
0.1465699212598425
11
1.3137911023622046
21
0.1964437401574803
0
LINE
8
BLACK
6
CONTINUOUS
10
1.3137911023622046
20
0.1964437401574803
11
1.2854555511811023
21
0.1964437401574803
0
LINE
8
BLACK
6
CONTINUOUS
10
1.2854555511811023
20
0.1964437401574803
11
1.2825027952755905
21
0.1972349212598425
0
LINE
8
BLACK
6
CONTINUOUS
10
1.2825027952755905
20
0.1972349212598425
11
1.2803412204724409
21
0.1993964960629921
0
LINE
8
BLACK
6
CONTINUOUS
10
1.2803412204724409
20
0.1993964960629921
11
1.2795500393700787
21
0.2023492519685039
0
LINE
8
BLACK
6
CONTINUOUS
10
1.2795500393700787
20
0.2023492519685039
11
1.2803412204724409
21
0.2053020078740157
0
LINE
8
BLACK
6
CONTINUOUS
10
1.2803412204724409
20
0.2053020078740157
11
1.2825027952755905
21
0.2074635826771654
0
LINE
8
BLACK
6
CONTINUOUS
10
1.2825027952755905
20
0.2074635826771654
11
1.2854555511811023
21
0.2082547637795276
0
LINE
8
BLACK
6
CONTINUOUS
10
1.2854555511811023
20
0.2082547637795276
11
1.3248256299212597
21
0.2082547637795276
0
LINE
8
BLACK
6
CONTINUOUS
10
1.3248256299212597
20
0.2082547637795276
11
1.3250142125984252
21
0.2082042125984252
0
LINE
8
BLACK
6
CONTINUOUS
10
2.7396850393700785
20
0.2924635826771653
11
2.7418466141732285
21
0.2903020078740157
0
LINE
8
BLACK
6
CONTINUOUS
10
2.7418466141732285
20
0.2903020078740157
11
2.7426377952755905
21
0.2873492519685039
0
LINE
8
BLACK
6
CONTINUOUS
10
2.7426377952755905
20
0.2873492519685039
11
2.7426377952755905
21
0.2451670078740157
0
LINE
8
BLACK
6
CONTINUOUS
10
2.7426377952755905
20
0.2451670078740157
11
2.7423916929133858
21
0.2442485433070866
0
LINE
8
BLACK
6
CONTINUOUS
10
2.7423916929133858
20
0.2442485433070866
11
2.7423347244094489
21
0.2432994881889764
0
LINE
8
BLACK
6
CONTINUOUS
10
2.7423347244094489
20
0.2432994881889764
11
2.7395225590551182
21
0.2348630708661417
0
LINE
8
BLACK
6
CONTINUOUS
10
2.7395225590551182
20
0.2348630708661417
11
2.7387746850393699
21
0.2337303543307087
0
LINE
8
BLACK
6
CONTINUOUS
10
2.7387746850393699
20
0.2337303543307087
11
2.7380959448818896
21
0.2325547637795276
0
LINE
8
BLACK
6
CONTINUOUS
10
2.7380959448818896
20
0.2325547637795276
11
2.7324716535433069
21
0.2269304724409449
0
LINE
8
BLACK
6
CONTINUOUS
10
2.7324716535433069
20
0.2269304724409449
11
2.7312961811023619
21
0.226251811023622
0
LINE
8
BLACK
6
CONTINUOUS
10
2.7312961811023619
20
0.226251811023622
11
2.730163307086614
21
0.2255038188976378
0
LINE
8
BLACK
6
CONTINUOUS
10
2.730163307086614
20
0.2255038188976378
11
2.7217268503937007
21
0.2226916929133858
0
LINE
8
BLACK
6
CONTINUOUS
10
2.7217268503937007
20
0.2226916929133858
11
2.7207777952755903
21
0.2226346850393701
0
LINE
8
BLACK
6
CONTINUOUS
10
2.7207777952755903
20
0.2226346850393701
11
2.7198593700787401
21
0.2223886220472441
0
LINE
8
BLACK
6
CONTINUOUS
10
2.7198593700787401
20
0.2223886220472441
11
2.7142350787401575
21
0.2223886220472441
0
LINE
8
BLACK
6
CONTINUOUS
10
2.7142350787401575
20
0.2223886220472441
11
2.7112823228346454
21
0.2231798031496063
0
LINE
8
BLACK
6
CONTINUOUS
10
2.7112823228346454
20
0.2231798031496063
11
2.7091207480314958
21
0.2253413779527559
0
LINE
8
BLACK
6
CONTINUOUS
10
2.7091207480314958
20
0.2253413779527559
11
2.7083295669291338
21
0.2282941338582677
0
LINE
8
BLACK
6
CONTINUOUS
10
2.7083295669291338
20
0.2282941338582677
11
2.7091207480314958
21
0.2312468897637795
0
LINE
8
BLACK
6
CONTINUOUS
10
2.7091207480314958
20
0.2312468897637795
11
2.7112823228346454
21
0.2334084645669291
0
LINE
8
BLACK
6
CONTINUOUS
10
2.7112823228346454
20
0.2334084645669291
11
2.7142350787401575
21
0.2341996456692913
0
LINE
8
BLACK
6
CONTINUOUS
10
2.7142350787401575
20
0.2341996456692913
11
2.7189011023622047
21
0.2341996456692913
0
LINE
8
BLACK
6
CONTINUOUS
10
2.7189011023622047
20
0.2341996456692913
11
2.725105748031496
21
0.236267874015748
0
LINE
8
BLACK
6
CONTINUOUS
10
2.725105748031496
20
0.236267874015748
11
2.7287585039370077
21
0.2399206299212598
0
LINE
8
BLACK
6
CONTINUOUS
10
2.7287585039370077
20
0.2399206299212598
11
2.7308267716535433
21
0.2461252755905512
0
LINE
8
BLACK
6
CONTINUOUS
10
2.7308267716535433
20
0.2461252755905512
11
2.7308267716535433
21
0.2873492519685039
0
LINE
8
BLACK
6
CONTINUOUS
10
2.7308267716535433
20
0.2873492519685039
11
2.7316179527559052
21
0.2903020078740157
0
LINE
8
BLACK
6
CONTINUOUS
10
2.7316179527559052
20
0.2903020078740157
11
2.7337795275590548
21
0.2924635826771653
0
LINE
8
BLACK
6
CONTINUOUS
10
2.7337795275590548
20
0.2924635826771653
11
2.7367322834645669
21
0.2932547637795275
0
LINE
8
BLACK
6
CONTINUOUS
10
2.7367322834645669
20
0.2932547637795275
11
2.7396850393700785
21
0.2924635826771653
0
LINE
8
BLACK
6
CONTINUOUS
10
2.8388880314960629
20
0.2930086614173228
11
2.8398370866141733
21
0.2929516929133858
0
LINE
8
BLACK
6
CONTINUOUS
10
2.8398370866141733
20
0.2929516929133858
11
2.8482735433070867
21
0.2901395669291338
0
LINE
8
BLACK
6
CONTINUOUS
10
2.8482735433070867
20
0.2901395669291338
11
2.8494064173228346
21
0.2893915354330708
0
LINE
8
BLACK
6
CONTINUOUS
10
2.8494064173228346
20
0.2893915354330708
11
2.8505818897637796
21
0.2887129133858268
0
LINE
8
BLACK
6
CONTINUOUS
10
2.8505818897637796
20
0.2887129133858268
11
2.8533940157480315
21
0.2859007874015748
0
LINE
8
BLACK
6
CONTINUOUS
10
2.8533940157480315
20
0.2859007874015748
11
2.8549224803149604
21
0.2832534251968504
0
LINE
8
BLACK
6
CONTINUOUS
10
2.8549224803149604
20
0.2832534251968504
11
2.8549224803149604
21
0.2801964960629921
0
LINE
8
BLACK
6
CONTINUOUS
10
2.8549224803149604
20
0.2801964960629921
11
2.8533940157480315
21
0.2775491338582677
0
LINE
8
BLACK
6
CONTINUOUS
10
2.8533940157480315
20
0.2775491338582677
11
2.850746653543307
21
0.2760206692913386
0
LINE
8
BLACK
6
CONTINUOUS
10
2.850746653543307
20
0.2760206692913386
11
2.8476897244094488
21
0.2760206692913386
0
LINE
8
BLACK
6
CONTINUOUS
10
2.8476897244094488
20
0.2760206692913386
11
2.8450423622047243
21
0.2775491338582677
0
LINE
8
BLACK
6
CONTINUOUS
10
2.8450423622047243
20
0.2775491338582677
11
2.8432159842519686
21
0.2793754724409448
0
LINE
8
BLACK
6
CONTINUOUS
10
2.8432159842519686
20
0.2793754724409448
11
2.837011338582677
21
0.2814437401574803
0
LINE
8
BLACK
6
CONTINUOUS
10
2.837011338582677
20
0.2814437401574803
11
2.8333037007874013
21
0.2814437401574803
0
LINE
8
BLACK
6
CONTINUOUS
10
2.8333037007874013
20
0.2814437401574803
11
2.8270988976377951
21
0.2793754724409448
0
LINE
8
BLACK
6
CONTINUOUS
10
2.8270988976377951
20
0.2793754724409448
11
2.8231380314960628
21
0.2754146062992126
0
LINE
8
BLACK
6
CONTINUOUS
10
2.8231380314960628
20
0.2754146062992126
11
2.8210442913385827
21
0.2712272047244094
0
LINE
8
BLACK
6
CONTINUOUS
10
2.8210442913385827
20
0.2712272047244094
11
2.8185657874015746
21
0.2613129921259842
0
LINE
8
BLACK
6
CONTINUOUS
10
2.8185657874015746
20
0.2613129921259842
11
2.8185657874015746
21
0.2543303543307087
0
LINE
8
BLACK
6
CONTINUOUS
10
2.8185657874015746
20
0.2543303543307087
11
2.8210442913385827
21
0.2444161417322835
0
LINE
8
BLACK
6
CONTINUOUS
10
2.8210442913385827
20
0.2444161417322835
11
2.8231380314960628
21
0.2402287401574803
0
LINE
8
BLACK
6
CONTINUOUS
10
2.8231380314960628
20
0.2402287401574803
11
2.8270988976377951
21
0.236267874015748
0
LINE
8
BLACK
6
CONTINUOUS
10
2.8270988976377951
20
0.236267874015748
11
2.8333037007874013
21
0.2341996456692913
0
LINE
8
BLACK
6
CONTINUOUS
10
2.8333037007874013
20
0.2341996456692913
11
2.837011338582677
21
0.2341996456692913
0
LINE
8
BLACK
6
CONTINUOUS
10
2.837011338582677
20
0.2341996456692913
11
2.8432159842519686
21
0.236267874015748
0
LINE
8
BLACK
6
CONTINUOUS
10
2.8432159842519686
20
0.236267874015748
11
2.8450423622047243
21
0.2380942519685039
0
LINE
8
BLACK
6
CONTINUOUS
10
2.8450423622047243
20
0.2380942519685039
11
2.8476897244094488
21
0.2396227165354331
0
LINE
8
BLACK
6
CONTINUOUS
10
2.8476897244094488
20
0.2396227165354331
11
2.850746653543307
21
0.2396227165354331
0
LINE
8
BLACK
6
CONTINUOUS
10
2.850746653543307
20
0.2396227165354331
11
2.8533940157480315
21
0.2380942519685039
0
LINE
8
BLACK
6
CONTINUOUS
10
2.8533940157480315
20
0.2380942519685039
11
2.8549224803149604
21
0.2354468897637795
0
LINE
8
BLACK
6
CONTINUOUS
10
2.8549224803149604
20
0.2354468897637795
11
2.8549224803149604
21
0.2323899606299213
0
LINE
8
BLACK
6
CONTINUOUS
10
2.8549224803149604
20
0.2323899606299213
11
2.8533940157480315
21
0.2297425984251968
0
LINE
8
BLACK
6
CONTINUOUS
10
2.8533940157480315
20
0.2297425984251968
11
2.8505818897637796
21
0.2269304724409449
0
LINE
8
BLACK
6
CONTINUOUS
10
2.8505818897637796
20
0.2269304724409449
11
2.8494064173228346
21
0.226251811023622
0
LINE
8
BLACK
6
CONTINUOUS
10
2.8494064173228346
20
0.226251811023622
11
2.8482735433070867
21
0.2255038188976378
0
LINE
8
BLACK
6
CONTINUOUS
10
2.8482735433070867
20
0.2255038188976378
11
2.8398370866141733
21
0.2226916929133858
0
LINE
8
BLACK
6
CONTINUOUS
10
2.8398370866141733
20
0.2226916929133858
11
2.8388880314960629
21
0.2226346850393701
0
LINE
8
BLACK
6
CONTINUOUS
10
2.8388880314960629
20
0.2226346850393701
11
2.8379696062992124
21
0.2223886220472441
0
LINE
8
BLACK
6
CONTINUOUS
10
2.8379696062992124
20
0.2223886220472441
11
2.8323453149606297
21
0.2223886220472441
0
LINE
8
BLACK
6
CONTINUOUS
10
2.8323453149606297
20
0.2223886220472441
11
2.8314268503937008
21
0.2226346850393701
0
LINE
8
BLACK
6
CONTINUOUS
10
2.8314268503937008
20
0.2226346850393701
11
2.8304777952755904
21
0.2226916929133858
0
LINE
8
BLACK
6
CONTINUOUS
10
2.8304777952755904
20
0.2226916929133858
11
2.8220413779527558
21
0.2255038582677165
0
LINE
8
BLACK
6
CONTINUOUS
10
2.8220413779527558
20
0.2255038582677165
11
2.8209085826771654
21
0.2262517322834646
0
LINE
8
BLACK
6
CONTINUOUS
10
2.8209085826771654
20
0.2262517322834646
11
2.8197330314960629
21
0.2269304724409449
0
LINE
8
BLACK
6
CONTINUOUS
10
2.8197330314960629
20
0.2269304724409449
11
2.8141087401574802
21
0.2325547637795276
0
LINE
8
BLACK
6
CONTINUOUS
10
2.8141087401574802
20
0.2325547637795276
11
2.8136333070866142
21
0.2333781889763779
0
LINE
8
BLACK
6
CONTINUOUS
10
2.8136333070866142
20
0.2333781889763779
11
2.8130025196850394
21
0.2340895669291339
0
LINE
8
BLACK
6
CONTINUOUS
10
2.8130025196850394
20
0.2340895669291339
11
2.8101903543307087
21
0.2397138582677165
0
LINE
8
BLACK
6
CONTINUOUS
10
2.8101903543307087
20
0.2397138582677165
11
2.8100596062992125
21
0.2403525984251969
0
LINE
8
BLACK
6
CONTINUOUS
10
2.8100596062992125
20
0.2403525984251969
11
2.8097432283464565
21
0.2409225984251968
0
LINE
8
BLACK
6
CONTINUOUS
10
2.8097432283464565
20
0.2409225984251968
11
2.8069311023622046
21
0.2521711811023622
0
LINE
8
BLACK
6
CONTINUOUS
10
2.8069311023622046
20
0.2521711811023622
11
2.8069433464566926
21
0.2528996062992126
0
LINE
8
BLACK
6
CONTINUOUS
10
2.8069433464566926
20
0.2528996062992126
11
2.8067547637795274
21
0.2536034645669291
0
LINE
8
BLACK
6
CONTINUOUS
10
2.8067547637795274
20
0.2536034645669291
11
2.8067547637795274
21
0.2620399212598425
0
LINE
8
BLACK
6
CONTINUOUS
10
2.8067547637795274
20
0.2620399212598425
11
2.8069433464566926
21
0.2627437401574803
0
LINE
8
BLACK
6
CONTINUOUS
10
2.8069433464566926
20
0.2627437401574803
11
2.8069311023622046
21
0.2634722047244095
0
LINE
8
BLACK
6
CONTINUOUS
10
2.8069311023622046
20
0.2634722047244095
11
2.8097432283464565
21
0.2747207874015748
0
LINE
8
BLACK
6
CONTINUOUS
10
2.8097432283464565
20
0.2747207874015748
11
2.8100596062992125
21
0.2752907480314961
0
LINE
8
BLACK
6
CONTINUOUS
10
2.8100596062992125
20
0.2752907480314961
11
2.8101903543307087
21
0.2759295275590551
0
LINE
8
BLACK
6
CONTINUOUS
10
2.8101903543307087
20
0.2759295275590551
11
2.8130025196850394
21
0.2815538188976378
0
LINE
8
BLACK
6
CONTINUOUS
10
2.8130025196850394
20
0.2815538188976378
11
2.8136333070866142
21
0.2822651574803149
0
LINE
8
BLACK
6
CONTINUOUS
10
2.8136333070866142
20
0.2822651574803149
11
2.8141087401574802
21
0.2830886220472441
0
LINE
8
BLACK
6
CONTINUOUS
10
2.8141087401574802
20
0.2830886220472441
11
2.8197330314960629
21
0.2887129133858268
0
LINE
8
BLACK
6
CONTINUOUS
10
2.8197330314960629
20
0.2887129133858268
11
2.8209085826771654
21
0.2893916141732283
0
LINE
8
BLACK
6
CONTINUOUS
10
2.8209085826771654
20
0.2893916141732283
11
2.8220413779527558
21
0.2901395275590551
0
LINE
8
BLACK
6
CONTINUOUS
10
2.8220413779527558
20
0.2901395275590551
11
2.8304777952755904
21
0.2929516929133858
0
LINE
8
BLACK
6
CONTINUOUS
10
2.8304777952755904
20
0.2929516929133858
11
2.8314268503937008
21
0.2930086614173228
0
LINE
8
BLACK
6
CONTINUOUS
10
2.8314268503937008
20
0.2930086614173228
11
2.8323453149606297
21
0.2932547637795275
0
LINE
8
BLACK
6
CONTINUOUS
10
2.8323453149606297
20
0.2932547637795275
11
2.8379696062992124
21
0.2932547637795275
0
LINE
8
BLACK
6
CONTINUOUS
10
2.8379696062992124
20
0.2932547637795275
11
2.8388880314960629
21
0.2930086614173228
0
LINE
8
BLACK
6
CONTINUOUS
10
2.9112260629921258
20
0.2924635826771653
11
2.9133876377952754
21
0.2903020078740157
0
LINE
8
BLACK
6
CONTINUOUS
10
2.9133876377952754
20
0.2903020078740157
11
2.9141788188976379
21
0.2873492519685039
0
LINE
8
BLACK
6
CONTINUOUS
10
2.9141788188976379
20
0.2873492519685039
11
2.9141788188976379
21
0.2282941338582677
0
LINE
8
BLACK
6
CONTINUOUS
10
2.9141788188976379
20
0.2282941338582677
11
2.9133876377952754
21
0.2253413779527559
0
LINE
8
BLACK
6
CONTINUOUS
10
2.9133876377952754
20
0.2253413779527559
11
2.9112260629921258
21
0.2231798031496063
0
LINE
8
BLACK
6
CONTINUOUS
10
2.9112260629921258
20
0.2231798031496063
11
2.9082733070866142
21
0.2223886220472441
0
LINE
8
BLACK
6
CONTINUOUS
10
2.9082733070866142
20
0.2223886220472441
11
2.9053205511811022
21
0.2231798031496063
0
LINE
8
BLACK
6
CONTINUOUS
10
2.9053205511811022
20
0.2231798031496063
11
2.9031589763779526
21
0.2253413779527559
0
LINE
8
BLACK
6
CONTINUOUS
10
2.9031589763779526
20
0.2253413779527559
11
2.9023677952755906
21
0.2282941338582677
0
LINE
8
BLACK
6
CONTINUOUS
10
2.9023677952755906
20
0.2282941338582677
11
2.9023677952755906
21
0.2533222440944882
0
LINE
8
BLACK
6
CONTINUOUS
10
2.9023677952755906
20
0.2533222440944882
11
2.8804330314960631
21
0.2533222440944882
0
LINE
8
BLACK
6
CONTINUOUS
10
2.8804330314960631
20
0.2533222440944882
11
2.8804330314960631
21
0.2282941338582677
0
LINE
8
BLACK
6
CONTINUOUS
10
2.8804330314960631
20
0.2282941338582677
11
2.8796418503937007
21
0.2253413779527559
0
LINE
8
BLACK
6
CONTINUOUS
10
2.8796418503937007
20
0.2253413779527559
11
2.8774802755905511
21
0.2231798031496063
0
LINE
8
BLACK
6
CONTINUOUS
10
2.8774802755905511
20
0.2231798031496063
11
2.8745275196850395
21
0.2223886220472441
0
LINE
8
BLACK
6
CONTINUOUS
10
2.8745275196850395
20
0.2223886220472441
11
2.8715747637795275
21
0.2231798031496063
0
LINE
8
BLACK
6
CONTINUOUS
10
2.8715747637795275
20
0.2231798031496063
11
2.8694131889763779
21
0.2253413779527559
0
LINE
8
BLACK
6
CONTINUOUS
10
2.8694131889763779
20
0.2253413779527559
11
2.8686220078740159
21
0.2282941338582677
0
LINE
8
BLACK
6
CONTINUOUS
10
2.8686220078740159
20
0.2282941338582677
11
2.8686220078740159
21
0.2873492519685039
0
LINE
8
BLACK
6
CONTINUOUS
10
2.8686220078740159
20
0.2873492519685039
11
2.8694131889763779
21
0.2903020078740157
0
LINE
8
BLACK
6
CONTINUOUS
10
2.8694131889763779
20
0.2903020078740157
11
2.8715747637795275
21
0.2924635826771653
0
LINE
8
BLACK
6
CONTINUOUS
10
2.8715747637795275
20
0.2924635826771653
11
2.8745275196850395
21
0.2932547637795275
0
LINE
8
BLACK
6
CONTINUOUS
10
2.8745275196850395
20
0.2932547637795275
11
2.8774802755905511
21
0.2924635826771653
0
LINE
8
BLACK
6
CONTINUOUS
10
2.8774802755905511
20
0.2924635826771653
11
2.8796418503937007
21
0.2903020078740157
0
LINE
8
BLACK
6
CONTINUOUS
10
2.8796418503937007
20
0.2903020078740157
11
2.8804330314960631
21
0.2873492519685039
0
LINE
8
BLACK
6
CONTINUOUS
10
2.8804330314960631
20
0.2873492519685039
11
2.8804330314960631
21
0.2651332677165354
0
LINE
8
BLACK
6
CONTINUOUS
10
2.8804330314960631
20
0.2651332677165354
11
2.9023677952755906
21
0.2651332677165354
0
LINE
8
BLACK
6
CONTINUOUS
10
2.9023677952755906
20
0.2651332677165354
11
2.9023677952755906
21
0.2873492519685039
0
LINE
8
BLACK
6
CONTINUOUS
10
2.9023677952755906
20
0.2873492519685039
11
2.9031589763779526
21
0.2903020078740157
0
LINE
8
BLACK
6
CONTINUOUS
10
2.9031589763779526
20
0.2903020078740157
11
2.9053205511811022
21
0.2924635826771653
0
LINE
8
BLACK
6
CONTINUOUS
10
2.9053205511811022
20
0.2924635826771653
11
2.9082733070866142
21
0.2932547637795275
0
LINE
8
BLACK
6
CONTINUOUS
10
2.9082733070866142
20
0.2932547637795275
11
2.9112260629921258
21
0.2924635826771653
0
LINE
8
BLACK
6
CONTINUOUS
10
2.9602030708661418
20
0.2929034251968504
11
2.9615330314960628
21
0.2926312992125984
0
LINE
8
BLACK
6
CONTINUOUS
10
2.9615330314960628
20
0.2926312992125984
11
2.9671573228346455
21
0.2898191338582677
0
LINE
8
BLACK
6
CONTINUOUS
10
2.9671573228346455
20
0.2898191338582677
11
2.9678686614173229
21
0.2891883070866142
0
LINE
8
BLACK
6
CONTINUOUS
10
2.9678686614173229
20
0.2891883070866142
11
2.9686921259842518
21
0.2887129133858268
0
LINE
8
BLACK
6
CONTINUOUS
10
2.9686921259842518
20
0.2887129133858268
11
2.9743164173228345
21
0.2830886220472441
0
LINE
8
BLACK
6
CONTINUOUS
10
2.9743164173228345
20
0.2830886220472441
11
2.9743420472440945
21
0.2830441732283465
0
LINE
8
BLACK
6
CONTINUOUS
10
2.9743420472440945
20
0.2830441732283465
11
2.9743860629921257
21
0.2830177952755906
0
LINE
8
BLACK
6
CONTINUOUS
10
2.9743860629921257
20
0.2830177952755906
11
2.9751044881889763
21
0.2817235826771654
0
LINE
8
BLACK
6
CONTINUOUS
10
2.9751044881889763
20
0.2817235826771654
11
2.9758448818897638
21
0.2804412598425197
0
LINE
8
BLACK
6
CONTINUOUS
10
2.9758448818897638
20
0.2804412598425197
11
2.9758448818897638
21
0.2803899212598425
0
LINE
8
BLACK
6
CONTINUOUS
10
2.9758448818897638
20
0.2803899212598425
11
2.9758697637795275
21
0.2803451181102362
0
LINE
8
BLACK
6
CONTINUOUS
10
2.9758697637795275
20
0.2803451181102362
11
2.9786819291338582
21
0.2690965354330709
0
LINE
8
BLACK
6
CONTINUOUS
10
2.9786819291338582
20
0.2690965354330709
11
2.9786696456692914
21
0.2683679921259842
0
LINE
8
BLACK
6
CONTINUOUS
10
2.9786696456692914
20
0.2683679921259842
11
2.9788582677165354
21
0.2676642125984252
0
LINE
8
BLACK
6
CONTINUOUS
10
2.9788582677165354
20
0.2676642125984252
11
2.9788582677165354
21
0.2479791732283465
0
LINE
8
BLACK
6
CONTINUOUS
10
2.9788582677165354
20
0.2479791732283465
11
2.9786696456692914
21
0.2472753543307087
0
LINE
8
BLACK
6
CONTINUOUS
10
2.9786696456692914
20
0.2472753543307087
11
2.9786819291338582
21
0.2465468503937008
0
LINE
8
BLACK
6
CONTINUOUS
10
2.9786819291338582
20
0.2465468503937008
11
2.9758697637795275
21
0.2352982677165354
0
LINE
8
BLACK
6
CONTINUOUS
10
2.9758697637795275
20
0.2352982677165354
11
2.9758448818897638
21
0.2352534251968504
0
LINE
8
BLACK
6
CONTINUOUS
10
2.9758448818897638
20
0.2352534251968504
11
2.9758448818897638
21
0.235202125984252
0
LINE
8
BLACK
6
CONTINUOUS
10
2.9758448818897638
20
0.235202125984252
11
2.9751044881889763
21
0.2339197637795276
0
LINE
8
BLACK
6
CONTINUOUS
10
2.9751044881889763
20
0.2339197637795276
11
2.9743860629921257
21
0.2326255905511811
0
LINE
8
BLACK
6
CONTINUOUS
10
2.9743860629921257
20
0.2326255905511811
11
2.9743420472440945
21
0.2325991732283464
0
LINE
8
BLACK
6
CONTINUOUS
10
2.9743420472440945
20
0.2325991732283464
11
2.9743164173228345
21
0.2325547637795276
0
LINE
8
BLACK
6
CONTINUOUS
10
2.9743164173228345
20
0.2325547637795276
11
2.9686921259842518
21
0.2269304724409449
0
LINE
8
BLACK
6
CONTINUOUS
10
2.9686921259842518
20
0.2269304724409449
11
2.9678686614173229
21
0.2264550393700787
0
LINE
8
BLACK
6
CONTINUOUS
10
2.9678686614173229
20
0.2264550393700787
11
2.9671573228346455
21
0.2258242519685039
0
LINE
8
BLACK
6
CONTINUOUS
10
2.9671573228346455
20
0.2258242519685039
11
2.9615330314960628
21
0.2230120866141732
0
LINE
8
BLACK
6
CONTINUOUS
10
2.9615330314960628
20
0.2230120866141732
11
2.9602030708661418
21
0.2227399212598425
0
LINE
8
BLACK
6
CONTINUOUS
10
2.9602030708661418
20
0.2227399212598425
11
2.9588920078740157
21
0.2223886220472441
0
LINE
8
BLACK
6
CONTINUOUS
10
2.9588920078740157
20
0.2223886220472441
11
2.9476434251968504
21
0.2223886220472441
0
LINE
8
BLACK
6
CONTINUOUS
10
2.9476434251968504
20
0.2223886220472441
11
2.9463323622047244
21
0.2227398818897638
0
LINE
8
BLACK
6
CONTINUOUS
10
2.9463323622047244
20
0.2227398818897638
11
2.9450023622047246
21
0.2230120866141732
0
LINE
8
BLACK
6
CONTINUOUS
10
2.9450023622047246
20
0.2230120866141732
11
2.9393781102362202
21
0.2258242519685039
0
LINE
8
BLACK
6
CONTINUOUS
10
2.9393781102362202
20
0.2258242519685039
11
2.9386666929133858
21
0.2264550393700787
0
LINE
8
BLACK
6
CONTINUOUS
10
2.9386666929133858
20
0.2264550393700787
11
2.9378433070866139
21
0.2269304724409449
0
LINE
8
BLACK
6
CONTINUOUS
10
2.9378433070866139
20
0.2269304724409449
11
2.9322189763779525
21
0.2325547637795276
0
LINE
8
BLACK
6
CONTINUOUS
10
2.9322189763779525
20
0.2325547637795276
11
2.9321933070866142
21
0.2325991732283464
0
LINE
8
BLACK
6
CONTINUOUS
10
2.9321933070866142
20
0.2325991732283464
11
2.9321493307086612
21
0.2326255905511811
0
LINE
8
BLACK
6
CONTINUOUS
10
2.9321493307086612
20
0.2326255905511811
11
2.9314311417322836
21
0.2339192913385827
0
LINE
8
BLACK
6
CONTINUOUS
10
2.9314311417322836
20
0.2339192913385827
11
2.9306905118110236
21
0.235202125984252
0
LINE
8
BLACK
6
CONTINUOUS
10
2.9306905118110236
20
0.235202125984252
11
2.9306905118110236
21
0.2352534645669291
0
LINE
8
BLACK
6
CONTINUOUS
10
2.9306905118110236
20
0.2352534645669291
11
2.9306656299212599
21
0.2352983070866142
0
LINE
8
BLACK
6
CONTINUOUS
10
2.9306656299212599
20
0.2352983070866142
11
2.9278535039370079
21
0.2465468897637795
0
LINE
8
BLACK
6
CONTINUOUS
10
2.9278535039370079
20
0.2465468897637795
11
2.927865748031496
21
0.2472753149606299
0
LINE
8
BLACK
6
CONTINUOUS
10
2.927865748031496
20
0.2472753149606299
11
2.9276771653543308
21
0.2479791732283465
0
LINE
8
BLACK
6
CONTINUOUS
10
2.9276771653543308
20
0.2479791732283465
11
2.9276771653543308
21
0.2676642125984252
0
LINE
8
BLACK
6
CONTINUOUS
10
2.9276771653543308
20
0.2676642125984252
11
2.927865748031496
21
0.268368031496063
0
LINE
8
BLACK
6
CONTINUOUS
10
2.927865748031496
20
0.268368031496063
11
2.9278535039370079
21
0.2690964960629921
0
LINE
8
BLACK
6
CONTINUOUS
10
2.9278535039370079
20
0.2690964960629921
11
2.9306656299212599
21
0.2803450787401575
0
LINE
8
BLACK
6
CONTINUOUS
10
2.9306656299212599
20
0.2803450787401575
11
2.9306905118110236
21
0.2803898818897638
0
LINE
8
BLACK
6
CONTINUOUS
10
2.9306905118110236
20
0.2803898818897638
11
2.9306905118110236
21
0.2804412598425197
0
LINE
8
BLACK
6
CONTINUOUS
10
2.9306905118110236
20
0.2804412598425197
11
2.9314311417322836
21
0.2817240551181102
0
LINE
8
BLACK
6
CONTINUOUS
10
2.9314311417322836
20
0.2817240551181102
11
2.9321493307086612
21
0.2830177952755906
0
LINE
8
BLACK
6
CONTINUOUS
10
2.9321493307086612
20
0.2830177952755906
11
2.9321933070866142
21
0.2830441732283465
0
LINE
8
BLACK
6
CONTINUOUS
10
2.9321933070866142
20
0.2830441732283465
11
2.9322189763779525
21
0.2830886220472441
0
LINE
8
BLACK
6
CONTINUOUS
10
2.9322189763779525
20
0.2830886220472441
11
2.9378433070866139
21
0.2887129133858268
0
LINE
8
BLACK
6
CONTINUOUS
10
2.9378433070866139
20
0.2887129133858268
11
2.9386666929133858
21
0.2891883070866142
0
LINE
8
BLACK
6
CONTINUOUS
10
2.9386666929133858
20
0.2891883070866142
11
2.9393781102362202
21
0.2898191338582677
0
LINE
8
BLACK
6
CONTINUOUS
10
2.9393781102362202
20
0.2898191338582677
11
2.9450023622047246
21
0.2926312992125984
0
LINE
8
BLACK
6
CONTINUOUS
10
2.9450023622047246
20
0.2926312992125984
11
2.9463323622047244
21
0.2929034645669291
0
LINE
8
BLACK
6
CONTINUOUS
10
2.9463323622047244
20
0.2929034645669291
11
2.9476434251968504
21
0.2932547637795275
0
LINE
8
BLACK
6
CONTINUOUS
10
2.9476434251968504
20
0.2932547637795275
11
2.9588920078740157
21
0.2932547637795275
0
LINE
8
BLACK
6
CONTINUOUS
10
2.9588920078740157
20
0.2932547637795275
11
2.9602030708661418
21
0.2929034251968504
0
LINE
8
BLACK
6
CONTINUOUS
10
2.9455172834645666
20
0.2796836220472441
11
2.9417272440944879
21
0.2758935433070866
0
LINE
8
BLACK
6
CONTINUOUS
10
2.9417272440944879
20
0.2758935433070866
11
2.939488188976378
21
0.2669372834645669
0
LINE
8
BLACK
6
CONTINUOUS
10
2.939488188976378
20
0.2669372834645669
11
2.939488188976378
21
0.248706062992126
0
LINE
8
BLACK
6
CONTINUOUS
10
2.939488188976378
20
0.248706062992126
11
2.9417272440944879
21
0.2397498031496063
0
LINE
8
BLACK
6
CONTINUOUS
10
2.9417272440944879
20
0.2397498031496063
11
2.9455172834645666
21
0.2359597244094488
0
LINE
8
BLACK
6
CONTINUOUS
10
2.9455172834645666
20
0.2359597244094488
11
2.9490375196850391
21
0.2341996456692913
0
LINE
8
BLACK
6
CONTINUOUS
10
2.9490375196850391
20
0.2341996456692913
11
2.9574979133858266
21
0.2341996456692913
0
LINE
8
BLACK
6
CONTINUOUS
10
2.9574979133858266
20
0.2341996456692913
11
2.9610181102362203
21
0.2359597637795275
0
LINE
8
BLACK
6
CONTINUOUS
10
2.9610181102362203
20
0.2359597637795275
11
2.9648081102362203
21
0.2397497637795276
0
LINE
8
BLACK
6
CONTINUOUS
10
2.9648081102362203
20
0.2397497637795276
11
2.9670472440944882
21
0.2487061023622047
0
LINE
8
BLACK
6
CONTINUOUS
10
2.9670472440944882
20
0.2487061023622047
11
2.9670472440944882
21
0.2669372440944882
0
LINE
8
BLACK
6
CONTINUOUS
10
2.9670472440944882
20
0.2669372440944882
11
2.9648081102362203
21
0.2758935826771653
0
LINE
8
BLACK
6
CONTINUOUS
10
2.9648081102362203
20
0.2758935826771653
11
2.9610181102362203
21
0.2796835826771654
0
LINE
8
BLACK
6
CONTINUOUS
10
2.9610181102362203
20
0.2796835826771654
11
2.9574979133858266
21
0.2814437401574803
0
LINE
8
BLACK
6
CONTINUOUS
10
2.9574979133858266
20
0.2814437401574803
11
2.9490375196850391
21
0.2814437401574803
0
LINE
8
BLACK
6
CONTINUOUS
10
2.9490375196850391
20
0.2814437401574803
11
2.9455172834645666
21
0.2796836220472441
0
LINE
8
BLACK
6
CONTINUOUS
10
2.7776092913385826
20
0.2929733464566929
11
2.7779698425196848
21
0.2929517322834645
0
LINE
8
BLACK
6
CONTINUOUS
10
2.7779698425196848
20
0.2929517322834645
11
2.7789597637795276
21
0.2922981102362205
0
LINE
8
BLACK
6
CONTINUOUS
10
2.7789597637795276
20
0.2922981102362205
11
2.7800205118110237
21
0.2917677559055118
0
LINE
8
BLACK
6
CONTINUOUS
10
2.7800205118110237
20
0.2917677559055118
11
2.7802194488188974
21
0.2914664173228346
0
LINE
8
BLACK
6
CONTINUOUS
10
2.7802194488188974
20
0.2914664173228346
11
2.780520905511811
21
0.2912674015748031
0
LINE
8
BLACK
6
CONTINUOUS
10
2.780520905511811
20
0.2912674015748031
11
2.7810514173228347
21
0.2902062992125984
0
LINE
8
BLACK
6
CONTINUOUS
10
2.7810514173228347
20
0.2902062992125984
11
2.7817048031496063
21
0.2892167322834646
0
LINE
8
BLACK
6
CONTINUOUS
10
2.7817048031496063
20
0.2892167322834646
11
2.8013898818897638
21
0.2301616141732283
0
LINE
8
BLACK
6
CONTINUOUS
10
2.8013898818897638
20
0.2301616141732283
11
2.801573031496063
21
0.2271101968503937
0
LINE
8
BLACK
6
CONTINUOUS
10
2.801573031496063
20
0.2271101968503937
11
2.8002059448818897
21
0.2243759842519685
0
LINE
8
BLACK
6
CONTINUOUS
10
2.8002059448818897
20
0.2243759842519685
11
2.7976548818897635
21
0.2226916535433071
0
LINE
8
BLACK
6
CONTINUOUS
10
2.7976548818897635
20
0.2226916535433071
11
2.7946034645669289
21
0.2225085039370079
0
LINE
8
BLACK
6
CONTINUOUS
10
2.7946034645669289
20
0.2225085039370079
11
2.791869251968504
21
0.2238755905511811
0
LINE
8
BLACK
6
CONTINUOUS
10
2.791869251968504
20
0.2238755905511811
11
2.7901849606299214
21
0.2264266535433071
0
LINE
8
BLACK
6
CONTINUOUS
10
2.7901849606299214
20
0.2264266535433071
11
2.7859066929133856
21
0.2392614960629921
0
LINE
8
BLACK
6
CONTINUOUS
10
2.7859066929133856
20
0.2392614960629921
11
2.7662980708661418
21
0.2392614960629921
0
LINE
8
BLACK
6
CONTINUOUS
10
2.7662980708661418
20
0.2392614960629921
11
2.7620197637795276
21
0.2264266535433071
0
LINE
8
BLACK
6
CONTINUOUS
10
2.7620197637795276
20
0.2264266535433071
11
2.760335472440945
21
0.2238756299212598
0
LINE
8
BLACK
6
CONTINUOUS
10
2.760335472440945
20
0.2238756299212598
11
2.7576012598425197
21
0.2225085039370079
0
LINE
8
BLACK
6
CONTINUOUS
10
2.7576012598425197
20
0.2225085039370079
11
2.754549842519685
21
0.2226916929133858
0
LINE
8
BLACK
6
CONTINUOUS
10
2.754549842519685
20
0.2226916929133858
11
2.7519988188976376
21
0.2243759842519685
0
LINE
8
BLACK
6
CONTINUOUS
10
2.7519988188976376
20
0.2243759842519685
11
2.7506316929133856
21
0.2271101968503937
0
LINE
8
BLACK
6
CONTINUOUS
10
2.7506316929133856
20
0.2271101968503937
11
2.7508148818897635
21
0.2301616141732283
0
LINE
8
BLACK
6
CONTINUOUS
10
2.7508148818897635
20
0.2301616141732283
11
2.7704999212598422
21
0.2892167322834646
0
LINE
8
BLACK
6
CONTINUOUS
10
2.7704999212598422
20
0.2892167322834646
11
2.7711533858267714
21
0.2902064960629921
0
LINE
8
BLACK
6
CONTINUOUS
10
2.7711533858267714
20
0.2902064960629921
11
2.7716838582677163
21
0.2912674015748031
0
LINE
8
BLACK
6
CONTINUOUS
10
2.7716838582677163
20
0.2912674015748031
11
2.7719851574803149
21
0.2914663385826772
0
LINE
8
BLACK
6
CONTINUOUS
10
2.7719851574803149
20
0.2914663385826772
11
2.7721842125984253
21
0.2917677952755905
0
LINE
8
BLACK
6
CONTINUOUS
10
2.7721842125984253
20
0.2917677952755905
11
2.773245275590551
21
0.2922983070866141
0
LINE
8
BLACK
6
CONTINUOUS
10
2.773245275590551
20
0.2922983070866141
11
2.7742348818897637
21
0.2929516929133858
0
LINE
8
BLACK
6
CONTINUOUS
10
2.7742348818897637
20
0.2929516929133858
11
2.7745953149606297
21
0.2929733070866142
0
LINE
8
BLACK
6
CONTINUOUS
10
2.7745953149606297
20
0.2929733070866142
11
2.7749184251968502
21
0.2931348818897638
0
LINE
8
BLACK
6
CONTINUOUS
10
2.7749184251968502
20
0.2931348818897638
11
2.7761024803149605
21
0.293063779527559
0
LINE
8
BLACK
6
CONTINUOUS
10
2.7761024803149605
20
0.293063779527559
11
2.7772862992125984
21
0.2931348818897638
0
LINE
8
BLACK
6
CONTINUOUS
10
2.7772862992125984
20
0.2931348818897638
11
2.7776092913385826
21
0.2929733464566929
0
LINE
8
BLACK
6
CONTINUOUS
10
2.7702350787401575
20
0.2510725196850394
11
2.7819696850393698
21
0.2510725196850394
0
LINE
8
BLACK
6
CONTINUOUS
10
2.7819696850393698
20
0.2510725196850394
11
2.7761023622047243
21
0.2686743700787402
0
LINE
8
BLACK
6
CONTINUOUS
10
2.7761023622047243
20
0.2686743700787402
11
2.7702350787401575
21
0.2510725196850394
0
LINE
8
BLACK
6
CONTINUOUS
10
0.4874835433070866
20
1.1687514173228346
11
0.4875479133858268
21
1.168753188976378
0
LINE
8
BLACK
6
CONTINUOUS
10
0.4875479133858268
20
1.168753188976378
11
0.4931722047244094
21
1.1668784251968505
0
LINE
8
BLACK
6
CONTINUOUS
10
0.4931722047244094
20
1.1668784251968505
11
0.4940739763779528
21
1.1663901574803148
0
LINE
8
BLACK
6
CONTINUOUS
10
0.4940739763779528
20
1.1663901574803148
11
0.4941663779527559
21
1.1662396850393701
0
LINE
8
BLACK
6
CONTINUOUS
10
0.4941663779527559
20
1.1662396850393701
11
0.4943263779527559
21
1.1661651181102362
0
LINE
8
BLACK
6
CONTINUOUS
10
0.4943263779527559
20
1.1661651181102362
11
0.498075905511811
21
1.162415590551181
0
LINE
8
BLACK
6
CONTINUOUS
10
0.498075905511811
20
1.162415590551181
11
0.4985822834645669
21
1.1616924015748031
0
LINE
8
BLACK
6
CONTINUOUS
10
0.4985822834645669
20
1.1616924015748031
11
0.4986290157480315
21
1.1616481889763779
0
LINE
8
BLACK
6
CONTINUOUS
10
0.4986290157480315
20
1.1616481889763779
11
0.5005037795275591
21
1.1578986614173228
0
LINE
8
BLACK
6
CONTINUOUS
10
0.5005037795275591
20
1.1578986614173228
11
0.5006490551181102
21
1.1574101968503936
0
LINE
8
BLACK
6
CONTINUOUS
10
0.5006490551181102
20
1.1574101968503936
11
0.5007273622047244
21
1.1572942913385826
0
LINE
8
BLACK
6
CONTINUOUS
10
0.5007273622047244
20
1.1572942913385826
11
0.5026021259842519
21
1.1497952362204724
0
LINE
8
BLACK
6
CONTINUOUS
10
0.5026021259842519
20
1.1497952362204724
11
0.5026435826771654
21
1.1492073228346456
0
LINE
8
BLACK
6
CONTINUOUS
10
0.5026435826771654
20
1.1492073228346456
11
0.5026902755905511
21
1.149079094488189
0
LINE
8
BLACK
6
CONTINUOUS
10
0.5026902755905511
20
1.149079094488189
11
0.5026902755905511
21
1.1434548031496063
0
LINE
8
BLACK
6
CONTINUOUS
10
0.5026902755905511
20
1.1434548031496063
11
0.5025879133858268
21
1.1428744094488188
0
LINE
8
BLACK
6
CONTINUOUS
10
0.5025879133858268
20
1.1428744094488188
11
0.5026021259842519
21
1.1427386614173227
0
LINE
8
BLACK
6
CONTINUOUS
10
0.5026021259842519
20
1.1427386614173227
11
0.5007273622047244
21
1.1352396062992125
0
LINE
8
BLACK
6
CONTINUOUS
10
0.5007273622047244
20
1.1352396062992125
11
0.5005197637795276
21
1.1347741338582678
0
LINE
8
BLACK
6
CONTINUOUS
10
0.5005197637795276
20
1.1347741338582678
11
0.5005037795275591
21
1.1346352362204724
0
LINE
8
BLACK
6
CONTINUOUS
10
0.5005037795275591
20
1.1346352362204724
11
0.4986290157480315
21
1.1308857086614172
0
LINE
8
BLACK
6
CONTINUOUS
10
0.4986290157480315
20
1.1308857086614172
11
0.4981030708661417
21
1.1301766141732283
0
LINE
8
BLACK
6
CONTINUOUS
10
0.4981030708661417
20
1.1301766141732283
11
0.498075905511811
21
1.1301183070866141
0
LINE
8
BLACK
6
CONTINUOUS
10
0.498075905511811
20
1.1301183070866141
11
0.4943263779527559
21
1.126368779527559
0
LINE
8
BLACK
6
CONTINUOUS
10
0.4943263779527559
20
1.126368779527559
11
0.4934863385826772
21
1.1257805905511811
0
LINE
8
BLACK
6
CONTINUOUS
10
0.4934863385826772
20
1.1257805905511811
11
0.4933105118110236
21
1.1257651968503937
0
LINE
8
BLACK
6
CONTINUOUS
10
0.4933105118110236
20
1.1257651968503937
11
0.4931722440944882
21
1.1256554724409449
0
LINE
8
BLACK
6
CONTINUOUS
10
0.4931722440944882
20
1.1256554724409449
11
0.4875479527559055
21
1.1237806692913386
0
LINE
8
BLACK
6
CONTINUOUS
10
0.4875479527559055
20
1.1237806692913386
11
0.4866746850393701
21
1.1236511417322834
0
LINE
8
BLACK
6
CONTINUOUS
10
0.4866746850393701
20
1.1236511417322834
11
0.4866141732283464
21
1.1236291338582678
0
LINE
8
BLACK
6
CONTINUOUS
10
0.4866141732283464
20
1.1236291338582678
11
0.4772403543307087
21
1.1236291338582678
0
LINE
8
BLACK
6
CONTINUOUS
10
0.4772403543307087
20
1.1236291338582678
11
0.476856811023622
21
1.1236967322834646
0
LINE
8
BLACK
6
CONTINUOUS
10
0.476856811023622
20
1.1236967322834646
11
0.4767275984251969
21
1.1236739763779526
0
LINE
8
BLACK
6
CONTINUOUS
10
0.4767275984251969
20
1.1236739763779526
11
0.4766139763779527
21
1.1237395669291339
0
LINE
8
BLACK
6
CONTINUOUS
10
0.4766139763779527
20
1.1237395669291339
11
0.4762304330708662
21
1.1238072047244094
0
LINE
8
BLACK
6
CONTINUOUS
10
0.4762304330708662
20
1.1238072047244094
11
0.4756427165354331
21
1.1243003149606299
0
LINE
8
BLACK
6
CONTINUOUS
10
0.4756427165354331
20
1.1243003149606299
11
0.4749784251968504
21
1.1246838976377953
0
LINE
8
BLACK
6
CONTINUOUS
10
0.4749784251968504
20
1.1246838976377953
11
0.4748872834645669
21
1.1249342125984252
0
LINE
8
BLACK
6
CONTINUOUS
10
0.4748872834645669
20
1.1249342125984252
11
0.474683188976378
21
1.1251055118110236
0
LINE
8
BLACK
6
CONTINUOUS
10
0.474683188976378
20
1.1251055118110236
11
0.4745499212598425
21
1.125861062992126
0
LINE
8
BLACK
6
CONTINUOUS
10
0.4745499212598425
20
1.125861062992126
11
0.4742875984251969
21
1.1265818897637796
0
LINE
8
BLACK
6
CONTINUOUS
10
0.4742875984251969
20
1.1265818897637796
11
0.4742875984251969
21
1.165951968503937
0
LINE
8
BLACK
6
CONTINUOUS
10
0.4742875984251969
20
1.165951968503937
11
0.4743551968503937
21
1.1663354724409449
0
LINE
8
BLACK
6
CONTINUOUS
10
0.4743551968503937
20
1.1663354724409449
11
0.4743324409448819
21
1.1664647244094488
0
LINE
8
BLACK
6
CONTINUOUS
10
0.4743324409448819
20
1.1664647244094488
11
0.474398031496063
21
1.1665783070866143
0
LINE
8
BLACK
6
CONTINUOUS
10
0.474398031496063
20
1.1665783070866143
11
0.4744656692913386
21
1.1669618897637795
0
LINE
8
BLACK
6
CONTINUOUS
10
0.4744656692913386
20
1.1669618897637795
11
0.474958779527559
21
1.1675495669291338
0
LINE
8
BLACK
6
CONTINUOUS
10
0.474958779527559
20
1.1675495669291338
11
0.4753423622047244
21
1.1682138976377952
0
LINE
8
BLACK
6
CONTINUOUS
10
0.4753423622047244
20
1.1682138976377952
11
0.4755926771653543
21
1.1683049999999999
0
LINE
8
BLACK
6
CONTINUOUS
10
0.4755926771653543
20
1.1683049999999999
11
0.4757639763779528
21
1.1685091338582676
0
LINE
8
BLACK
6
CONTINUOUS
10
0.4757639763779528
20
1.1685091338582676
11
0.4765195275590551
21
1.1686423622047244
0
LINE
8
BLACK
6
CONTINUOUS
10
0.4765195275590551
20
1.1686423622047244
11
0.4772403543307087
21
1.1689047244094488
0
LINE
8
BLACK
6
CONTINUOUS
10
0.4772403543307087
20
1.1689047244094488
11
0.4866141732283464
21
1.1689047244094488
0
LINE
8
BLACK
6
CONTINUOUS
10
0.4866141732283464
20
1.1689047244094488
11
0.4874835433070866
21
1.1687514173228346
0
LINE
8
BLACK
6
CONTINUOUS
10
0.4801931102362205
20
1.1295346456692914
11
0.486135
21
1.1295346456692914
0
LINE
8
BLACK
6
CONTINUOUS
10
0.486135
20
1.1295346456692914
11
0.4906433858267716
21
1.1310374409448818
0
LINE
8
BLACK
6
CONTINUOUS
10
0.4906433858267716
20
1.1310374409448818
11
0.4935612598425197
21
1.1339553149606298
0
LINE
8
BLACK
6
CONTINUOUS
10
0.4935612598425197
20
1.1339553149606298
11
0.4950767322834645
21
1.1369862992125983
0
LINE
8
BLACK
6
CONTINUOUS
10
0.4950767322834645
20
1.1369862992125983
11
0.4967847637795276
21
1.1438183464566929
0
LINE
8
BLACK
6
CONTINUOUS
10
0.4967847637795276
20
1.1438183464566929
11
0.4967847637795276
21
1.1487155511811022
0
LINE
8
BLACK
6
CONTINUOUS
10
0.4967847637795276
20
1.1487155511811022
11
0.4950767322834645
21
1.1555475984251968
0
LINE
8
BLACK
6
CONTINUOUS
10
0.4950767322834645
20
1.1555475984251968
11
0.4935612598425197
21
1.1585785826771653
0
LINE
8
BLACK
6
CONTINUOUS
10
0.4935612598425197
20
1.1585785826771653
11
0.4906434251968504
21
1.1614963779527558
0
LINE
8
BLACK
6
CONTINUOUS
10
0.4906434251968504
20
1.1614963779527558
11
0.4861350393700787
21
1.1629992125984252
0
LINE
8
BLACK
6
CONTINUOUS
10
0.4861350393700787
20
1.1629992125984252
11
0.4801931102362205
21
1.1629992125984252
0
LINE
8
BLACK
6
CONTINUOUS
10
0.4801931102362205
20
1.1629992125984252
11
0.4801931102362205
21
1.1295346456692914
0
LINE
8
BLACK
6
CONTINUOUS
10
0.5307437007874015
20
1.168726653543307
11
0.530878937007874
21
1.1686131496062993
0
LINE
8
BLACK
6
CONTINUOUS
10
0.530878937007874
20
1.1686131496062993
11
0.5310542913385826
21
1.1685929921259843
0
LINE
8
BLACK
6
CONTINUOUS
10
0.5310542913385826
20
1.1685929921259843
11
0.5348038188976377
21
1.1667182283464568
0
LINE
8
BLACK
6
CONTINUOUS
10
0.5348038188976377
20
1.1667182283464568
11
0.535512874015748
21
1.1661922834645668
0
LINE
8
BLACK
6
CONTINUOUS
10
0.535512874015748
20
1.1661922834645668
11
0.5355712204724409
21
1.1661651181102362
0
LINE
8
BLACK
6
CONTINUOUS
10
0.5355712204724409
20
1.1661651181102362
11
0.5374459842519685
21
1.1642903543307086
0
LINE
8
BLACK
6
CONTINUOUS
10
0.5374459842519685
20
1.1642903543307086
11
0.5379522440944882
21
1.1635672440944882
0
LINE
8
BLACK
6
CONTINUOUS
10
0.5379522440944882
20
1.1635672440944882
11
0.5379990944881889
21
1.1635229527559054
0
LINE
8
BLACK
6
CONTINUOUS
10
0.5379990944881889
20
1.1635229527559054
11
0.5398738582677165
21
1.1597734251968503
0
LINE
8
BLACK
6
CONTINUOUS
10
0.5398738582677165
20
1.1597734251968503
11
0.5401662204724409
21
1.1587905118110235
0
LINE
8
BLACK
6
CONTINUOUS
10
0.5401662204724409
20
1.1587905118110235
11
0.5401251968503937
21
1.1586187795275591
0
LINE
8
BLACK
6
CONTINUOUS
10
0.5401251968503937
20
1.1586187795275591
11
0.5401855905511811
21
1.1584529133858268
0
LINE
8
BLACK
6
CONTINUOUS
10
0.5401855905511811
20
1.1584529133858268
11
0.5401855905511811
21
1.1547033858267717
0
LINE
8
BLACK
6
CONTINUOUS
10
0.5401855905511811
20
1.1547033858267717
11
0.5400322834645669
21
1.1538339763779528
0
LINE
8
BLACK
6
CONTINUOUS
10
0.5400322834645669
20
1.1538339763779528
11
0.5400340551181102
21
1.1537696062992127
0
LINE
8
BLACK
6
CONTINUOUS
10
0.5400340551181102
20
1.1537696062992127
11
0.5381592913385826
21
1.1481453543307087
0
LINE
8
BLACK
6
CONTINUOUS
10
0.5381592913385826
20
1.1481453543307087
11
0.5376709842519685
21
1.1472435826771654
0
LINE
8
BLACK
6
CONTINUOUS
10
0.5376709842519685
20
1.1472435826771654
11
0.5375205905511811
21
1.1471511811023622
0
LINE
8
BLACK
6
CONTINUOUS
10
0.5375205905511811
20
1.1471511811023622
11
0.5374459842519685
21
1.1469911811023621
0
LINE
8
BLACK
6
CONTINUOUS
10
0.5374459842519685
20
1.1469911811023621
11
0.5199894881889764
21
1.1295346456692914
0
LINE
8
BLACK
6
CONTINUOUS
10
0.5199894881889764
20
1.1295346456692914
11
0.5372328346456693
21
1.1295346456692914
0
LINE
8
BLACK
6
CONTINUOUS
10
0.5372328346456693
20
1.1295346456692914
11
0.5382427559055118
21
1.1293565748031495
0
LINE
8
BLACK
6
CONTINUOUS
10
0.5382427559055118
20
1.1293565748031495
11
0.53979
21
1.1280582677165354
0
LINE
8
BLACK
6
CONTINUOUS
10
0.53979
20
1.1280582677165354
11
0.540140748031496
21
1.1260691338582678
0
LINE
8
BLACK
6
CONTINUOUS
10
0.540140748031496
20
1.1260691338582678
11
0.5391308267716536
21
1.1243199606299212
0
LINE
8
BLACK
6
CONTINUOUS
10
0.5391308267716536
20
1.1243199606299212
11
0.5372328346456693
21
1.1236291338582678
0
LINE
8
BLACK
6
CONTINUOUS
10
0.5372328346456693
20
1.1236291338582678
11
0.512860905511811
21
1.1236291338582678
0
LINE
8
BLACK
6
CONTINUOUS
10
0.512860905511811
20
1.1236291338582678
11
0.5122261417322834
21
1.1237410236220473
0
LINE
8
BLACK
6
CONTINUOUS
10
0.5122261417322834
20
1.1237410236220473
11
0.5120966929133858
21
1.1237297244094488
0
LINE
8
BLACK
6
CONTINUOUS
10
0.5120966929133858
20
1.1237297244094488
11
0.5120314566929134
21
1.1237753543307087
0
LINE
8
BLACK
6
CONTINUOUS
10
0.5120314566929134
20
1.1237753543307087
11
0.5118509842519685
21
1.1238072047244094
0
LINE
8
BLACK
6
CONTINUOUS
10
0.5118509842519685
20
1.1238072047244094
11
0.5111701181102362
21
1.124378464566929
0
LINE
8
BLACK
6
CONTINUOUS
10
0.5111701181102362
20
1.124378464566929
11
0.510442125984252
21
1.1248882677165355
0
LINE
8
BLACK
6
CONTINUOUS
10
0.510442125984252
20
1.1248882677165355
11
0.5104071653543307
21
1.1250187007874015
0
LINE
8
BLACK
6
CONTINUOUS
10
0.5104071653543307
20
1.1250187007874015
11
0.5103037401574803
21
1.1251055118110236
0
LINE
8
BLACK
6
CONTINUOUS
10
0.5103037401574803
20
1.1251055118110236
11
0.5101493700787402
21
1.1259808267716536
0
LINE
8
BLACK
6
CONTINUOUS
10
0.5101493700787402
20
1.1259808267716536
11
0.5099194094488189
21
1.1268392125984252
0
LINE
8
BLACK
6
CONTINUOUS
10
0.5099194094488189
20
1.1268392125984252
11
0.5099764566929134
21
1.1269615354330709
0
LINE
8
BLACK
6
CONTINUOUS
10
0.5099764566929134
20
1.1269615354330709
11
0.5099529921259842
21
1.1270946456692914
0
LINE
8
BLACK
6
CONTINUOUS
10
0.5099529921259842
20
1.1270946456692914
11
0.5103974803149606
21
1.1278645275590551
0
LINE
8
BLACK
6
CONTINUOUS
10
0.5103974803149606
20
1.1278645275590551
11
0.5107729921259843
21
1.1286698031496063
0
LINE
8
BLACK
6
CONTINUOUS
10
0.5107729921259843
20
1.1286698031496063
11
0.5327772440944881
21
1.150674094488189
0
LINE
8
BLACK
6
CONTINUOUS
10
0.5327772440944881
20
1.150674094488189
11
0.5342800787401575
21
1.1551825196850394
0
LINE
8
BLACK
6
CONTINUOUS
10
0.5342800787401575
20
1.1551825196850394
11
0.5342800787401575
21
1.1577558661417322
0
LINE
8
BLACK
6
CONTINUOUS
10
0.5342800787401575
20
1.1577558661417322
11
0.5329313385826772
21
1.1604533464566928
0
LINE
8
BLACK
6
CONTINUOUS
10
0.5329313385826772
20
1.1604533464566928
11
0.5317342125984252
21
1.1616504724409449
0
LINE
8
BLACK
6
CONTINUOUS
10
0.5317342125984252
20
1.1616504724409449
11
0.5290367322834646
21
1.1629992125984252
0
LINE
8
BLACK
6
CONTINUOUS
10
0.5290367322834646
20
1.1629992125984252
11
0.5210570078740158
21
1.1629992125984252
0
LINE
8
BLACK
6
CONTINUOUS
10
0.5210570078740158
20
1.1629992125984252
11
0.5183595275590551
21
1.1616504724409449
0
LINE
8
BLACK
6
CONTINUOUS
10
0.5183595275590551
20
1.1616504724409449
11
0.5168235826771653
21
1.1601145275590552
0
LINE
8
BLACK
6
CONTINUOUS
10
0.5168235826771653
20
1.1601145275590552
11
0.5159835433070866
21
1.1595263385826771
0
LINE
8
BLACK
6
CONTINUOUS
10
0.5159835433070866
20
1.1595263385826771
11
0.5139714566929133
21
1.1593502755905511
0
LINE
8
BLACK
6
CONTINUOUS
10
0.5139714566929133
20
1.1593502755905511
11
0.5123168897637795
21
1.1605088188976378
0
LINE
8
BLACK
6
CONTINUOUS
10
0.5123168897637795
20
1.1605088188976378
11
0.5117941732283464
21
1.1624597637795275
0
LINE
8
BLACK
6
CONTINUOUS
10
0.5117941732283464
20
1.1624597637795275
11
0.5126477559055118
21
1.1642903543307086
0
LINE
8
BLACK
6
CONTINUOUS
10
0.5126477559055118
20
1.1642903543307086
11
0.5145225196850394
21
1.1661651181102362
0
LINE
8
BLACK
6
CONTINUOUS
10
0.5145225196850394
20
1.1661651181102362
11
0.5152455905511811
21
1.1666713779527558
0
LINE
8
BLACK
6
CONTINUOUS
10
0.5152455905511811
20
1.1666713779527558
11
0.5152899212598425
21
1.1667182283464568
0
LINE
8
BLACK
6
CONTINUOUS
10
0.5152899212598425
20
1.1667182283464568
11
0.5190394488188976
21
1.1685929921259843
0
LINE
8
BLACK
6
CONTINUOUS
10
0.5190394488188976
20
1.1685929921259843
11
0.5200223622047244
21
1.1688853543307087
0
LINE
8
BLACK
6
CONTINUOUS
10
0.5200223622047244
20
1.1688853543307087
11
0.5201940551181102
21
1.1688443307086613
0
LINE
8
BLACK
6
CONTINUOUS
10
0.5201940551181102
20
1.1688443307086613
11
0.5203599606299213
21
1.1689047244094488
0
LINE
8
BLACK
6
CONTINUOUS
10
0.5203599606299213
20
1.1689047244094488
11
0.5297337795275591
21
1.1689047244094488
0
LINE
8
BLACK
6
CONTINUOUS
10
0.5297337795275591
20
1.1689047244094488
11
0.5307437007874015
21
1.168726653543307
0
LINE
8
BLACK
6
CONTINUOUS
10
0.6482499212598425
20
1.3178499606299212
11
0.648940748031496
21
1.3159519685039369
0
LINE
8
BLACK
6
CONTINUOUS
10
0.648940748031496
20
1.3159519685039369
11
0.648940748031496
21
1.3005833858267717
0
LINE
8
BLACK
6
CONTINUOUS
10
0.648940748031496
20
1.3005833858267717
11
0.6663972440944882
21
1.3180398818897638
0
LINE
8
BLACK
6
CONTINUOUS
10
0.6663972440944882
20
1.3180398818897638
11
0.6672372834645669
21
1.3186280708661418
0
LINE
8
BLACK
6
CONTINUOUS
10
0.6672372834645669
20
1.3186280708661418
11
0.6692493700787402
21
1.3188040944881889
0
LINE
8
BLACK
6
CONTINUOUS
10
0.6692493700787402
20
1.3188040944881889
11
0.670903937007874
21
1.317645590551181
0
LINE
8
BLACK
6
CONTINUOUS
10
0.670903937007874
20
1.317645590551181
11
0.6714266535433071
21
1.3156946062992125
0
LINE
8
BLACK
6
CONTINUOUS
10
0.6714266535433071
20
1.3156946062992125
11
0.6705730708661417
21
1.3138640551181102
0
LINE
8
BLACK
6
CONTINUOUS
10
0.6705730708661417
20
1.3138640551181102
11
0.6555110236220473
21
1.2988020078740157
0
LINE
8
BLACK
6
CONTINUOUS
10
0.6555110236220473
20
1.2988020078740157
11
0.6708473622047244
21
1.2783535433070865
0
LINE
8
BLACK
6
CONTINUOUS
10
0.6708473622047244
20
1.2783535433070865
11
0.6713108661417323
21
1.2774387401574803
0
LINE
8
BLACK
6
CONTINUOUS
10
0.6713108661417323
20
1.2774387401574803
11
0.6712005511811023
21
1.275421968503937
0
LINE
8
BLACK
6
CONTINUOUS
10
0.6712005511811023
20
1.275421968503937
11
0.6698196850393701
21
1.2739479133858267
0
LINE
8
BLACK
6
CONTINUOUS
10
0.6698196850393701
20
1.2739479133858267
11
0.6678144094488189
21
1.2737063385826772
0
LINE
8
BLACK
6
CONTINUOUS
10
0.6678144094488189
20
1.2737063385826772
11
0.6661229527559055
21
1.2748102362204725
0
LINE
8
BLACK
6
CONTINUOUS
10
0.6661229527559055
20
1.2748102362204725
11
0.6512927952755906
21
1.294583779527559
0
LINE
8
BLACK
6
CONTINUOUS
10
0.6512927952755906
20
1.294583779527559
11
0.648940748031496
21
1.2922317322834644
0
LINE
8
BLACK
6
CONTINUOUS
10
0.648940748031496
20
1.2922317322834644
11
0.648940748031496
21
1.2765818897637795
0
LINE
8
BLACK
6
CONTINUOUS
10
0.648940748031496
20
1.2765818897637795
11
0.6487626771653543
21
1.2755719685039371
0
LINE
8
BLACK
6
CONTINUOUS
10
0.6487626771653543
20
1.2755719685039371
11
0.6474643700787401
21
1.2740247244094487
0
LINE
8
BLACK
6
CONTINUOUS
10
0.6474643700787401
20
1.2740247244094487
11
0.6454752362204724
21
1.2736739763779528
0
LINE
8
BLACK
6
CONTINUOUS
10
0.6454752362204724
20
1.2736739763779528
11
0.643726062992126
21
1.2746838976377952
0
LINE
8
BLACK
6
CONTINUOUS
10
0.643726062992126
20
1.2746838976377952
11
0.6430352362204724
21
1.2765818897637795
0
LINE
8
BLACK
6
CONTINUOUS
10
0.6430352362204724
20
1.2765818897637795
11
0.6430352362204724
21
1.3159519685039369
0
LINE
8
BLACK
6
CONTINUOUS
10
0.6430352362204724
20
1.3159519685039369
11
0.6432133070866142
21
1.3169618897637796
0
LINE
8
BLACK
6
CONTINUOUS
10
0.6432133070866142
20
1.3169618897637796
11
0.6445116141732283
21
1.3185091338582677
0
LINE
8
BLACK
6
CONTINUOUS
10
0.6445116141732283
20
1.3185091338582677
11
0.646500748031496
21
1.3188598818897637
0
LINE
8
BLACK
6
CONTINUOUS
10
0.646500748031496
20
1.3188598818897637
11
0.6482499212598425
21
1.3178499606299212
0
LINE
8
BLACK
6
CONTINUOUS
10
0.7858267716535433
20
1.4464566929133857
11
0.7872187007874015
21
1.4458801181102361
0
LINE
8
BLACK
6
CONTINUOUS
10
0.7872187007874015
20
1.4458801181102361
11
0.7877952755905512
21
1.4444881889763779
0
LINE
8
BLACK
6
CONTINUOUS
10
0.7877952755905512
20
1.4444881889763779
11
0.7877952755905512
21
0.381496062992126
0
LINE
8
BLACK
6
CONTINUOUS
10
0.7877952755905512
20
0.381496062992126
11
0.7872187007874015
21
0.3801041338582677
0
LINE
8
BLACK
6
CONTINUOUS
10
0.7872187007874015
20
0.3801041338582677
11
0.7858267716535433
21
0.3795275590551181
0
LINE
8
BLACK
6
CONTINUOUS
10
0.7858267716535433
20
0.3795275590551181
11
0.2267716535433071
21
0.3795275590551181
0
LINE
8
BLACK
6
CONTINUOUS
10
0.2267716535433071
20
0.3795275590551181
11
0.2253797244094488
21
0.3801041338582677
0
LINE
8
BLACK
6
CONTINUOUS
10
0.2253797244094488
20
0.3801041338582677
11
0.2248031496062992
21
0.381496062992126
0
LINE
8
BLACK
6
CONTINUOUS
10
0.2248031496062992
20
0.381496062992126
11
0.2248031496062992
21
1.4444881889763779
0
LINE
8
BLACK
6
CONTINUOUS
10
0.2248031496062992
20
1.4444881889763779
11
0.2253797244094488
21
1.4458801181102361
0
LINE
8
BLACK
6
CONTINUOUS
10
0.2253797244094488
20
1.4458801181102361
11
0.2267716535433071
21
1.4464566929133857
0
LINE
8
BLACK
6
CONTINUOUS
10
0.2267716535433071
20
1.4464566929133857
11
0.7858267716535433
21
1.4464566929133857
0
LINE
8
BLACK
6
CONTINUOUS
10
0.228740157480315
20
1.44251968503937
11
0.228740157480315
21
0.3834645669291338
0
LINE
8
BLACK
6
CONTINUOUS
10
0.228740157480315
20
0.3834645669291338
11
0.7838582677165354
21
0.3834645669291338
0
LINE
8
BLACK
6
CONTINUOUS
10
0.7838582677165354
20
0.3834645669291338
11
0.7838582677165354
21
1.44251968503937
0
LINE
8
BLACK
6
CONTINUOUS
10
0.7838582677165354
20
1.44251968503937
11
0.228740157480315
21
1.44251968503937
0
LINE
8
BLACK
6
CONTINUOUS
10
3.375
20
0.89
11
3.3149999999999999
21
0.89
0
LINE
8
BLACK
6
CONTINUOUS
10
3.3149999999999999
20
0.89
11
3.3149999999999999
21
0.95
0
LINE
8
BLACK
6
CONTINUOUS
10
3.3149999999999999
20
0.95
11
3.375
21
0.95
0
LINE
8
BLACK
6
CONTINUOUS
10
3.375
20
0.95
11
3.375
21
0.89
0
LINE
8
BLACK
6
CONTINUOUS
10
3.4750000000000001
20
0.89
11
3.415
21
0.89
0
LINE
8
BLACK
6
CONTINUOUS
10
3.415
20
0.89
11
3.415
21
0.95
0
LINE
8
BLACK
6
CONTINUOUS
10
3.415
20
0.95
11
3.4750000000000001
21
0.95
0
LINE
8
BLACK
6
CONTINUOUS
10
3.4750000000000001
20
0.95
11
3.4750000000000001
21
0.89
0
LINE
8
BLACK
6
CONTINUOUS
10
3.375
20
0.99
11
3.3149999999999999
21
0.99
0
LINE
8
BLACK
6
CONTINUOUS
10
3.3149999999999999
20
0.99
11
3.3149999999999999
21
1.05
0
LINE
8
BLACK
6
CONTINUOUS
10
3.3149999999999999
20
1.05
11
3.375
21
1.05
0
LINE
8
BLACK
6
CONTINUOUS
10
3.375
20
1.05
11
3.375
21
0.99
0
LINE
8
BLACK
6
CONTINUOUS
10
3.4750000000000001
20
0.99
11
3.415
21
0.99
0
LINE
8
BLACK
6
CONTINUOUS
10
3.415
20
0.99
11
3.415
21
1.05
0
LINE
8
BLACK
6
CONTINUOUS
10
3.415
20
1.05
11
3.4750000000000001
21
1.05
0
LINE
8
BLACK
6
CONTINUOUS
10
3.4750000000000001
20
1.05
11
3.4750000000000001
21
0.99
0
LINE
8
BLACK
6
CONTINUOUS
10
3.375
20
1.0900000000000001
11
3.3149999999999999
21
1.0900000000000001
0
LINE
8
BLACK
6
CONTINUOUS
10
3.3149999999999999
20
1.0900000000000001
11
3.3149999999999999
21
1.1499999999999999
0
LINE
8
BLACK
6
CONTINUOUS
10
3.3149999999999999
20
1.1499999999999999
11
3.375
21
1.1499999999999999
0
LINE
8
BLACK
6
CONTINUOUS
10
3.375
20
1.1499999999999999
11
3.375
21
1.0900000000000001
0
LINE
8
BLACK
6
CONTINUOUS
10
3.4750000000000001
20
1.0900000000000001
11
3.415
21
1.0900000000000001
0
LINE
8
BLACK
6
CONTINUOUS
10
3.415
20
1.0900000000000001
11
3.415
21
1.1499999999999999
0
LINE
8
BLACK
6
CONTINUOUS
10
3.415
20
1.1499999999999999
11
3.4750000000000001
21
1.1499999999999999
0
LINE
8
BLACK
6
CONTINUOUS
10
3.4750000000000001
20
1.1499999999999999
11
3.4750000000000001
21
1.0900000000000001
0
LINE
8
BLACK
6
CONTINUOUS
10
3.375
20
1.1899999999999999
11
3.3149999999999999
21
1.1899999999999999
0
LINE
8
BLACK
6
CONTINUOUS
10
3.3149999999999999
20
1.1899999999999999
11
3.3149999999999999
21
1.25
0
LINE
8
BLACK
6
CONTINUOUS
10
3.3149999999999999
20
1.25
11
3.375
21
1.25
0
LINE
8
BLACK
6
CONTINUOUS
10
3.375
20
1.25
11
3.375
21
1.1899999999999999
0
LINE
8
BLACK
6
CONTINUOUS
10
3.4750000000000001
20
1.1899999999999999
11
3.415
21
1.1899999999999999
0
LINE
8
BLACK
6
CONTINUOUS
10
3.415
20
1.1899999999999999
11
3.415
21
1.25
0
LINE
8
BLACK
6
CONTINUOUS
10
3.415
20
1.25
11
3.4750000000000001
21
1.25
0
LINE
8
BLACK
6
CONTINUOUS
10
3.4750000000000001
20
1.25
11
3.4750000000000001
21
1.1899999999999999
0
LINE
8
BLACK
6
CONTINUOUS
10
3.375
20
1.29
11
3.3149999999999999
21
1.29
0
LINE
8
BLACK
6
CONTINUOUS
10
3.3149999999999999
20
1.29
11
3.3149999999999999
21
1.3499999999999999
0
LINE
8
BLACK
6
CONTINUOUS
10
3.3149999999999999
20
1.3499999999999999
11
3.375
21
1.3499999999999999
0
LINE
8
BLACK
6
CONTINUOUS
10
3.375
20
1.3499999999999999
11
3.375
21
1.29
0
LINE
8
BLACK
6
CONTINUOUS
10
3.4750000000000001
20
1.29
11
3.415
21
1.29
0
LINE
8
BLACK
6
CONTINUOUS
10
3.415
20
1.29
11
3.415
21
1.3499999999999999
0
LINE
8
BLACK
6
CONTINUOUS
10
3.415
20
1.3499999999999999
11
3.4750000000000001
21
1.3499999999999999
0
LINE
8
BLACK
6
CONTINUOUS
10
3.4750000000000001
20
1.3499999999999999
11
3.4750000000000001
21
1.29
0
LINE
8
BLACK
6
CONTINUOUS
10
3.4750000000000001
20
1.3899999999999999
11
3.415
21
1.3899999999999999
0
LINE
8
BLACK
6
CONTINUOUS
10
3.415
20
1.3899999999999999
11
3.415
21
1.45
0
LINE
8
BLACK
6
CONTINUOUS
10
3.415
20
1.45
11
3.4750000000000001
21
1.45
0
LINE
8
BLACK
6
CONTINUOUS
10
3.4750000000000001
20
1.45
11
3.4750000000000001
21
1.3899999999999999
0
LINE
8
BLACK
6
CONTINUOUS
10
3.375
20
1.3899999999999999
11
3.3149999999999999
21
1.3899999999999999
0
LINE
8
BLACK
6
CONTINUOUS
10
3.3149999999999999
20
1.3899999999999999
11
3.3149999999999999
21
1.45
0
LINE
8
BLACK
6
CONTINUOUS
10
3.3149999999999999
20
1.45
11
3.375
21
1.45
0
LINE
8
BLACK
6
CONTINUOUS
10
3.375
20
1.45
11
3.375
21
1.3899999999999999
0
LINE
8
BLACK
6
CONTINUOUS
10
3.395
20
1.4729527559055118
11
3.4950000000000001
21
1.4729527559055118
0
LINE
8
BLACK
6
CONTINUOUS
10
3.4950000000000001
20
1.4729527559055118
11
3.4953835039370076
21
1.4728851181102363
0
LINE
8
BLACK
6
CONTINUOUS
10
3.4953835039370076
20
1.4728851181102363
11
3.4955127559055117
21
1.4729079133858267
0
LINE
8
BLACK
6
CONTINUOUS
10
3.4955127559055117
20
1.4729079133858267
11
3.4956263385826771
21
1.4728422834645669
0
LINE
8
BLACK
6
CONTINUOUS
10
3.4956263385826771
20
1.4728422834645669
11
3.4960099212598426
21
1.4727746850393701
0
LINE
8
BLACK
6
CONTINUOUS
10
3.4960099212598426
20
1.4727746850393701
11
3.4965975984251969
21
1.4722815354330709
0
LINE
8
BLACK
6
CONTINUOUS
10
3.4965975984251969
20
1.4722815354330709
11
3.4972619291338582
21
1.4718979921259843
0
LINE
8
BLACK
6
CONTINUOUS
10
3.4972619291338582
20
1.4718979921259843
11
3.497353031496063
21
1.4716476377952756
0
LINE
8
BLACK
6
CONTINUOUS
10
3.497353031496063
20
1.4716476377952756
11
3.4975571653543307
21
1.4714763779527558
0
LINE
8
BLACK
6
CONTINUOUS
10
3.4975571653543307
20
1.4714763779527558
11
3.4976903937007875
21
1.4707207874015749
0
LINE
8
BLACK
6
CONTINUOUS
10
3.4976903937007875
20
1.4707207874015749
11
3.4979527559055117
21
1.47
0
LINE
8
BLACK
6
CONTINUOUS
10
3.4979527559055117
20
1.47
11
3.4979527559055117
21
1.3699999999999999
0
LINE
8
BLACK
6
CONTINUOUS
10
3.4979527559055117
20
1.3699999999999999
11
3.4979527559055117
21
1.27
0
LINE
8
BLACK
6
CONTINUOUS
10
3.4979527559055117
20
1.27
11
3.4979527559055117
21
1.1699999999999999
0
LINE
8
BLACK
6
CONTINUOUS
10
3.4979527559055117
20
1.1699999999999999
11
3.4979527559055117
21
1.0700000000000001
0
LINE
8
BLACK
6
CONTINUOUS
10
3.4979527559055117
20
1.0700000000000001
11
3.4979527559055117
21
0.97
0
LINE
8
BLACK
6
CONTINUOUS
10
3.4979527559055117
20
0.97
11
3.4979527559055117
21
0.87
0
LINE
8
BLACK
6
CONTINUOUS
10
3.4979527559055117
20
0.87
11
3.4978851181102359
21
0.8696164566929133
0
LINE
8
BLACK
6
CONTINUOUS
10
3.4978851181102359
20
0.8696164566929133
11
3.4979079133858266
21
0.8694872440944882
0
LINE
8
BLACK
6
CONTINUOUS
10
3.4979079133858266
20
0.8694872440944882
11
3.4978422834645668
21
0.8693736220472441
0
LINE
8
BLACK
6
CONTINUOUS
10
3.4978422834645668
20
0.8693736220472441
11
3.4977746850393698
21
0.8689900787401574
0
LINE
8
BLACK
6
CONTINUOUS
10
3.4977746850393698
20
0.8689900787401574
11
3.4972815354330709
21
0.8684023622047244
0
LINE
8
BLACK
6
CONTINUOUS
10
3.4972815354330709
20
0.8684023622047244
11
3.4968979921259842
21
0.8677380708661417
0
LINE
8
BLACK
6
CONTINUOUS
10
3.4968979921259842
20
0.8677380708661417
11
3.4966476377952755
21
0.8676469291338582
0
LINE
8
BLACK
6
CONTINUOUS
10
3.4966476377952755
20
0.8676469291338582
11
3.4964763779527557
21
0.8674428346456693
0
LINE
8
BLACK
6
CONTINUOUS
10
3.4964763779527557
20
0.8674428346456693
11
3.4957207874015745
21
0.8673095669291339
0
LINE
8
BLACK
6
CONTINUOUS
10
3.4957207874015745
20
0.8673095669291339
11
3.4950000000000001
21
0.8670472440944882
0
LINE
8
BLACK
6
CONTINUOUS
10
3.4950000000000001
20
0.8670472440944882
11
3.2949999999999999
21
0.8670472440944882
0
LINE
8
BLACK
6
CONTINUOUS
10
3.2949999999999999
20
0.8670472440944882
11
3.2946164566929133
21
0.8671148425196851
0
LINE
8
BLACK
6
CONTINUOUS
10
3.2946164566929133
20
0.8671148425196851
11
3.2944872440944879
21
0.8670920866141733
0
LINE
8
BLACK
6
CONTINUOUS
10
3.2944872440944879
20
0.8670920866141733
11
3.2943736220472442
21
0.8671576771653543
0
LINE
8
BLACK
6
CONTINUOUS
10
3.2943736220472442
20
0.8671576771653543
11
3.2939900787401575
21
0.8672253149606299
0
LINE
8
BLACK
6
CONTINUOUS
10
3.2939900787401575
20
0.8672253149606299
11
3.2934023622047244
21
0.8677184251968504
0
LINE
8
BLACK
6
CONTINUOUS
10
3.2934023622047244
20
0.8677184251968504
11
3.2927380708661418
21
0.8681020078740157
0
LINE
8
BLACK
6
CONTINUOUS
10
3.2927380708661418
20
0.8681020078740157
11
3.2926469291338583
21
0.8683523228346457
0
LINE
8
BLACK
6
CONTINUOUS
10
3.2926469291338583
20
0.8683523228346457
11
3.2924428346456693
21
0.8685236220472441
0
LINE
8
BLACK
6
CONTINUOUS
10
3.2924428346456693
20
0.8685236220472441
11
3.2923095669291338
21
0.8692791732283465
0
LINE
8
BLACK
6
CONTINUOUS
10
3.2923095669291338
20
0.8692791732283465
11
3.2920472440944879
21
0.87
0
LINE
8
BLACK
6
CONTINUOUS
10
3.2920472440944879
20
0.87
11
3.2920472440944879
21
0.97
0
LINE
8
BLACK
6
CONTINUOUS
10
3.2920472440944879
20
0.97
11
3.2920472440944879
21
1.0700000000000001
0
LINE
8
BLACK
6
CONTINUOUS
10
3.2920472440944879
20
1.0700000000000001
11
3.2920472440944879
21
1.1699999999999999
0
LINE
8
BLACK
6
CONTINUOUS
10
3.2920472440944879
20
1.1699999999999999
11
3.2920472440944879
21
1.27
0
LINE
8
BLACK
6
CONTINUOUS
10
3.2920472440944879
20
1.27
11
3.2920472440944879
21
1.3699999999999999
0
LINE
8
BLACK
6
CONTINUOUS
10
3.2920472440944879
20
1.3699999999999999
11
3.2920472440944879
21
1.47
0
LINE
8
BLACK
6
CONTINUOUS
10
3.2920472440944879
20
1.47
11
3.2921148425196849
21
1.4703835039370079
0
LINE
8
BLACK
6
CONTINUOUS
10
3.2921148425196849
20
1.4703835039370079
11
3.292092086614173
21
1.4705127559055118
0
LINE
8
BLACK
6
CONTINUOUS
10
3.292092086614173
20
1.4705127559055118
11
3.2921576771653545
21
1.4706263385826772
0
LINE
8
BLACK
6
CONTINUOUS
10
3.2921576771653545
20
1.4706263385826772
11
3.2922253149606298
21
1.4710099212598424
0
LINE
8
BLACK
6
CONTINUOUS
10
3.2922253149606298
20
1.4710099212598424
11
3.2927184251968504
21
1.4715975984251968
0
LINE
8
BLACK
6
CONTINUOUS
10
3.2927184251968504
20
1.4715975984251968
11
3.2931020078740159
21
1.4722619291338583
0
LINE
8
BLACK
6
CONTINUOUS
10
3.2931020078740159
20
1.4722619291338583
11
3.2933523228346457
21
1.4723530314960629
0
LINE
8
BLACK
6
CONTINUOUS
10
3.2933523228346457
20
1.4723530314960629
11
3.2935236220472439
21
1.4725571653543306
0
LINE
8
BLACK
6
CONTINUOUS
10
3.2935236220472439
20
1.4725571653543306
11
3.2942791732283463
21
1.4726903937007874
0
LINE
8
BLACK
6
CONTINUOUS
10
3.2942791732283463
20
1.4726903937007874
11
3.2949999999999999
21
1.4729527559055118
0
LINE
8
BLACK
6
CONTINUOUS
10
3.2949999999999999
20
1.4729527559055118
11
3.395
21
1.4729527559055118
0
LINE
8
BLACK
6
CONTINUOUS
10
3.297952755905512
20
0.9670472440944882
11
3.297952755905512
21
0.8729527559055118
0
LINE
8
BLACK
6
CONTINUOUS
10
3.297952755905512
20
0.8729527559055118
11
3.4920472440944881
21
0.8729527559055118
0
LINE
8
BLACK
6
CONTINUOUS
10
3.4920472440944881
20
0.8729527559055118
11
3.4920472440944881
21
0.9670472440944882
0
LINE
8
BLACK
6
CONTINUOUS
10
3.4920472440944881
20
0.9670472440944882
11
3.297952755905512
21
0.9670472440944882
0
LINE
8
BLACK
6
CONTINUOUS
10
3.297952755905512
20
1.0670472440944883
11
3.297952755905512
21
0.9729527559055118
0
LINE
8
BLACK
6
CONTINUOUS
10
3.297952755905512
20
0.9729527559055118
11
3.4920472440944881
21
0.9729527559055118
0
LINE
8
BLACK
6
CONTINUOUS
10
3.4920472440944881
20
0.9729527559055118
11
3.4920472440944881
21
1.0670472440944883
0
LINE
8
BLACK
6
CONTINUOUS
10
3.4920472440944881
20
1.0670472440944883
11
3.297952755905512
21
1.0670472440944883
0
LINE
8
BLACK
6
CONTINUOUS
10
3.297952755905512
20
1.1670472440944881
11
3.297952755905512
21
1.0729527559055119
0
LINE
8
BLACK
6
CONTINUOUS
10
3.297952755905512
20
1.0729527559055119
11
3.4920472440944881
21
1.0729527559055119
0
LINE
8
BLACK
6
CONTINUOUS
10
3.4920472440944881
20
1.0729527559055119
11
3.4920472440944881
21
1.1670472440944881
0
LINE
8
BLACK
6
CONTINUOUS
10
3.4920472440944881
20
1.1670472440944881
11
3.297952755905512
21
1.1670472440944881
0
LINE
8
BLACK
6
CONTINUOUS
10
3.297952755905512
20
1.2670472440944882
11
3.297952755905512
21
1.1729527559055117
0
LINE
8
BLACK
6
CONTINUOUS
10
3.297952755905512
20
1.1729527559055117
11
3.4920472440944881
21
1.1729527559055117
0
LINE
8
BLACK
6
CONTINUOUS
10
3.4920472440944881
20
1.1729527559055117
11
3.4920472440944881
21
1.2670472440944882
0
LINE
8
BLACK
6
CONTINUOUS
10
3.4920472440944881
20
1.2670472440944882
11
3.395
21
1.2670472440944882
0
LINE
8
BLACK
6
CONTINUOUS
10
3.395
20
1.2670472440944882
11
3.297952755905512
21
1.2670472440944882
0
LINE
8
BLACK
6
CONTINUOUS
10
3.297952755905512
20
1.3670472440944881
11
3.297952755905512
21
1.2729527559055118
0
LINE
8
BLACK
6
CONTINUOUS
10
3.297952755905512
20
1.2729527559055118
11
3.392047244094488
21
1.2729527559055118
0
LINE
8
BLACK
6
CONTINUOUS
10
3.392047244094488
20
1.2729527559055118
11
3.392047244094488
21
1.3670472440944881
0
LINE
8
BLACK
6
CONTINUOUS
10
3.392047244094488
20
1.3670472440944881
11
3.297952755905512
21
1.3670472440944881
0
LINE
8
BLACK
6
CONTINUOUS
10
3.3979527559055116
20
1.3670472440944881
11
3.3979527559055116
21
1.2729527559055118
0
LINE
8
BLACK
6
CONTINUOUS
10
3.3979527559055116
20
1.2729527559055118
11
3.4920472440944881
21
1.2729527559055118
0
LINE
8
BLACK
6
CONTINUOUS
10
3.4920472440944881
20
1.2729527559055118
11
3.4920472440944881
21
1.3670472440944881
0
LINE
8
BLACK
6
CONTINUOUS
10
3.4920472440944881
20
1.3670472440944881
11
3.3979527559055116
21
1.3670472440944881
0
LINE
8
BLACK
6
CONTINUOUS
10
3.3979527559055116
20
1.4670472440944882
11
3.3979527559055116
21
1.3729527559055117
0
LINE
8
BLACK
6
CONTINUOUS
10
3.3979527559055116
20
1.3729527559055117
11
3.4920472440944881
21
1.3729527559055117
0
LINE
8
BLACK
6
CONTINUOUS
10
3.4920472440944881
20
1.3729527559055117
11
3.4920472440944881
21
1.4670472440944882
0
LINE
8
BLACK
6
CONTINUOUS
10
3.4920472440944881
20
1.4670472440944882
11
3.3979527559055116
21
1.4670472440944882
0
LINE
8
BLACK
6
CONTINUOUS
10
3.297952755905512
20
1.4670472440944882
11
3.297952755905512
21
1.3729527559055117
0
LINE
8
BLACK
6
CONTINUOUS
10
3.297952755905512
20
1.3729527559055117
11
3.392047244094488
21
1.3729527559055117
0
LINE
8
BLACK
6
CONTINUOUS
10
3.392047244094488
20
1.3729527559055117
11
3.392047244094488
21
1.4670472440944882
0
LINE
8
BLACK
6
CONTINUOUS
10
3.392047244094488
20
1.4670472440944882
11
3.297952755905512
21
1.4670472440944882
0
LINE
8
BLACK
6
CONTINUOUS
10
1.98
20
0.895
11
1.9199999999999999
21
0.895
0
LINE
8
BLACK
6
CONTINUOUS
10
1.9199999999999999
20
0.895
11
1.9199999999999999
21
0.955
0
LINE
8
BLACK
6
CONTINUOUS
10
1.9199999999999999
20
0.955
11
1.98
21
0.955
0
LINE
8
BLACK
6
CONTINUOUS
10
1.98
20
0.955
11
1.98
21
0.895
0
LINE
8
BLACK
6
CONTINUOUS
10
2.0800000000000001
20
0.895
11
2.02
21
0.895
0
LINE
8
BLACK
6
CONTINUOUS
10
2.02
20
0.895
11
2.02
21
0.955
0
LINE
8
BLACK
6
CONTINUOUS
10
2.02
20
0.955
11
2.0800000000000001
21
0.955
0
LINE
8
BLACK
6
CONTINUOUS
10
2.0800000000000001
20
0.955
11
2.0800000000000001
21
0.895
0
LINE
8
BLACK
6
CONTINUOUS
10
2.1800000000000002
20
0.895
11
2.1200000000000001
21
0.895
0
LINE
8
BLACK
6
CONTINUOUS
10
2.1200000000000001
20
0.895
11
2.1200000000000001
21
0.955
0
LINE
8
BLACK
6
CONTINUOUS
10
2.1200000000000001
20
0.955
11
2.1800000000000002
21
0.955
0
LINE
8
BLACK
6
CONTINUOUS
10
2.1800000000000002
20
0.955
11
2.1800000000000002
21
0.895
0
LINE
8
BLACK
6
CONTINUOUS
10
1.98
20
0.995
11
1.9199999999999999
21
0.995
0
LINE
8
BLACK
6
CONTINUOUS
10
1.9199999999999999
20
0.995
11
1.9199999999999999
21
1.0549999999999999
0
LINE
8
BLACK
6
CONTINUOUS
10
1.9199999999999999
20
1.0549999999999999
11
1.98
21
1.0549999999999999
0
LINE
8
BLACK
6
CONTINUOUS
10
1.98
20
1.0549999999999999
11
1.98
21
0.995
0
LINE
8
BLACK
6
CONTINUOUS
10
2.0800000000000001
20
0.995
11
2.02
21
0.995
0
LINE
8
BLACK
6
CONTINUOUS
10
2.02
20
0.995
11
2.02
21
1.0549999999999999
0
LINE
8
BLACK
6
CONTINUOUS
10
2.02
20
1.0549999999999999
11
2.0800000000000001
21
1.0549999999999999
0
LINE
8
BLACK
6
CONTINUOUS
10
2.0800000000000001
20
1.0549999999999999
11
2.0800000000000001
21
0.995
0
LINE
8
BLACK
6
CONTINUOUS
10
2.1800000000000002
20
0.995
11
2.1200000000000001
21
0.995
0
LINE
8
BLACK
6
CONTINUOUS
10
2.1200000000000001
20
0.995
11
2.1200000000000001
21
1.0549999999999999
0
LINE
8
BLACK
6
CONTINUOUS
10
2.1200000000000001
20
1.0549999999999999
11
2.1800000000000002
21
1.0549999999999999
0
LINE
8
BLACK
6
CONTINUOUS
10
2.1800000000000002
20
1.0549999999999999
11
2.1800000000000002
21
0.995
0
LINE
8
BLACK
6
CONTINUOUS
10
2.2003835039370077
20
1.0778851181102362
11
2.2005127559055118
21
1.0779079133858267
0
LINE
8
BLACK
6
CONTINUOUS
10
2.2005127559055118
20
1.0779079133858267
11
2.2006263385826772
21
1.0778422834645669
0
LINE
8
BLACK
6
CONTINUOUS
10
2.2006263385826772
20
1.0778422834645669
11
2.2010099212598426
21
1.0777746850393701
0
LINE
8
BLACK
6
CONTINUOUS
10
2.2010099212598426
20
1.0777746850393701
11
2.201597598425197
21
1.0772815354330709
0
LINE
8
BLACK
6
CONTINUOUS
10
2.201597598425197
20
1.0772815354330709
11
2.2022619291338583
21
1.0768979921259842
0
LINE
8
BLACK
6
CONTINUOUS
10
2.2022619291338583
20
1.0768979921259842
11
2.2023530314960631
21
1.0766476377952756
0
LINE
8
BLACK
6
CONTINUOUS
10
2.2023530314960631
20
1.0766476377952756
11
2.2025571653543308
21
1.076476377952756
0
LINE
8
BLACK
6
CONTINUOUS
10
2.2025571653543308
20
1.076476377952756
11
2.2026903937007876
21
1.0757207874015748
0
LINE
8
BLACK
6
CONTINUOUS
10
2.2026903937007876
20
1.0757207874015748
11
2.2029527559055118
21
1.075
0
LINE
8
BLACK
6
CONTINUOUS
10
2.2029527559055118
20
1.075
11
2.2029527559055118
21
0.875
0
LINE
8
BLACK
6
CONTINUOUS
10
2.2029527559055118
20
0.875
11
2.202885118110236
21
0.8746164566929133
0
LINE
8
BLACK
6
CONTINUOUS
10
2.202885118110236
20
0.8746164566929133
11
2.2029079133858267
21
0.8744872440944882
0
LINE
8
BLACK
6
CONTINUOUS
10
2.2029079133858267
20
0.8744872440944882
11
2.2028422834645669
21
0.8743736220472441
0
LINE
8
BLACK
6
CONTINUOUS
10
2.2028422834645669
20
0.8743736220472441
11
2.2027746850393699
21
0.8739900787401574
0
LINE
8
BLACK
6
CONTINUOUS
10
2.2027746850393699
20
0.8739900787401574
11
2.2022815354330709
21
0.8734023622047243
0
LINE
8
BLACK
6
CONTINUOUS
10
2.2022815354330709
20
0.8734023622047243
11
2.2018979921259842
21
0.8727380708661417
0
LINE
8
BLACK
6
CONTINUOUS
10
2.2018979921259842
20
0.8727380708661417
11
2.2016476377952756
21
0.8726469291338582
0
LINE
8
BLACK
6
CONTINUOUS
10
2.2016476377952756
20
0.8726469291338582
11
2.2014763779527557
21
0.8724428346456693
0
LINE
8
BLACK
6
CONTINUOUS
10
2.2014763779527557
20
0.8724428346456693
11
2.2007207874015746
21
0.8723095669291339
0
LINE
8
BLACK
6
CONTINUOUS
10
2.2007207874015746
20
0.8723095669291339
11
2.1999999999999997
21
0.8720472440944882
0
LINE
8
BLACK
6
CONTINUOUS
10
2.1999999999999997
20
0.8720472440944882
11
1.8999999999999999
21
0.8720472440944882
0
LINE
8
BLACK
6
CONTINUOUS
10
1.8999999999999999
20
0.8720472440944882
11
1.8996164566929132
21
0.8721148425196851
0
LINE
8
BLACK
6
CONTINUOUS
10
1.8996164566929132
20
0.8721148425196851
11
1.8994872440944881
21
0.8720920866141733
0
LINE
8
BLACK
6
CONTINUOUS
10
1.8994872440944881
20
0.8720920866141733
11
1.8993736220472441
21
0.8721576771653543
0
LINE
8
BLACK
6
CONTINUOUS
10
1.8993736220472441
20
0.8721576771653543
11
1.8989900787401575
21
0.8722253149606299
0
LINE
8
BLACK
6
CONTINUOUS
10
1.8989900787401575
20
0.8722253149606299
11
1.8984023622047244
21
0.8727184251968504
0
LINE
8
BLACK
6
CONTINUOUS
10
1.8984023622047244
20
0.8727184251968504
11
1.8977380708661418
21
0.8731020078740157
0
LINE
8
BLACK
6
CONTINUOUS
10
1.8977380708661418
20
0.8731020078740157
11
1.8976469291338582
21
0.8733523228346457
0
LINE
8
BLACK
6
CONTINUOUS
10
1.8976469291338582
20
0.8733523228346457
11
1.8974428346456693
21
0.8735236220472441
0
LINE
8
BLACK
6
CONTINUOUS
10
1.8974428346456693
20
0.8735236220472441
11
1.8973095669291338
21
0.8742791732283465
0
LINE
8
BLACK
6
CONTINUOUS
10
1.8973095669291338
20
0.8742791732283465
11
1.8970472440944881
21
0.875
0
LINE
8
BLACK
6
CONTINUOUS
10
1.8970472440944881
20
0.875
11
1.8970472440944881
21
1.075
0
LINE
8
BLACK
6
CONTINUOUS
10
1.8970472440944881
20
1.075
11
1.8971148425196851
21
1.0753835039370079
0
LINE
8
BLACK
6
CONTINUOUS
10
1.8971148425196851
20
1.0753835039370079
11
1.8970920866141732
21
1.0755127559055118
0
LINE
8
BLACK
6
CONTINUOUS
10
1.8970920866141732
20
1.0755127559055118
11
1.8971576771653542
21
1.0756263385826772
0
LINE
8
BLACK
6
CONTINUOUS
10
1.8971576771653542
20
1.0756263385826772
11
1.89722531496063
21
1.0760099212598424
0
LINE
8
BLACK
6
CONTINUOUS
10
1.89722531496063
20
1.0760099212598424
11
1.8977184251968504
21
1.0765975984251968
0
LINE
8
BLACK
6
CONTINUOUS
10
1.8977184251968504
20
1.0765975984251968
11
1.8981020078740156
21
1.0772619291338583
0
LINE
8
BLACK
6
CONTINUOUS
10
1.8981020078740156
20
1.0772619291338583
11
1.8983523228346457
21
1.0773530314960629
0
LINE
8
BLACK
6
CONTINUOUS
10
1.8983523228346457
20
1.0773530314960629
11
1.8985236220472441
21
1.0775571653543308
0
LINE
8
BLACK
6
CONTINUOUS
10
1.8985236220472441
20
1.0775571653543308
11
1.8992791732283465
21
1.0776903937007873
0
LINE
8
BLACK
6
CONTINUOUS
10
1.8992791732283465
20
1.0776903937007873
11
1.8999999999999999
21
1.0779527559055118
0
LINE
8
BLACK
6
CONTINUOUS
10
1.8999999999999999
20
1.0779527559055118
11
2.1999999999999997
21
1.0779527559055118
0
LINE
8
BLACK
6
CONTINUOUS
10
2.1999999999999997
20
1.0779527559055118
11
2.2003835039370077
21
1.0778851181102362
0
LINE
8
BLACK
6
CONTINUOUS
10
1.9029527559055117
20
1.0720472440944881
11
1.9029527559055117
21
0.8779527559055118
0
LINE
8
BLACK
6
CONTINUOUS
10
1.9029527559055117
20
0.8779527559055118
11
2.1970472440944881
21
0.8779527559055118
0
LINE
8
BLACK
6
CONTINUOUS
10
2.1970472440944881
20
0.8779527559055118
11
2.1970472440944881
21
1.0720472440944881
0
LINE
8
BLACK
6
CONTINUOUS
10
2.1970472440944881
20
1.0720472440944881
11
1.9029527559055117
21
1.0720472440944881
0
LINE
8
BLACK
6
CONTINUOUS
10
3.2191268503937005
20
0.9532322440944881
11
3.2212884251968501
21
0.9510706692913385
0
LINE
8
BLACK
6
CONTINUOUS
10
3.2212884251968501
20
0.9510706692913385
11
3.2220796062992125
21
0.9481179133858267
0
LINE
8
BLACK
6
CONTINUOUS
10
3.2220796062992125
20
0.9481179133858267
11
3.2212884251968501
21
0.9451651574803149
0
LINE
8
BLACK
6
CONTINUOUS
10
3.2212884251968501
20
0.9451651574803149
11
3.2191268503937005
21
0.9430035826771653
0
LINE
8
BLACK
6
CONTINUOUS
10
3.2191268503937005
20
0.9430035826771653
11
3.2161740944881889
21
0.9422124015748031
0
LINE
8
BLACK
6
CONTINUOUS
10
3.2161740944881889
20
0.9422124015748031
11
3.1971465748031496
21
0.9422124015748031
0
LINE
8
BLACK
6
CONTINUOUS
10
3.1971465748031496
20
0.9422124015748031
11
3.1963696850393699
21
0.9344436220472441
0
LINE
8
BLACK
6
CONTINUOUS
10
3.1963696850393699
20
0.9344436220472441
11
3.1966765354330708
21
0.9345258661417323
0
LINE
8
BLACK
6
CONTINUOUS
10
3.1966765354330708
20
0.9345258661417323
11
3.2088625196850393
21
0.9345258661417323
0
LINE
8
BLACK
6
CONTINUOUS
10
3.2088625196850393
20
0.9345258661417323
11
3.2101735826771653
21
0.9341745275590551
0
LINE
8
BLACK
6
CONTINUOUS
10
3.2101735826771653
20
0.9341745275590551
11
3.2115035433070864
21
0.9339024015748031
0
LINE
8
BLACK
6
CONTINUOUS
10
3.2115035433070864
20
0.9339024015748031
11
3.2163779527559053
21
0.9314651968503936
0
LINE
8
BLACK
6
CONTINUOUS
10
3.2163779527559053
20
0.9314651968503936
11
3.2170893307086614
21
0.9308343307086614
0
LINE
8
BLACK
6
CONTINUOUS
10
3.2170893307086614
20
0.9308343307086614
11
3.2179127165354329
21
0.9303589763779527
0
LINE
8
BLACK
6
CONTINUOUS
10
3.2179127165354329
20
0.9303589763779527
11
3.2203499212598423
21
0.9279217716535433
0
LINE
8
BLACK
6
CONTINUOUS
10
3.2203499212598423
20
0.9279217716535433
11
3.2208253149606296
21
0.9270983070866141
0
LINE
8
BLACK
6
CONTINUOUS
10
3.2208253149606296
20
0.9270983070866141
11
3.2214561417322836
21
0.926386968503937
0
LINE
8
BLACK
6
CONTINUOUS
10
3.2214561417322836
20
0.926386968503937
11
3.223893346456693
21
0.9215125984251968
0
LINE
8
BLACK
6
CONTINUOUS
10
3.223893346456693
20
0.9215125984251968
11
3.2241654724409448
21
0.9201826377952755
0
LINE
8
BLACK
6
CONTINUOUS
10
3.2241654724409448
20
0.9201826377952755
11
3.224516811023622
21
0.9188715748031496
0
LINE
8
BLACK
6
CONTINUOUS
10
3.224516811023622
20
0.9188715748031496
11
3.224516811023622
21
0.906685590551181
0
LINE
8
BLACK
6
CONTINUOUS
10
3.224516811023622
20
0.906685590551181
11
3.2241654724409448
21
0.9053744881889764
0
LINE
8
BLACK
6
CONTINUOUS
10
3.2241654724409448
20
0.9053744881889764
11
3.223893346456693
21
0.9040445669291338
0
LINE
8
BLACK
6
CONTINUOUS
10
3.223893346456693
20
0.9040445669291338
11
3.2214561417322836
21
0.8991701574803149
0
LINE
8
BLACK
6
CONTINUOUS
10
3.2214561417322836
20
0.8991701574803149
11
3.2208252755905513
21
0.8984587401574803
0
LINE
8
BLACK
6
CONTINUOUS
10
3.2208252755905513
20
0.8984587401574803
11
3.2203498818897636
21
0.8976353149606299
0
LINE
8
BLACK
6
CONTINUOUS
10
3.2203498818897636
20
0.8976353149606299
11
3.2179126771653541
21
0.8951981496062992
0
LINE
8
BLACK
6
CONTINUOUS
10
3.2179126771653541
20
0.8951981496062992
11
3.2170893307086614
21
0.8947227952755905
0
LINE
8
BLACK
6
CONTINUOUS
10
3.2170893307086614
20
0.8947227952755905
11
3.2163779527559053
21
0.894091968503937
0
LINE
8
BLACK
6
CONTINUOUS
10
3.2163779527559053
20
0.894091968503937
11
3.2115035433070864
21
0.8916547637795276
0
LINE
8
BLACK
6
CONTINUOUS
10
3.2115035433070864
20
0.8916547637795276
11
3.2101735826771653
21
0.8913825984251968
0
LINE
8
BLACK
6
CONTINUOUS
10
3.2101735826771653
20
0.8913825984251968
11
3.2088625196850393
21
0.8910312992125984
0
LINE
8
BLACK
6
CONTINUOUS
10
3.2088625196850393
20
0.8910312992125984
11
3.1966765354330708
21
0.8910312992125984
0
LINE
8
BLACK
6
CONTINUOUS
10
3.1966765354330708
20
0.8910312992125984
11
3.1953654330708661
21
0.8913825984251968
0
LINE
8
BLACK
6
CONTINUOUS
10
3.1953654330708661
20
0.8913825984251968
11
3.1940355118110237
21
0.8916547637795276
0
LINE
8
BLACK
6
CONTINUOUS
10
3.1940355118110237
20
0.8916547637795276
11
3.1891611023622048
21
0.894091968503937
0
LINE
8
BLACK
6
CONTINUOUS
10
3.1891611023622048
20
0.894091968503937
11
3.18844968503937
21
0.8947227952755905
0
LINE
8
BLACK
6
CONTINUOUS
10
3.18844968503937
20
0.8947227952755905
11
3.1876262992125985
21
0.8951981889763779
0
LINE
8
BLACK
6
CONTINUOUS
10
3.1876262992125985
20
0.8951981889763779
11
3.1851891338582679
21
0.8976353543307086
0
LINE
8
BLACK
6
CONTINUOUS
10
3.1851891338582679
20
0.8976353543307086
11
3.1836606692913385
21
0.900282716535433
0
LINE
8
BLACK
6
CONTINUOUS
10
3.1836606692913385
20
0.900282716535433
11
3.1836606692913385
21
0.9033396456692914
0
LINE
8
BLACK
6
CONTINUOUS
10
3.1836606692913385
20
0.9033396456692914
11
3.1851891338582679
21
0.9059870078740158
0
LINE
8
BLACK
6
CONTINUOUS
10
3.1851891338582679
20
0.9059870078740158
11
3.1878364960629919
21
0.9075154724409449
0
LINE
8
BLACK
6
CONTINUOUS
10
3.1878364960629919
20
0.9075154724409449
11
3.1908934251968502
21
0.9075154724409449
0
LINE
8
BLACK
6
CONTINUOUS
10
3.1908934251968502
20
0.9075154724409449
11
3.1935407874015747
21
0.9059870078740158
0
LINE
8
BLACK
6
CONTINUOUS
10
3.1935407874015747
20
0.9059870078740158
11
3.1953003149606301
21
0.9042274803149606
0
LINE
8
BLACK
6
CONTINUOUS
10
3.1953003149606301
20
0.9042274803149606
11
3.1980706299212596
21
0.9028423228346456
0
LINE
8
BLACK
6
CONTINUOUS
10
3.1980706299212596
20
0.9028423228346456
11
3.2074684251968502
21
0.9028423228346456
0
LINE
8
BLACK
6
CONTINUOUS
10
3.2074684251968502
20
0.9028423228346456
11
3.2102387007874014
21
0.9042274803149606
0
LINE
8
BLACK
6
CONTINUOUS
10
3.2102387007874014
20
0.9042274803149606
11
3.2113206299212598
21
0.9053093700787401
0
LINE
8
BLACK
6
CONTINUOUS
10
3.2113206299212598
20
0.9053093700787401
11
3.2127057874015748
21
0.9080796850393701
0
LINE
8
BLACK
6
CONTINUOUS
10
3.2127057874015748
20
0.9080796850393701
11
3.2127057874015748
21
0.9174774409448818
0
LINE
8
BLACK
6
CONTINUOUS
10
3.2127057874015748
20
0.9174774409448818
11
3.2113206299212598
21
0.9202477559055118
0
LINE
8
BLACK
6
CONTINUOUS
10
3.2113206299212598
20
0.9202477559055118
11
3.2102386614173226
21
0.9213296850393701
0
LINE
8
BLACK
6
CONTINUOUS
10
3.2102386614173226
20
0.9213296850393701
11
3.2074684251968502
21
0.9227148425196851
0
LINE
8
BLACK
6
CONTINUOUS
10
3.2074684251968502
20
0.9227148425196851
11
3.1980706299212596
21
0.9227148425196851
0
LINE
8
BLACK
6
CONTINUOUS
10
3.1980706299212596
20
0.9227148425196851
11
3.1953003149606301
21
0.9213296850393701
0
LINE
8
BLACK
6
CONTINUOUS
10
3.1953003149606301
20
0.9213296850393701
11
3.1935408267716534
21
0.9195701574803149
0
LINE
8
BLACK
6
CONTINUOUS
10
3.1935408267716534
20
0.9195701574803149
11
3.1926185039370076
21
0.9190376377952756
0
LINE
8
BLACK
6
CONTINUOUS
10
3.1926185039370076
20
0.9190376377952756
11
3.1917941732283466
21
0.9183631889763779
0
LINE
8
BLACK
6
CONTINUOUS
10
3.1917941732283466
20
0.9183631889763779
11
3.1913144488188974
21
0.9182846850393701
0
LINE
8
BLACK
6
CONTINUOUS
10
3.1913144488188974
20
0.9182846850393701
11
3.1908934645669289
21
0.918041653543307
0
LINE
8
BLACK
6
CONTINUOUS
10
3.1908934645669289
20
0.918041653543307
11
3.1898284645669293
21
0.918041653543307
0
LINE
8
BLACK
6
CONTINUOUS
10
3.1898284645669293
20
0.918041653543307
11
3.1887773622047244
21
0.9178697244094488
0
LINE
8
BLACK
6
CONTINUOUS
10
3.1887773622047244
20
0.9178697244094488
11
3.1883225984251968
21
0.918041653543307
0
LINE
8
BLACK
6
CONTINUOUS
10
3.1883225984251968
20
0.918041653543307
11
3.1878365354330707
21
0.918041653543307
0
LINE
8
BLACK
6
CONTINUOUS
10
3.1878365354330707
20
0.918041653543307
11
3.1869142913385824
21
0.9185740944881889
0
LINE
8
BLACK
6
CONTINUOUS
10
3.1869142913385824
20
0.9185740944881889
11
3.1859179527559056
21
0.9189507874015748
0
LINE
8
BLACK
6
CONTINUOUS
10
3.1859179527559056
20
0.9189507874015748
11
3.1856100787401576
21
0.9193270472440944
0
LINE
8
BLACK
6
CONTINUOUS
10
3.1856100787401576
20
0.9193270472440944
11
3.1851891732283466
21
0.9195700787401575
0
LINE
8
BLACK
6
CONTINUOUS
10
3.1851891732283466
20
0.9195700787401575
11
3.184656653543307
21
0.9204923622047244
0
LINE
8
BLACK
6
CONTINUOUS
10
3.184656653543307
20
0.9204923622047244
11
3.1839822047244093
21
0.9213167322834646
0
LINE
8
BLACK
6
CONTINUOUS
10
3.1839822047244093
20
0.9213167322834646
11
3.1839037007874014
21
0.9217964173228346
0
LINE
8
BLACK
6
CONTINUOUS
10
3.1839037007874014
20
0.9217964173228346
11
3.1836606692913385
21
0.9222174409448819
0
LINE
8
BLACK
6
CONTINUOUS
10
3.1836606692913385
20
0.9222174409448819
11
3.1836606692913385
21
0.9232824409448819
0
LINE
8
BLACK
6
CONTINUOUS
10
3.1836606692913385
20
0.9232824409448819
11
3.1834887401574803
21
0.9243335433070866
0
LINE
8
BLACK
6
CONTINUOUS
10
3.1834887401574803
20
0.9243335433070866
11
3.185925905511811
21
0.9487055118110236
0
LINE
8
BLACK
6
CONTINUOUS
10
3.185925905511811
20
0.9487055118110236
11
3.1863658267716533
21
0.9498691338582677
0
LINE
8
BLACK
6
CONTINUOUS
10
3.1863658267716533
20
0.9498691338582677
11
3.1866877952755903
21
0.9510706692913385
0
LINE
8
BLACK
6
CONTINUOUS
10
3.1866877952755903
20
0.9510706692913385
11
3.1869005511811022
21
0.9512834251968504
0
LINE
8
BLACK
6
CONTINUOUS
10
3.1869005511811022
20
0.9512834251968504
11
3.1870069685039368
21
0.9515648818897637
0
LINE
8
BLACK
6
CONTINUOUS
10
3.1870069685039368
20
0.9515648818897637
11
3.1879696850393699
21
0.9523525590551181
0
LINE
8
BLACK
6
CONTINUOUS
10
3.1879696850393699
20
0.9523525590551181
11
3.1888493700787399
21
0.9532322440944881
0
LINE
8
BLACK
6
CONTINUOUS
10
3.1888493700787399
20
0.9532322440944881
11
3.1891400000000001
21
0.9533101181102362
0
LINE
8
BLACK
6
CONTINUOUS
10
3.1891400000000001
20
0.9533101181102362
11
3.1893729133858266
21
0.9535006692913386
0
LINE
8
BLACK
6
CONTINUOUS
10
3.1893729133858266
20
0.9535006692913386
11
3.1906004724409449
21
0.9537014173228346
0
LINE
8
BLACK
6
CONTINUOUS
10
3.1906004724409449
20
0.9537014173228346
11
3.1918021259842519
21
0.9540234251968503
0
LINE
8
BLACK
6
CONTINUOUS
10
3.1918021259842519
20
0.9540234251968503
11
3.2161740944881889
21
0.9540234251968503
0
LINE
8
BLACK
6
CONTINUOUS
10
3.2161740944881889
20
0.9540234251968503
11
3.2191268503937005
21
0.9532322440944881
0
LINE
8
BLACK
6
CONTINUOUS
10
3.2692226771653541
20
0.9537203937007874
11
3.2717737401574802
21
0.952036062992126
0
LINE
8
BLACK
6
CONTINUOUS
10
3.2717737401574802
20
0.952036062992126
11
3.2731408267716535
21
0.9493018503937007
0
LINE
8
BLACK
6
CONTINUOUS
10
3.2731408267716535
20
0.9493018503937007
11
3.2729576771653544
21
0.9462504330708661
0
LINE
8
BLACK
6
CONTINUOUS
10
3.2729576771653544
20
0.9462504330708661
11
3.2558972440944882
21
0.8950693307086613
0
LINE
8
BLACK
6
CONTINUOUS
10
3.2558972440944882
20
0.8950693307086613
11
3.2552437007874016
21
0.8940794488188977
0
LINE
8
BLACK
6
CONTINUOUS
10
3.2552437007874016
20
0.8940794488188977
11
3.2547133070866141
21
0.8930187007874015
0
LINE
8
BLACK
6
CONTINUOUS
10
3.2547133070866141
20
0.8930187007874015
11
3.2544120078740155
21
0.8928197637795275
0
LINE
8
BLACK
6
CONTINUOUS
10
3.2544120078740155
20
0.8928197637795275
11
3.2542129527559056
21
0.8925182677165354
0
LINE
8
BLACK
6
CONTINUOUS
10
3.2542129527559056
20
0.8925182677165354
11
3.2531517322834644
21
0.8919876771653543
0
LINE
8
BLACK
6
CONTINUOUS
10
3.2531517322834644
20
0.8919876771653543
11
3.2521622834645667
21
0.8913343700787402
0
LINE
8
BLACK
6
CONTINUOUS
10
3.2521622834645667
20
0.8913343700787402
11
3.251801811023622
21
0.8913127165354331
0
LINE
8
BLACK
6
CONTINUOUS
10
3.251801811023622
20
0.8913127165354331
11
3.2514787401574803
21
0.8911511811023621
0
LINE
8
BLACK
6
CONTINUOUS
10
3.2514787401574803
20
0.8911511811023621
11
3.2502948031496062
21
0.8912222440944881
0
LINE
8
BLACK
6
CONTINUOUS
10
3.2502948031496062
20
0.8912222440944881
11
3.2491108661417321
21
0.8911511811023621
0
LINE
8
BLACK
6
CONTINUOUS
10
3.2491108661417321
20
0.8911511811023621
11
3.2487877559055116
21
0.8913127165354331
0
LINE
8
BLACK
6
CONTINUOUS
10
3.2487877559055116
20
0.8913127165354331
11
3.2484273228346456
21
0.8913343700787402
0
LINE
8
BLACK
6
CONTINUOUS
10
3.2484273228346456
20
0.8913343700787402
11
3.2474375196850391
21
0.8919878346456692
0
LINE
8
BLACK
6
CONTINUOUS
10
3.2474375196850391
20
0.8919878346456692
11
3.2463766535433072
21
0.8925183070866142
0
LINE
8
BLACK
6
CONTINUOUS
10
3.2463766535433072
20
0.8925183070866142
11
3.2461776771653543
21
0.8928196456692913
0
LINE
8
BLACK
6
CONTINUOUS
10
3.2461776771653543
20
0.8928196456692913
11
3.2458762598425195
21
0.8930186614173228
0
LINE
8
BLACK
6
CONTINUOUS
10
3.2458762598425195
20
0.8930186614173228
11
3.2453457874015745
21
0.8940796062992126
0
LINE
8
BLACK
6
CONTINUOUS
10
3.2453457874015745
20
0.8940796062992126
11
3.2446923228346458
21
0.8950693307086613
0
LINE
8
BLACK
6
CONTINUOUS
10
3.2446923228346458
20
0.8950693307086613
11
3.2276319685039367
21
0.9462504330708661
0
LINE
8
BLACK
6
CONTINUOUS
10
3.2276319685039367
20
0.9462504330708661
11
3.2274488188976376
21
0.9493018503937007
0
LINE
8
BLACK
6
CONTINUOUS
10
3.2274488188976376
20
0.9493018503937007
11
3.2288159448818896
21
0.952036062992126
0
LINE
8
BLACK
6
CONTINUOUS
10
3.2288159448818896
20
0.952036062992126
11
3.231366968503937
21
0.9537203937007874
0
LINE
8
BLACK
6
CONTINUOUS
10
3.231366968503937
20
0.9537203937007874
11
3.2344183858267717
21
0.9539035433070866
0
LINE
8
BLACK
6
CONTINUOUS
10
3.2344183858267717
20
0.9539035433070866
11
3.237152598425197
21
0.9525364173228347
0
LINE
8
BLACK
6
CONTINUOUS
10
3.237152598425197
20
0.9525364173228347
11
3.2388369291338583
21
0.9499853937007874
0
LINE
8
BLACK
6
CONTINUOUS
10
3.2388369291338583
20
0.9499853937007874
11
3.2502948031496062
21
0.9156116141732283
0
LINE
8
BLACK
6
CONTINUOUS
10
3.2502948031496062
20
0.9156116141732283
11
3.2617527559055119
21
0.9499854330708661
0
LINE
8
BLACK
6
CONTINUOUS
10
3.2617527559055119
20
0.9499854330708661
11
3.2634370866141733
21
0.9525364566929133
0
LINE
8
BLACK
6
CONTINUOUS
10
3.2634370866141733
20
0.9525364566929133
11
3.2661712598425194
21
0.9539035433070866
0
LINE
8
BLACK
6
CONTINUOUS
10
3.2661712598425194
20
0.9539035433070866
11
3.2692226771653541
21
0.9537203937007874
0
LINE
8
BLACK
6
CONTINUOUS
10
3.1704308267716534
20
1.0538724409448819
11
3.171013031496063
21
1.0539112598425198
0
LINE
8
BLACK
6
CONTINUOUS
10
3.171013031496063
20
1.0539112598425198
11
3.1718833464566929
21
1.0534832283464566
0
LINE
8
BLACK
6
CONTINUOUS
10
3.1718833464566929
20
1.0534832283464566
11
3.1728201574803148
21
1.0532322440944881
0
LINE
8
BLACK
6
CONTINUOUS
10
3.1728201574803148
20
1.0532322440944881
11
3.1732326771653541
21
1.0528196850393701
0
LINE
8
BLACK
6
CONTINUOUS
10
3.1732326771653541
20
1.0528196850393701
11
3.1737562204724408
21
1.0525622440944882
0
LINE
8
BLACK
6
CONTINUOUS
10
3.1737562204724408
20
1.0525622440944882
11
3.1742959055118107
21
1.0517564566929134
0
LINE
8
BLACK
6
CONTINUOUS
10
3.1742959055118107
20
1.0517564566929134
11
3.1749817322834644
21
1.0510706692913385
0
LINE
8
BLACK
6
CONTINUOUS
10
3.1749817322834644
20
1.0510706692913385
11
3.1751326771653541
21
1.0505071653543308
0
LINE
8
BLACK
6
CONTINUOUS
10
3.1751326771653541
20
1.0505071653543308
11
3.1754574015748029
21
1.050022440944882
0
LINE
8
BLACK
6
CONTINUOUS
10
3.1754574015748029
20
1.050022440944882
11
3.1755218897637794
21
1.0490546062992125
0
LINE
8
BLACK
6
CONTINUOUS
10
3.1755218897637794
20
1.0490546062992125
11
3.1757729133858268
21
1.0481179133858267
0
LINE
8
BLACK
6
CONTINUOUS
10
3.1757729133858268
20
1.0481179133858267
11
3.1756219291338583
21
1.0475544488188977
0
LINE
8
BLACK
6
CONTINUOUS
10
3.1756219291338583
20
1.0475544488188977
11
3.175660748031496
21
1.0469722834645669
0
LINE
8
BLACK
6
CONTINUOUS
10
3.175660748031496
20
1.0469722834645669
11
3.175232716535433
21
1.0461019291338582
0
LINE
8
BLACK
6
CONTINUOUS
10
3.175232716535433
20
1.0461019291338582
11
3.1749817322834644
21
1.0451651574803149
0
LINE
8
BLACK
6
CONTINUOUS
10
3.1749817322834644
20
1.0451651574803149
11
3.1745691732283463
21
1.0447525984251969
0
LINE
8
BLACK
6
CONTINUOUS
10
3.1745691732283463
20
1.0447525984251969
11
3.1743117322834644
21
1.0442290944881889
0
LINE
8
BLACK
6
CONTINUOUS
10
3.1743117322834644
20
1.0442290944881889
11
3.1645100393700787
21
1.0330271653543306
0
LINE
8
BLACK
6
CONTINUOUS
10
3.1645100393700787
20
1.0330271653543306
11
3.1676340551181101
21
1.0314651968503936
0
LINE
8
BLACK
6
CONTINUOUS
10
3.1676340551181101
20
1.0314651968503936
11
3.1683454330708662
21
1.0308343307086614
0
LINE
8
BLACK
6
CONTINUOUS
10
3.1683454330708662
20
1.0308343307086614
11
3.1691688188976377
21
1.0303589763779528
0
LINE
8
BLACK
6
CONTINUOUS
10
3.1691688188976377
20
1.0303589763779528
11
3.1716060236220471
21
1.0279217716535434
0
LINE
8
BLACK
6
CONTINUOUS
10
3.1716060236220471
20
1.0279217716535434
11
3.1720814173228344
21
1.0270983070866142
0
LINE
8
BLACK
6
CONTINUOUS
10
3.1720814173228344
20
1.0270983070866142
11
3.1727122440944879
21
1.0263869685039371
0
LINE
8
BLACK
6
CONTINUOUS
10
3.1727122440944879
20
1.0263869685039371
11
3.1751494488188974
21
1.0215125984251969
0
LINE
8
BLACK
6
CONTINUOUS
10
3.1751494488188974
20
1.0215125984251969
11
3.1754215748031496
21
1.0201826377952756
0
LINE
8
BLACK
6
CONTINUOUS
10
3.1754215748031496
20
1.0201826377952756
11
3.1757729133858268
21
1.0188715748031496
0
LINE
8
BLACK
6
CONTINUOUS
10
3.1757729133858268
20
1.0188715748031496
11
3.1757729133858268
21
1.0066855905511811
0
LINE
8
BLACK
6
CONTINUOUS
10
3.1757729133858268
20
1.0066855905511811
11
3.1754215748031496
21
1.0053744881889763
0
LINE
8
BLACK
6
CONTINUOUS
10
3.1754215748031496
20
1.0053744881889763
11
3.1751494488188974
21
1.0040445669291338
0
LINE
8
BLACK
6
CONTINUOUS
10
3.1751494488188974
20
1.0040445669291338
11
3.1727122440944879
21
0.9991701574803149
0
LINE
8
BLACK
6
CONTINUOUS
10
3.1727122440944879
20
0.9991701574803149
11
3.1720813779527557
21
0.9984587401574803
0
LINE
8
BLACK
6
CONTINUOUS
10
3.1720813779527557
20
0.9984587401574803
11
3.1716059842519684
21
0.9976353149606298
0
LINE
8
BLACK
6
CONTINUOUS
10
3.1716059842519684
20
0.9976353149606298
11
3.1691687795275589
21
0.9951981496062992
0
LINE
8
BLACK
6
CONTINUOUS
10
3.1691687795275589
20
0.9951981496062992
11
3.1683454330708662
21
0.9947227952755905
0
LINE
8
BLACK
6
CONTINUOUS
10
3.1683454330708662
20
0.9947227952755905
11
3.1676340551181101
21
0.994091968503937
0
LINE
8
BLACK
6
CONTINUOUS
10
3.1676340551181101
20
0.994091968503937
11
3.1627596456692912
21
0.9916547637795275
0
LINE
8
BLACK
6
CONTINUOUS
10
3.1627596456692912
20
0.9916547637795275
11
3.1614296850393702
21
0.9913825984251968
0
LINE
8
BLACK
6
CONTINUOUS
10
3.1614296850393702
20
0.9913825984251968
11
3.1601186220472441
21
0.9910312992125984
0
LINE
8
BLACK
6
CONTINUOUS
10
3.1601186220472441
20
0.9910312992125984
11
3.1454954330708662
21
0.9910312992125984
0
LINE
8
BLACK
6
CONTINUOUS
10
3.1454954330708662
20
0.9910312992125984
11
3.1441843307086614
21
0.9913825984251968
0
LINE
8
BLACK
6
CONTINUOUS
10
3.1441843307086614
20
0.9913825984251968
11
3.1428544094488187
21
0.9916547637795275
0
LINE
8
BLACK
6
CONTINUOUS
10
3.1428544094488187
20
0.9916547637795275
11
3.1379800393700785
21
0.994091968503937
0
LINE
8
BLACK
6
CONTINUOUS
10
3.1379800393700785
20
0.994091968503937
11
3.1372686614173229
21
0.9947227559055117
0
LINE
8
BLACK
6
CONTINUOUS
10
3.1372686614173229
20
0.9947227559055117
11
3.136445275590551
21
0.9951981496062992
0
LINE
8
BLACK
6
CONTINUOUS
10
3.136445275590551
20
0.9951981496062992
11
3.1340080708661415
21
0.9976353149606298
0
LINE
8
BLACK
6
CONTINUOUS
10
3.1340080708661415
20
0.9976353149606298
11
3.1324795669291339
21
1.0002826771653544
0
LINE
8
BLACK
6
CONTINUOUS
10
3.1324795669291339
20
1.0002826771653544
11
3.1324795669291339
21
1.0033396062992126
0
LINE
8
BLACK
6
CONTINUOUS
10
3.1324795669291339
20
1.0033396062992126
11
3.134007992125984
21
1.0059869685039371
0
LINE
8
BLACK
6
CONTINUOUS
10
3.134007992125984
20
1.0059869685039371
11
3.1366553543307085
21
1.0075154724409447
0
LINE
8
BLACK
6
CONTINUOUS
10
3.1366553543307085
20
1.0075154724409447
11
3.1397122834645668
21
1.0075154724409447
0
LINE
8
BLACK
6
CONTINUOUS
10
3.1397122834645668
20
1.0075154724409447
11
3.1423596456692913
21
1.0059870472440944
0
LINE
8
BLACK
6
CONTINUOUS
10
3.1423596456692913
20
1.0059870472440944
11
3.144119212598425
21
1.0042274803149607
0
LINE
8
BLACK
6
CONTINUOUS
10
3.144119212598425
20
1.0042274803149607
11
3.1468895669291337
21
1.0028423228346457
0
LINE
8
BLACK
6
CONTINUOUS
10
3.1468895669291337
20
1.0028423228346457
11
3.158724527559055
21
1.0028423228346457
0
LINE
8
BLACK
6
CONTINUOUS
10
3.158724527559055
20
1.0028423228346457
11
3.1614948031496062
21
1.0042274803149607
0
LINE
8
BLACK
6
CONTINUOUS
10
3.1614948031496062
20
1.0042274803149607
11
3.1625767322834646
21
1.0053093700787401
0
LINE
8
BLACK
6
CONTINUOUS
10
3.1625767322834646
20
1.0053093700787401
11
3.1639618897637796
21
1.0080796850393701
0
LINE
8
BLACK
6
CONTINUOUS
10
3.1639618897637796
20
1.0080796850393701
11
3.1639618897637796
21
1.0174774409448819
0
LINE
8
BLACK
6
CONTINUOUS
10
3.1639618897637796
20
1.0174774409448819
11
3.1625767322834646
21
1.0202477559055119
0
LINE
8
BLACK
6
CONTINUOUS
10
3.1625767322834646
20
1.0202477559055119
11
3.1614947637795274
21
1.02132968503937
0
LINE
8
BLACK
6
CONTINUOUS
10
3.1614947637795274
20
1.02132968503937
11
3.158724527559055
21
1.022714842519685
0
LINE
8
BLACK
6
CONTINUOUS
10
3.158724527559055
20
1.022714842519685
11
3.1528070078740158
21
1.022714842519685
0
LINE
8
BLACK
6
CONTINUOUS
10
3.1528070078740158
20
1.022714842519685
11
3.1522435433070863
21
1.0228657874015747
0
LINE
8
BLACK
6
CONTINUOUS
10
3.1522435433070863
20
1.0228657874015747
11
3.151661377952756
21
1.0228270078740158
0
LINE
8
BLACK
6
CONTINUOUS
10
3.151661377952756
20
1.0228270078740158
11
3.1507910236220473
21
1.023255
0
LINE
8
BLACK
6
CONTINUOUS
10
3.1507910236220473
20
1.023255
11
3.1498542519685038
21
1.0235060236220472
0
LINE
8
BLACK
6
CONTINUOUS
10
3.1498542519685038
20
1.0235060236220472
11
3.1494416929133857
21
1.0239185433070865
0
LINE
8
BLACK
6
CONTINUOUS
10
3.1494416929133857
20
1.0239185433070865
11
3.1489181889763778
21
1.0241760236220472
0
LINE
8
BLACK
6
CONTINUOUS
10
3.1489181889763778
20
1.0241760236220472
11
3.148378464566929
21
1.0249817716535432
0
LINE
8
BLACK
6
CONTINUOUS
10
3.148378464566929
20
1.0249817716535432
11
3.1476926771653542
21
1.0256675984251968
0
LINE
8
BLACK
6
CONTINUOUS
10
3.1476926771653542
20
1.0256675984251968
11
3.1475416929133857
21
1.0262310629921259
0
LINE
8
BLACK
6
CONTINUOUS
10
3.1475416929133857
20
1.0262310629921259
11
3.1472170078740156
21
1.0267158267716536
0
LINE
8
BLACK
6
CONTINUOUS
10
3.1472170078740156
20
1.0267158267716536
11
3.1471524803149604
21
1.0276836220472441
0
LINE
8
BLACK
6
CONTINUOUS
10
3.1471524803149604
20
1.0276836220472441
11
3.1469014960629922
21
1.0286203543307086
0
LINE
8
BLACK
6
CONTINUOUS
10
3.1469014960629922
20
1.0286203543307086
11
3.1470524409448819
21
1.0291837795275591
0
LINE
8
BLACK
6
CONTINUOUS
10
3.1470524409448819
20
1.0291837795275591
11
3.147013661417323
21
1.0297659842519684
0
LINE
8
BLACK
6
CONTINUOUS
10
3.147013661417323
20
1.0297659842519684
11
3.1474416535433072
21
1.0306362992125984
0
LINE
8
BLACK
6
CONTINUOUS
10
3.1474416535433072
20
1.0306362992125984
11
3.1476926771653542
21
1.0315731102362204
0
LINE
8
BLACK
6
CONTINUOUS
10
3.1476926771653542
20
1.0315731102362204
11
3.1481051968503935
21
1.0319856299212598
0
LINE
8
BLACK
6
CONTINUOUS
10
3.1481051968503935
20
1.0319856299212598
11
3.1483626771653541
21
1.0325091732283465
0
LINE
8
BLACK
6
CONTINUOUS
10
3.1483626771653541
20
1.0325091732283465
11
3.156853031496063
21
1.0422124015748031
0
LINE
8
BLACK
6
CONTINUOUS
10
3.156853031496063
20
1.0422124015748031
11
3.1381838582677166
21
1.0422124015748031
0
LINE
8
BLACK
6
CONTINUOUS
10
3.1381838582677166
20
1.0422124015748031
11
3.1352311023622046
21
1.0430035826771653
0
LINE
8
BLACK
6
CONTINUOUS
10
3.1352311023622046
20
1.0430035826771653
11
3.133069527559055
21
1.0451651574803149
0
LINE
8
BLACK
6
CONTINUOUS
10
3.133069527559055
20
1.0451651574803149
11
3.132278346456693
21
1.0481179133858267
0
LINE
8
BLACK
6
CONTINUOUS
10
3.132278346456693
20
1.0481179133858267
11
3.133069527559055
21
1.0510706692913385
0
LINE
8
BLACK
6
CONTINUOUS
10
3.133069527559055
20
1.0510706692913385
11
3.1352311023622046
21
1.0532322440944881
0
LINE
8
BLACK
6
CONTINUOUS
10
3.1352311023622046
20
1.0532322440944881
11
3.1381838582677166
21
1.0540234251968503
0
LINE
8
BLACK
6
CONTINUOUS
10
3.1381838582677166
20
1.0540234251968503
11
3.1698674015748032
21
1.0540234251968503
0
LINE
8
BLACK
6
CONTINUOUS
10
3.1698674015748032
20
1.0540234251968503
11
3.1704308267716534
21
1.0538724409448819
0
LINE
8
BLACK
6
CONTINUOUS
10
3.2630442519685037
20
1.0538724409448819
11
3.2636264566929132
21
1.0539112598425198
0
LINE
8
BLACK
6
CONTINUOUS
10
3.2636264566929132
20
1.0539112598425198
11
3.2644967716535431
21
1.0534832283464566
0
LINE
8
BLACK
6
CONTINUOUS
10
3.2644967716535431
20
1.0534832283464566
11
3.2654335826771654
21
1.0532322440944881
0
LINE
8
BLACK
6
CONTINUOUS
10
3.2654335826771654
20
1.0532322440944881
11
3.2658461023622047
21
1.0528196850393701
0
LINE
8
BLACK
6
CONTINUOUS
10
3.2658461023622047
20
1.0528196850393701
11
3.2663696456692914
21
1.0525622440944882
0
LINE
8
BLACK
6
CONTINUOUS
10
3.2663696456692914
20
1.0525622440944882
11
3.2669093307086614
21
1.0517564566929134
0
LINE
8
BLACK
6
CONTINUOUS
10
3.2669093307086614
20
1.0517564566929134
11
3.267595157480315
21
1.0510706692913385
0
LINE
8
BLACK
6
CONTINUOUS
10
3.267595157480315
20
1.0510706692913385
11
3.2677461023622048
21
1.0505071653543308
0
LINE
8
BLACK
6
CONTINUOUS
10
3.2677461023622048
20
1.0505071653543308
11
3.2680708267716536
21
1.050022440944882
0
LINE
8
BLACK
6
CONTINUOUS
10
3.2680708267716536
20
1.050022440944882
11
3.26813531496063
21
1.0490546062992125
0
LINE
8
BLACK
6
CONTINUOUS
10
3.26813531496063
20
1.0490546062992125
11
3.268386338582677
21
1.0481179133858267
0
LINE
8
BLACK
6
CONTINUOUS
10
3.268386338582677
20
1.0481179133858267
11
3.2682353543307086
21
1.0475544488188977
0
LINE
8
BLACK
6
CONTINUOUS
10
3.2682353543307086
20
1.0475544488188977
11
3.2682741732283462
21
1.0469722834645669
0
LINE
8
BLACK
6
CONTINUOUS
10
3.2682741732283462
20
1.0469722834645669
11
3.2678461417322833
21
1.0461019291338582
0
LINE
8
BLACK
6
CONTINUOUS
10
3.2678461417322833
20
1.0461019291338582
11
3.267595157480315
21
1.0451651574803149
0
LINE
8
BLACK
6
CONTINUOUS
10
3.267595157480315
20
1.0451651574803149
11
3.267182598425197
21
1.0447525984251969
0
LINE
8
BLACK
6
CONTINUOUS
10
3.267182598425197
20
1.0447525984251969
11
3.2669251574803151
21
1.0442290944881889
0
LINE
8
BLACK
6
CONTINUOUS
10
3.2669251574803151
20
1.0442290944881889
11
3.2571234645669289
21
1.0330271653543306
0
LINE
8
BLACK
6
CONTINUOUS
10
3.2571234645669289
20
1.0330271653543306
11
3.2602474803149604
21
1.0314651968503936
0
LINE
8
BLACK
6
CONTINUOUS
10
3.2602474803149604
20
1.0314651968503936
11
3.2609588582677165
21
1.0308343307086614
0
LINE
8
BLACK
6
CONTINUOUS
10
3.2609588582677165
20
1.0308343307086614
11
3.2617822440944879
21
1.0303589763779528
0
LINE
8
BLACK
6
CONTINUOUS
10
3.2617822440944879
20
1.0303589763779528
11
3.2642194488188974
21
1.0279217716535434
0
LINE
8
BLACK
6
CONTINUOUS
10
3.2642194488188974
20
1.0279217716535434
11
3.2646948425196851
21
1.0270983070866142
0
LINE
8
BLACK
6
CONTINUOUS
10
3.2646948425196851
20
1.0270983070866142
11
3.2653256692913386
21
1.0263869685039371
0
LINE
8
BLACK
6
CONTINUOUS
10
3.2653256692913386
20
1.0263869685039371
11
3.2677628740157481
21
1.0215125984251969
0
LINE
8
BLACK
6
CONTINUOUS
10
3.2677628740157481
20
1.0215125984251969
11
3.2680349999999998
21
1.0201826377952756
0
LINE
8
BLACK
6
CONTINUOUS
10
3.2680349999999998
20
1.0201826377952756
11
3.268386338582677
21
1.0188715748031496
0
LINE
8
BLACK
6
CONTINUOUS
10
3.268386338582677
20
1.0188715748031496
11
3.268386338582677
21
1.0066855905511811
0
LINE
8
BLACK
6
CONTINUOUS
10
3.268386338582677
20
1.0066855905511811
11
3.2680349999999998
21
1.0053744881889763
0
LINE
8
BLACK
6
CONTINUOUS
10
3.2680349999999998
20
1.0053744881889763
11
3.2677628740157481
21
1.0040445669291338
0
LINE
8
BLACK
6
CONTINUOUS
10
3.2677628740157481
20
1.0040445669291338
11
3.2653256692913386
21
0.9991701574803149
0
LINE
8
BLACK
6
CONTINUOUS
10
3.2653256692913386
20
0.9991701574803149
11
3.2646948031496064
21
0.9984587401574803
0
LINE
8
BLACK
6
CONTINUOUS
10
3.2646948031496064
20
0.9984587401574803
11
3.2642194094488186
21
0.9976353149606298
0
LINE
8
BLACK
6
CONTINUOUS
10
3.2642194094488186
20
0.9976353149606298
11
3.2617822047244092
21
0.9951981496062992
0
LINE
8
BLACK
6
CONTINUOUS
10
3.2617822047244092
20
0.9951981496062992
11
3.2609588582677165
21
0.9947227952755905
0
LINE
8
BLACK
6
CONTINUOUS
10
3.2609588582677165
20
0.9947227952755905
11
3.2602474803149604
21
0.994091968503937
0
LINE
8
BLACK
6
CONTINUOUS
10
3.2602474803149604
20
0.994091968503937
11
3.2553730708661415
21
0.9916547637795275
0
LINE
8
BLACK
6
CONTINUOUS
10
3.2553730708661415
20
0.9916547637795275
11
3.2540431102362204
21
0.9913825984251968
0
LINE
8
BLACK
6
CONTINUOUS
10
3.2540431102362204
20
0.9913825984251968
11
3.2527320472440944
21
0.9910312992125984
0
LINE
8
BLACK
6
CONTINUOUS
10
3.2527320472440944
20
0.9910312992125984
11
3.2381088582677164
21
0.9910312992125984
0
LINE
8
BLACK
6
CONTINUOUS
10
3.2381088582677164
20
0.9910312992125984
11
3.2367977559055117
21
0.9913825984251968
0
LINE
8
BLACK
6
CONTINUOUS
10
3.2367977559055117
20
0.9913825984251968
11
3.2354678346456693
21
0.9916547637795275
0
LINE
8
BLACK
6
CONTINUOUS
10
3.2354678346456693
20
0.9916547637795275
11
3.2305934645669292
21
0.994091968503937
0
LINE
8
BLACK
6
CONTINUOUS
10
3.2305934645669292
20
0.994091968503937
11
3.2298820866141731
21
0.9947227559055117
0
LINE
8
BLACK
6
CONTINUOUS
10
3.2298820866141731
20
0.9947227559055117
11
3.2290587007874016
21
0.9951981496062992
0
LINE
8
BLACK
6
CONTINUOUS
10
3.2290587007874016
20
0.9951981496062992
11
3.2266214960629922
21
0.9976353149606298
0
LINE
8
BLACK
6
CONTINUOUS
10
3.2266214960629922
20
0.9976353149606298
11
3.2250929921259841
21
1.0002826771653544
0
LINE
8
BLACK
6
CONTINUOUS
10
3.2250929921259841
20
1.0002826771653544
11
3.2250929921259841
21
1.0033396062992126
0
LINE
8
BLACK
6
CONTINUOUS
10
3.2250929921259841
20
1.0033396062992126
11
3.2266214173228347
21
1.0059869685039371
0
LINE
8
BLACK
6
CONTINUOUS
10
3.2266214173228347
20
1.0059869685039371
11
3.2292687795275592
21
1.0075154724409447
0
LINE
8
BLACK
6
CONTINUOUS
10
3.2292687795275592
20
1.0075154724409447
11
3.2323257086614174
21
1.0075154724409447
0
LINE
8
BLACK
6
CONTINUOUS
10
3.2323257086614174
20
1.0075154724409447
11
3.2349730708661415
21
1.0059870472440944
0
LINE
8
BLACK
6
CONTINUOUS
10
3.2349730708661415
20
1.0059870472440944
11
3.2367326377952756
21
1.0042274803149607
0
LINE
8
BLACK
6
CONTINUOUS
10
3.2367326377952756
20
1.0042274803149607
11
3.2395029921259844
21
1.0028423228346457
0
LINE
8
BLACK
6
CONTINUOUS
10
3.2395029921259844
20
1.0028423228346457
11
3.2513379527559056
21
1.0028423228346457
0
LINE
8
BLACK
6
CONTINUOUS
10
3.2513379527559056
20
1.0028423228346457
11
3.2541082283464564
21
1.0042274803149607
0
LINE
8
BLACK
6
CONTINUOUS
10
3.2541082283464564
20
1.0042274803149607
11
3.2551901574803148
21
1.0053093700787401
0
LINE
8
BLACK
6
CONTINUOUS
10
3.2551901574803148
20
1.0053093700787401
11
3.2565753149606298
21
1.0080796850393701
0
LINE
8
BLACK
6
CONTINUOUS
10
3.2565753149606298
20
1.0080796850393701
11
3.2565753149606298
21
1.0174774409448819
0
LINE
8
BLACK
6
CONTINUOUS
10
3.2565753149606298
20
1.0174774409448819
11
3.2551901574803148
21
1.0202477559055119
0
LINE
8
BLACK
6
CONTINUOUS
10
3.2551901574803148
20
1.0202477559055119
11
3.2541081889763777
21
1.02132968503937
0
LINE
8
BLACK
6
CONTINUOUS
10
3.2541081889763777
20
1.02132968503937
11
3.2513379527559056
21
1.022714842519685
0
LINE
8
BLACK
6
CONTINUOUS
10
3.2513379527559056
20
1.022714842519685
11
3.245420433070866
21
1.022714842519685
0
LINE
8
BLACK
6
CONTINUOUS
10
3.245420433070866
20
1.022714842519685
11
3.244856968503937
21
1.0228657874015747
0
LINE
8
BLACK
6
CONTINUOUS
10
3.244856968503937
20
1.0228657874015747
11
3.2442748031496063
21
1.0228270078740158
0
LINE
8
BLACK
6
CONTINUOUS
10
3.2442748031496063
20
1.0228270078740158
11
3.2434044488188976
21
1.023255
0
LINE
8
BLACK
6
CONTINUOUS
10
3.2434044488188976
20
1.023255
11
3.2424676771653544
21
1.0235060236220472
0
LINE
8
BLACK
6
CONTINUOUS
10
3.2424676771653544
20
1.0235060236220472
11
3.2420551181102359
21
1.0239185433070865
0
LINE
8
BLACK
6
CONTINUOUS
10
3.2420551181102359
20
1.0239185433070865
11
3.2415316141732284
21
1.0241760236220472
0
LINE
8
BLACK
6
CONTINUOUS
10
3.2415316141732284
20
1.0241760236220472
11
3.2409918897637793
21
1.0249817716535432
0
LINE
8
BLACK
6
CONTINUOUS
10
3.2409918897637793
20
1.0249817716535432
11
3.2403061023622048
21
1.0256675984251968
0
LINE
8
BLACK
6
CONTINUOUS
10
3.2403061023622048
20
1.0256675984251968
11
3.2401551181102359
21
1.0262310629921259
0
LINE
8
BLACK
6
CONTINUOUS
10
3.2401551181102359
20
1.0262310629921259
11
3.2398304330708663
21
1.0267158267716536
0
LINE
8
BLACK
6
CONTINUOUS
10
3.2398304330708663
20
1.0267158267716536
11
3.2397659055118111
21
1.0276836220472441
0
LINE
8
BLACK
6
CONTINUOUS
10
3.2397659055118111
20
1.0276836220472441
11
3.2395149212598424
21
1.0286203543307086
0
LINE
8
BLACK
6
CONTINUOUS
10
3.2395149212598424
20
1.0286203543307086
11
3.2396658661417321
21
1.0291837795275591
0
LINE
8
BLACK
6
CONTINUOUS
10
3.2396658661417321
20
1.0291837795275591
11
3.2396270866141732
21
1.0297659842519684
0
LINE
8
BLACK
6
CONTINUOUS
10
3.2396270866141732
20
1.0297659842519684
11
3.2400550787401574
21
1.0306362992125984
0
LINE
8
BLACK
6
CONTINUOUS
10
3.2400550787401574
20
1.0306362992125984
11
3.2403061023622048
21
1.0315731102362204
0
LINE
8
BLACK
6
CONTINUOUS
10
3.2403061023622048
20
1.0315731102362204
11
3.2407186220472441
21
1.0319856299212598
0
LINE
8
BLACK
6
CONTINUOUS
10
3.2407186220472441
20
1.0319856299212598
11
3.2409761023622048
21
1.0325091732283465
0
LINE
8
BLACK
6
CONTINUOUS
10
3.2409761023622048
20
1.0325091732283465
11
3.2494664566929132
21
1.0422124015748031
0
LINE
8
BLACK
6
CONTINUOUS
10
3.2494664566929132
20
1.0422124015748031
11
3.2307972834645668
21
1.0422124015748031
0
LINE
8
BLACK
6
CONTINUOUS
10
3.2307972834645668
20
1.0422124015748031
11
3.2278445275590553
21
1.0430035826771653
0
LINE
8
BLACK
6
CONTINUOUS
10
3.2278445275590553
20
1.0430035826771653
11
3.2256829527559052
21
1.0451651574803149
0
LINE
8
BLACK
6
CONTINUOUS
10
3.2256829527559052
20
1.0451651574803149
11
3.2248917716535432
21
1.0481179133858267
0
LINE
8
BLACK
6
CONTINUOUS
10
3.2248917716535432
20
1.0481179133858267
11
3.2256829527559052
21
1.0510706692913385
0
LINE
8
BLACK
6
CONTINUOUS
10
3.2256829527559052
20
1.0510706692913385
11
3.2278445275590553
21
1.0532322440944881
0
LINE
8
BLACK
6
CONTINUOUS
10
3.2278445275590553
20
1.0532322440944881
11
3.2307972834645668
21
1.0540234251968503
0
LINE
8
BLACK
6
CONTINUOUS
10
3.2307972834645668
20
1.0540234251968503
11
3.2624808267716534
21
1.0540234251968503
0
LINE
8
BLACK
6
CONTINUOUS
10
3.2624808267716534
20
1.0540234251968503
11
3.2630442519685037
21
1.0538724409448819
0
LINE
8
BLACK
6
CONTINUOUS
10
3.2204787795275589
20
1.0537203937007873
11
3.2230298425196851
21
1.0520360629921259
0
LINE
8
BLACK
6
CONTINUOUS
10
3.2230298425196851
20
1.0520360629921259
11
3.2243969291338583
21
1.0493018503937008
0
LINE
8
BLACK
6
CONTINUOUS
10
3.2243969291338583
20
1.0493018503937008
11
3.2242137795275592
21
1.0462504330708662
0
LINE
8
BLACK
6
CONTINUOUS
10
3.2242137795275592
20
1.0462504330708662
11
3.207153346456693
21
0.9950693307086614
0
LINE
8
BLACK
6
CONTINUOUS
10
3.207153346456693
20
0.9950693307086614
11
3.2064998031496064
21
0.9940794488188976
0
LINE
8
BLACK
6
CONTINUOUS
10
3.2064998031496064
20
0.9940794488188976
11
3.2059694094488189
21
0.9930187007874015
0
LINE
8
BLACK
6
CONTINUOUS
10
3.2059694094488189
20
0.9930187007874015
11
3.2056681102362203
21
0.9928197637795275
0
LINE
8
BLACK
6
CONTINUOUS
10
3.2056681102362203
20
0.9928197637795275
11
3.20546905511811
21
0.9925182677165354
0
LINE
8
BLACK
6
CONTINUOUS
10
3.20546905511811
20
0.9925182677165354
11
3.2044078346456693
21
0.9919876771653543
0
LINE
8
BLACK
6
CONTINUOUS
10
3.2044078346456693
20
0.9919876771653543
11
3.2034183858267715
21
0.9913343700787401
0
LINE
8
BLACK
6
CONTINUOUS
10
3.2034183858267715
20
0.9913343700787401
11
3.2030579133858268
21
0.9913127165354331
0
LINE
8
BLACK
6
CONTINUOUS
10
3.2030579133858268
20
0.9913127165354331
11
3.2027348425196851
21
0.9911511811023622
0
LINE
8
BLACK
6
CONTINUOUS
10
3.2027348425196851
20
0.9911511811023622
11
3.201550905511811
21
0.9912222440944881
0
LINE
8
BLACK
6
CONTINUOUS
10
3.201550905511811
20
0.9912222440944881
11
3.2003669685039369
21
0.9911511811023622
0
LINE
8
BLACK
6
CONTINUOUS
10
3.2003669685039369
20
0.9911511811023622
11
3.2000438582677164
21
0.9913127165354331
0
LINE
8
BLACK
6
CONTINUOUS
10
3.2000438582677164
20
0.9913127165354331
11
3.1996834251968505
21
0.9913343700787401
0
LINE
8
BLACK
6
CONTINUOUS
10
3.1996834251968505
20
0.9913343700787401
11
3.1986936220472439
21
0.9919878346456693
0
LINE
8
BLACK
6
CONTINUOUS
10
3.1986936220472439
20
0.9919878346456693
11
3.1976327559055115
21
0.9925183070866141
0
LINE
8
BLACK
6
CONTINUOUS
10
3.1976327559055115
20
0.9925183070866141
11
3.1974337795275591
21
0.9928196456692913
0
LINE
8
BLACK
6
CONTINUOUS
10
3.1974337795275591
20
0.9928196456692913
11
3.1971323622047243
21
0.9930186614173228
0
LINE
8
BLACK
6
CONTINUOUS
10
3.1971323622047243
20
0.9930186614173228
11
3.1966018897637793
21
0.9940796062992125
0
LINE
8
BLACK
6
CONTINUOUS
10
3.1966018897637793
20
0.9940796062992125
11
3.1959484251968502
21
0.9950693307086614
0
LINE
8
BLACK
6
CONTINUOUS
10
3.1959484251968502
20
0.9950693307086614
11
3.1788880708661416
21
1.0462504330708662
0
LINE
8
BLACK
6
CONTINUOUS
10
3.1788880708661416
20
1.0462504330708662
11
3.1787049212598424
21
1.0493018503937008
0
LINE
8
BLACK
6
CONTINUOUS
10
3.1787049212598424
20
1.0493018503937008
11
3.1800720472440944
21
1.0520360629921259
0
LINE
8
BLACK
6
CONTINUOUS
10
3.1800720472440944
20
1.0520360629921259
11
3.1826230708661418
21
1.0537203937007873
0
LINE
8
BLACK
6
CONTINUOUS
10
3.1826230708661418
20
1.0537203937007873
11
3.1856744881889765
21
1.0539035433070867
0
LINE
8
BLACK
6
CONTINUOUS
10
3.1856744881889765
20
1.0539035433070867
11
3.1884087007874014
21
1.0525364173228346
0
LINE
8
BLACK
6
CONTINUOUS
10
3.1884087007874014
20
1.0525364173228346
11
3.1900930314960627
21
1.0499853937007875
0
LINE
8
BLACK
6
CONTINUOUS
10
3.1900930314960627
20
1.0499853937007875
11
3.201550905511811
21
1.0156116141732283
0
LINE
8
BLACK
6
CONTINUOUS
10
3.201550905511811
20
1.0156116141732283
11
3.2130088582677163
21
1.0499854330708662
0
LINE
8
BLACK
6
CONTINUOUS
10
3.2130088582677163
20
1.0499854330708662
11
3.2146931889763777
21
1.0525364566929134
0
LINE
8
BLACK
6
CONTINUOUS
10
3.2146931889763777
20
1.0525364566929134
11
3.2174273622047243
21
1.0539035433070867
0
LINE
8
BLACK
6
CONTINUOUS
10
3.2174273622047243
20
1.0539035433070867
11
3.2204787795275589
21
1.0537203937007873
0
LINE
8
BLACK
6
CONTINUOUS
10
2.1597002755905512
20
1.0963202755905512
11
2.1599885433070867
21
1.0956242913385827
0
LINE
8
BLACK
6
CONTINUOUS
10
2.1599885433070867
20
1.0956242913385827
11
2.1599885433070867
21
1.0843757086614172
0
LINE
8
BLACK
6
CONTINUOUS
10
2.1599885433070867
20
1.0843757086614172
11
2.1597002755905512
21
1.0836797244094487
0
LINE
8
BLACK
6
CONTINUOUS
10
2.1597002755905512
20
1.0836797244094487
11
2.1590042913385825
21
1.0833914566929133
0
LINE
8
BLACK
6
CONTINUOUS
10
2.1590042913385825
20
1.0833914566929133
11
2.1583083070866143
21
1.0836797244094487
0
LINE
8
BLACK
6
CONTINUOUS
10
2.1583083070866143
20
1.0836797244094487
11
2.1580200393700788
21
1.0843757086614172
0
LINE
8
BLACK
6
CONTINUOUS
10
2.1580200393700788
20
1.0843757086614172
11
2.1580200393700788
21
1.0890157480314961
0
LINE
8
BLACK
6
CONTINUOUS
10
2.1580200393700788
20
1.0890157480314961
11
2.1425700393700788
21
1.0890157480314961
0
LINE
8
BLACK
6
CONTINUOUS
10
2.1425700393700788
20
1.0890157480314961
11
2.1426774015748031
21
1.0889441732283465
0
LINE
8
BLACK
6
CONTINUOUS
10
2.1426774015748031
20
1.0889441732283465
11
2.1427337401574804
21
1.0888599999999999
0
LINE
8
BLACK
6
CONTINUOUS
10
2.1427337401574804
20
1.0888599999999999
11
2.1428274015748032
21
1.088821220472441
0
LINE
8
BLACK
6
CONTINUOUS
10
2.1428274015748032
20
1.088821220472441
11
2.144702125984252
21
1.0869464566929135
0
LINE
8
BLACK
6
CONTINUOUS
10
2.144702125984252
20
1.0869464566929135
11
2.1447640944881887
21
1.0867967716535434
0
LINE
8
BLACK
6
CONTINUOUS
10
2.1447640944881887
20
1.0867967716535434
11
2.1448865354330708
21
1.0866906299212598
0
LINE
8
BLACK
6
CONTINUOUS
10
2.1448865354330708
20
1.0866906299212598
11
2.1458238976377952
21
1.084815905511811
0
LINE
8
BLACK
6
CONTINUOUS
10
2.1458238976377952
20
1.084815905511811
11
2.145877283464567
21
1.0840644488188975
0
LINE
8
BLACK
6
CONTINUOUS
10
2.145877283464567
20
1.0840644488188975
11
2.1453837007874017
21
1.0834953937007874
0
LINE
8
BLACK
6
CONTINUOUS
10
2.1453837007874017
20
1.0834953937007874
11
2.144632283464567
21
1.0834419685039369
0
LINE
8
BLACK
6
CONTINUOUS
10
2.144632283464567
20
1.0834419685039369
11
2.1440631889763777
21
1.0839355511811024
0
LINE
8
BLACK
6
CONTINUOUS
10
2.1440631889763777
20
1.0839355511811024
11
2.1431972047244092
21
1.0856674409448819
0
LINE
8
BLACK
6
CONTINUOUS
10
2.1431972047244092
20
1.0856674409448819
11
2.1415042125984249
21
1.0873604330708662
0
LINE
8
BLACK
6
CONTINUOUS
10
2.1415042125984249
20
1.0873604330708662
11
2.138773307086614
21
1.0891810629921259
0
LINE
8
BLACK
6
CONTINUOUS
10
2.138773307086614
20
1.0891810629921259
11
2.1387169291338584
21
1.0892651968503937
0
LINE
8
BLACK
6
CONTINUOUS
10
2.1387169291338584
20
1.0892651968503937
11
2.1386232677165355
21
1.0893040157480314
0
LINE
8
BLACK
6
CONTINUOUS
10
2.1386232677165355
20
1.0893040157480314
11
2.1385135433070865
21
1.0895688582677165
0
LINE
8
BLACK
6
CONTINUOUS
10
2.1385135433070865
20
1.0895688582677165
11
2.1383540944881889
21
1.0898069685039369
0
LINE
8
BLACK
6
CONTINUOUS
10
2.1383540944881889
20
1.0898069685039369
11
2.1383737401574803
21
1.0899063779527558
0
LINE
8
BLACK
6
CONTINUOUS
10
2.1383737401574803
20
1.0899063779527558
11
2.1383350000000001
21
1.0900000000000001
0
LINE
8
BLACK
6
CONTINUOUS
10
2.1383350000000001
20
1.0900000000000001
11
2.1384446850393699
21
1.0902648031496063
0
LINE
8
BLACK
6
CONTINUOUS
10
2.1384446850393699
20
1.0902648031496063
11
2.1385003149606301
21
1.0905459448818897
0
LINE
8
BLACK
6
CONTINUOUS
10
2.1385003149606301
20
1.0905459448818897
11
2.1385844488188974
21
1.090602283464567
0
LINE
8
BLACK
6
CONTINUOUS
10
2.1385844488188974
20
1.090602283464567
11
2.1386232677165355
21
1.0906959842519686
0
LINE
8
BLACK
6
CONTINUOUS
10
2.1386232677165355
20
1.0906959842519686
11
2.1388881102362203
21
1.0908056692913386
0
LINE
8
BLACK
6
CONTINUOUS
10
2.1388881102362203
20
1.0908056692913386
11
2.1391262204724408
21
1.090965157480315
0
LINE
8
BLACK
6
CONTINUOUS
10
2.1391262204724408
20
1.090965157480315
11
2.1392256299212598
21
1.0909454724409449
0
LINE
8
BLACK
6
CONTINUOUS
10
2.1392256299212598
20
1.0909454724409449
11
2.1393192519685038
21
1.090984251968504
0
LINE
8
BLACK
6
CONTINUOUS
10
2.1393192519685038
20
1.090984251968504
11
2.1580200393700788
21
1.090984251968504
0
LINE
8
BLACK
6
CONTINUOUS
10
2.1580200393700788
20
1.090984251968504
11
2.1580200393700788
21
1.0956242913385827
0
LINE
8
BLACK
6
CONTINUOUS
10
2.1580200393700788
20
1.0956242913385827
11
2.1583083070866143
21
1.0963202755905512
0
LINE
8
BLACK
6
CONTINUOUS
10
2.1583083070866143
20
1.0963202755905512
11
2.1590042913385825
21
1.0966085433070867
0
LINE
8
BLACK
6
CONTINUOUS
10
2.1590042913385825
20
1.0966085433070867
11
2.1597002755905512
21
1.0963202755905512
0
LINE
8
BLACK
6
CONTINUOUS
10
3.1516808661417324
20
1.1536720866141732
11
3.1530108267716535
21
1.1533999606299212
0
LINE
8
BLACK
6
CONTINUOUS
10
3.1530108267716535
20
1.1533999606299212
11
3.1578852362204723
21
1.1509627559055118
0
LINE
8
BLACK
6
CONTINUOUS
10
3.1578852362204723
20
1.1509627559055118
11
3.1601724409448817
21
1.1489346062992125
0
LINE
8
BLACK
6
CONTINUOUS
10
3.1601724409448817
20
1.1489346062992125
11
3.1611391338582675
21
1.1460345275590551
0
LINE
8
BLACK
6
CONTINUOUS
10
3.1611391338582675
20
1.1460345275590551
11
3.1605262598425194
21
1.14303968503937
0
LINE
8
BLACK
6
CONTINUOUS
10
3.1605262598425194
20
1.14303968503937
11
3.1584981102362204
21
1.1407524803149607
0
LINE
8
BLACK
6
CONTINUOUS
10
3.1584981102362204
20
1.1407524803149607
11
3.155598031496063
21
1.1397857874015749
0
LINE
8
BLACK
6
CONTINUOUS
10
3.155598031496063
20
1.1397857874015749
11
3.1526031889763777
21
1.1403986614173227
0
LINE
8
BLACK
6
CONTINUOUS
10
3.1526031889763777
20
1.1403986614173227
11
3.1489757086614172
21
1.1422124015748032
0
LINE
8
BLACK
6
CONTINUOUS
10
3.1489757086614172
20
1.1422124015748032
11
3.1440165354330709
21
1.1422124015748032
0
LINE
8
BLACK
6
CONTINUOUS
10
3.1440165354330709
20
1.1422124015748032
11
3.1389367322834647
21
1.1405191338582676
0
LINE
8
BLACK
6
CONTINUOUS
10
3.1389367322834647
20
1.1405191338582676
11
3.1357256692913387
21
1.1373080708661416
0
LINE
8
BLACK
6
CONTINUOUS
10
3.1357256692913387
20
1.1373080708661416
11
3.1340070078740156
21
1.1338707874015748
0
LINE
8
BLACK
6
CONTINUOUS
10
3.1340070078740156
20
1.1338707874015748
11
3.1319033858267717
21
1.1254561811023622
0
LINE
8
BLACK
6
CONTINUOUS
10
3.1319033858267717
20
1.1254561811023622
11
3.1319033858267717
21
1.1195985039370078
0
LINE
8
BLACK
6
CONTINUOUS
10
3.1319033858267717
20
1.1195985039370078
11
3.1340070078740156
21
1.1111838976377952
0
LINE
8
BLACK
6
CONTINUOUS
10
3.1340070078740156
20
1.1111838976377952
11
3.1357256692913387
21
1.1077465748031496
0
LINE
8
BLACK
6
CONTINUOUS
10
3.1357256692913387
20
1.1077465748031496
11
3.138936692913386
21
1.1045355905511811
0
LINE
8
BLACK
6
CONTINUOUS
10
3.138936692913386
20
1.1045355905511811
11
3.1440165354330709
21
1.1028423228346456
0
LINE
8
BLACK
6
CONTINUOUS
10
3.1440165354330709
20
1.1028423228346456
11
3.1469743307086615
21
1.1028423228346456
0
LINE
8
BLACK
6
CONTINUOUS
10
3.1469743307086615
20
1.1028423228346456
11
3.1517758661417323
21
1.1044428346456692
0
LINE
8
BLACK
6
CONTINUOUS
10
3.1517758661417323
20
1.1044428346456692
11
3.1517758661417323
21
1.1129660629921259
0
LINE
8
BLACK
6
CONTINUOUS
10
3.1517758661417323
20
1.1129660629921259
11
3.1479325984251969
21
1.1129660629921259
0
LINE
8
BLACK
6
CONTINUOUS
10
3.1479325984251969
20
1.1129660629921259
11
3.1449798425196849
21
1.1137572440944881
0
LINE
8
BLACK
6
CONTINUOUS
10
3.1449798425196849
20
1.1137572440944881
11
3.1428182677165353
21
1.1159188188976377
0
LINE
8
BLACK
6
CONTINUOUS
10
3.1428182677165353
20
1.1159188188976377
11
3.1420270866141733
21
1.1188715748031495
0
LINE
8
BLACK
6
CONTINUOUS
10
3.1420270866141733
20
1.1188715748031495
11
3.1428182677165353
21
1.1218243307086615
0
LINE
8
BLACK
6
CONTINUOUS
10
3.1428182677165353
20
1.1218243307086615
11
3.1449798425196849
21
1.1239859055118111
0
LINE
8
BLACK
6
CONTINUOUS
10
3.1449798425196849
20
1.1239859055118111
11
3.1479325984251969
21
1.1247770866141733
0
LINE
8
BLACK
6
CONTINUOUS
10
3.1479325984251969
20
1.1247770866141733
11
3.1576813779527559
21
1.1247770866141733
0
LINE
8
BLACK
6
CONTINUOUS
10
3.1576813779527559
20
1.1247770866141733
11
3.1606341338582675
21
1.1239859055118111
0
LINE
8
BLACK
6
CONTINUOUS
10
3.1606341338582675
20
1.1239859055118111
11
3.1627957086614171
21
1.1218243307086615
0
LINE
8
BLACK
6
CONTINUOUS
10
3.1627957086614171
20
1.1218243307086615
11
3.1635868897637796
21
1.1188715748031495
0
LINE
8
BLACK
6
CONTINUOUS
10
3.1635868897637796
20
1.1188715748031495
11
3.1635868897637796
21
1.1018111811023621
0
LINE
8
BLACK
6
CONTINUOUS
10
3.1635868897637796
20
1.1018111811023621
11
3.1633856692913387
21
1.1010601968503937
0
LINE
8
BLACK
6
CONTINUOUS
10
3.1633856692913387
20
1.1010601968503937
11
3.1633856692913387
21
1.100282716535433
0
LINE
8
BLACK
6
CONTINUOUS
10
3.1633856692913387
20
1.100282716535433
11
3.162996929133858
21
1.0996093700787402
0
LINE
8
BLACK
6
CONTINUOUS
10
3.162996929133858
20
1.0996093700787402
11
3.1627957086614171
21
1.0988584251968503
0
LINE
8
BLACK
6
CONTINUOUS
10
3.1627957086614171
20
1.0988584251968503
11
3.1622459055118108
21
1.098308622047244
0
LINE
8
BLACK
6
CONTINUOUS
10
3.1622459055118108
20
1.098308622047244
11
3.1618572047244093
21
1.0976353543307087
0
LINE
8
BLACK
6
CONTINUOUS
10
3.1618572047244093
20
1.0976353543307087
11
3.1594200393700786
21
1.095198188976378
0
LINE
8
BLACK
6
CONTINUOUS
10
3.1594200393700786
20
1.095198188976378
11
3.1582444488188974
21
1.0945194488188976
0
LINE
8
BLACK
6
CONTINUOUS
10
3.1582444488188974
20
1.0945194488188976
11
3.1571116929133858
21
1.0937715748031496
0
LINE
8
BLACK
6
CONTINUOUS
10
3.1571116929133858
20
1.0937715748031496
11
3.1498000787401574
21
1.0913343700787401
0
LINE
8
BLACK
6
CONTINUOUS
10
3.1498000787401574
20
1.0913343700787401
11
3.1488510236220471
21
1.0912773622047245
0
LINE
8
BLACK
6
CONTINUOUS
10
3.1488510236220471
20
1.0912773622047245
11
3.1479325984251969
21
1.0910312992125983
0
LINE
8
BLACK
6
CONTINUOUS
10
3.1479325984251969
20
1.0910312992125983
11
3.1430582283464568
21
1.0910312992125983
0
LINE
8
BLACK
6
CONTINUOUS
10
3.1430582283464568
20
1.0910312992125983
11
3.1421397637795274
21
1.0912773622047245
0
LINE
8
BLACK
6
CONTINUOUS
10
3.1421397637795274
20
1.0912773622047245
11
3.1411907480314958
21
1.0913343700787401
0
LINE
8
BLACK
6
CONTINUOUS
10
3.1411907480314958
20
1.0913343700787401
11
3.1338791732283462
21
1.0937715748031496
0
LINE
8
BLACK
6
CONTINUOUS
10
3.1338791732283462
20
1.0937715748031496
11
3.1327464566929133
21
1.0945194094488189
0
LINE
8
BLACK
6
CONTINUOUS
10
3.1327464566929133
20
1.0945194094488189
11
3.1315708267716533
21
1.095198188976378
0
LINE
8
BLACK
6
CONTINUOUS
10
3.1315708267716533
20
1.095198188976378
11
3.1266964173228344
21
1.1000725590551181
0
LINE
8
BLACK
6
CONTINUOUS
10
3.1266964173228344
20
1.1000725590551181
11
3.1262209842519684
21
1.1008959448818898
0
LINE
8
BLACK
6
CONTINUOUS
10
3.1262209842519684
20
1.1008959448818898
11
3.1255901968503936
21
1.1016073622047244
0
LINE
8
BLACK
6
CONTINUOUS
10
3.1255901968503936
20
1.1016073622047244
11
3.1231529921259842
21
1.1064817716535433
0
LINE
8
BLACK
6
CONTINUOUS
10
3.1231529921259842
20
1.1064817716535433
11
3.1230222440944879
21
1.1071205118110237
0
LINE
8
BLACK
6
CONTINUOUS
10
3.1230222440944879
20
1.1071205118110237
11
3.1227058661417324
21
1.1076905118110236
0
LINE
8
BLACK
6
CONTINUOUS
10
3.1227058661417324
20
1.1076905118110236
11
3.1202687007874017
21
1.1174392913385827
0
LINE
8
BLACK
6
CONTINUOUS
10
3.1202687007874017
20
1.1174392913385827
11
3.1202809448818898
21
1.1181677165354331
0
LINE
8
BLACK
6
CONTINUOUS
10
3.1202809448818898
20
1.1181677165354331
11
3.1200923622047245
21
1.1188715748031495
0
LINE
8
BLACK
6
CONTINUOUS
10
3.1200923622047245
20
1.1188715748031495
11
3.1200923622047245
21
1.1261831496062993
0
LINE
8
BLACK
6
CONTINUOUS
10
3.1200923622047245
20
1.1261831496062993
11
3.1202809448818898
21
1.1268869685039369
0
LINE
8
BLACK
6
CONTINUOUS
10
3.1202809448818898
20
1.1268869685039369
11
3.1202687007874017
21
1.1276154330708661
0
LINE
8
BLACK
6
CONTINUOUS
10
3.1202687007874017
20
1.1276154330708661
11
3.1227058661417324
21
1.1373642125984251
0
LINE
8
BLACK
6
CONTINUOUS
10
3.1227058661417324
20
1.1373642125984251
11
3.1230222440944879
21
1.1379341732283463
0
LINE
8
BLACK
6
CONTINUOUS
10
3.1230222440944879
20
1.1379341732283463
11
3.1231529921259842
21
1.1385729527559054
0
LINE
8
BLACK
6
CONTINUOUS
10
3.1231529921259842
20
1.1385729527559054
11
3.1255901968503936
21
1.1434473622047243
0
LINE
8
BLACK
6
CONTINUOUS
10
3.1255901968503936
20
1.1434473622047243
11
3.1262210236220471
21
1.1441587401574802
0
LINE
8
BLACK
6
CONTINUOUS
10
3.1262210236220471
20
1.1441587401574802
11
3.1266964173228344
21
1.1449821259842519
0
LINE
8
BLACK
6
CONTINUOUS
10
3.1266964173228344
20
1.1449821259842519
11
3.1315708267716533
21
1.1498565354330708
0
LINE
8
BLACK
6
CONTINUOUS
10
3.1315708267716533
20
1.1498565354330708
11
3.1327465748031496
21
1.1505353543307086
0
LINE
8
BLACK
6
CONTINUOUS
10
3.1327465748031496
20
1.1505353543307086
11
3.1338791732283462
21
1.1512831496062992
0
LINE
8
BLACK
6
CONTINUOUS
10
3.1338791732283462
20
1.1512831496062992
11
3.1411907480314958
21
1.1537203543307086
0
LINE
8
BLACK
6
CONTINUOUS
10
3.1411907480314958
20
1.1537203543307086
11
3.1421397637795274
21
1.1537773228346457
0
LINE
8
BLACK
6
CONTINUOUS
10
3.1421397637795274
20
1.1537773228346457
11
3.1430582283464568
21
1.1540234251968504
0
LINE
8
BLACK
6
CONTINUOUS
10
3.1430582283464568
20
1.1540234251968504
11
3.1503698031496064
21
1.1540234251968504
0
LINE
8
BLACK
6
CONTINUOUS
10
3.1503698031496064
20
1.1540234251968504
11
3.1516808661417324
21
1.1536720866141732
0
LINE
8
BLACK
6
CONTINUOUS
10
3.2118152362204722
20
1.1532322440944882
11
3.2139768110236218
21
1.1510706692913386
0
LINE
8
BLACK
6
CONTINUOUS
10
3.2139768110236218
20
1.1510706692913386
11
3.2147679921259842
21
1.1481179133858268
0
LINE
8
BLACK
6
CONTINUOUS
10
3.2147679921259842
20
1.1481179133858268
11
3.2147679921259842
21
1.0969368110236219
0
LINE
8
BLACK
6
CONTINUOUS
10
3.2147679921259842
20
1.0969368110236219
11
3.2147644488188978
21
1.096923622047244
0
LINE
8
BLACK
6
CONTINUOUS
10
3.2147644488188978
20
1.096923622047244
11
3.2147679133858267
21
1.0969105511811024
0
LINE
8
BLACK
6
CONTINUOUS
10
3.2147679133858267
20
1.0969105511811024
11
3.2143711811023623
21
1.0954559055118109
0
LINE
8
BLACK
6
CONTINUOUS
10
3.2143711811023623
20
1.0954559055118109
11
3.2139768110236218
21
1.0939840551181101
0
LINE
8
BLACK
6
CONTINUOUS
10
3.2139768110236218
20
1.0939840551181101
11
3.2139671259842517
21
1.0939743700787401
0
LINE
8
BLACK
6
CONTINUOUS
10
3.2139671259842517
20
1.0939743700787401
11
3.2139635826771653
21
1.0939612992125984
0
LINE
8
BLACK
6
CONTINUOUS
10
3.2139635826771653
20
1.0939612992125984
11
3.2128890944881889
21
1.0928963385826771
0
LINE
8
BLACK
6
CONTINUOUS
10
3.2128890944881889
20
1.0928963385826771
11
3.2118152362204722
21
1.0918224803149605
0
LINE
8
BLACK
6
CONTINUOUS
10
3.2118152362204722
20
1.0918224803149605
11
3.2118020472440945
21
1.0918189370078739
0
LINE
8
BLACK
6
CONTINUOUS
10
3.2118020472440945
20
1.0918189370078739
11
3.2117924409448819
21
1.0918094094488189
0
LINE
8
BLACK
6
CONTINUOUS
10
3.2117924409448819
20
1.0918094094488189
11
3.2103313385826771
21
1.0914248818897638
0
LINE
8
BLACK
6
CONTINUOUS
10
3.2103313385826771
20
1.0914248818897638
11
3.2088624803149606
21
1.0910312992125983
0
LINE
8
BLACK
6
CONTINUOUS
10
3.2088624803149606
20
1.0910312992125983
11
3.2088492913385824
21
1.0910348031496062
0
LINE
8
BLACK
6
CONTINUOUS
10
3.2088492913385824
20
1.0910348031496062
11
3.2088361811023622
21
1.0910313779527558
0
LINE
8
BLACK
6
CONTINUOUS
10
3.2088361811023622
20
1.0910313779527558
11
3.2073785826771655
21
1.0914288582677165
0
LINE
8
BLACK
6
CONTINUOUS
10
3.2073785826771655
20
1.0914288582677165
11
3.2059097244094485
21
1.0918224803149605
0
LINE
8
BLACK
6
CONTINUOUS
10
3.2059097244094485
20
1.0918224803149605
11
3.2059000393700785
21
1.0918321259842518
0
LINE
8
BLACK
6
CONTINUOUS
10
3.2059000393700785
20
1.0918321259842518
11
3.2058869685039371
21
1.0918357086614172
0
LINE
8
BLACK
6
CONTINUOUS
10
3.2058869685039371
20
1.0918357086614172
11
3.204819803149606
21
1.0929123622047243
0
LINE
8
BLACK
6
CONTINUOUS
10
3.204819803149606
20
1.0929123622047243
11
3.2037481496062989
21
1.0939840551181101
0
LINE
8
BLACK
6
CONTINUOUS
10
3.2037481496062989
20
1.0939840551181101
11
3.2037446062992125
21
1.0939971653543308
0
LINE
8
BLACK
6
CONTINUOUS
10
3.2037446062992125
20
1.0939971653543308
11
3.2037350393700788
21
1.0940068503937008
0
LINE
8
BLACK
6
CONTINUOUS
10
3.2037350393700788
20
1.0940068503937008
11
3.1855216535433071
21
1.1258803149606298
0
LINE
8
BLACK
6
CONTINUOUS
10
3.1855216535433071
20
1.1258803149606298
11
3.1855216535433071
21
1.0969368110236219
0
LINE
8
BLACK
6
CONTINUOUS
10
3.1855216535433071
20
1.0969368110236219
11
3.1847304724409446
21
1.0939840551181101
0
LINE
8
BLACK
6
CONTINUOUS
10
3.1847304724409446
20
1.0939840551181101
11
3.182568897637795
21
1.0918224803149605
0
LINE
8
BLACK
6
CONTINUOUS
10
3.182568897637795
20
1.0918224803149605
11
3.1796161417322835
21
1.0910312992125983
0
LINE
8
BLACK
6
CONTINUOUS
10
3.1796161417322835
20
1.0910312992125983
11
3.1766633858267714
21
1.0918224803149605
0
LINE
8
BLACK
6
CONTINUOUS
10
3.1766633858267714
20
1.0918224803149605
11
3.1745018110236218
21
1.0939840551181101
0
LINE
8
BLACK
6
CONTINUOUS
10
3.1745018110236218
20
1.0939840551181101
11
3.1737106299212599
21
1.0969368110236219
0
LINE
8
BLACK
6
CONTINUOUS
10
3.1737106299212599
20
1.0969368110236219
11
3.1737106299212599
21
1.1481179133858268
0
LINE
8
BLACK
6
CONTINUOUS
10
3.1737106299212599
20
1.1481179133858268
11
3.1737141338582675
21
1.1481309842519685
0
LINE
8
BLACK
6
CONTINUOUS
10
3.1737141338582675
20
1.1481309842519685
11
3.1737106692913386
21
1.1481442125984251
0
LINE
8
BLACK
6
CONTINUOUS
10
3.1737106692913386
20
1.1481442125984251
11
3.174110433070866
21
1.14961
0
LINE
8
BLACK
6
CONTINUOUS
10
3.174110433070866
20
1.14961
11
3.1745018110236218
21
1.1510706692913386
0
LINE
8
BLACK
6
CONTINUOUS
10
3.1745018110236218
20
1.1510706692913386
11
3.1745113779527556
21
1.1510802362204724
0
LINE
8
BLACK
6
CONTINUOUS
10
3.1745113779527556
20
1.1510802362204724
11
3.174515
21
1.1510934251968503
0
LINE
8
BLACK
6
CONTINUOUS
10
3.174515
20
1.1510934251968503
11
3.1755916929133856
21
1.1521605511811024
0
LINE
8
BLACK
6
CONTINUOUS
10
3.1755916929133856
20
1.1521605511811024
11
3.1766633858267714
21
1.1532322440944882
0
LINE
8
BLACK
6
CONTINUOUS
10
3.1766633858267714
20
1.1532322440944882
11
3.1766765354330708
21
1.1532357480314961
0
LINE
8
BLACK
6
CONTINUOUS
10
3.1766765354330708
20
1.1532357480314961
11
3.1766861811023621
21
1.1532453149606299
0
LINE
8
BLACK
6
CONTINUOUS
10
3.1766861811023621
20
1.1532453149606299
11
3.1781513385826772
21
1.153630905511811
0
LINE
8
BLACK
6
CONTINUOUS
10
3.1781513385826772
20
1.153630905511811
11
3.1796161417322835
21
1.1540234251968504
0
LINE
8
BLACK
6
CONTINUOUS
10
3.1796161417322835
20
1.1540234251968504
11
3.1796292125984249
21
1.1540198818897638
0
LINE
8
BLACK
6
CONTINUOUS
10
3.1796292125984249
20
1.1540198818897638
11
3.1796424409448818
21
1.1540233858267717
0
LINE
8
BLACK
6
CONTINUOUS
10
3.1796424409448818
20
1.1540233858267717
11
3.1811082283464565
21
1.1536235826771652
0
LINE
8
BLACK
6
CONTINUOUS
10
3.1811082283464565
20
1.1536235826771652
11
3.182568897637795
21
1.1532322440944882
0
LINE
8
BLACK
6
CONTINUOUS
10
3.182568897637795
20
1.1532322440944882
11
3.1825784645669293
21
1.1532226377952757
0
LINE
8
BLACK
6
CONTINUOUS
10
3.1825784645669293
20
1.1532226377952757
11
3.182591653543307
21
1.1532190551181103
0
LINE
8
BLACK
6
CONTINUOUS
10
3.182591653543307
20
1.1532190551181103
11
3.1836587795275588
21
1.1521423228346457
0
LINE
8
BLACK
6
CONTINUOUS
10
3.1836587795275588
20
1.1521423228346457
11
3.1847304724409446
21
1.1510706692913386
0
LINE
8
BLACK
6
CONTINUOUS
10
3.1847304724409446
20
1.1510706692913386
11
3.1847339763779527
21
1.1510574803149607
0
LINE
8
BLACK
6
CONTINUOUS
10
3.1847339763779527
20
1.1510574803149607
11
3.1847435433070865
21
1.1510478740157479
0
LINE
8
BLACK
6
CONTINUOUS
10
3.1847435433070865
20
1.1510478740157479
11
3.202956968503937
21
1.1191743700787402
0
LINE
8
BLACK
6
CONTINUOUS
10
3.202956968503937
20
1.1191743700787402
11
3.202956968503937
21
1.1481179133858268
0
LINE
8
BLACK
6
CONTINUOUS
10
3.202956968503937
20
1.1481179133858268
11
3.2037481496062989
21
1.1510706692913386
0
LINE
8
BLACK
6
CONTINUOUS
10
3.2037481496062989
20
1.1510706692913386
11
3.2059097244094485
21
1.1532322440944882
0
LINE
8
BLACK
6
CONTINUOUS
10
3.2059097244094485
20
1.1532322440944882
11
3.2088624803149606
21
1.1540234251968504
0
LINE
8
BLACK
6
CONTINUOUS
10
3.2088624803149606
20
1.1540234251968504
11
3.2118152362204722
21
1.1532322440944882
0
LINE
8
BLACK
6
CONTINUOUS
10
3.2463388582677166
20
1.1537773228346457
11
3.2472879133858266
21
1.1537203543307086
0
LINE
8
BLACK
6
CONTINUOUS
10
3.2472879133858266
20
1.1537203543307086
11
3.2545995275590549
21
1.1512831496062992
0
LINE
8
BLACK
6
CONTINUOUS
10
3.2545995275590549
20
1.1512831496062992
11
3.2557322047244095
21
1.1505352755905511
0
LINE
8
BLACK
6
CONTINUOUS
10
3.2557322047244095
20
1.1505352755905511
11
3.256907834645669
21
1.1498565354330708
0
LINE
8
BLACK
6
CONTINUOUS
10
3.256907834645669
20
1.1498565354330708
11
3.2617822440944879
21
1.1449821259842519
0
LINE
8
BLACK
6
CONTINUOUS
10
3.2617822440944879
20
1.1449821259842519
11
3.2622576377952757
21
1.1441586614173227
0
LINE
8
BLACK
6
CONTINUOUS
10
3.2622576377952757
20
1.1441586614173227
11
3.2628884645669292
21
1.1434473228346456
0
LINE
8
BLACK
6
CONTINUOUS
10
3.2628884645669292
20
1.1434473228346456
11
3.2653256692913386
21
1.1385729527559054
0
LINE
8
BLACK
6
CONTINUOUS
10
3.2653256692913386
20
1.1385729527559054
11
3.2654563779527557
21
1.1379341732283463
0
LINE
8
BLACK
6
CONTINUOUS
10
3.2654563779527557
20
1.1379341732283463
11
3.2657727952755904
21
1.1373642125984251
0
LINE
8
BLACK
6
CONTINUOUS
10
3.2657727952755904
20
1.1373642125984251
11
3.2682099999999998
21
1.1276154330708661
0
LINE
8
BLACK
6
CONTINUOUS
10
3.2682099999999998
20
1.1276154330708661
11
3.268197716535433
21
1.1268868503937008
0
LINE
8
BLACK
6
CONTINUOUS
10
3.268197716535433
20
1.1268868503937008
11
3.2683862992125983
21
1.1261831496062993
0
LINE
8
BLACK
6
CONTINUOUS
10
3.2683862992125983
20
1.1261831496062993
11
3.2683862992125983
21
1.1188715748031495
0
LINE
8
BLACK
6
CONTINUOUS
10
3.2683862992125983
20
1.1188715748031495
11
3.268197716535433
21
1.1181678346456692
0
LINE
8
BLACK
6
CONTINUOUS
10
3.268197716535433
20
1.1181678346456692
11
3.2682099999999998
21
1.1174392913385827
0
LINE
8
BLACK
6
CONTINUOUS
10
3.2682099999999998
20
1.1174392913385827
11
3.2657727952755904
21
1.1076905118110236
0
LINE
8
BLACK
6
CONTINUOUS
10
3.2657727952755904
20
1.1076905118110236
11
3.2654563779527557
21
1.1071205118110237
0
LINE
8
BLACK
6
CONTINUOUS
10
3.2654563779527557
20
1.1071205118110237
11
3.2653256692913386
21
1.1064817716535433
0
LINE
8
BLACK
6
CONTINUOUS
10
3.2653256692913386
20
1.1064817716535433
11
3.2628884645669292
21
1.1016073622047244
0
LINE
8
BLACK
6
CONTINUOUS
10
3.2628884645669292
20
1.1016073622047244
11
3.2622576377952757
21
1.1008959448818898
0
LINE
8
BLACK
6
CONTINUOUS
10
3.2622576377952757
20
1.1008959448818898
11
3.2617822440944879
21
1.1000725590551181
0
LINE
8
BLACK
6
CONTINUOUS
10
3.2617822440944879
20
1.1000725590551181
11
3.256907834645669
21
1.095198188976378
0
LINE
8
BLACK
6
CONTINUOUS
10
3.256907834645669
20
1.095198188976378
11
3.2557323228346458
21
1.0945195275590551
0
LINE
8
BLACK
6
CONTINUOUS
10
3.2557323228346458
20
1.0945195275590551
11
3.2545995275590549
21
1.0937715748031496
0
LINE
8
BLACK
6
CONTINUOUS
10
3.2545995275590549
20
1.0937715748031496
11
3.2472879133858266
21
1.0913343700787401
0
LINE
8
BLACK
6
CONTINUOUS
10
3.2472879133858266
20
1.0913343700787401
11
3.2463388582677166
21
1.0912773622047245
0
LINE
8
BLACK
6
CONTINUOUS
10
3.2463388582677166
20
1.0912773622047245
11
3.245420433070866
21
1.0910312992125983
0
LINE
8
BLACK
6
CONTINUOUS
10
3.245420433070866
20
1.0910312992125983
11
3.2332344488188975
21
1.0910312992125983
0
LINE
8
BLACK
6
CONTINUOUS
10
3.2332344488188975
20
1.0910312992125983
11
3.230281692913386
21
1.0918224803149605
0
LINE
8
BLACK
6
CONTINUOUS
10
3.230281692913386
20
1.0918224803149605
11
3.2281201181102364
21
1.0939840551181101
0
LINE
8
BLACK
6
CONTINUOUS
10
3.2281201181102364
20
1.0939840551181101
11
3.2273289370078739
21
1.0969368110236219
0
LINE
8
BLACK
6
CONTINUOUS
10
3.2273289370078739
20
1.0969368110236219
11
3.2273289370078739
21
1.1481179133858268
0
LINE
8
BLACK
6
CONTINUOUS
10
3.2273289370078739
20
1.1481179133858268
11
3.2281201181102364
21
1.1510706692913386
0
LINE
8
BLACK
6
CONTINUOUS
10
3.2281201181102364
20
1.1510706692913386
11
3.230281692913386
21
1.1532322440944882
0
LINE
8
BLACK
6
CONTINUOUS
10
3.230281692913386
20
1.1532322440944882
11
3.2332344488188975
21
1.1540234251968504
0
LINE
8
BLACK
6
CONTINUOUS
10
3.2332344488188975
20
1.1540234251968504
11
3.245420433070866
21
1.1540234251968504
0
LINE
8
BLACK
6
CONTINUOUS
10
3.245420433070866
20
1.1540234251968504
11
3.2463388582677166
21
1.1537773228346457
0
LINE
8
BLACK
6
CONTINUOUS
10
3.2391399606299212
20
1.1028423228346456
11
3.2444621653543306
21
1.1028423228346456
0
LINE
8
BLACK
6
CONTINUOUS
10
3.2444621653543306
20
1.1028423228346456
11
3.2495419291338581
21
1.1045355905511811
0
LINE
8
BLACK
6
CONTINUOUS
10
3.2495419291338581
20
1.1045355905511811
11
3.2527529527559054
21
1.1077465748031496
0
LINE
8
BLACK
6
CONTINUOUS
10
3.2527529527559054
20
1.1077465748031496
11
3.2544716535433071
21
1.1111840157480315
0
LINE
8
BLACK
6
CONTINUOUS
10
3.2544716535433071
20
1.1111840157480315
11
3.256575275590551
21
1.119598464566929
0
LINE
8
BLACK
6
CONTINUOUS
10
3.256575275590551
20
1.119598464566929
11
3.256575275590551
21
1.125456220472441
0
LINE
8
BLACK
6
CONTINUOUS
10
3.256575275590551
20
1.125456220472441
11
3.2544716929133859
21
1.133870590551181
0
LINE
8
BLACK
6
CONTINUOUS
10
3.2544716929133859
20
1.133870590551181
11
3.2527529527559054
21
1.1373081102362204
0
LINE
8
BLACK
6
CONTINUOUS
10
3.2527529527559054
20
1.1373081102362204
11
3.2495418897637793
21
1.1405191338582676
0
LINE
8
BLACK
6
CONTINUOUS
10
3.2495418897637793
20
1.1405191338582676
11
3.2444621653543306
21
1.1422124015748032
0
LINE
8
BLACK
6
CONTINUOUS
10
3.2444621653543306
20
1.1422124015748032
11
3.2391399606299212
21
1.1422124015748032
0
LINE
8
BLACK
6
CONTINUOUS
10
3.2391399606299212
20
1.1422124015748032
11
3.2391399606299212
21
1.1028423228346456
0
LINE
8
BLACK
6
CONTINUOUS
10
3.2664726771653543
20
1.2573442519685039
11
3.2681138582677165
21
1.2547652755905512
0
LINE
8
BLACK
6
CONTINUOUS
10
3.2681138582677165
20
1.2547652755905512
11
3.2682456692913386
21
1.2517111811023622
0
LINE
8
BLACK
6
CONTINUOUS
10
3.2682456692913386
20
1.2517111811023622
11
3.264968307086614
21
1.2369630314960629
0
LINE
8
BLACK
6
CONTINUOUS
10
3.264968307086614
20
1.2369630314960629
11
3.2673551968503936
21
1.2369630314960629
0
LINE
8
BLACK
6
CONTINUOUS
10
3.2673551968503936
20
1.2369630314960629
11
3.2703079527559056
21
1.2361718503937007
0
LINE
8
BLACK
6
CONTINUOUS
10
3.2703079527559056
20
1.2361718503937007
11
3.2724695275590552
21
1.2340102755905511
0
LINE
8
BLACK
6
CONTINUOUS
10
3.2724695275590552
20
1.2340102755905511
11
3.2732607086614172
21
1.2310575196850393
0
LINE
8
BLACK
6
CONTINUOUS
10
3.2732607086614172
20
1.2310575196850393
11
3.2724695275590552
21
1.2281047637795275
0
LINE
8
BLACK
6
CONTINUOUS
10
3.2724695275590552
20
1.2281047637795275
11
3.2703079527559056
21
1.2259431889763779
0
LINE
8
BLACK
6
CONTINUOUS
10
3.2703079527559056
20
1.2259431889763779
11
3.2673551968503936
21
1.2251520078740157
0
LINE
8
BLACK
6
CONTINUOUS
10
3.2673551968503936
20
1.2251520078740157
11
3.2623436220472439
21
1.2251520078740157
0
LINE
8
BLACK
6
CONTINUOUS
10
3.2623436220472439
20
1.2251520078740157
11
3.2600939370078739
21
1.2150283070866141
0
LINE
8
BLACK
6
CONTINUOUS
10
3.2600939370078739
20
1.2150283070866141
11
3.2624807874015747
21
1.2150283070866141
0
LINE
8
BLACK
6
CONTINUOUS
10
3.2624807874015747
20
1.2150283070866141
11
3.2654335433070867
21
1.2142371259842519
0
LINE
8
BLACK
6
CONTINUOUS
10
3.2654335433070867
20
1.2142371259842519
11
3.2675951181102363
21
1.2120755511811023
0
LINE
8
BLACK
6
CONTINUOUS
10
3.2675951181102363
20
1.2120755511811023
11
3.2683862992125983
21
1.2091227952755905
0
LINE
8
BLACK
6
CONTINUOUS
10
3.2683862992125983
20
1.2091227952755905
11
3.2675951181102363
21
1.2061700393700787
0
LINE
8
BLACK
6
CONTINUOUS
10
3.2675951181102363
20
1.2061700393700787
11
3.2654335433070867
21
1.2040084645669291
0
LINE
8
BLACK
6
CONTINUOUS
10
3.2654335433070867
20
1.2040084645669291
11
3.2624807874015747
21
1.2032172834645669
0
LINE
8
BLACK
6
CONTINUOUS
10
3.2624807874015747
20
1.2032172834645669
11
3.2574692519685038
21
1.2032172834645669
0
LINE
8
BLACK
6
CONTINUOUS
10
3.2574692519685038
20
1.2032172834645669
11
3.2536225196850395
21
1.1859069291338582
0
LINE
8
BLACK
6
CONTINUOUS
10
3.2536225196850395
20
1.1859069291338582
11
3.252209645669291
21
1.1831961417322834
0
LINE
8
BLACK
6
CONTINUOUS
10
3.252209645669291
20
1.1831961417322834
11
3.2496306299212598
21
1.1815549606299212
0
LINE
8
BLACK
6
CONTINUOUS
10
3.2496306299212598
20
1.1815549606299212
11
3.2465765354330709
21
1.1814231496062992
0
LINE
8
BLACK
6
CONTINUOUS
10
3.2465765354330709
20
1.1814231496062992
11
3.2438657480314959
21
1.1828360236220472
0
LINE
8
BLACK
6
CONTINUOUS
10
3.2438657480314959
20
1.1828360236220472
11
3.2422245669291336
21
1.1854150393700786
0
LINE
8
BLACK
6
CONTINUOUS
10
3.2422245669291336
20
1.1854150393700786
11
3.2420927559055119
21
1.1884691338582676
0
LINE
8
BLACK
6
CONTINUOUS
10
3.2420927559055119
20
1.1884691338582676
11
3.2453701181102361
21
1.2032172834645669
0
LINE
8
BLACK
6
CONTINUOUS
10
3.2453701181102361
20
1.2032172834645669
11
3.2404088976377952
21
1.2032172834645669
0
LINE
8
BLACK
6
CONTINUOUS
10
3.2404088976377952
20
1.2032172834645669
11
3.2365621653543308
21
1.1859069291338582
0
LINE
8
BLACK
6
CONTINUOUS
10
3.2365621653543308
20
1.1859069291338582
11
3.2351492913385824
21
1.1831961417322834
0
LINE
8
BLACK
6
CONTINUOUS
10
3.2351492913385824
20
1.1831961417322834
11
3.2325702755905512
21
1.1815549606299212
0
LINE
8
BLACK
6
CONTINUOUS
10
3.2325702755905512
20
1.1815549606299212
11
3.2295161811023623
21
1.1814231496062992
0
LINE
8
BLACK
6
CONTINUOUS
10
3.2295161811023623
20
1.1814231496062992
11
3.2268053937007872
21
1.1828360236220472
0
LINE
8
BLACK
6
CONTINUOUS
10
3.2268053937007872
20
1.1828360236220472
11
3.225164212598425
21
1.1854150393700786
0
LINE
8
BLACK
6
CONTINUOUS
10
3.225164212598425
20
1.1854150393700786
11
3.2250324015748029
21
1.1884691338582676
0
LINE
8
BLACK
6
CONTINUOUS
10
3.2250324015748029
20
1.1884691338582676
11
3.2283097637795275
21
1.2032172834645669
0
LINE
8
BLACK
6
CONTINUOUS
10
3.2283097637795275
20
1.2032172834645669
11
3.225922874015748
21
1.2032172834645669
0
LINE
8
BLACK
6
CONTINUOUS
10
3.225922874015748
20
1.2032172834645669
11
3.2229701181102359
21
1.2040084645669291
0
LINE
8
BLACK
6
CONTINUOUS
10
3.2229701181102359
20
1.2040084645669291
11
3.2208085433070863
21
1.2061700393700787
0
LINE
8
BLACK
6
CONTINUOUS
10
3.2208085433070863
20
1.2061700393700787
11
3.2200173622047243
21
1.2091227952755905
0
LINE
8
BLACK
6
CONTINUOUS
10
3.2200173622047243
20
1.2091227952755905
11
3.2208085433070863
21
1.2120755511811023
0
LINE
8
BLACK
6
CONTINUOUS
10
3.2208085433070863
20
1.2120755511811023
11
3.2229701181102359
21
1.2142371259842519
0
LINE
8
BLACK
6
CONTINUOUS
10
3.2229701181102359
20
1.2142371259842519
11
3.225922874015748
21
1.2150283070866141
0
LINE
8
BLACK
6
CONTINUOUS
10
3.225922874015748
20
1.2150283070866141
11
3.2309344488188976
21
1.2150283070866141
0
LINE
8
BLACK
6
CONTINUOUS
10
3.2309344488188976
20
1.2150283070866141
11
3.2331841338582676
21
1.2251520078740157
0
LINE
8
BLACK
6
CONTINUOUS
10
3.2331841338582676
20
1.2251520078740157
11
3.2307972834645668
21
1.2251520078740157
0
LINE
8
BLACK
6
CONTINUOUS
10
3.2307972834645668
20
1.2251520078740157
11
3.2278445275590553
21
1.2259431889763779
0
LINE
8
BLACK
6
CONTINUOUS
10
3.2278445275590553
20
1.2259431889763779
11
3.2256829527559052
21
1.2281047637795275
0
LINE
8
BLACK
6
CONTINUOUS
10
3.2256829527559052
20
1.2281047637795275
11
3.2248917716535432
21
1.2310575196850393
0
LINE
8
BLACK
6
CONTINUOUS
10
3.2248917716535432
20
1.2310575196850393
11
3.2256829527559052
21
1.2340102755905511
0
LINE
8
BLACK
6
CONTINUOUS
10
3.2256829527559052
20
1.2340102755905511
11
3.2278445275590553
21
1.2361718503937007
0
LINE
8
BLACK
6
CONTINUOUS
10
3.2278445275590553
20
1.2361718503937007
11
3.2307972834645668
21
1.2369630314960629
0
LINE
8
BLACK
6
CONTINUOUS
10
3.2307972834645668
20
1.2369630314960629
11
3.2358088188976377
21
1.2369630314960629
0
LINE
8
BLACK
6
CONTINUOUS
10
3.2358088188976377
20
1.2369630314960629
11
3.2396555511811025
21
1.2542733464566929
0
LINE
8
BLACK
6
CONTINUOUS
10
3.2396555511811025
20
1.2542733464566929
11
3.2410684251968505
21
1.2569841732283464
0
LINE
8
BLACK
6
CONTINUOUS
10
3.2410684251968505
20
1.2569841732283464
11
3.2436474409448817
21
1.2586253543307087
0
LINE
8
BLACK
6
CONTINUOUS
10
3.2436474409448817
20
1.2586253543307087
11
3.2467014960629919
21
1.2587571653543306
0
LINE
8
BLACK
6
CONTINUOUS
10
3.2467014960629919
20
1.2587571653543306
11
3.2494123228346457
21
1.2573442519685039
0
LINE
8
BLACK
6
CONTINUOUS
10
3.2494123228346457
20
1.2573442519685039
11
3.2510535039370079
21
1.2547652755905512
0
LINE
8
BLACK
6
CONTINUOUS
10
3.2510535039370079
20
1.2547652755905512
11
3.25118531496063
21
1.2517111811023622
0
LINE
8
BLACK
6
CONTINUOUS
10
3.25118531496063
20
1.2517111811023622
11
3.2479079527559054
21
1.2369630314960629
0
LINE
8
BLACK
6
CONTINUOUS
10
3.2479079527559054
20
1.2369630314960629
11
3.2528691732283463
21
1.2369630314960629
0
LINE
8
BLACK
6
CONTINUOUS
10
3.2528691732283463
20
1.2369630314960629
11
3.2567159055118111
21
1.2542733464566929
0
LINE
8
BLACK
6
CONTINUOUS
10
3.2567159055118111
20
1.2542733464566929
11
3.2581287795275591
21
1.2569841732283464
0
LINE
8
BLACK
6
CONTINUOUS
10
3.2581287795275591
20
1.2569841732283464
11
3.2607077952755903
21
1.2586253543307087
0
LINE
8
BLACK
6
CONTINUOUS
10
3.2607077952755903
20
1.2586253543307087
11
3.2637618503937009
21
1.2587571653543306
0
LINE
8
BLACK
6
CONTINUOUS
10
3.2637618503937009
20
1.2587571653543306
11
3.2664726771653543
21
1.2573442519685039
0
LINE
8
BLACK
6
CONTINUOUS
10
3.2430335826771652
20
1.2150283070866141
11
3.2479948031496062
21
1.2150283070866141
0
LINE
8
BLACK
6
CONTINUOUS
10
3.2479948031496062
20
1.2150283070866141
11
3.2502444881889763
21
1.2251520078740157
0
LINE
8
BLACK
6
CONTINUOUS
10
3.2502444881889763
20
1.2251520078740157
11
3.2452832677165353
21
1.2251520078740157
0
LINE
8
BLACK
6
CONTINUOUS
10
3.2452832677165353
20
1.2251520078740157
11
3.2430335826771652
21
1.2150283070866141
0
LINE
8
BLACK
6
CONTINUOUS
10
3.1151229527559052
20
1.2536720866141733
11
3.1164529133858268
21
1.2533999606299213
0
LINE
8
BLACK
6
CONTINUOUS
10
3.1164529133858268
20
1.2533999606299213
11
3.1213273228346456
21
1.2509627559055119
0
LINE
8
BLACK
6
CONTINUOUS
10
3.1213273228346456
20
1.2509627559055119
11
3.1220387007874013
21
1.2503318897637794
0
LINE
8
BLACK
6
CONTINUOUS
10
3.1220387007874013
20
1.2503318897637794
11
3.1228621259842519
21
1.2498565354330708
0
LINE
8
BLACK
6
CONTINUOUS
10
3.1228621259842519
20
1.2498565354330708
11
3.1252993307086614
21
1.2474193307086614
0
LINE
8
BLACK
6
CONTINUOUS
10
3.1252993307086614
20
1.2474193307086614
11
3.1257746850393699
21
1.246595905511811
0
LINE
8
BLACK
6
CONTINUOUS
10
3.1257746850393699
20
1.246595905511811
11
3.1264055511811022
21
1.2458845275590551
0
LINE
8
BLACK
6
CONTINUOUS
10
3.1264055511811022
20
1.2458845275590551
11
3.1288427165354329
21
1.241010157480315
0
LINE
8
BLACK
6
CONTINUOUS
10
3.1288427165354329
20
1.241010157480315
11
3.1291147637795276
21
1.2396804724409449
0
LINE
8
BLACK
6
CONTINUOUS
10
3.1291147637795276
20
1.2396804724409449
11
3.1294661811023623
21
1.2383691338582676
0
LINE
8
BLACK
6
CONTINUOUS
10
3.1294661811023623
20
1.2383691338582676
11
3.1294661811023623
21
1.2310575196850393
0
LINE
8
BLACK
6
CONTINUOUS
10
3.1294661811023623
20
1.2310575196850393
11
3.1291147637795276
21
1.2297461417322835
0
LINE
8
BLACK
6
CONTINUOUS
10
3.1291147637795276
20
1.2297461417322835
11
3.1288427165354329
21
1.2284164960629922
0
LINE
8
BLACK
6
CONTINUOUS
10
3.1288427165354329
20
1.2284164960629922
11
3.1264055511811022
21
1.223542125984252
0
LINE
8
BLACK
6
CONTINUOUS
10
3.1264055511811022
20
1.223542125984252
11
3.1257746850393699
21
1.2228307086614172
0
LINE
8
BLACK
6
CONTINUOUS
10
3.1257746850393699
20
1.2228307086614172
11
3.1252993307086614
21
1.2220073228346457
0
LINE
8
BLACK
6
CONTINUOUS
10
3.1252993307086614
20
1.2220073228346457
11
3.1228621259842519
21
1.2195701181102363
0
LINE
8
BLACK
6
CONTINUOUS
10
3.1228621259842519
20
1.2195701181102363
11
3.1220387007874013
21
1.2190947244094488
0
LINE
8
BLACK
6
CONTINUOUS
10
3.1220387007874013
20
1.2190947244094488
11
3.1213273228346456
21
1.2184638976377953
0
LINE
8
BLACK
6
CONTINUOUS
10
3.1213273228346456
20
1.2184638976377953
11
3.1171591338582676
21
1.2163798031496063
0
LINE
8
BLACK
6
CONTINUOUS
10
3.1171591338582676
20
1.2163798031496063
11
3.1283986614173229
21
1.2003234251968504
0
LINE
8
BLACK
6
CONTINUOUS
10
3.1283986614173229
20
1.2003234251968504
11
3.1294437795275591
21
1.1974507086614172
0
LINE
8
BLACK
6
CONTINUOUS
10
3.1294437795275591
20
1.1974507086614172
11
3.1289125196850391
21
1.1944402755905512
0
LINE
8
BLACK
6
CONTINUOUS
10
3.1289125196850391
20
1.1944402755905512
11
3.1269472440944881
21
1.1920988188976378
0
LINE
8
BLACK
6
CONTINUOUS
10
3.1269472440944881
20
1.1920988188976378
11
3.1240745669291337
21
1.1910537007874016
0
LINE
8
BLACK
6
CONTINUOUS
10
3.1240745669291337
20
1.1910537007874016
11
3.1210641338582676
21
1.1915849606299211
0
LINE
8
BLACK
6
CONTINUOUS
10
3.1210641338582676
20
1.1915849606299211
11
3.1187226771653545
21
1.1935502362204724
0
LINE
8
BLACK
6
CONTINUOUS
10
3.1187226771653545
20
1.1935502362204724
11
3.1034255905511809
21
1.2154032283464566
0
LINE
8
BLACK
6
CONTINUOUS
10
3.1034255905511809
20
1.2154032283464566
11
3.1002198425196852
21
1.2154032283464566
0
LINE
8
BLACK
6
CONTINUOUS
10
3.1002198425196852
20
1.2154032283464566
11
3.1002198425196852
21
1.196936811023622
0
LINE
8
BLACK
6
CONTINUOUS
10
3.1002198425196852
20
1.196936811023622
11
3.0994286614173228
21
1.1939840551181102
0
LINE
8
BLACK
6
CONTINUOUS
10
3.0994286614173228
20
1.1939840551181102
11
3.0972670866141732
21
1.1918224803149606
0
LINE
8
BLACK
6
CONTINUOUS
10
3.0972670866141732
20
1.1918224803149606
11
3.0943143307086611
21
1.1910312992125984
0
LINE
8
BLACK
6
CONTINUOUS
10
3.0943143307086611
20
1.1910312992125984
11
3.0913615748031495
21
1.1918224803149606
0
LINE
8
BLACK
6
CONTINUOUS
10
3.0913615748031495
20
1.1918224803149606
11
3.0891999999999999
21
1.1939840551181102
0
LINE
8
BLACK
6
CONTINUOUS
10
3.0891999999999999
20
1.1939840551181102
11
3.0884088188976375
21
1.196936811023622
0
LINE
8
BLACK
6
CONTINUOUS
10
3.0884088188976375
20
1.196936811023622
11
3.0884088188976375
21
1.2481179133858267
0
LINE
8
BLACK
6
CONTINUOUS
10
3.0884088188976375
20
1.2481179133858267
11
3.0891999999999999
21
1.2510706692913385
0
LINE
8
BLACK
6
CONTINUOUS
10
3.0891999999999999
20
1.2510706692913385
11
3.0913615748031495
21
1.2532322440944881
0
LINE
8
BLACK
6
CONTINUOUS
10
3.0913615748031495
20
1.2532322440944881
11
3.0943143307086611
21
1.2540234251968503
0
LINE
8
BLACK
6
CONTINUOUS
10
3.0943143307086611
20
1.2540234251968503
11
3.1138118897637797
21
1.2540234251968503
0
LINE
8
BLACK
6
CONTINUOUS
10
3.1138118897637797
20
1.2540234251968503
11
3.1151229527559052
21
1.2536720866141733
0
LINE
8
BLACK
6
CONTINUOUS
10
3.1002198425196852
20
1.2272142519685039
11
3.1124177952755905
21
1.2272142519685039
0
LINE
8
BLACK
6
CONTINUOUS
10
3.1124177952755905
20
1.2272142519685039
11
3.1151881102362204
21
1.2285994094488188
0
LINE
8
BLACK
6
CONTINUOUS
10
3.1151881102362204
20
1.2285994094488188
11
3.1162700393700788
21
1.229681338582677
0
LINE
8
BLACK
6
CONTINUOUS
10
3.1162700393700788
20
1.229681338582677
11
3.1176551574803151
21
1.2324515748031495
0
LINE
8
BLACK
6
CONTINUOUS
10
3.1176551574803151
20
1.2324515748031495
11
3.1176551574803151
21
1.2369750787401574
0
LINE
8
BLACK
6
CONTINUOUS
10
3.1176551574803151
20
1.2369750787401574
11
3.1162700393700788
21
1.2397453149606299
0
LINE
8
BLACK
6
CONTINUOUS
10
3.1162700393700788
20
1.2397453149606299
11
3.1151881102362204
21
1.2408272440944881
0
LINE
8
BLACK
6
CONTINUOUS
10
3.1151881102362204
20
1.2408272440944881
11
3.1124177952755905
21
1.2422124015748031
0
LINE
8
BLACK
6
CONTINUOUS
10
3.1124177952755905
20
1.2422124015748031
11
3.1002198425196852
21
1.2422124015748031
0
LINE
8
BLACK
6
CONTINUOUS
10
3.1002198425196852
20
1.2422124015748031
11
3.1002198425196852
21
1.2272142519685039
0
LINE
8
BLACK
6
CONTINUOUS
10
3.1659114173228344
20
1.2537773228346456
11
3.1668604724409448
21
1.2537203543307087
0
LINE
8
BLACK
6
CONTINUOUS
10
3.1668604724409448
20
1.2537203543307087
11
3.1741720866141732
21
1.2512831496062993
0
LINE
8
BLACK
6
CONTINUOUS
10
3.1741720866141732
20
1.2512831496062993
11
3.1767231496062993
21
1.2495988582677164
0
LINE
8
BLACK
6
CONTINUOUS
10
3.1767231496062993
20
1.2495988582677164
11
3.1780902362204722
21
1.2468646456692913
0
LINE
8
BLACK
6
CONTINUOUS
10
3.1780902362204722
20
1.2468646456692913
11
3.177907086614173
21
1.2438132283464567
0
LINE
8
BLACK
6
CONTINUOUS
10
3.177907086614173
20
1.2438132283464567
11
3.1762227559055116
21
1.2412621653543308
0
LINE
8
BLACK
6
CONTINUOUS
10
3.1762227559055116
20
1.2412621653543308
11
3.1734885433070867
21
1.2398950787401575
0
LINE
8
BLACK
6
CONTINUOUS
10
3.1734885433070867
20
1.2398950787401575
11
3.1704371259842521
21
1.2400782283464566
0
LINE
8
BLACK
6
CONTINUOUS
10
3.1704371259842521
20
1.2400782283464566
11
3.1640347244094489
21
1.2422124015748031
0
LINE
8
BLACK
6
CONTINUOUS
10
3.1640347244094489
20
1.2422124015748031
11
3.1542011417322833
21
1.2422124015748031
0
LINE
8
BLACK
6
CONTINUOUS
10
3.1542011417322833
20
1.2422124015748031
11
3.1514308267716533
21
1.2408272440944881
0
LINE
8
BLACK
6
CONTINUOUS
10
3.1514308267716533
20
1.2408272440944881
11
3.1503488976377954
21
1.2397453149606299
0
LINE
8
BLACK
6
CONTINUOUS
10
3.1503488976377954
20
1.2397453149606299
11
3.1489637795275591
21
1.2369750393700787
0
LINE
8
BLACK
6
CONTINUOUS
10
3.1489637795275591
20
1.2369750393700787
11
3.1489637795275591
21
1.2348887795275589
0
LINE
8
BLACK
6
CONTINUOUS
10
3.1489637795275591
20
1.2348887795275589
11
3.1503488976377954
21
1.2321185039370079
0
LINE
8
BLACK
6
CONTINUOUS
10
3.1503488976377954
20
1.2321185039370079
11
3.1514308267716533
21
1.2310366141732283
0
LINE
8
BLACK
6
CONTINUOUS
10
3.1514308267716533
20
1.2310366141732283
11
3.1548683070866139
21
1.229317874015748
0
LINE
8
BLACK
6
CONTINUOUS
10
3.1548683070866139
20
1.229317874015748
11
3.1639881496062991
21
1.2270379133858267
0
LINE
8
BLACK
6
CONTINUOUS
10
3.1639881496062991
20
1.2270379133858267
11
3.1645581102362206
21
1.2267214566929134
0
LINE
8
BLACK
6
CONTINUOUS
10
3.1645581102362206
20
1.2267214566929134
11
3.1651968503937007
21
1.2265907874015747
0
LINE
8
BLACK
6
CONTINUOUS
10
3.1651968503937007
20
1.2265907874015747
11
3.1700711811023621
21
1.224153622047244
0
LINE
8
BLACK
6
CONTINUOUS
10
3.1700711811023621
20
1.224153622047244
11
3.1707824803149607
21
1.2235228346456692
0
LINE
8
BLACK
6
CONTINUOUS
10
3.1707824803149607
20
1.2235228346456692
11
3.1716060236220471
21
1.2230474015748032
0
LINE
8
BLACK
6
CONTINUOUS
10
3.1716060236220471
20
1.2230474015748032
11
3.1740432283464566
21
1.2206101968503937
0
LINE
8
BLACK
6
CONTINUOUS
10
3.1740432283464566
20
1.2206101968503937
11
3.1745185826771651
21
1.2197867716535433
0
LINE
8
BLACK
6
CONTINUOUS
10
3.1745185826771651
20
1.2197867716535433
11
3.1751494488188974
21
1.2190753937007874
0
LINE
8
BLACK
6
CONTINUOUS
10
3.1751494488188974
20
1.2190753937007874
11
3.1775866535433068
21
1.2142009842519685
0
LINE
8
BLACK
6
CONTINUOUS
10
3.1775866535433068
20
1.2142009842519685
11
3.177858779527559
21
1.2128710236220472
0
LINE
8
BLACK
6
CONTINUOUS
10
3.177858779527559
20
1.2128710236220472
11
3.1782101181102362
21
1.2115599606299212
0
LINE
8
BLACK
6
CONTINUOUS
10
3.1782101181102362
20
1.2115599606299212
11
3.1782101181102362
21
1.2066855905511811
0
LINE
8
BLACK
6
CONTINUOUS
10
3.1782101181102362
20
1.2066855905511811
11
3.177858779527559
21
1.2053744881889763
0
LINE
8
BLACK
6
CONTINUOUS
10
3.177858779527559
20
1.2053744881889763
11
3.1775866535433068
21
1.2040445669291338
0
LINE
8
BLACK
6
CONTINUOUS
10
3.1775866535433068
20
1.2040445669291338
11
3.1751494488188974
21
1.1991701574803149
0
LINE
8
BLACK
6
CONTINUOUS
10
3.1751494488188974
20
1.1991701574803149
11
3.1745185826771651
21
1.1984587401574802
0
LINE
8
BLACK
6
CONTINUOUS
10
3.1745185826771651
20
1.1984587401574802
11
3.1740431889763778
21
1.1976353149606298
0
LINE
8
BLACK
6
CONTINUOUS
10
3.1740431889763778
20
1.1976353149606298
11
3.1716059842519684
21
1.1951981496062991
0
LINE
8
BLACK
6
CONTINUOUS
10
3.1716059842519684
20
1.1951981496062991
11
3.1707826377952757
21
1.1947227952755906
0
LINE
8
BLACK
6
CONTINUOUS
10
3.1707826377952757
20
1.1947227952755906
11
3.1700712598425196
21
1.1940919685039371
0
LINE
8
BLACK
6
CONTINUOUS
10
3.1700712598425196
20
1.1940919685039371
11
3.1651968503937007
21
1.1916547637795276
0
LINE
8
BLACK
6
CONTINUOUS
10
3.1651968503937007
20
1.1916547637795276
11
3.1638668897637796
21
1.1913825984251969
0
LINE
8
BLACK
6
CONTINUOUS
10
3.1638668897637796
20
1.1913825984251969
11
3.1625558267716536
21
1.1910312992125984
0
LINE
8
BLACK
6
CONTINUOUS
10
3.1625558267716536
20
1.1910312992125984
11
3.1503698425196851
21
1.1910312992125984
0
LINE
8
BLACK
6
CONTINUOUS
10
3.1503698425196851
20
1.1910312992125984
11
3.1494513779527558
21
1.1912773622047244
0
LINE
8
BLACK
6
CONTINUOUS
10
3.1494513779527558
20
1.1912773622047244
11
3.1485023622047241
21
1.1913343700787402
0
LINE
8
BLACK
6
CONTINUOUS
10
3.1485023622047241
20
1.1913343700787402
11
3.1411907874015745
21
1.1937715748031497
0
LINE
8
BLACK
6
CONTINUOUS
10
3.1411907874015745
20
1.1937715748031497
11
3.1386397244094488
21
1.195455905511811
0
LINE
8
BLACK
6
CONTINUOUS
10
3.1386397244094488
20
1.195455905511811
11
3.1372726377952755
21
1.1981900787401574
0
LINE
8
BLACK
6
CONTINUOUS
10
3.1372726377952755
20
1.1981900787401574
11
3.1374558267716535
21
1.201241496062992
0
LINE
8
BLACK
6
CONTINUOUS
10
3.1374558267716535
20
1.201241496062992
11
3.1391401574803148
21
1.2037925590551182
0
LINE
8
BLACK
6
CONTINUOUS
10
3.1391401574803148
20
1.2037925590551182
11
3.1418743307086614
21
1.2051596456692912
0
LINE
8
BLACK
6
CONTINUOUS
10
3.1418743307086614
20
1.2051596456692912
11
3.144925748031496
21
1.2049764566929133
0
LINE
8
BLACK
6
CONTINUOUS
10
3.144925748031496
20
1.2049764566929133
11
3.1513281496062993
21
1.2028423228346456
0
LINE
8
BLACK
6
CONTINUOUS
10
3.1513281496062993
20
1.2028423228346456
11
3.1611617322834644
21
1.2028423228346456
0
LINE
8
BLACK
6
CONTINUOUS
10
3.1611617322834644
20
1.2028423228346456
11
3.1639320078740156
21
1.2042274803149606
0
LINE
8
BLACK
6
CONTINUOUS
10
3.1639320078740156
20
1.2042274803149606
11
3.165013937007874
21
1.2053093700787401
0
LINE
8
BLACK
6
CONTINUOUS
10
3.165013937007874
20
1.2053093700787401
11
3.166399094488189
21
1.20807968503937
0
LINE
8
BLACK
6
CONTINUOUS
10
3.166399094488189
20
1.20807968503937
11
3.166399094488189
21
1.2101658661417323
0
LINE
8
BLACK
6
CONTINUOUS
10
3.166399094488189
20
1.2101658661417323
11
3.165013937007874
21
1.2129361811023622
0
LINE
8
BLACK
6
CONTINUOUS
10
3.165013937007874
20
1.2129361811023622
11
3.1639320078740156
21
1.2140180708661417
0
LINE
8
BLACK
6
CONTINUOUS
10
3.1639320078740156
20
1.2140180708661417
11
3.1604945669291338
21
1.2157367716535432
0
LINE
8
BLACK
6
CONTINUOUS
10
3.1604945669291338
20
1.2157367716535432
11
3.1513747637795273
21
1.2180167716535433
0
LINE
8
BLACK
6
CONTINUOUS
10
3.1513747637795273
20
1.2180167716535433
11
3.1508047637795276
21
1.2183331496062992
0
LINE
8
BLACK
6
CONTINUOUS
10
3.1508047637795276
20
1.2183331496062992
11
3.150166023622047
21
1.2184638976377953
0
LINE
8
BLACK
6
CONTINUOUS
10
3.150166023622047
20
1.2184638976377953
11
3.1452916141732281
21
1.2209011023622047
0
LINE
8
BLACK
6
CONTINUOUS
10
3.1452916141732281
20
1.2209011023622047
11
3.1445801968503937
21
1.2215319291338582
0
LINE
8
BLACK
6
CONTINUOUS
10
3.1445801968503937
20
1.2215319291338582
11
3.1437568110236218
21
1.2220073228346457
0
LINE
8
BLACK
6
CONTINUOUS
10
3.1437568110236218
20
1.2220073228346457
11
3.1413196062992124
21
1.2244445275590552
0
LINE
8
BLACK
6
CONTINUOUS
10
3.1413196062992124
20
1.2244445275590552
11
3.1408441338582676
21
1.2252680314960629
0
LINE
8
BLACK
6
CONTINUOUS
10
3.1408441338582676
20
1.2252680314960629
11
3.1402133858267716
21
1.22597937007874
0
LINE
8
BLACK
6
CONTINUOUS
10
3.1402133858267716
20
1.22597937007874
11
3.1377762204724409
21
1.2308537007874016
0
LINE
8
BLACK
6
CONTINUOUS
10
3.1377762204724409
20
1.2308537007874016
11
3.1375040551181104
21
1.2321835433070867
0
LINE
8
BLACK
6
CONTINUOUS
10
3.1375040551181104
20
1.2321835433070867
11
3.1371527559055119
21
1.2334947244094487
0
LINE
8
BLACK
6
CONTINUOUS
10
3.1371527559055119
20
1.2334947244094487
11
3.1371527559055119
21
1.2383691338582676
0
LINE
8
BLACK
6
CONTINUOUS
10
3.1371527559055119
20
1.2383691338582676
11
3.1375040551181104
21
1.2396802755905512
0
LINE
8
BLACK
6
CONTINUOUS
10
3.1375040551181104
20
1.2396802755905512
11
3.1377762204724409
21
1.241010157480315
0
LINE
8
BLACK
6
CONTINUOUS
10
3.1377762204724409
20
1.241010157480315
11
3.1402133858267716
21
1.2458844881889763
0
LINE
8
BLACK
6
CONTINUOUS
10
3.1402133858267716
20
1.2458844881889763
11
3.1408441338582676
21
1.2465957874015747
0
LINE
8
BLACK
6
CONTINUOUS
10
3.1408441338582676
20
1.2465957874015747
11
3.1413196062992124
21
1.2474193307086614
0
LINE
8
BLACK
6
CONTINUOUS
10
3.1413196062992124
20
1.2474193307086614
11
3.1437568110236218
21
1.2498565354330708
0
LINE
8
BLACK
6
CONTINUOUS
10
3.1437568110236218
20
1.2498565354330708
11
3.1445801968503937
21
1.2503318897637794
0
LINE
8
BLACK
6
CONTINUOUS
10
3.1445801968503937
20
1.2503318897637794
11
3.1452916141732281
21
1.2509627559055119
0
LINE
8
BLACK
6
CONTINUOUS
10
3.1452916141732281
20
1.2509627559055119
11
3.150166023622047
21
1.2533999606299213
0
LINE
8
BLACK
6
CONTINUOUS
10
3.150166023622047
20
1.2533999606299213
11
3.1514959448818898
21
1.2536720866141733
0
LINE
8
BLACK
6
CONTINUOUS
10
3.1514959448818898
20
1.2536720866141733
11
3.1528070472440946
21
1.2540234251968503
0
LINE
8
BLACK
6
CONTINUOUS
10
3.1528070472440946
20
1.2540234251968503
11
3.1649929921259843
21
1.2540234251968503
0
LINE
8
BLACK
6
CONTINUOUS
10
3.1649929921259843
20
1.2540234251968503
11
3.1659114173228344
21
1.2537773228346456
0
LINE
8
BLACK
6
CONTINUOUS
10
3.2191268503937005
20
1.2532322440944881
11
3.2212884251968501
21
1.2510706692913385
0
LINE
8
BLACK
6
CONTINUOUS
10
3.2212884251968501
20
1.2510706692913385
11
3.2220796062992125
21
1.2481179133858267
0
LINE
8
BLACK
6
CONTINUOUS
10
3.2220796062992125
20
1.2481179133858267
11
3.2212884251968501
21
1.2451651574803149
0
LINE
8
BLACK
6
CONTINUOUS
10
3.2212884251968501
20
1.2451651574803149
11
3.2191268503937005
21
1.2430035826771653
0
LINE
8
BLACK
6
CONTINUOUS
10
3.2191268503937005
20
1.2430035826771653
11
3.2161740944881889
21
1.2422124015748031
0
LINE
8
BLACK
6
CONTINUOUS
10
3.2161740944881889
20
1.2422124015748031
11
3.2074564566929133
21
1.2422124015748031
0
LINE
8
BLACK
6
CONTINUOUS
10
3.2074564566929133
20
1.2422124015748031
11
3.2074564566929133
21
1.196936811023622
0
LINE
8
BLACK
6
CONTINUOUS
10
3.2074564566929133
20
1.196936811023622
11
3.2066652755905509
21
1.1939840551181102
0
LINE
8
BLACK
6
CONTINUOUS
10
3.2066652755905509
20
1.1939840551181102
11
3.2045037007874013
21
1.1918224803149606
0
LINE
8
BLACK
6
CONTINUOUS
10
3.2045037007874013
20
1.1918224803149606
11
3.2015509448818897
21
1.1910312992125984
0
LINE
8
BLACK
6
CONTINUOUS
10
3.2015509448818897
20
1.1910312992125984
11
3.1985981889763777
21
1.1918224803149606
0
LINE
8
BLACK
6
CONTINUOUS
10
3.1985981889763777
20
1.1918224803149606
11
3.1964366141732281
21
1.1939840551181102
0
LINE
8
BLACK
6
CONTINUOUS
10
3.1964366141732281
20
1.1939840551181102
11
3.1956454330708661
21
1.196936811023622
0
LINE
8
BLACK
6
CONTINUOUS
10
3.1956454330708661
20
1.196936811023622
11
3.1956454330708661
21
1.2422124015748031
0
LINE
8
BLACK
6
CONTINUOUS
10
3.1956454330708661
20
1.2422124015748031
11
3.1869277559055118
21
1.2422124015748031
0
LINE
8
BLACK
6
CONTINUOUS
10
3.1869277559055118
20
1.2422124015748031
11
3.1839749999999998
21
1.2430035826771653
0
LINE
8
BLACK
6
CONTINUOUS
10
3.1839749999999998
20
1.2430035826771653
11
3.1818134251968502
21
1.2451651574803149
0
LINE
8
BLACK
6
CONTINUOUS
10
3.1818134251968502
20
1.2451651574803149
11
3.1810222440944882
21
1.2481179133858267
0
LINE
8
BLACK
6
CONTINUOUS
10
3.1810222440944882
20
1.2481179133858267
11
3.1818134251968502
21
1.2510706692913385
0
LINE
8
BLACK
6
CONTINUOUS
10
3.1818134251968502
20
1.2510706692913385
11
3.1839749999999998
21
1.2532322440944881
0
LINE
8
BLACK
6
CONTINUOUS
10
3.1839749999999998
20
1.2532322440944881
11
3.1869277559055118
21
1.2540234251968503
0
LINE
8
BLACK
6
CONTINUOUS
10
3.1869277559055118
20
1.2540234251968503
11
3.2161740944881889
21
1.2540234251968503
0
LINE
8
BLACK
6
CONTINUOUS
10
3.2161740944881889
20
1.2540234251968503
11
3.2191268503937005
21
1.2532322440944881
0
LINE
8
BLACK
6
CONTINUOUS
10
1.9904755118110236
20
1.3888091338582678
11
1.9967212598425197
21
1.3866236220472441
0
LINE
8
BLACK
6
CONTINUOUS
10
1.9967212598425197
20
1.3866236220472441
11
2.0023241338582678
21
1.3831031102362203
0
LINE
8
BLACK
6
CONTINUOUS
10
2.0023241338582678
20
1.3831031102362203
11
2.0070031102362202
21
1.3784241338582677
0
LINE
8
BLACK
6
CONTINUOUS
10
2.0070031102362202
20
1.3784241338582677
11
2.010523622047244
21
1.3728212598425196
0
LINE
8
BLACK
6
CONTINUOUS
10
2.010523622047244
20
1.3728212598425196
11
2.0127091338582677
21
1.3665755118110237
0
LINE
8
BLACK
6
CONTINUOUS
10
2.0127091338582677
20
1.3665755118110237
11
2.0134499999999997
21
1.3599999999999999
0
LINE
8
BLACK
6
CONTINUOUS
10
2.0134499999999997
20
1.3599999999999999
11
2.0127091338582677
21
1.3534244881889763
0
LINE
8
BLACK
6
CONTINUOUS
10
2.0127091338582677
20
1.3534244881889763
11
2.010523622047244
21
1.3471787401574802
0
LINE
8
BLACK
6
CONTINUOUS
10
2.010523622047244
20
1.3471787401574802
11
2.0070031102362202
21
1.3415758661417323
0
LINE
8
BLACK
6
CONTINUOUS
10
2.0070031102362202
20
1.3415758661417323
11
2.0023241338582678
21
1.3368968897637794
0
LINE
8
BLACK
6
CONTINUOUS
10
2.0023241338582678
20
1.3368968897637794
11
1.9967212598425197
21
1.3333763779527559
0
LINE
8
BLACK
6
CONTINUOUS
10
1.9967212598425197
20
1.3333763779527559
11
1.9904755118110236
21
1.3311908661417322
0
LINE
8
BLACK
6
CONTINUOUS
10
1.9904755118110236
20
1.3311908661417322
11
1.9839
21
1.3304499999999999
0
LINE
8
BLACK
6
CONTINUOUS
10
1.9839
20
1.3304499999999999
11
1.9773244881889764
21
1.3311908661417322
0
LINE
8
BLACK
6
CONTINUOUS
10
1.9773244881889764
20
1.3311908661417322
11
1.9710787401574803
21
1.3333763779527559
0
LINE
8
BLACK
6
CONTINUOUS
10
1.9710787401574803
20
1.3333763779527559
11
1.9654758661417322
21
1.3368968897637794
0
LINE
8
BLACK
6
CONTINUOUS
10
1.9654758661417322
20
1.3368968897637794
11
1.9607968897637795
21
1.3415758661417323
0
LINE
8
BLACK
6
CONTINUOUS
10
1.9607968897637795
20
1.3415758661417323
11
1.9572763779527558
21
1.3471787401574802
0
LINE
8
BLACK
6
CONTINUOUS
10
1.9572763779527558
20
1.3471787401574802
11
1.9550908661417323
21
1.3534244881889763
0
LINE
8
BLACK
6
CONTINUOUS
10
1.9550908661417323
20
1.3534244881889763
11
1.95435
21
1.3599999999999999
0
LINE
8
BLACK
6
CONTINUOUS
10
1.95435
20
1.3599999999999999
11
1.9550908661417323
21
1.3665755118110237
0
LINE
8
BLACK
6
CONTINUOUS
10
1.9550908661417323
20
1.3665755118110237
11
1.9572763779527558
21
1.3728212598425196
0
LINE
8
BLACK
6
CONTINUOUS
10
1.9572763779527558
20
1.3728212598425196
11
1.9607968897637795
21
1.3784241338582677
0
LINE
8
BLACK
6
CONTINUOUS
10
1.9607968897637795
20
1.3784241338582677
11
1.9654758661417322
21
1.3831031102362203
0
LINE
8
BLACK
6
CONTINUOUS
10
1.9654758661417322
20
1.3831031102362203
11
1.9710787401574803
21
1.3866236220472441
0
LINE
8
BLACK
6
CONTINUOUS
10
1.9710787401574803
20
1.3866236220472441
11
1.9773244881889764
21
1.3888091338582678
0
LINE
8
BLACK
6
CONTINUOUS
10
1.9773244881889764
20
1.3888091338582678
11
1.9839
21
1.3895500000000001
0
LINE
8
BLACK
6
CONTINUOUS
10
1.9839
20
1.3895500000000001
11
1.9904755118110236
21
1.3888091338582678
0
LINE
8
BLACK
6
CONTINUOUS
10
2.1826755118110235
20
1.3888091338582678
11
2.1889212598425196
21
1.3866236220472441
0
LINE
8
BLACK
6
CONTINUOUS
10
2.1889212598425196
20
1.3866236220472441
11
2.1945241338582675
21
1.3831031102362203
0
LINE
8
BLACK
6
CONTINUOUS
10
2.1945241338582675
20
1.3831031102362203
11
2.1992031102362204
21
1.3784241338582677
0
LINE
8
BLACK
6
CONTINUOUS
10
2.1992031102362204
20
1.3784241338582677
11
2.2027236220472441
21
1.3728212598425196
0
LINE
8
BLACK
6
CONTINUOUS
10
2.2027236220472441
20
1.3728212598425196
11
2.2049091338582678
21
1.3665755118110237
0
LINE
8
BLACK
6
CONTINUOUS
10
2.2049091338582678
20
1.3665755118110237
11
2.2056499999999999
21
1.3599999999999999
0
LINE
8
BLACK
6
CONTINUOUS
10
2.2056499999999999
20
1.3599999999999999
11
2.2049091338582678
21
1.3534244881889763
0
LINE
8
BLACK
6
CONTINUOUS
10
2.2049091338582678
20
1.3534244881889763
11
2.2027236220472441
21
1.3471787401574802
0
LINE
8
BLACK
6
CONTINUOUS
10
2.2027236220472441
20
1.3471787401574802
11
2.1992031102362204
21
1.3415758661417323
0
LINE
8
BLACK
6
CONTINUOUS
10
2.1992031102362204
20
1.3415758661417323
11
2.1945241338582675
21
1.3368968897637794
0
LINE
8
BLACK
6
CONTINUOUS
10
2.1945241338582675
20
1.3368968897637794
11
2.1889212598425196
21
1.3333763779527559
0
LINE
8
BLACK
6
CONTINUOUS
10
2.1889212598425196
20
1.3333763779527559
11
2.1826755118110235
21
1.3311908661417322
0
LINE
8
BLACK
6
CONTINUOUS
10
2.1826755118110235
20
1.3311908661417322
11
2.1760999999999999
21
1.3304499999999999
0
LINE
8
BLACK
6
CONTINUOUS
10
2.1760999999999999
20
1.3304499999999999
11
2.1695244881889764
21
1.3311908661417322
0
LINE
8
BLACK
6
CONTINUOUS
10
2.1695244881889764
20
1.3311908661417322
11
2.1632787401574802
21
1.3333763779527559
0
LINE
8
BLACK
6
CONTINUOUS
10
2.1632787401574802
20
1.3333763779527559
11
2.1576758661417323
21
1.3368968897637794
0
LINE
8
BLACK
6
CONTINUOUS
10
2.1576758661417323
20
1.3368968897637794
11
2.1529968897637795
21
1.3415758661417323
0
LINE
8
BLACK
6
CONTINUOUS
10
2.1529968897637795
20
1.3415758661417323
11
2.1494763779527557
21
1.3471787401574802
0
LINE
8
BLACK
6
CONTINUOUS
10
2.1494763779527557
20
1.3471787401574802
11
2.147290866141732
21
1.3534244881889763
0
LINE
8
BLACK
6
CONTINUOUS
10
2.147290866141732
20
1.3534244881889763
11
2.14655
21
1.3599999999999999
0
LINE
8
BLACK
6
CONTINUOUS
10
2.14655
20
1.3599999999999999
11
2.147290866141732
21
1.3665755118110237
0
LINE
8
BLACK
6
CONTINUOUS
10
2.147290866141732
20
1.3665755118110237
11
2.1494763779527557
21
1.3728212598425196
0
LINE
8
BLACK
6
CONTINUOUS
10
2.1494763779527557
20
1.3728212598425196
11
2.1529968897637795
21
1.3784241338582677
0
LINE
8
BLACK
6
CONTINUOUS
10
2.1529968897637795
20
1.3784241338582677
11
2.1576758661417323
21
1.3831031102362203
0
LINE
8
BLACK
6
CONTINUOUS
10
2.1576758661417323
20
1.3831031102362203
11
2.1632787401574802
21
1.3866236220472441
0
LINE
8
BLACK
6
CONTINUOUS
10
2.1632787401574802
20
1.3866236220472441
11
2.1695244881889764
21
1.3888091338582678
0
LINE
8
BLACK
6
CONTINUOUS
10
2.1695244881889764
20
1.3888091338582678
11
2.1760999999999999
21
1.3895500000000001
0
LINE
8
BLACK
6
CONTINUOUS
10
2.1760999999999999
20
1.3895500000000001
11
2.1826755118110235
21
1.3888091338582678
0
LINE
8
BLACK
6
CONTINUOUS
10
2.2144946062992124
20
1.4337478740157481
11
2.2146290157480313
21
1.4337613385826771
0
LINE
8
BLACK
6
CONTINUOUS
10
2.2146290157480313
20
1.4337613385826771
11
2.2303290157480316
21
1.4297613385826771
0
LINE
8
BLACK
6
CONTINUOUS
10
2.2303290157480316
20
1.4297613385826771
11
2.2310105905511812
21
1.4294536614173228
0
LINE
8
BLACK
6
CONTINUOUS
10
2.2310105905511812
20
1.4294536614173228
11
2.2311172834645667
21
1.4294331102362205
0
LINE
8
BLACK
6
CONTINUOUS
10
2.2311172834645667
20
1.4294331102362205
11
2.250817283464567
21
1.4176331102362205
0
LINE
8
BLACK
6
CONTINUOUS
10
2.250817283464567
20
1.4176331102362205
11
2.2512644094488188
21
1.4172454724409449
0
LINE
8
BLACK
6
CONTINUOUS
10
2.2512644094488188
20
1.4172454724409449
11
2.2513879133858268
21
1.4171879133858267
0
LINE
8
BLACK
6
CONTINUOUS
10
2.2513879133858268
20
1.4171879133858267
11
2.2710879133858266
21
1.3974879133858267
0
LINE
8
BLACK
6
CONTINUOUS
10
2.2710879133858266
20
1.3974879133858267
11
2.2716761023622047
21
1.396647874015748
0
LINE
8
BLACK
6
CONTINUOUS
10
2.2716761023622047
20
1.396647874015748
11
2.2718521259842519
21
1.3946357874015747
0
LINE
8
BLACK
6
CONTINUOUS
10
2.2718521259842519
20
1.3946357874015747
11
2.271170275590551
21
1.3936619685039369
0
LINE
8
BLACK
6
CONTINUOUS
10
2.271170275590551
20
1.3936619685039369
11
2.275541023622047
21
1.3849205118110235
0
LINE
8
BLACK
6
CONTINUOUS
10
2.275541023622047
20
1.3849205118110235
11
2.275760472440945
21
1.3841825984251968
0
LINE
8
BLACK
6
CONTINUOUS
10
2.275760472440945
20
1.3841825984251968
11
2.2758112204724408
21
1.3840934251968504
0
LINE
8
BLACK
6
CONTINUOUS
10
2.2758112204724408
20
1.3840934251968504
11
2.2798112204724408
21
1.3604934251968503
0
LINE
8
BLACK
6
CONTINUOUS
10
2.2798112204724408
20
1.3604934251968503
11
2.2798044488188975
21
1.3594679527559055
0
LINE
8
BLACK
6
CONTINUOUS
10
2.2798044488188975
20
1.3594679527559055
11
2.2797892519685039
21
1.3594420472440945
0
LINE
8
BLACK
6
CONTINUOUS
10
2.2797892519685039
20
1.3594420472440945
11
2.2797937007874016
21
1.3594124803149605
0
LINE
8
BLACK
6
CONTINUOUS
10
2.2797937007874016
20
1.3594124803149605
11
2.2757937007874016
21
1.339712440944882
0
LINE
8
BLACK
6
CONTINUOUS
10
2.2757937007874016
20
1.339712440944882
11
2.2754761811023623
21
1.3389054330708661
0
LINE
8
BLACK
6
CONTINUOUS
10
2.2754761811023623
20
1.3389054330708661
11
2.2754642913385825
21
1.3388360236220471
0
LINE
8
BLACK
6
CONTINUOUS
10
2.2754642913385825
20
1.3388360236220471
11
2.2597642913385827
21
1.3113360236220473
0
LINE
8
BLACK
6
CONTINUOUS
10
2.2597642913385827
20
1.3113360236220473
11
2.2591089370078739
21
1.3105472440944881
0
LINE
8
BLACK
6
CONTINUOUS
10
2.2591089370078739
20
1.3105472440944881
11
2.2589427559055117
21
1.3104858267716535
0
LINE
8
BLACK
6
CONTINUOUS
10
2.2589427559055117
20
1.3104858267716535
11
2.2588379133858267
21
1.3103431496062992
0
LINE
8
BLACK
6
CONTINUOUS
10
2.2588379133858267
20
1.3103431496062992
11
2.2351379133858269
21
1.2945431496062991
0
LINE
8
BLACK
6
CONTINUOUS
10
2.2351379133858269
20
1.2945431496062991
11
2.2345375196850394
21
1.2942796850393701
0
LINE
8
BLACK
6
CONTINUOUS
10
2.2345375196850394
20
1.2942796850393701
11
2.2344372834645667
21
1.2941999606299213
0
LINE
8
BLACK
6
CONTINUOUS
10
2.2344372834645667
20
1.2941999606299213
11
2.2108372834645671
21
1.2862999606299212
0
LINE
8
BLACK
6
CONTINUOUS
10
2.2108372834645671
20
1.2862999606299212
11
2.2099582677165355
21
1.2861684251968504
0
LINE
8
BLACK
6
CONTINUOUS
10
2.2099582677165355
20
1.2861684251968504
11
2.2098999999999998
21
1.2861472440944881
0
LINE
8
BLACK
6
CONTINUOUS
10
2.2098999999999998
20
1.2861472440944881
11
1.9500999999999999
21
1.2861472440944881
0
LINE
8
BLACK
6
CONTINUOUS
10
1.9500999999999999
20
1.2861472440944881
11
1.9494059842519684
21
1.2862696062992125
0
LINE
8
BLACK
6
CONTINUOUS
10
1.9494059842519684
20
1.2862696062992125
11
1.9492874409448819
21
1.2862612598425196
0
LINE
8
BLACK
6
CONTINUOUS
10
1.9492874409448819
20
1.2862612598425196
11
1.9216874409448819
21
1.2941612598425196
0
LINE
8
BLACK
6
CONTINUOUS
10
1.9216874409448819
20
1.2941612598425196
11
1.9207655118110236
21
1.2946103543307086
0
LINE
8
BLACK
6
CONTINUOUS
10
1.9207655118110236
20
1.2946103543307086
11
1.9207508661417323
21
1.2946320078740157
0
LINE
8
BLACK
6
CONTINUOUS
10
1.9207508661417323
20
1.2946320078740157
11
1.9207259448818896
21
1.2946396062992125
0
LINE
8
BLACK
6
CONTINUOUS
10
1.9207259448818896
20
1.2946396062992125
11
1.9050259448818898
21
1.3064396062992125
0
LINE
8
BLACK
6
CONTINUOUS
10
1.9050259448818898
20
1.3064396062992125
11
1.9046117322834646
21
1.3068826377952756
0
LINE
8
BLACK
6
CONTINUOUS
10
1.9046117322834646
20
1.3068826377952756
11
1.9044965748031495
21
1.3069525984251968
0
LINE
8
BLACK
6
CONTINUOUS
10
1.9044965748031495
20
1.3069525984251968
11
1.8886965748031495
21
1.3266525590551181
0
LINE
8
BLACK
6
CONTINUOUS
10
1.8886965748031495
20
1.3266525590551181
11
1.888203622047244
21
1.327551811023622
0
LINE
8
BLACK
6
CONTINUOUS
10
1.888203622047244
20
1.327551811023622
11
1.8882037401574803
21
1.3275579133858268
0
LINE
8
BLACK
6
CONTINUOUS
10
1.8882037401574803
20
1.3275579133858268
11
1.8881999606299211
21
1.3275627165354331
0
LINE
8
BLACK
6
CONTINUOUS
10
1.8881999606299211
20
1.3275627165354331
11
1.8802999606299211
21
1.351162716535433
0
LINE
8
BLACK
6
CONTINUOUS
10
1.8802999606299211
20
1.351162716535433
11
1.8801684251968505
21
1.3520416929133858
0
LINE
8
BLACK
6
CONTINUOUS
10
1.8801684251968505
20
1.3520416929133858
11
1.8801472440944882
21
1.3521000000000001
0
LINE
8
BLACK
6
CONTINUOUS
10
1.8801472440944882
20
1.3521000000000001
11
1.8801472440944882
21
1.3717999999999999
0
LINE
8
BLACK
6
CONTINUOUS
10
1.8801472440944882
20
1.3717999999999999
11
1.8803253149606298
21
1.3728099212598426
0
LINE
8
BLACK
6
CONTINUOUS
10
1.8803253149606298
20
1.3728099212598426
11
1.8803577559055118
21
1.3728485826771653
0
LINE
8
BLACK
6
CONTINUOUS
10
1.8803577559055118
20
1.3728485826771653
11
1.880359409448819
21
1.3728990157480314
0
LINE
8
BLACK
6
CONTINUOUS
10
1.880359409448819
20
1.3728990157480314
11
1.8882594094488188
21
1.3925990551181102
0
LINE
8
BLACK
6
CONTINUOUS
10
1.8882594094488188
20
1.3925990551181102
11
1.888706811023622
21
1.3933192125984251
0
LINE
8
BLACK
6
CONTINUOUS
10
1.888706811023622
20
1.3933192125984251
11
1.8887331889763779
21
1.3933922047244094
0
LINE
8
BLACK
6
CONTINUOUS
10
1.8887331889763779
20
1.3933922047244094
11
1.9084331889763779
21
1.4169922047244095
0
LINE
8
BLACK
6
CONTINUOUS
10
1.9084331889763779
20
1.4169922047244095
11
1.9091602362204725
21
1.4176054330708661
0
LINE
8
BLACK
6
CONTINUOUS
10
1.9091602362204725
20
1.4176054330708661
11
1.9091827165354329
21
1.4176331102362205
0
LINE
8
BLACK
6
CONTINUOUS
10
1.9091827165354329
20
1.4176331102362205
11
1.928882716535433
21
1.4294331102362205
0
LINE
8
BLACK
6
CONTINUOUS
10
1.928882716535433
20
1.4294331102362205
11
1.9297899212598424
21
1.4297799212598425
0
LINE
8
BLACK
6
CONTINUOUS
10
1.9297899212598424
20
1.4297799212598425
11
1.9298124409448818
21
1.4297937007874015
0
LINE
8
BLACK
6
CONTINUOUS
10
1.9298124409448818
20
1.4297937007874015
11
1.9495124803149606
21
1.4337937007874015
0
LINE
8
BLACK
6
CONTINUOUS
10
1.9495124803149606
20
1.4337937007874015
11
1.9505376377952754
21
1.4338201574803149
0
LINE
8
BLACK
6
CONTINUOUS
10
1.9505376377952754
20
1.4338201574803149
11
1.9520176377952756
21
1.4330158267716535
0
LINE
8
BLACK
6
CONTINUOUS
10
1.9520176377952756
20
1.4330158267716535
11
1.9521020078740157
21
1.4331619291338582
0
LINE
8
BLACK
6
CONTINUOUS
10
1.9521020078740157
20
1.4331619291338582
11
1.954
21
1.4338527559055119
0
LINE
8
BLACK
6
CONTINUOUS
10
1.954
20
1.4338527559055119
11
2.2138999999999998
21
1.4338527559055119
0
LINE
8
BLACK
6
CONTINUOUS
10
2.2138999999999998
20
1.4338527559055119
11
2.2144946062992124
21
1.4337478740157481
0
LINE
8
BLACK
6
CONTINUOUS
10
1.950687559055118
20
1.4280062992125984
11
1.9314833070866142
21
1.4241069291338582
0
LINE
8
BLACK
6
CONTINUOUS
10
1.9314833070866142
20
1.4241069291338582
11
1.9126462598425196
21
1.4128238188976379
0
LINE
8
BLACK
6
CONTINUOUS
10
1.9126462598425196
20
1.4128238188976379
11
1.8935664566929133
21
1.3899667716535433
0
LINE
8
BLACK
6
CONTINUOUS
10
1.8935664566929133
20
1.3899667716535433
11
1.8860527559055118
21
1.3712300393700787
0
LINE
8
BLACK
6
CONTINUOUS
10
1.8860527559055118
20
1.3712300393700787
11
1.8860527559055118
21
1.352581062992126
0
LINE
8
BLACK
6
CONTINUOUS
10
1.8860527559055118
20
1.352581062992126
11
1.893632874015748
21
1.3299366141732283
0
LINE
8
BLACK
6
CONTINUOUS
10
1.893632874015748
20
1.3299366141732283
11
1.9088710236220472
21
1.3109371653543307
0
LINE
8
BLACK
6
CONTINUOUS
10
1.9088710236220472
20
1.3109371653543307
11
1.9238375196850392
21
1.2996884645669291
0
LINE
8
BLACK
6
CONTINUOUS
10
1.9238375196850392
20
1.2996884645669291
11
1.9505143307086614
21
1.2920527559055117
0
LINE
8
BLACK
6
CONTINUOUS
10
1.9505143307086614
20
1.2920527559055117
11
2.2094189370078738
21
1.2920527559055117
0
LINE
8
BLACK
6
CONTINUOUS
10
2.2094189370078738
20
1.2920527559055117
11
2.2321894488188976
21
1.2996750787401574
0
LINE
8
BLACK
6
CONTINUOUS
10
2.2321894488188976
20
1.2996750787401574
11
2.2549815748031494
21
1.3148698031496062
0
LINE
8
BLACK
6
CONTINUOUS
10
2.2549815748031494
20
1.3148698031496062
11
2.2701006299212598
21
1.3413522440944881
0
LINE
8
BLACK
6
CONTINUOUS
10
2.2701006299212598
20
1.3413522440944881
11
2.2738968897637797
21
1.3600487007874016
0
LINE
8
BLACK
6
CONTINUOUS
10
2.2738968897637797
20
1.3600487007874016
11
2.2700622834645667
21
1.3826728346456694
0
LINE
8
BLACK
6
CONTINUOUS
10
2.2700622834645667
20
1.3826728346456694
11
2.2625732677165353
21
1.3976509055118109
0
LINE
8
BLACK
6
CONTINUOUS
10
2.2625732677165353
20
1.3976509055118109
11
2.2474699212598424
21
1.4127542125984252
0
LINE
8
BLACK
6
CONTINUOUS
10
2.2474699212598424
20
1.4127542125984252
11
2.2284527952755906
21
1.4241451968503938
0
LINE
8
BLACK
6
CONTINUOUS
10
2.2284527952755906
20
1.4241451968503938
11
2.2135298031496062
21
1.4279472440944883
0
LINE
8
BLACK
6
CONTINUOUS
10
2.2135298031496062
20
1.4279472440944883
11
1.954
21
1.4279472440944883
0
LINE
8
BLACK
6
CONTINUOUS
10
1.954
20
1.4279472440944883
11
1.9529900787401575
21
1.4281253149606299
0
LINE
8
BLACK
6
CONTINUOUS
10
1.9529900787401575
20
1.4281253149606299
11
1.952100748031496
21
1.4288715354330708
0
LINE
8
BLACK
6
CONTINUOUS
10
1.952100748031496
20
1.4288715354330708
11
1.950687559055118
21
1.4280062992125984
0
LINE
8
BLACK
6
CONTINUOUS
10
2.2090099212598426
20
1.4544746850393699
11
2.2090515748031496
21
1.4544397244094487
0
LINE
8
BLACK
6
CONTINUOUS
10
2.2090515748031496
20
1.4544397244094487
11
2.2099527559055119
21
1.4546178346456693
0
LINE
8
BLACK
6
CONTINUOUS
10
2.2099527559055119
20
1.4546178346456693
11
2.2273527559055117
21
1.4519178346456691
0
LINE
8
BLACK
6
CONTINUOUS
10
2.2273527559055117
20
1.4519178346456691
11
2.2276882677165353
21
1.4518034645669291
0
LINE
8
BLACK
6
CONTINUOUS
10
2.2276882677165353
20
1.4518034645669291
11
2.2278137795275592
21
1.4518077952755906
0
LINE
8
BLACK
6
CONTINUOUS
10
2.2278137795275592
20
1.4518077952755906
11
2.2447137795275589
21
1.4463077952755905
0
LINE
8
BLACK
6
CONTINUOUS
10
2.2447137795275589
20
1.4463077952755905
11
2.2451720472440946
21
1.4460638188976378
0
LINE
8
BLACK
6
CONTINUOUS
10
2.2451720472440946
20
1.4460638188976378
11
2.2453094094488186
21
1.4460377952755905
0
LINE
8
BLACK
6
CONTINUOUS
10
2.2453094094488186
20
1.4460377952755905
11
2.2606094094488189
21
1.4369377952755906
0
LINE
8
BLACK
6
CONTINUOUS
10
2.2606094094488189
20
1.4369377952755906
11
2.2609628346456692
21
1.4366333070866142
0
LINE
8
BLACK
6
CONTINUOUS
10
2.2609628346456692
20
1.4366333070866142
11
2.2610909448818899
21
1.4365805511811023
0
LINE
8
BLACK
6
CONTINUOUS
10
2.2610909448818899
20
1.4365805511811023
11
2.2748909448818897
21
1.4239805511811023
0
LINE
8
BLACK
6
CONTINUOUS
10
2.2748909448818897
20
1.4239805511811023
11
2.2751311417322833
21
1.4236686614173228
0
LINE
8
BLACK
6
CONTINUOUS
10
2.2751311417322833
20
1.4236686614173228
11
2.2752423228346457
21
1.423597874015748
0
LINE
8
BLACK
6
CONTINUOUS
10
2.2752423228346457
20
1.423597874015748
11
2.2894423228346454
21
1.405097874015748
0
LINE
8
BLACK
6
CONTINUOUS
10
2.2894423228346454
20
1.405097874015748
11
2.2897277952755903
21
1.4045496062992127
0
LINE
8
BLACK
6
CONTINUOUS
10
2.2897277952755903
20
1.4045496062992127
11
2.2898187401574801
21
1.4044520078740157
0
LINE
8
BLACK
6
CONTINUOUS
10
2.2898187401574801
20
1.4044520078740157
11
2.2973187401574804
21
1.3867520078740156
0
LINE
8
BLACK
6
CONTINUOUS
10
2.2973187401574804
20
1.3867520078740156
11
2.2974273622047243
21
1.3862801181102362
0
LINE
8
BLACK
6
CONTINUOUS
10
2.2974273622047243
20
1.3862801181102362
11
2.2974990551181103
21
1.3861605905511811
0
LINE
8
BLACK
6
CONTINUOUS
10
2.2974990551181103
20
1.3861605905511811
11
2.3009990551181101
21
1.3680605905511811
0
LINE
8
BLACK
6
CONTINUOUS
10
2.3009990551181101
20
1.3680605905511811
11
2.3010082283464568
21
1.3675018503937006
0
LINE
8
BLACK
6
CONTINUOUS
10
2.3010082283464568
20
1.3675018503937006
11
2.3010498818897638
21
1.3673696062992127
0
LINE
8
BLACK
6
CONTINUOUS
10
2.3010498818897638
20
1.3673696062992127
11
2.3002498818897639
21
1.3492696062992127
0
LINE
8
BLACK
6
CONTINUOUS
10
2.3002498818897639
20
1.3492696062992127
11
2.3001599212598425
21
1.348864842519685
0
LINE
8
BLACK
6
CONTINUOUS
10
2.3001599212598425
20
1.348864842519685
11
2.3001761023622045
21
1.3487314960629921
0
LINE
8
BLACK
6
CONTINUOUS
10
2.3001761023622045
20
1.3487314960629921
11
2.2958761023622047
21
1.3302314960629922
0
LINE
8
BLACK
6
CONTINUOUS
10
2.2958761023622047
20
1.3302314960629922
11
2.2956126377952755
21
1.3296133858267716
0
LINE
8
BLACK
6
CONTINUOUS
10
2.2956126377952755
20
1.3296133858267716
11
2.29559405511811
21
1.3294894488188975
0
LINE
8
BLACK
6
CONTINUOUS
10
2.29559405511811
20
1.3294894488188975
11
2.2837940551181104
21
1.3077894094488189
0
LINE
8
BLACK
6
CONTINUOUS
10
2.2837940551181104
20
1.3077894094488189
11
2.28358531496063
21
1.3075273622047243
0
LINE
8
BLACK
6
CONTINUOUS
10
2.28358531496063
20
1.3075273622047243
11
2.2835491338582679
21
1.3074110236220473
0
LINE
8
BLACK
6
CONTINUOUS
10
2.2835491338582679
20
1.3074110236220473
11
2.2736491338582678
21
1.2944110629921259
0
LINE
8
BLACK
6
CONTINUOUS
10
2.2736491338582678
20
1.2944110629921259
11
2.2733087401574803
21
1.2940968503937007
0
LINE
8
BLACK
6
CONTINUOUS
10
2.2733087401574803
20
1.2940968503937007
11
2.2732418897637796
21
1.2939756299212599
0
LINE
8
BLACK
6
CONTINUOUS
10
2.2732418897637796
20
1.2939756299212599
11
2.2606418897637797
21
1.2829756299212598
0
LINE
8
BLACK
6
CONTINUOUS
10
2.2606418897637797
20
1.2829756299212598
11
2.2602755511811021
21
1.2827544488188976
0
LINE
8
BLACK
6
CONTINUOUS
10
2.2602755511811021
20
1.2827544488188976
11
2.2601888582677163
21
1.2826500787401574
0
LINE
8
BLACK
6
CONTINUOUS
10
2.2601888582677163
20
1.2826500787401574
11
2.2452888582677164
21
1.2739500787401574
0
LINE
8
BLACK
6
CONTINUOUS
10
2.2452888582677164
20
1.2739500787401574
11
2.2448745275590549
21
1.273796968503937
0
LINE
8
BLACK
6
CONTINUOUS
10
2.2448745275590549
20
1.273796968503937
11
2.2447683464566928
21
1.2737105511811024
0
LINE
8
BLACK
6
CONTINUOUS
10
2.2447683464566928
20
1.2737105511811024
11
2.2254683464566929
21
1.2670105511811023
0
LINE
8
BLACK
6
CONTINUOUS
10
2.2254683464566929
20
1.2670105511811023
11
2.2248911417322832
21
1.2669175984251968
0
LINE
8
BLACK
6
CONTINUOUS
10
2.2248911417322832
20
1.2669175984251968
11
2.2247673228346456
21
1.2668593700787401
0
LINE
8
BLACK
6
CONTINUOUS
10
2.2247673228346456
20
1.2668593700787401
11
2.2082673228346454
21
1.2653593700787402
0
LINE
8
BLACK
6
CONTINUOUS
10
2.2082673228346454
20
1.2653593700787402
11
2.2080772047244093
21
1.2653753149606299
0
LINE
8
BLACK
6
CONTINUOUS
10
2.2080772047244093
20
1.2653753149606299
11
2.2079999999999997
21
1.2653472440944882
0
LINE
8
BLACK
6
CONTINUOUS
10
2.2079999999999997
20
1.2653472440944882
11
1.9559629921259842
21
1.2653472440944882
0
LINE
8
BLACK
6
CONTINUOUS
10
1.9559629921259842
20
1.2653472440944882
11
1.9545956692913384
21
1.2649543307086615
0
LINE
8
BLACK
6
CONTINUOUS
10
1.9545956692913384
20
1.2649543307086615
11
1.9372956692913386
21
1.2661543307086613
0
LINE
8
BLACK
6
CONTINUOUS
10
1.9372956692913386
20
1.2661543307086613
11
1.9366333070866142
21
1.2663190551181103
0
LINE
8
BLACK
6
CONTINUOUS
10
1.9366333070866142
20
1.2663190551181103
11
1.9365098818897637
21
1.2663181889763779
0
LINE
8
BLACK
6
CONTINUOUS
10
1.9365098818897637
20
1.2663181889763779
11
1.9188098818897636
21
1.2726181889763779
0
LINE
8
BLACK
6
CONTINUOUS
10
1.9188098818897636
20
1.2726181889763779
11
1.9185925984251968
21
1.2727415748031496
0
LINE
8
BLACK
6
CONTINUOUS
10
1.9185925984251968
20
1.2727415748031496
11
1.918492244094488
21
1.2727526377952756
0
LINE
8
BLACK
6
CONTINUOUS
10
1.918492244094488
20
1.2727526377952756
11
1.9018922440944881
21
1.2809526377952756
0
LINE
8
BLACK
6
CONTINUOUS
10
1.9018922440944881
20
1.2809526377952756
11
1.9014784645669291
21
1.2812564173228347
0
LINE
8
BLACK
6
CONTINUOUS
10
1.9014784645669291
20
1.2812564173228347
11
1.9013461417322834
21
1.2813017322834646
0
LINE
8
BLACK
6
CONTINUOUS
10
1.9013461417322834
20
1.2813017322834646
11
1.8832461417322834
21
1.2959017322834645
0
LINE
8
BLACK
6
CONTINUOUS
10
1.8832461417322834
20
1.2959017322834645
11
1.8827364566929135
21
1.2964857874015747
0
LINE
8
BLACK
6
CONTINUOUS
10
1.8827364566929135
20
1.2964857874015747
11
1.8826545669291339
21
1.2965451181102361
0
LINE
8
BLACK
6
CONTINUOUS
10
1.8826545669291339
20
1.2965451181102361
11
1.8669545669291339
21
1.3197451181102362
0
LINE
8
BLACK
6
CONTINUOUS
10
1.8669545669291339
20
1.3197451181102362
11
1.8665360236220472
21
1.3206813385826772
0
LINE
8
BLACK
6
CONTINUOUS
10
1.8665360236220472
20
1.3206813385826772
11
1.8665372440944881
21
1.3206933858267715
0
LINE
8
BLACK
6
CONTINUOUS
10
1.8665372440944881
20
1.3206933858267715
11
1.8665305905511811
21
1.3207034645669291
0
LINE
8
BLACK
6
CONTINUOUS
10
1.8665305905511811
20
1.3207034645669291
11
1.8598305905511812
21
1.3483034251968504
0
LINE
8
BLACK
6
CONTINUOUS
10
1.8598305905511812
20
1.3483034251968504
11
1.8597944488188975
21
1.3488701968503938
0
LINE
8
BLACK
6
CONTINUOUS
10
1.8597944488188975
20
1.3488701968503938
11
1.8597472440944882
21
1.349
0
LINE
8
BLACK
6
CONTINUOUS
10
1.8597472440944882
20
1.349
11
1.8597472440944882
21
1.3691
0
LINE
8
BLACK
6
CONTINUOUS
10
1.8597472440944882
20
1.3691
11
1.8598327952755904
21
1.3695853543307086
0
LINE
8
BLACK
6
CONTINUOUS
10
1.8598327952755904
20
1.3695853543307086
11
1.8598138582677164
21
1.3697237007874015
0
LINE
8
BLACK
6
CONTINUOUS
10
1.8598138582677164
20
1.3697237007874015
11
1.8649138582677165
21
1.3933237007874015
0
LINE
8
BLACK
6
CONTINUOUS
10
1.8649138582677165
20
1.3933237007874015
11
1.8651825196850393
21
1.393982283464567
0
LINE
8
BLACK
6
CONTINUOUS
10
1.8651825196850393
20
1.393982283464567
11
1.8651994094488189
21
1.3940984251968505
0
LINE
8
BLACK
6
CONTINUOUS
10
1.8651994094488189
20
1.3940984251968505
11
1.8765994094488188
21
1.4152984645669291
0
LINE
8
BLACK
6
CONTINUOUS
10
1.8765994094488188
20
1.4152984645669291
11
1.8769994094488189
21
1.4158055511811023
0
LINE
8
BLACK
6
CONTINUOUS
10
1.8769994094488189
20
1.4158055511811023
11
1.8770507086614172
21
1.4159246850393701
0
LINE
8
BLACK
6
CONTINUOUS
10
1.8770507086614172
20
1.4159246850393701
11
1.8900507086614173
21
1.4297246850393701
0
LINE
8
BLACK
6
CONTINUOUS
10
1.8900507086614173
20
1.4297246850393701
11
1.8902974803149606
21
1.4299086614173229
0
LINE
8
BLACK
6
CONTINUOUS
10
1.8902974803149606
20
1.4299086614173229
11
1.8903579133858268
21
1.4300076771653543
0
LINE
8
BLACK
6
CONTINUOUS
10
1.8903579133858268
20
1.4300076771653543
11
1.9017579133858267
21
1.4391077165354331
0
LINE
8
BLACK
6
CONTINUOUS
10
1.9017579133858267
20
1.4391077165354331
11
1.9021720472440944
21
1.4393335039370079
0
LINE
8
BLACK
6
CONTINUOUS
10
1.9021720472440944
20
1.4393335039370079
11
1.9022670866141731
21
1.4394348031496063
0
LINE
8
BLACK
6
CONTINUOUS
10
1.9022670866141731
20
1.4394348031496063
11
1.9192670866141732
21
1.4480348031496062
0
LINE
8
BLACK
6
CONTINUOUS
10
1.9192670866141732
20
1.4480348031496062
11
1.9196917322834646
21
1.4481632677165355
0
LINE
8
BLACK
6
CONTINUOUS
10
1.9196917322834646
20
1.4481632677165355
11
1.9198031889763778
21
1.4482432283464566
0
LINE
8
BLACK
6
CONTINUOUS
10
1.9198031889763778
20
1.4482432283464566
11
1.9355031889763779
21
1.4526432283464568
0
LINE
8
BLACK
6
CONTINUOUS
10
1.9355031889763779
20
1.4526432283464568
11
1.9358758661417323
21
1.4526801181102362
0
LINE
8
BLACK
6
CONTINUOUS
10
1.9358758661417323
20
1.4526801181102362
11
1.9359917322834646
21
1.4527366141732283
0
LINE
8
BLACK
6
CONTINUOUS
10
1.9359917322834646
20
1.4527366141732283
11
1.9539004724409448
21
1.4546165354330709
0
LINE
8
BLACK
6
CONTINUOUS
10
1.9539004724409448
20
1.4546165354330709
11
1.954
21
1.4546527559055118
0
LINE
8
BLACK
6
CONTINUOUS
10
1.954
20
1.4546527559055118
11
2.2079999999999997
21
1.4546527559055118
0
LINE
8
BLACK
6
CONTINUOUS
10
2.2079999999999997
20
1.4546527559055118
11
2.2090099212598426
21
1.4544746850393699
0
LINE
8
BLACK
6
CONTINUOUS
10
2.2079999999999997
20
1.4487472440944882
11
1.9545544881889763
21
1.4487472440944882
0
LINE
8
BLACK
6
CONTINUOUS
10
1.9545544881889763
20
1.4487472440944882
11
1.9368564173228346
21
1.4468894094488189
0
LINE
8
BLACK
6
CONTINUOUS
10
1.9368564173228346
20
1.4468894094488189
11
1.9216749606299213
21
1.4426347244094488
0
LINE
8
BLACK
6
CONTINUOUS
10
1.9216749606299213
20
1.4426347244094488
11
1.9052042913385827
21
1.4343024803149607
0
LINE
8
BLACK
6
CONTINUOUS
10
1.9052042913385827
20
1.4343024803149607
11
1.8942058267716535
21
1.425523031496063
0
LINE
8
BLACK
6
CONTINUOUS
10
1.8942058267716535
20
1.425523031496063
11
1.8816162204724409
21
1.4121587007874015
0
LINE
8
BLACK
6
CONTINUOUS
10
1.8816162204724409
20
1.4121587007874015
11
1.8705980708661416
21
1.3916688582677166
0
LINE
8
BLACK
6
CONTINUOUS
10
1.8705980708661416
20
1.3916688582677166
11
1.8656527559055118
21
1.3687845275590551
0
LINE
8
BLACK
6
CONTINUOUS
10
1.8656527559055118
20
1.3687845275590551
11
1.8656527559055118
21
1.3493532283464567
0
LINE
8
BLACK
6
CONTINUOUS
10
1.8656527559055118
20
1.3493532283464567
11
1.8721437795275591
21
1.322613937007874
0
LINE
8
BLACK
6
CONTINUOUS
10
1.8721437795275591
20
1.322613937007874
11
1.8872977559055117
21
1.3002208267716535
0
LINE
8
BLACK
6
CONTINUOUS
10
1.8872977559055117
20
1.3002208267716535
11
1.9048
21
1.2861029527559056
0
LINE
8
BLACK
6
CONTINUOUS
10
1.9048
20
1.2861029527559056
11
1.9209526377952755
21
1.2781239370078741
0
LINE
8
BLACK
6
CONTINUOUS
10
1.9209526377952755
20
1.2781239370078741
11
1.9381085039370078
21
1.2720175984251969
0
LINE
8
BLACK
6
CONTINUOUS
10
1.9381085039370078
20
1.2720175984251969
11
1.9532213385826771
21
1.2709693307086614
0
LINE
8
BLACK
6
CONTINUOUS
10
1.9532213385826771
20
1.2709693307086614
11
1.954
21
1.2712527559055118
0
LINE
8
BLACK
6
CONTINUOUS
10
1.954
20
1.2712527559055118
11
2.2078660629921258
21
1.2712527559055118
0
LINE
8
BLACK
6
CONTINUOUS
10
2.2078660629921258
20
1.2712527559055118
11
2.2238729133858266
21
1.2727079133858268
0
LINE
8
BLACK
6
CONTINUOUS
10
2.2238729133858266
20
1.2727079133858268
11
2.2425596062992126
21
1.2791949999999999
0
LINE
8
BLACK
6
CONTINUOUS
10
2.2425596062992126
20
1.2791949999999999
11
2.2569692519685041
21
1.2876087007874015
0
LINE
8
BLACK
6
CONTINUOUS
10
2.2569692519685041
20
1.2876087007874015
11
2.2691324015748031
21
1.2982273228346457
0
LINE
8
BLACK
6
CONTINUOUS
10
2.2691324015748031
20
1.2982273228346457
11
2.2787138188976379
21
1.3108089763779527
0
LINE
8
BLACK
6
CONTINUOUS
10
2.2787138188976379
20
1.3108089763779527
11
2.2902145275590549
21
1.3319585433070866
0
LINE
8
BLACK
6
CONTINUOUS
10
2.2902145275590549
20
1.3319585433070866
11
2.2943621259842519
21
1.3498028740157479
0
LINE
8
BLACK
6
CONTINUOUS
10
2.2943621259842519
20
1.3498028740157479
11
2.2951346850393701
21
1.3672818897637795
0
LINE
8
BLACK
6
CONTINUOUS
10
2.2951346850393701
20
1.3672818897637795
11
2.2917599212598425
21
1.3847342913385827
0
LINE
8
BLACK
6
CONTINUOUS
10
2.2917599212598425
20
1.3847342913385827
11
2.2845282283464567
21
1.4018010236220473
0
LINE
8
BLACK
6
CONTINUOUS
10
2.2845282283464567
20
1.4018010236220473
11
2.2707163385826772
21
1.4197953543307087
0
LINE
8
BLACK
6
CONTINUOUS
10
2.2707163385826772
20
1.4197953543307087
11
2.2573316141732285
21
1.4320162204724409
0
LINE
8
BLACK
6
CONTINUOUS
10
2.2573316141732285
20
1.4320162204724409
11
2.2425733464566928
21
1.4407940157480315
0
LINE
8
BLACK
6
CONTINUOUS
10
2.2425733464566928
20
1.4407940157480315
11
2.2262123622047243
21
1.4461185826771654
0
LINE
8
BLACK
6
CONTINUOUS
10
2.2262123622047243
20
1.4461185826771654
11
2.2090472440944882
21
1.4487821653543307
0
LINE
8
BLACK
6
CONTINUOUS
10
2.2090472440944882
20
1.4487821653543307
11
2.2085559448818897
21
1.4489495669291339
0
LINE
8
BLACK
6
CONTINUOUS
10
2.2085559448818897
20
1.4489495669291339
11
2.2079999999999997
21
1.4487472440944882
0
LINE
8
BLACK
6
CONTINUOUS
10
2.9765552755905511
20
1.3336720866141731
11
2.9778852362204722
21
1.3333999606299212
0
LINE
8
BLACK
6
CONTINUOUS
10
2.9778852362204722
20
1.3333999606299212
11
2.9827596456692911
21
1.3309627559055117
0
LINE
8
BLACK
6
CONTINUOUS
10
2.9827596456692911
20
1.3309627559055117
11
2.9834710236220472
21
1.3303318897637795
0
LINE
8
BLACK
6
CONTINUOUS
10
2.9834710236220472
20
1.3303318897637795
11
2.9842944488188974
21
1.3298565354330709
0
LINE
8
BLACK
6
CONTINUOUS
10
2.9842944488188974
20
1.3298565354330709
11
2.9867316535433068
21
1.3274193307086615
0
LINE
8
BLACK
6
CONTINUOUS
10
2.9867316535433068
20
1.3274193307086615
11
2.9872070078740158
21
1.3265959055118111
0
LINE
8
BLACK
6
CONTINUOUS
10
2.9872070078740158
20
1.3265959055118111
11
2.9878378740157481
21
1.3258845275590552
0
LINE
8
BLACK
6
CONTINUOUS
10
2.9878378740157481
20
1.3258845275590552
11
2.9902750393700788
21
1.321010157480315
0
LINE
8
BLACK
6
CONTINUOUS
10
2.9902750393700788
20
1.321010157480315
11
2.990547086614173
21
1.3196804724409448
0
LINE
8
BLACK
6
CONTINUOUS
10
2.990547086614173
20
1.3196804724409448
11
2.9908985039370077
21
1.3183691338582677
0
LINE
8
BLACK
6
CONTINUOUS
10
2.9908985039370077
20
1.3183691338582677
11
2.9908985039370077
21
1.3110575196850394
0
LINE
8
BLACK
6
CONTINUOUS
10
2.9908985039370077
20
1.3110575196850394
11
2.990547086614173
21
1.3097461417322835
0
LINE
8
BLACK
6
CONTINUOUS
10
2.990547086614173
20
1.3097461417322835
11
2.9902750393700788
21
1.308416496062992
0
LINE
8
BLACK
6
CONTINUOUS
10
2.9902750393700788
20
1.308416496062992
11
2.9878378740157481
21
1.3035421259842519
0
LINE
8
BLACK
6
CONTINUOUS
10
2.9878378740157481
20
1.3035421259842519
11
2.9872070078740158
21
1.3028307086614173
0
LINE
8
BLACK
6
CONTINUOUS
10
2.9872070078740158
20
1.3028307086614173
11
2.9867316535433068
21
1.3020073228346456
0
LINE
8
BLACK
6
CONTINUOUS
10
2.9867316535433068
20
1.3020073228346456
11
2.9842944488188974
21
1.2995701181102361
0
LINE
8
BLACK
6
CONTINUOUS
10
2.9842944488188974
20
1.2995701181102361
11
2.9834710236220472
21
1.2990947244094488
0
LINE
8
BLACK
6
CONTINUOUS
10
2.9834710236220472
20
1.2990947244094488
11
2.9827596456692911
21
1.2984638976377954
0
LINE
8
BLACK
6
CONTINUOUS
10
2.9827596456692911
20
1.2984638976377954
11
2.9785914566929135
21
1.2963798031496063
0
LINE
8
BLACK
6
CONTINUOUS
10
2.9785914566929135
20
1.2963798031496063
11
2.9898309842519684
21
1.2803234251968503
0
LINE
8
BLACK
6
CONTINUOUS
10
2.9898309842519684
20
1.2803234251968503
11
2.9908761023622046
21
1.2774507086614173
0
LINE
8
BLACK
6
CONTINUOUS
10
2.9908761023622046
20
1.2774507086614173
11
2.990344842519685
21
1.2744402755905511
0
LINE
8
BLACK
6
CONTINUOUS
10
2.990344842519685
20
1.2744402755905511
11
2.988379566929134
21
1.2720988188976379
0
LINE
8
BLACK
6
CONTINUOUS
10
2.988379566929134
20
1.2720988188976379
11
2.9855068897637795
21
1.2710537007874017
0
LINE
8
BLACK
6
CONTINUOUS
10
2.9855068897637795
20
1.2710537007874017
11
2.9824964566929135
21
1.2715849606299212
0
LINE
8
BLACK
6
CONTINUOUS
10
2.9824964566929135
20
1.2715849606299212
11
2.9801549999999999
21
1.2735502362204725
0
LINE
8
BLACK
6
CONTINUOUS
10
2.9801549999999999
20
1.2735502362204725
11
2.9648579133858268
21
1.2954032283464567
0
LINE
8
BLACK
6
CONTINUOUS
10
2.9648579133858268
20
1.2954032283464567
11
2.9616521653543306
21
1.2954032283464567
0
LINE
8
BLACK
6
CONTINUOUS
10
2.9616521653543306
20
1.2954032283464567
11
2.9616521653543306
21
1.2769368110236221
0
LINE
8
BLACK
6
CONTINUOUS
10
2.9616521653543306
20
1.2769368110236221
11
2.9608609842519686
21
1.2739840551181103
0
LINE
8
BLACK
6
CONTINUOUS
10
2.9608609842519686
20
1.2739840551181103
11
2.958699409448819
21
1.2718224803149607
0
LINE
8
BLACK
6
CONTINUOUS
10
2.958699409448819
20
1.2718224803149607
11
2.955746653543307
21
1.2710312992125985
0
LINE
8
BLACK
6
CONTINUOUS
10
2.955746653543307
20
1.2710312992125985
11
2.9527938976377954
21
1.2718224803149607
0
LINE
8
BLACK
6
CONTINUOUS
10
2.9527938976377954
20
1.2718224803149607
11
2.9506323228346454
21
1.2739840551181103
0
LINE
8
BLACK
6
CONTINUOUS
10
2.9506323228346454
20
1.2739840551181103
11
2.9498411417322834
21
1.2769368110236221
0
LINE
8
BLACK
6
CONTINUOUS
10
2.9498411417322834
20
1.2769368110236221
11
2.9498411417322834
21
1.3281179133858267
0
LINE
8
BLACK
6
CONTINUOUS
10
2.9498411417322834
20
1.3281179133858267
11
2.9506323228346454
21
1.3310706692913385
0
LINE
8
BLACK
6
CONTINUOUS
10
2.9506323228346454
20
1.3310706692913385
11
2.9527938976377954
21
1.3332322440944882
0
LINE
8
BLACK
6
CONTINUOUS
10
2.9527938976377954
20
1.3332322440944882
11
2.955746653543307
21
1.3340234251968504
0
LINE
8
BLACK
6
CONTINUOUS
10
2.955746653543307
20
1.3340234251968504
11
2.9752442125984251
21
1.3340234251968504
0
LINE
8
BLACK
6
CONTINUOUS
10
2.9752442125984251
20
1.3340234251968504
11
2.9765552755905511
21
1.3336720866141731
0
LINE
8
BLACK
6
CONTINUOUS
10
2.9616521653543306
20
1.3072142519685039
11
2.9738501181102364
21
1.3072142519685039
0
LINE
8
BLACK
6
CONTINUOUS
10
2.9738501181102364
20
1.3072142519685039
11
2.9766204330708659
21
1.3085994094488189
0
LINE
8
BLACK
6
CONTINUOUS
10
2.9766204330708659
20
1.3085994094488189
11
2.9777023622047243
21
1.3096813385826771
0
LINE
8
BLACK
6
CONTINUOUS
10
2.9777023622047243
20
1.3096813385826771
11
2.9790874803149605
21
1.3124515748031496
0
LINE
8
BLACK
6
CONTINUOUS
10
2.9790874803149605
20
1.3124515748031496
11
2.9790874803149605
21
1.3169750787401575
0
LINE
8
BLACK
6
CONTINUOUS
10
2.9790874803149605
20
1.3169750787401575
11
2.9777023622047243
21
1.31974531496063
0
LINE
8
BLACK
6
CONTINUOUS
10
2.9777023622047243
20
1.31974531496063
11
2.9766204330708659
21
1.3208272440944882
0
LINE
8
BLACK
6
CONTINUOUS
10
2.9766204330708659
20
1.3208272440944882
11
2.9738501181102364
21
1.3222124015748031
0
LINE
8
BLACK
6
CONTINUOUS
10
2.9738501181102364
20
1.3222124015748031
11
2.9616521653543306
21
1.3222124015748031
0
LINE
8
BLACK
6
CONTINUOUS
10
2.9616521653543306
20
1.3222124015748031
11
2.9616521653543306
21
1.3072142519685039
0
LINE
8
BLACK
6
CONTINUOUS
10
3.0716059055118108
20
1.3336720866141731
11
3.0729358661417323
21
1.3333999606299212
0
LINE
8
BLACK
6
CONTINUOUS
10
3.0729358661417323
20
1.3333999606299212
11
3.0778102755905512
21
1.3309627559055117
0
LINE
8
BLACK
6
CONTINUOUS
10
3.0778102755905512
20
1.3309627559055117
11
3.0785216535433069
21
1.3303318897637795
0
LINE
8
BLACK
6
CONTINUOUS
10
3.0785216535433069
20
1.3303318897637795
11
3.0793450393700788
21
1.3298565354330709
0
LINE
8
BLACK
6
CONTINUOUS
10
3.0793450393700788
20
1.3298565354330709
11
3.0817822440944882
21
1.3274193307086615
0
LINE
8
BLACK
6
CONTINUOUS
10
3.0817822440944882
20
1.3274193307086615
11
3.0822576377952755
21
1.3265958661417323
0
LINE
8
BLACK
6
CONTINUOUS
10
3.0822576377952755
20
1.3265958661417323
11
3.082888464566929
21
1.3258845275590552
0
LINE
8
BLACK
6
CONTINUOUS
10
3.082888464566929
20
1.3258845275590552
11
3.0853256692913384
21
1.321010157480315
0
LINE
8
BLACK
6
CONTINUOUS
10
3.0853256692913384
20
1.321010157480315
11
3.085456377952756
21
1.3203713779527559
0
LINE
8
BLACK
6
CONTINUOUS
10
3.085456377952756
20
1.3203713779527559
11
3.0857727952755907
21
1.3198014173228345
0
LINE
8
BLACK
6
CONTINUOUS
10
3.0857727952755907
20
1.3198014173228345
11
3.0882100000000001
21
1.3100526377952755
0
LINE
8
BLACK
6
CONTINUOUS
10
3.0882100000000001
20
1.3100526377952755
11
3.0881977165354328
21
1.3093241338582677
0
LINE
8
BLACK
6
CONTINUOUS
10
3.0881977165354328
20
1.3093241338582677
11
3.0883863385826773
21
1.3086203543307087
0
LINE
8
BLACK
6
CONTINUOUS
10
3.0883863385826773
20
1.3086203543307087
11
3.0883863385826773
21
1.2964343700787402
0
LINE
8
BLACK
6
CONTINUOUS
10
3.0883863385826773
20
1.2964343700787402
11
3.0881977165354328
21
1.2957305511811024
0
LINE
8
BLACK
6
CONTINUOUS
10
3.0881977165354328
20
1.2957305511811024
11
3.0882100000000001
21
1.2950020866141732
0
LINE
8
BLACK
6
CONTINUOUS
10
3.0882100000000001
20
1.2950020866141732
11
3.0857727952755907
21
1.2852533070866141
0
LINE
8
BLACK
6
CONTINUOUS
10
3.0857727952755907
20
1.2852533070866141
11
3.085456377952756
21
1.2846833070866142
0
LINE
8
BLACK
6
CONTINUOUS
10
3.085456377952756
20
1.2846833070866142
11
3.0853256692913384
21
1.2840445669291338
0
LINE
8
BLACK
6
CONTINUOUS
10
3.0853256692913384
20
1.2840445669291338
11
3.082888464566929
21
1.2791701574803149
0
LINE
8
BLACK
6
CONTINUOUS
10
3.082888464566929
20
1.2791701574803149
11
3.0822575984251968
21
1.2784587401574803
0
LINE
8
BLACK
6
CONTINUOUS
10
3.0822575984251968
20
1.2784587401574803
11
3.0817822047244094
21
1.2776353149606299
0
LINE
8
BLACK
6
CONTINUOUS
10
3.0817822047244094
20
1.2776353149606299
11
3.079345
21
1.2751981496062992
0
LINE
8
BLACK
6
CONTINUOUS
10
3.079345
20
1.2751981496062992
11
3.0785216535433069
21
1.2747227952755906
0
LINE
8
BLACK
6
CONTINUOUS
10
3.0785216535433069
20
1.2747227952755906
11
3.0778102755905512
21
1.2740919685039369
0
LINE
8
BLACK
6
CONTINUOUS
10
3.0778102755905512
20
1.2740919685039369
11
3.0729358661417323
21
1.2716547637795275
0
LINE
8
BLACK
6
CONTINUOUS
10
3.0729358661417323
20
1.2716547637795275
11
3.0716059055118108
21
1.2713825984251967
0
LINE
8
BLACK
6
CONTINUOUS
10
3.0716059055118108
20
1.2713825984251967
11
3.0702948425196848
21
1.2710312992125985
0
LINE
8
BLACK
6
CONTINUOUS
10
3.0702948425196848
20
1.2710312992125985
11
3.0654204330708659
21
1.2710312992125985
0
LINE
8
BLACK
6
CONTINUOUS
10
3.0654204330708659
20
1.2710312992125985
11
3.0641093307086615
21
1.2713825984251967
0
LINE
8
BLACK
6
CONTINUOUS
10
3.0641093307086615
20
1.2713825984251967
11
3.0627794094488188
21
1.2716547637795275
0
LINE
8
BLACK
6
CONTINUOUS
10
3.0627794094488188
20
1.2716547637795275
11
3.0579050393700786
21
1.2740919685039369
0
LINE
8
BLACK
6
CONTINUOUS
10
3.0579050393700786
20
1.2740919685039369
11
3.057193661417323
21
1.2747227559055119
0
LINE
8
BLACK
6
CONTINUOUS
10
3.057193661417323
20
1.2747227559055119
11
3.0563702755905511
21
1.2751981496062992
0
LINE
8
BLACK
6
CONTINUOUS
10
3.0563702755905511
20
1.2751981496062992
11
3.0539330708661416
21
1.2776353149606299
0
LINE
8
BLACK
6
CONTINUOUS
10
3.0539330708661416
20
1.2776353149606299
11
3.0534576377952756
21
1.2784587401574803
0
LINE
8
BLACK
6
CONTINUOUS
10
3.0534576377952756
20
1.2784587401574803
11
3.0528268110236221
21
1.2791701574803149
0
LINE
8
BLACK
6
CONTINUOUS
10
3.0528268110236221
20
1.2791701574803149
11
3.0503896062992126
21
1.2840445669291338
0
LINE
8
BLACK
6
CONTINUOUS
10
3.0503896062992126
20
1.2840445669291338
11
3.0502588582677164
21
1.2846833070866142
0
LINE
8
BLACK
6
CONTINUOUS
10
3.0502588582677164
20
1.2846833070866142
11
3.0499424803149604
21
1.2852533070866141
0
LINE
8
BLACK
6
CONTINUOUS
10
3.0499424803149604
20
1.2852533070866141
11
3.0475053149606297
21
1.2950020866141732
0
LINE
8
BLACK
6
CONTINUOUS
10
3.0475053149606297
20
1.2950020866141732
11
3.0475175590551182
21
1.2957305118110236
0
LINE
8
BLACK
6
CONTINUOUS
10
3.0475175590551182
20
1.2957305118110236
11
3.0473289763779525
21
1.2964343700787402
0
LINE
8
BLACK
6
CONTINUOUS
10
3.0473289763779525
20
1.2964343700787402
11
3.0473289763779525
21
1.3086203543307087
0
LINE
8
BLACK
6
CONTINUOUS
10
3.0473289763779525
20
1.3086203543307087
11
3.0475175590551182
21
1.3093241732283465
0
LINE
8
BLACK
6
CONTINUOUS
10
3.0475175590551182
20
1.3093241732283465
11
3.0475053149606297
21
1.3100526377952755
0
LINE
8
BLACK
6
CONTINUOUS
10
3.0475053149606297
20
1.3100526377952755
11
3.0499424803149604
21
1.3198014173228345
0
LINE
8
BLACK
6
CONTINUOUS
10
3.0499424803149604
20
1.3198014173228345
11
3.0502588582677164
21
1.3203713779527559
0
LINE
8
BLACK
6
CONTINUOUS
10
3.0502588582677164
20
1.3203713779527559
11
3.0503896062992126
21
1.321010157480315
0
LINE
8
BLACK
6
CONTINUOUS
10
3.0503896062992126
20
1.321010157480315
11
3.0528268110236221
21
1.3258845669291339
0
LINE
8
BLACK
6
CONTINUOUS
10
3.0528268110236221
20
1.3258845669291339
11
3.0534576377952756
21
1.3265959448818898
0
LINE
8
BLACK
6
CONTINUOUS
10
3.0534576377952756
20
1.3265959448818898
11
3.0539330314960629
21
1.3274193307086615
0
LINE
8
BLACK
6
CONTINUOUS
10
3.0539330314960629
20
1.3274193307086615
11
3.0563702362204723
21
1.3298565354330709
0
LINE
8
BLACK
6
CONTINUOUS
10
3.0563702362204723
20
1.3298565354330709
11
3.057193661417323
21
1.3303319291338582
0
LINE
8
BLACK
6
CONTINUOUS
10
3.057193661417323
20
1.3303319291338582
11
3.0579050393700786
21
1.3309627559055117
0
LINE
8
BLACK
6
CONTINUOUS
10
3.0579050393700786
20
1.3309627559055117
11
3.0627794094488188
21
1.3333999606299212
0
LINE
8
BLACK
6
CONTINUOUS
10
3.0627794094488188
20
1.3333999606299212
11
3.0641093307086615
21
1.3336720866141731
0
LINE
8
BLACK
6
CONTINUOUS
10
3.0641093307086615
20
1.3336720866141731
11
3.0654204330708659
21
1.3340234251968504
0
LINE
8
BLACK
6
CONTINUOUS
10
3.0654204330708659
20
1.3340234251968504
11
3.0702948425196848
21
1.3340234251968504
0
LINE
8
BLACK
6
CONTINUOUS
10
3.0702948425196848
20
1.3340234251968504
11
3.0716059055118108
21
1.3336720866141731
0
LINE
8
BLACK
6
CONTINUOUS
10
3.0640442519685038
20
1.3208272440944882
11
3.0629622834645667
21
1.3197452755905512
0
LINE
8
BLACK
6
CONTINUOUS
10
3.0629622834645667
20
1.3197452755905512
11
3.0612436220472441
21
1.3163079921259841
0
LINE
8
BLACK
6
CONTINUOUS
10
3.0612436220472441
20
1.3163079921259841
11
3.0591399999999997
21
1.3078933858267716
0
LINE
8
BLACK
6
CONTINUOUS
10
3.0591399999999997
20
1.3078933858267716
11
3.0591399999999997
21
1.2971612992125985
0
LINE
8
BLACK
6
CONTINUOUS
10
3.0591399999999997
20
1.2971612992125985
11
3.0612436220472441
21
1.2887466929133857
0
LINE
8
BLACK
6
CONTINUOUS
10
3.0612436220472441
20
1.2887466929133857
11
3.0629622834645667
21
1.2853093700787401
0
LINE
8
BLACK
6
CONTINUOUS
10
3.0629622834645667
20
1.2853093700787401
11
3.0640442125984251
21
1.2842274803149607
0
LINE
8
BLACK
6
CONTINUOUS
10
3.0640442125984251
20
1.2842274803149607
11
3.0668145669291338
21
1.2828423228346457
0
LINE
8
BLACK
6
CONTINUOUS
10
3.0668145669291338
20
1.2828423228346457
11
3.068900748031496
21
1.2828423228346457
0
LINE
8
BLACK
6
CONTINUOUS
10
3.068900748031496
20
1.2828423228346457
11
3.0716710236220472
21
1.2842274803149607
0
LINE
8
BLACK
6
CONTINUOUS
10
3.0716710236220472
20
1.2842274803149607
11
3.0727529527559057
21
1.2853093700787401
0
LINE
8
BLACK
6
CONTINUOUS
10
3.0727529527559057
20
1.2853093700787401
11
3.0744716929133857
21
1.2887468503937007
0
LINE
8
BLACK
6
CONTINUOUS
10
3.0744716929133857
20
1.2887468503937007
11
3.0765753149606296
21
1.2971613385826772
0
LINE
8
BLACK
6
CONTINUOUS
10
3.0765753149606296
20
1.2971613385826772
11
3.0765753149606296
21
1.3078933858267716
0
LINE
8
BLACK
6
CONTINUOUS
10
3.0765753149606296
20
1.3078933858267716
11
3.0744716929133857
21
1.3163077952755906
0
LINE
8
BLACK
6
CONTINUOUS
10
3.0744716929133857
20
1.3163077952755906
11
3.0727529527559057
21
1.31974531496063
0
LINE
8
BLACK
6
CONTINUOUS
10
3.0727529527559057
20
1.31974531496063
11
3.0716709842519685
21
1.3208272440944882
0
LINE
8
BLACK
6
CONTINUOUS
10
3.0716709842519685
20
1.3208272440944882
11
3.068900748031496
21
1.3222124015748031
0
LINE
8
BLACK
6
CONTINUOUS
10
3.068900748031496
20
1.3222124015748031
11
3.0668145669291338
21
1.3222124015748031
0
LINE
8
BLACK
6
CONTINUOUS
10
3.0668145669291338
20
1.3222124015748031
11
3.0640442519685038
21
1.3208272440944882
0
LINE
8
BLACK
6
CONTINUOUS
10
3.0394498818897637
20
1.3330315748031496
11
3.0414678346456694
21
1.3307353937007873
0
LINE
8
BLACK
6
CONTINUOUS
10
3.0414678346456694
20
1.3307353937007873
11
3.0420673622047243
21
1.3277378346456692
0
LINE
8
BLACK
6
CONTINUOUS
10
3.0420673622047243
20
1.3277378346456692
11
3.0410877559055116
21
1.324842125984252
0
LINE
8
BLACK
6
CONTINUOUS
10
3.0410877559055116
20
1.324842125984252
11
3.0262112598425195
21
1.3025273622047244
0
LINE
8
BLACK
6
CONTINUOUS
10
3.0262112598425195
20
1.3025273622047244
11
3.0410877559055116
21
1.2802125984251969
0
LINE
8
BLACK
6
CONTINUOUS
10
3.0410877559055116
20
1.2802125984251969
11
3.0420673622047243
21
1.2773168897637794
0
LINE
8
BLACK
6
CONTINUOUS
10
3.0420673622047243
20
1.2773168897637794
11
3.0414678346456694
21
1.2743193307086613
0
LINE
8
BLACK
6
CONTINUOUS
10
3.0414678346456694
20
1.2743193307086613
11
3.0394498818897637
21
1.2720231496062993
0
LINE
8
BLACK
6
CONTINUOUS
10
3.0394498818897637
20
1.2720231496062993
11
3.0365541732283465
21
1.2710435433070866
0
LINE
8
BLACK
6
CONTINUOUS
10
3.0365541732283465
20
1.2710435433070866
11
3.0335566141732282
21
1.2716430708661417
0
LINE
8
BLACK
6
CONTINUOUS
10
3.0335566141732282
20
1.2716430708661417
11
3.0312603937007871
21
1.2736610236220471
0
LINE
8
BLACK
6
CONTINUOUS
10
3.0312603937007871
20
1.2736610236220471
11
3.0191137007874014
21
1.2918810236220473
0
LINE
8
BLACK
6
CONTINUOUS
10
3.0191137007874014
20
1.2918810236220473
11
3.0069670866141731
21
1.2736610236220471
0
LINE
8
BLACK
6
CONTINUOUS
10
3.0069670866141731
20
1.2736610236220471
11
3.0046708661417321
21
1.2716430314960629
0
LINE
8
BLACK
6
CONTINUOUS
10
3.0046708661417321
20
1.2716430314960629
11
3.0016733070866142
21
1.2710435433070866
0
LINE
8
BLACK
6
CONTINUOUS
10
3.0016733070866142
20
1.2710435433070866
11
2.998777598425197
21
1.2720231102362205
0
LINE
8
BLACK
6
CONTINUOUS
10
2.998777598425197
20
1.2720231102362205
11
2.9967596062992126
21
1.2743193307086613
0
LINE
8
BLACK
6
CONTINUOUS
10
2.9967596062992126
20
1.2743193307086613
11
2.996160118110236
21
1.2773168897637794
0
LINE
8
BLACK
6
CONTINUOUS
10
2.996160118110236
20
1.2773168897637794
11
2.9971396850393699
21
1.2802125984251969
0
LINE
8
BLACK
6
CONTINUOUS
10
2.9971396850393699
20
1.2802125984251969
11
3.012016181102362
21
1.3025273622047244
0
LINE
8
BLACK
6
CONTINUOUS
10
3.012016181102362
20
1.3025273622047244
11
2.9971396850393699
21
1.324842125984252
0
LINE
8
BLACK
6
CONTINUOUS
10
2.9971396850393699
20
1.324842125984252
11
2.996160118110236
21
1.3277378346456692
0
LINE
8
BLACK
6
CONTINUOUS
10
2.996160118110236
20
1.3277378346456692
11
2.9967596062992126
21
1.3307353937007873
0
LINE
8
BLACK
6
CONTINUOUS
10
2.9967596062992126
20
1.3307353937007873
11
2.998777598425197
21
1.3330316141732284
0
LINE
8
BLACK
6
CONTINUOUS
10
2.998777598425197
20
1.3330316141732284
11
3.0016733070866142
21
1.3340111811023623
0
LINE
8
BLACK
6
CONTINUOUS
10
3.0016733070866142
20
1.3340111811023623
11
3.0046708661417321
21
1.3334116929133859
0
LINE
8
BLACK
6
CONTINUOUS
10
3.0046708661417321
20
1.3334116929133859
11
3.0069670866141731
21
1.3313937007874015
0
LINE
8
BLACK
6
CONTINUOUS
10
3.0069670866141731
20
1.3313937007874015
11
3.0191137007874014
21
1.3131736614173228
0
LINE
8
BLACK
6
CONTINUOUS
10
3.0191137007874014
20
1.3131736614173228
11
3.0312603937007871
21
1.3313937007874015
0
LINE
8
BLACK
6
CONTINUOUS
10
3.0312603937007871
20
1.3313937007874015
11
3.0335566141732282
21
1.3334116535433072
0
LINE
8
BLACK
6
CONTINUOUS
10
3.0335566141732282
20
1.3334116535433072
11
3.0365541732283465
21
1.3340111811023623
0
LINE
8
BLACK
6
CONTINUOUS
10
3.0365541732283465
20
1.3340111811023623
11
3.0394498818897637
21
1.3330315748031496
0
LINE
8
BLACK
6
CONTINUOUS
10
3.1541180708661418
20
1.3536720866141732
11
3.1554480314960629
21
1.3533999606299212
0
LINE
8
BLACK
6
CONTINUOUS
10
3.1554480314960629
20
1.3533999606299212
11
3.1603224409448818
21
1.3509627559055117
0
LINE
8
BLACK
6
CONTINUOUS
10
3.1603224409448818
20
1.3509627559055117
11
3.1610338188976379
21
1.3503318897637795
0
LINE
8
BLACK
6
CONTINUOUS
10
3.1610338188976379
20
1.3503318897637795
11
3.1618572440944881
21
1.3498565354330709
0
LINE
8
BLACK
6
CONTINUOUS
10
3.1618572440944881
20
1.3498565354330709
11
3.1642944488188975
21
1.3474193307086615
0
LINE
8
BLACK
6
CONTINUOUS
10
3.1642944488188975
20
1.3474193307086615
11
3.1647698031496061
21
1.3465959055118111
0
LINE
8
BLACK
6
CONTINUOUS
10
3.1647698031496061
20
1.3465959055118111
11
3.1654006692913383
21
1.3458845275590552
0
LINE
8
BLACK
6
CONTINUOUS
10
3.1654006692913383
20
1.3458845275590552
11
3.167837834645669
21
1.3410101574803148
0
LINE
8
BLACK
6
CONTINUOUS
10
3.167837834645669
20
1.3410101574803148
11
3.1681098818897637
21
1.3396804724409448
0
LINE
8
BLACK
6
CONTINUOUS
10
3.1681098818897637
20
1.3396804724409448
11
3.1684612992125984
21
1.3383691338582677
0
LINE
8
BLACK
6
CONTINUOUS
10
3.1684612992125984
20
1.3383691338582677
11
3.1684612992125984
21
1.3310575196850394
0
LINE
8
BLACK
6
CONTINUOUS
10
3.1684612992125984
20
1.3310575196850394
11
3.1681098818897637
21
1.3297461417322833
0
LINE
8
BLACK
6
CONTINUOUS
10
3.1681098818897637
20
1.3297461417322833
11
3.167837834645669
21
1.3284164960629921
0
LINE
8
BLACK
6
CONTINUOUS
10
3.167837834645669
20
1.3284164960629921
11
3.1654006692913383
21
1.3235421259842519
0
LINE
8
BLACK
6
CONTINUOUS
10
3.1654006692913383
20
1.3235421259842519
11
3.1647698031496061
21
1.3228307086614173
0
LINE
8
BLACK
6
CONTINUOUS
10
3.1647698031496061
20
1.3228307086614173
11
3.1642944488188975
21
1.3220073228346456
0
LINE
8
BLACK
6
CONTINUOUS
10
3.1642944488188975
20
1.3220073228346456
11
3.1618572440944881
21
1.3195701181102362
0
LINE
8
BLACK
6
CONTINUOUS
10
3.1618572440944881
20
1.3195701181102362
11
3.1610338188976379
21
1.3190947244094489
0
LINE
8
BLACK
6
CONTINUOUS
10
3.1610338188976379
20
1.3190947244094489
11
3.1603224409448818
21
1.3184638976377951
0
LINE
8
BLACK
6
CONTINUOUS
10
3.1603224409448818
20
1.3184638976377951
11
3.1554480314960629
21
1.3160266929133857
0
LINE
8
BLACK
6
CONTINUOUS
10
3.1554480314960629
20
1.3160266929133857
11
3.1541180708661418
21
1.3157545275590552
0
LINE
8
BLACK
6
CONTINUOUS
10
3.1541180708661418
20
1.3157545275590552
11
3.1528070078740158
21
1.3154032283464567
0
LINE
8
BLACK
6
CONTINUOUS
10
3.1528070078740158
20
1.3154032283464567
11
3.1392149606299213
21
1.3154032283464567
0
LINE
8
BLACK
6
CONTINUOUS
10
3.1392149606299213
20
1.3154032283464567
11
3.1392149606299213
21
1.2969368110236221
0
LINE
8
BLACK
6
CONTINUOUS
10
3.1392149606299213
20
1.2969368110236221
11
3.1384237795275589
21
1.2939840551181101
0
LINE
8
BLACK
6
CONTINUOUS
10
3.1384237795275589
20
1.2939840551181101
11
3.1362622047244093
21
1.2918224803149605
0
LINE
8
BLACK
6
CONTINUOUS
10
3.1362622047244093
20
1.2918224803149605
11
3.1333094488188977
21
1.2910312992125983
0
LINE
8
BLACK
6
CONTINUOUS
10
3.1333094488188977
20
1.2910312992125983
11
3.1303566929133857
21
1.2918224803149605
0
LINE
8
BLACK
6
CONTINUOUS
10
3.1303566929133857
20
1.2918224803149605
11
3.1281951181102361
21
1.2939840551181101
0
LINE
8
BLACK
6
CONTINUOUS
10
3.1281951181102361
20
1.2939840551181101
11
3.1274039370078741
21
1.2969368110236221
0
LINE
8
BLACK
6
CONTINUOUS
10
3.1274039370078741
20
1.2969368110236221
11
3.1274039370078741
21
1.3481179133858268
0
LINE
8
BLACK
6
CONTINUOUS
10
3.1274039370078741
20
1.3481179133858268
11
3.1281951181102361
21
1.3510706692913386
0
LINE
8
BLACK
6
CONTINUOUS
10
3.1281951181102361
20
1.3510706692913386
11
3.1303566929133857
21
1.3532322440944882
0
LINE
8
BLACK
6
CONTINUOUS
10
3.1303566929133857
20
1.3532322440944882
11
3.1333094488188977
21
1.3540234251968504
0
LINE
8
BLACK
6
CONTINUOUS
10
3.1333094488188977
20
1.3540234251968504
11
3.1528070078740158
21
1.3540234251968504
0
LINE
8
BLACK
6
CONTINUOUS
10
3.1528070078740158
20
1.3540234251968504
11
3.1541180708661418
21
1.3536720866141732
0
LINE
8
BLACK
6
CONTINUOUS
10
3.1392149606299213
20
1.327214251968504
11
3.1514129133858266
21
1.327214251968504
0
LINE
8
BLACK
6
CONTINUOUS
10
3.1514129133858266
20
1.327214251968504
11
3.1541832283464566
21
1.3285994094488189
0
LINE
8
BLACK
6
CONTINUOUS
10
3.1541832283464566
20
1.3285994094488189
11
3.155265157480315
21
1.3296813385826771
0
LINE
8
BLACK
6
CONTINUOUS
10
3.155265157480315
20
1.3296813385826771
11
3.1566502755905512
21
1.3324515748031496
0
LINE
8
BLACK
6
CONTINUOUS
10
3.1566502755905512
20
1.3324515748031496
11
3.1566502755905512
21
1.3369750787401575
0
LINE
8
BLACK
6
CONTINUOUS
10
3.1566502755905512
20
1.3369750787401575
11
3.155265157480315
21
1.33974531496063
0
LINE
8
BLACK
6
CONTINUOUS
10
3.155265157480315
20
1.33974531496063
11
3.1541832283464566
21
1.3408272440944882
0
LINE
8
BLACK
6
CONTINUOUS
10
3.1541832283464566
20
1.3408272440944882
11
3.1514129133858266
21
1.3422124015748031
0
LINE
8
BLACK
6
CONTINUOUS
10
3.1514129133858266
20
1.3422124015748031
11
3.1392149606299213
21
1.3422124015748031
0
LINE
8
BLACK
6
CONTINUOUS
10
3.1392149606299213
20
1.3422124015748031
11
3.1392149606299213
21
1.327214251968504
0
LINE
8
BLACK
6
CONTINUOUS
10
3.2049065354330706
20
1.3537773228346457
11
3.205855590551181
21
1.3537203543307086
0
LINE
8
BLACK
6
CONTINUOUS
10
3.205855590551181
20
1.3537203543307086
11
3.2131672047244093
21
1.3512831496062991
0
LINE
8
BLACK
6
CONTINUOUS
10
3.2131672047244093
20
1.3512831496062991
11
3.2142999606299214
21
1.3505352362204723
0
LINE
8
BLACK
6
CONTINUOUS
10
3.2142999606299214
20
1.3505352362204723
11
3.2154755905511809
21
1.3498564960629922
0
LINE
8
BLACK
6
CONTINUOUS
10
3.2154755905511809
20
1.3498564960629922
11
3.2179127559055116
21
1.3474192913385827
0
LINE
8
BLACK
6
CONTINUOUS
10
3.2179127559055116
20
1.3474192913385827
11
3.2194411811023622
21
1.3447719291338582
0
LINE
8
BLACK
6
CONTINUOUS
10
3.2194411811023622
20
1.3447719291338582
11
3.2194411811023622
21
1.341715
0
LINE
8
BLACK
6
CONTINUOUS
10
3.2194411811023622
20
1.341715
11
3.2179126771653541
21
1.3390676377952755
0
LINE
8
BLACK
6
CONTINUOUS
10
3.2179126771653541
20
1.3390676377952755
11
3.2152653149606301
21
1.3375392125984251
0
LINE
8
BLACK
6
CONTINUOUS
10
3.2152653149606301
20
1.3375392125984251
11
3.2122083858267714
21
1.3375392125984251
0
LINE
8
BLACK
6
CONTINUOUS
10
3.2122083858267714
20
1.3375392125984251
11
3.2095610236220473
21
1.339067716535433
0
LINE
8
BLACK
6
CONTINUOUS
10
3.2095610236220473
20
1.339067716535433
11
3.2081096456692912
21
1.3405190551181103
0
LINE
8
BLACK
6
CONTINUOUS
10
3.2081096456692912
20
1.3405190551181103
11
3.203029842519685
21
1.3422124015748031
0
LINE
8
BLACK
6
CONTINUOUS
10
3.203029842519685
20
1.3422124015748031
11
3.2000720472440944
21
1.3422124015748031
0
LINE
8
BLACK
6
CONTINUOUS
10
3.2000720472440944
20
1.3422124015748031
11
3.1949922440944882
21
1.3405191338582676
0
LINE
8
BLACK
6
CONTINUOUS
10
3.1949922440944882
20
1.3405191338582676
11
3.1917811811023622
21
1.3373080708661418
0
LINE
8
BLACK
6
CONTINUOUS
10
3.1917811811023622
20
1.3373080708661418
11
3.1900625196850392
21
1.3338707874015747
0
LINE
8
BLACK
6
CONTINUOUS
10
3.1900625196850392
20
1.3338707874015747
11
3.1879588976377953
21
1.3254561811023622
0
LINE
8
BLACK
6
CONTINUOUS
10
3.1879588976377953
20
1.3254561811023622
11
3.1879588976377953
21
1.3195985039370079
0
LINE
8
BLACK
6
CONTINUOUS
10
3.1879588976377953
20
1.3195985039370079
11
3.1900625196850392
21
1.3111838976377952
0
LINE
8
BLACK
6
CONTINUOUS
10
3.1900625196850392
20
1.3111838976377952
11
3.1917811811023622
21
1.3077465748031496
0
LINE
8
BLACK
6
CONTINUOUS
10
3.1917811811023622
20
1.3077465748031496
11
3.1949922047244095
21
1.3045355905511811
0
LINE
8
BLACK
6
CONTINUOUS
10
3.1949922047244095
20
1.3045355905511811
11
3.2000720472440944
21
1.3028423228346457
0
LINE
8
BLACK
6
CONTINUOUS
10
3.2000720472440944
20
1.3028423228346457
11
3.203029842519685
21
1.3028423228346457
0
LINE
8
BLACK
6
CONTINUOUS
10
3.203029842519685
20
1.3028423228346457
11
3.20810968503937
21
1.3045356299212598
0
LINE
8
BLACK
6
CONTINUOUS
10
3.20810968503937
20
1.3045356299212598
11
3.2095610629921261
21
1.3059870078740157
0
LINE
8
BLACK
6
CONTINUOUS
10
3.2095610629921261
20
1.3059870078740157
11
3.2122084251968501
21
1.3075154724409448
0
LINE
8
BLACK
6
CONTINUOUS
10
3.2122084251968501
20
1.3075154724409448
11
3.2152653543307084
21
1.3075154724409448
0
LINE
8
BLACK
6
CONTINUOUS
10
3.2152653543307084
20
1.3075154724409448
11
3.2179127165354329
21
1.3059870078740157
0
LINE
8
BLACK
6
CONTINUOUS
10
3.2179127165354329
20
1.3059870078740157
11
3.2194411811023622
21
1.3033396456692914
0
LINE
8
BLACK
6
CONTINUOUS
10
3.2194411811023622
20
1.3033396456692914
11
3.2194411811023622
21
1.3002827165354331
0
LINE
8
BLACK
6
CONTINUOUS
10
3.2194411811023622
20
1.3002827165354331
11
3.2179127165354329
21
1.2976353543307086
0
LINE
8
BLACK
6
CONTINUOUS
10
3.2179127165354329
20
1.2976353543307086
11
3.2154755511811022
21
1.295198188976378
0
LINE
8
BLACK
6
CONTINUOUS
10
3.2154755511811022
20
1.295198188976378
11
3.2142999606299214
21
1.2945194488188976
0
LINE
8
BLACK
6
CONTINUOUS
10
3.2142999606299214
20
1.2945194488188976
11
3.2131672047244093
21
1.2937715748031495
0
LINE
8
BLACK
6
CONTINUOUS
10
3.2131672047244093
20
1.2937715748031495
11
3.205855590551181
21
1.2913343700787401
0
LINE
8
BLACK
6
CONTINUOUS
10
3.205855590551181
20
1.2913343700787401
11
3.2049065354330706
21
1.2912773622047244
0
LINE
8
BLACK
6
CONTINUOUS
10
3.2049065354330706
20
1.2912773622047244
11
3.2039881102362204
21
1.2910312992125983
0
LINE
8
BLACK
6
CONTINUOUS
10
3.2039881102362204
20
1.2910312992125983
11
3.1991137401574803
21
1.2910312992125983
0
LINE
8
BLACK
6
CONTINUOUS
10
3.1991137401574803
20
1.2910312992125983
11
3.1981952755905509
21
1.2912773622047244
0
LINE
8
BLACK
6
CONTINUOUS
10
3.1981952755905509
20
1.2912773622047244
11
3.1972462598425198
21
1.2913343700787401
0
LINE
8
BLACK
6
CONTINUOUS
10
3.1972462598425198
20
1.2913343700787401
11
3.1899346850393702
21
1.2937715748031495
0
LINE
8
BLACK
6
CONTINUOUS
10
3.1899346850393702
20
1.2937715748031495
11
3.1888019685039368
21
1.2945194094488188
0
LINE
8
BLACK
6
CONTINUOUS
10
3.1888019685039368
20
1.2945194094488188
11
3.1876263385826773
21
1.295198188976378
0
LINE
8
BLACK
6
CONTINUOUS
10
3.1876263385826773
20
1.295198188976378
11
3.1827519291338584
21
1.3000725590551181
0
LINE
8
BLACK
6
CONTINUOUS
10
3.1827519291338584
20
1.3000725590551181
11
3.1822764960629919
21
1.3008959448818898
0
LINE
8
BLACK
6
CONTINUOUS
10
3.1822764960629919
20
1.3008959448818898
11
3.1816457086614172
21
1.3016073622047244
0
LINE
8
BLACK
6
CONTINUOUS
10
3.1816457086614172
20
1.3016073622047244
11
3.1792085039370077
21
1.3064817716535433
0
LINE
8
BLACK
6
CONTINUOUS
10
3.1792085039370077
20
1.3064817716535433
11
3.1790777559055119
21
1.3071205118110236
0
LINE
8
BLACK
6
CONTINUOUS
10
3.1790777559055119
20
1.3071205118110236
11
3.1787613779527559
21
1.3076905118110236
0
LINE
8
BLACK
6
CONTINUOUS
10
3.1787613779527559
20
1.3076905118110236
11
3.1763242125984252
21
1.3174392913385826
0
LINE
8
BLACK
6
CONTINUOUS
10
3.1763242125984252
20
1.3174392913385826
11
3.1763364566929133
21
1.3181677165354331
0
LINE
8
BLACK
6
CONTINUOUS
10
3.1763364566929133
20
1.3181677165354331
11
3.1761478740157481
21
1.3188715748031496
0
LINE
8
BLACK
6
CONTINUOUS
10
3.1761478740157481
20
1.3188715748031496
11
3.1761478740157481
21
1.3261831496062992
0
LINE
8
BLACK
6
CONTINUOUS
10
3.1761478740157481
20
1.3261831496062992
11
3.1763364566929133
21
1.3268869685039371
0
LINE
8
BLACK
6
CONTINUOUS
10
3.1763364566929133
20
1.3268869685039371
11
3.1763242125984252
21
1.327615433070866
0
LINE
8
BLACK
6
CONTINUOUS
10
3.1763242125984252
20
1.327615433070866
11
3.1787613779527559
21
1.3373642125984251
0
LINE
8
BLACK
6
CONTINUOUS
10
3.1787613779527559
20
1.3373642125984251
11
3.1790777559055119
21
1.3379341732283465
0
LINE
8
BLACK
6
CONTINUOUS
10
3.1790777559055119
20
1.3379341732283465
11
3.1792085039370077
21
1.3385729527559054
0
LINE
8
BLACK
6
CONTINUOUS
10
3.1792085039370077
20
1.3385729527559054
11
3.1816457086614172
21
1.3434473622047243
0
LINE
8
BLACK
6
CONTINUOUS
10
3.1816457086614172
20
1.3434473622047243
11
3.1822765354330707
21
1.3441587401574804
0
LINE
8
BLACK
6
CONTINUOUS
10
3.1822765354330707
20
1.3441587401574804
11
3.1827519291338584
21
1.344982125984252
0
LINE
8
BLACK
6
CONTINUOUS
10
3.1827519291338584
20
1.344982125984252
11
3.1876263385826773
21
1.3498565354330709
0
LINE
8
BLACK
6
CONTINUOUS
10
3.1876263385826773
20
1.3498565354330709
11
3.1888020866141731
21
1.3505353543307086
0
LINE
8
BLACK
6
CONTINUOUS
10
3.1888020866141731
20
1.3505353543307086
11
3.1899346850393702
21
1.3512831496062991
0
LINE
8
BLACK
6
CONTINUOUS
10
3.1899346850393702
20
1.3512831496062991
11
3.1972462598425198
21
1.3537203543307086
0
LINE
8
BLACK
6
CONTINUOUS
10
3.1972462598425198
20
1.3537203543307086
11
3.1981952755905509
21
1.3537773228346457
0
LINE
8
BLACK
6
CONTINUOUS
10
3.1981952755905509
20
1.3537773228346457
11
3.1991137401574803
21
1.3540234251968504
0
LINE
8
BLACK
6
CONTINUOUS
10
3.1991137401574803
20
1.3540234251968504
11
3.2039881102362204
21
1.3540234251968504
0
LINE
8
BLACK
6
CONTINUOUS
10
3.2039881102362204
20
1.3540234251968504
11
3.2049065354330706
21
1.3537773228346457
0
LINE
8
BLACK
6
CONTINUOUS
10
3.266066811023622
20
1.3537155905511811
11
3.2672442913385824
21
1.3535459448818898
0
LINE
8
BLACK
6
CONTINUOUS
10
3.2672442913385824
20
1.3535459448818898
11
3.26752531496063
21
1.3533247637795276
0
LINE
8
BLACK
6
CONTINUOUS
10
3.26752531496063
20
1.3533247637795276
11
3.2678707480314961
21
1.3532322440944882
0
LINE
8
BLACK
6
CONTINUOUS
10
3.2678707480314961
20
1.3532322440944882
11
3.2687117322834647
21
1.3523912204724409
0
LINE
8
BLACK
6
CONTINUOUS
10
3.2687117322834647
20
1.3523912204724409
11
3.2696466535433069
21
1.3516555905511811
0
LINE
8
BLACK
6
CONTINUOUS
10
3.2696466535433069
20
1.3516555905511811
11
3.2697794881889761
21
1.3513234645669292
0
LINE
8
BLACK
6
CONTINUOUS
10
3.2697794881889761
20
1.3513234645669292
11
3.2700323228346457
21
1.3510706692913386
0
LINE
8
BLACK
6
CONTINUOUS
10
3.2700323228346457
20
1.3510706692913386
11
3.2703401181102363
21
1.3499218897637795
0
LINE
8
BLACK
6
CONTINUOUS
10
3.2703401181102363
20
1.3499218897637795
11
3.270781968503937
21
1.3488173228346456
0
LINE
8
BLACK
6
CONTINUOUS
10
3.270781968503937
20
1.3488173228346456
11
3.2707309448818895
21
1.3484632677165354
0
LINE
8
BLACK
6
CONTINUOUS
10
3.2707309448818895
20
1.3484632677165354
11
3.2708235039370077
21
1.3481179133858268
0
LINE
8
BLACK
6
CONTINUOUS
10
3.2708235039370077
20
1.3481179133858268
11
3.2705156299212597
21
1.3469689763779527
0
LINE
8
BLACK
6
CONTINUOUS
10
3.2705156299212597
20
1.3469689763779527
11
3.270346023622047
21
1.345791653543307
0
LINE
8
BLACK
6
CONTINUOUS
10
3.270346023622047
20
1.345791653543307
11
3.2484112992125982
21
1.2946105118110236
0
LINE
8
BLACK
6
CONTINUOUS
10
3.2484112992125982
20
1.2946105118110236
11
3.2465209448818895
21
1.2922081496062992
0
LINE
8
BLACK
6
CONTINUOUS
10
3.2465209448818895
20
1.2922081496062992
11
3.2436826377952754
21
1.2910728346456692
0
LINE
8
BLACK
6
CONTINUOUS
10
3.2436826377952754
20
1.2910728346456692
11
3.240656968503937
21
1.291508779527559
0
LINE
8
BLACK
6
CONTINUOUS
10
3.240656968503937
20
1.291508779527559
11
3.2382546062992126
21
1.2933991338582678
0
LINE
8
BLACK
6
CONTINUOUS
10
3.2382546062992126
20
1.2933991338582678
11
3.2371192913385824
21
1.2962374409448818
0
LINE
8
BLACK
6
CONTINUOUS
10
3.2371192913385824
20
1.2962374409448818
11
3.2375552362204725
21
1.2992631102362204
0
LINE
8
BLACK
6
CONTINUOUS
10
3.2375552362204725
20
1.2992631102362204
11
3.2559620472440942
21
1.3422124015748031
0
LINE
8
BLACK
6
CONTINUOUS
10
3.2559620472440942
20
1.3422124015748031
11
3.2307972834645668
21
1.3422124015748031
0
LINE
8
BLACK
6
CONTINUOUS
10
3.2307972834645668
20
1.3422124015748031
11
3.2278445275590553
21
1.3430035826771654
0
LINE
8
BLACK
6
CONTINUOUS
10
3.2278445275590553
20
1.3430035826771654
11
3.2256829527559052
21
1.345165157480315
0
LINE
8
BLACK
6
CONTINUOUS
10
3.2256829527559052
20
1.345165157480315
11
3.2248917716535432
21
1.3481179133858268
0
LINE
8
BLACK
6
CONTINUOUS
10
3.2248917716535432
20
1.3481179133858268
11
3.2256829527559052
21
1.3510706692913386
0
LINE
8
BLACK
6
CONTINUOUS
10
3.2256829527559052
20
1.3510706692913386
11
3.2278445275590553
21
1.3532322440944882
0
LINE
8
BLACK
6
CONTINUOUS
10
3.2278445275590553
20
1.3532322440944882
11
3.2307972834645668
21
1.3540234251968504
0
LINE
8
BLACK
6
CONTINUOUS
10
3.2307972834645668
20
1.3540234251968504
11
3.2649179921259841
21
1.3540234251968504
0
LINE
8
BLACK
6
CONTINUOUS
10
3.2649179921259841
20
1.3540234251968504
11
3.266066811023622
21
1.3537155905511811
0
LINE
8
BLACK
6
CONTINUOUS
10
2.992820157480315
20
1.4132322440944882
11
2.9949817322834646
21
1.4110706692913386
0
LINE
8
BLACK
6
CONTINUOUS
10
2.9949817322834646
20
1.4110706692913386
11
2.9957729133858266
21
1.4081179133858268
0
LINE
8
BLACK
6
CONTINUOUS
10
2.9957729133858266
20
1.4081179133858268
11
2.9949817322834646
21
1.405165157480315
0
LINE
8
BLACK
6
CONTINUOUS
10
2.9949817322834646
20
1.405165157480315
11
2.992820157480315
21
1.4030035826771654
0
LINE
8
BLACK
6
CONTINUOUS
10
2.992820157480315
20
1.4030035826771654
11
2.989867401574803
21
1.4022124015748032
0
LINE
8
BLACK
6
CONTINUOUS
10
2.989867401574803
20
1.4022124015748032
11
2.9811497637795275
21
1.4022124015748032
0
LINE
8
BLACK
6
CONTINUOUS
10
2.9811497637795275
20
1.4022124015748032
11
2.9811497637795275
21
1.356936811023622
0
LINE
8
BLACK
6
CONTINUOUS
10
2.9811497637795275
20
1.356936811023622
11
2.9803585826771655
21
1.3539840551181102
0
LINE
8
BLACK
6
CONTINUOUS
10
2.9803585826771655
20
1.3539840551181102
11
2.9781970078740159
21
1.3518224803149606
0
LINE
8
BLACK
6
CONTINUOUS
10
2.9781970078740159
20
1.3518224803149606
11
2.9752442519685038
21
1.3510312992125983
0
LINE
8
BLACK
6
CONTINUOUS
10
2.9752442519685038
20
1.3510312992125983
11
2.9722914960629923
21
1.3518224803149606
0
LINE
8
BLACK
6
CONTINUOUS
10
2.9722914960629923
20
1.3518224803149606
11
2.9701299212598427
21
1.3539840551181102
0
LINE
8
BLACK
6
CONTINUOUS
10
2.9701299212598427
20
1.3539840551181102
11
2.9693387401574802
21
1.356936811023622
0
LINE
8
BLACK
6
CONTINUOUS
10
2.9693387401574802
20
1.356936811023622
11
2.9693387401574802
21
1.4022124015748032
0
LINE
8
BLACK
6
CONTINUOUS
10
2.9693387401574802
20
1.4022124015748032
11
2.9606210629921259
21
1.4022124015748032
0
LINE
8
BLACK
6
CONTINUOUS
10
2.9606210629921259
20
1.4022124015748032
11
2.9576683070866143
21
1.4030035826771654
0
LINE
8
BLACK
6
CONTINUOUS
10
2.9576683070866143
20
1.4030035826771654
11
2.9555067322834647
21
1.405165157480315
0
LINE
8
BLACK
6
CONTINUOUS
10
2.9555067322834647
20
1.405165157480315
11
2.9547155511811023
21
1.4081179133858268
0
LINE
8
BLACK
6
CONTINUOUS
10
2.9547155511811023
20
1.4081179133858268
11
2.9555067322834647
21
1.4110706692913386
0
LINE
8
BLACK
6
CONTINUOUS
10
2.9555067322834647
20
1.4110706692913386
11
2.9576683070866143
21
1.4132322440944882
0
LINE
8
BLACK
6
CONTINUOUS
10
2.9576683070866143
20
1.4132322440944882
11
2.9606210629921259
21
1.4140234251968504
0
LINE
8
BLACK
6
CONTINUOUS
10
2.9606210629921259
20
1.4140234251968504
11
2.989867401574803
21
1.4140234251968504
0
LINE
8
BLACK
6
CONTINUOUS
10
2.989867401574803
20
1.4140234251968504
11
2.992820157480315
21
1.4132322440944882
0
LINE
8
BLACK
6
CONTINUOUS
10
3.0716059055118108
20
1.4136720866141732
11
3.0729358661417323
21
1.4133999606299212
0
LINE
8
BLACK
6
CONTINUOUS
10
3.0729358661417323
20
1.4133999606299212
11
3.0778102755905512
21
1.4109627559055118
0
LINE
8
BLACK
6
CONTINUOUS
10
3.0778102755905512
20
1.4109627559055118
11
3.0785216535433069
21
1.4103318897637795
0
LINE
8
BLACK
6
CONTINUOUS
10
3.0785216535433069
20
1.4103318897637795
11
3.0793450393700788
21
1.4098565354330708
0
LINE
8
BLACK
6
CONTINUOUS
10
3.0793450393700788
20
1.4098565354330708
11
3.0817822440944882
21
1.4074193307086613
0
LINE
8
BLACK
6
CONTINUOUS
10
3.0817822440944882
20
1.4074193307086613
11
3.0822576377952755
21
1.4065958661417322
0
LINE
8
BLACK
6
CONTINUOUS
10
3.0822576377952755
20
1.4065958661417322
11
3.082888464566929
21
1.405884527559055
0
LINE
8
BLACK
6
CONTINUOUS
10
3.082888464566929
20
1.405884527559055
11
3.0853256692913384
21
1.4010101574803149
0
LINE
8
BLACK
6
CONTINUOUS
10
3.0853256692913384
20
1.4010101574803149
11
3.085456377952756
21
1.4003713779527558
0
LINE
8
BLACK
6
CONTINUOUS
10
3.085456377952756
20
1.4003713779527558
11
3.0857727952755907
21
1.3998014173228346
0
LINE
8
BLACK
6
CONTINUOUS
10
3.0857727952755907
20
1.3998014173228346
11
3.0882100000000001
21
1.3900526377952755
0
LINE
8
BLACK
6
CONTINUOUS
10
3.0882100000000001
20
1.3900526377952755
11
3.0881977165354328
21
1.3893241338582676
0
LINE
8
BLACK
6
CONTINUOUS
10
3.0881977165354328
20
1.3893241338582676
11
3.0883863385826773
21
1.3886203543307087
0
LINE
8
BLACK
6
CONTINUOUS
10
3.0883863385826773
20
1.3886203543307087
11
3.0883863385826773
21
1.37643437007874
0
LINE
8
BLACK
6
CONTINUOUS
10
3.0883863385826773
20
1.37643437007874
11
3.0881977165354328
21
1.3757305511811024
0
LINE
8
BLACK
6
CONTINUOUS
10
3.0881977165354328
20
1.3757305511811024
11
3.0882100000000001
21
1.3750020866141732
0
LINE
8
BLACK
6
CONTINUOUS
10
3.0882100000000001
20
1.3750020866141732
11
3.0857727952755907
21
1.3652533070866142
0
LINE
8
BLACK
6
CONTINUOUS
10
3.0857727952755907
20
1.3652533070866142
11
3.085456377952756
21
1.3646833070866142
0
LINE
8
BLACK
6
CONTINUOUS
10
3.085456377952756
20
1.3646833070866142
11
3.0853256692913384
21
1.3640445669291339
0
LINE
8
BLACK
6
CONTINUOUS
10
3.0853256692913384
20
1.3640445669291339
11
3.082888464566929
21
1.359170157480315
0
LINE
8
BLACK
6
CONTINUOUS
10
3.082888464566929
20
1.359170157480315
11
3.0822575984251968
21
1.3584587401574804
0
LINE
8
BLACK
6
CONTINUOUS
10
3.0822575984251968
20
1.3584587401574804
11
3.0817822047244094
21
1.3576353149606299
0
LINE
8
BLACK
6
CONTINUOUS
10
3.0817822047244094
20
1.3576353149606299
11
3.079345
21
1.3551981496062993
0
LINE
8
BLACK
6
CONTINUOUS
10
3.079345
20
1.3551981496062993
11
3.0785216535433069
21
1.3547227952755905
0
LINE
8
BLACK
6
CONTINUOUS
10
3.0785216535433069
20
1.3547227952755905
11
3.0778102755905512
21
1.354091968503937
0
LINE
8
BLACK
6
CONTINUOUS
10
3.0778102755905512
20
1.354091968503937
11
3.0729358661417323
21
1.3516547637795275
0
LINE
8
BLACK
6
CONTINUOUS
10
3.0729358661417323
20
1.3516547637795275
11
3.0716059055118108
21
1.3513825984251968
0
LINE
8
BLACK
6
CONTINUOUS
10
3.0716059055118108
20
1.3513825984251968
11
3.0702948425196848
21
1.3510312992125983
0
LINE
8
BLACK
6
CONTINUOUS
10
3.0702948425196848
20
1.3510312992125983
11
3.0654204330708659
21
1.3510312992125983
0
LINE
8
BLACK
6
CONTINUOUS
10
3.0654204330708659
20
1.3510312992125983
11
3.0641093307086615
21
1.3513825984251968
0
LINE
8
BLACK
6
CONTINUOUS
10
3.0641093307086615
20
1.3513825984251968
11
3.0627794094488188
21
1.3516547637795275
0
LINE
8
BLACK
6
CONTINUOUS
10
3.0627794094488188
20
1.3516547637795275
11
3.0579050393700786
21
1.354091968503937
0
LINE
8
BLACK
6
CONTINUOUS
10
3.0579050393700786
20
1.354091968503937
11
3.057193661417323
21
1.3547227559055117
0
LINE
8
BLACK
6
CONTINUOUS
10
3.057193661417323
20
1.3547227559055117
11
3.0563702755905511
21
1.3551981496062993
0
LINE
8
BLACK
6
CONTINUOUS
10
3.0563702755905511
20
1.3551981496062993
11
3.0539330708661416
21
1.3576353149606299
0
LINE
8
BLACK
6
CONTINUOUS
10
3.0539330708661416
20
1.3576353149606299
11
3.0534576377952756
21
1.3584587401574804
0
LINE
8
BLACK
6
CONTINUOUS
10
3.0534576377952756
20
1.3584587401574804
11
3.0528268110236221
21
1.359170157480315
0
LINE
8
BLACK
6
CONTINUOUS
10
3.0528268110236221
20
1.359170157480315
11
3.0503896062992126
21
1.3640445669291339
0
LINE
8
BLACK
6
CONTINUOUS
10
3.0503896062992126
20
1.3640445669291339
11
3.0502588582677164
21
1.3646833070866142
0
LINE
8
BLACK
6
CONTINUOUS
10
3.0502588582677164
20
1.3646833070866142
11
3.0499424803149604
21
1.3652533070866142
0
LINE
8
BLACK
6
CONTINUOUS
10
3.0499424803149604
20
1.3652533070866142
11
3.0475053149606297
21
1.3750020866141732
0
LINE
8
BLACK
6
CONTINUOUS
10
3.0475053149606297
20
1.3750020866141732
11
3.0475175590551182
21
1.3757305118110237
0
LINE
8
BLACK
6
CONTINUOUS
10
3.0475175590551182
20
1.3757305118110237
11
3.0473289763779525
21
1.37643437007874
0
LINE
8
BLACK
6
CONTINUOUS
10
3.0473289763779525
20
1.37643437007874
11
3.0473289763779525
21
1.3886203543307087
0
LINE
8
BLACK
6
CONTINUOUS
10
3.0473289763779525
20
1.3886203543307087
11
3.0475175590551182
21
1.3893241732283463
0
LINE
8
BLACK
6
CONTINUOUS
10
3.0475175590551182
20
1.3893241732283463
11
3.0475053149606297
21
1.3900526377952755
0
LINE
8
BLACK
6
CONTINUOUS
10
3.0475053149606297
20
1.3900526377952755
11
3.0499424803149604
21
1.3998014173228346
0
LINE
8
BLACK
6
CONTINUOUS
10
3.0499424803149604
20
1.3998014173228346
11
3.0502588582677164
21
1.4003713779527558
0
LINE
8
BLACK
6
CONTINUOUS
10
3.0502588582677164
20
1.4003713779527558
11
3.0503896062992126
21
1.4010101574803149
0
LINE
8
BLACK
6
CONTINUOUS
10
3.0503896062992126
20
1.4010101574803149
11
3.0528268110236221
21
1.4058845669291338
0
LINE
8
BLACK
6
CONTINUOUS
10
3.0528268110236221
20
1.4058845669291338
11
3.0534576377952756
21
1.4065959448818897
0
LINE
8
BLACK
6
CONTINUOUS
10
3.0534576377952756
20
1.4065959448818897
11
3.0539330314960629
21
1.4074193307086613
0
LINE
8
BLACK
6
CONTINUOUS
10
3.0539330314960629
20
1.4074193307086613
11
3.0563702362204723
21
1.4098565354330708
0
LINE
8
BLACK
6
CONTINUOUS
10
3.0563702362204723
20
1.4098565354330708
11
3.057193661417323
21
1.4103319291338583
0
LINE
8
BLACK
6
CONTINUOUS
10
3.057193661417323
20
1.4103319291338583
11
3.0579050393700786
21
1.4109627559055118
0
LINE
8
BLACK
6
CONTINUOUS
10
3.0579050393700786
20
1.4109627559055118
11
3.0627794094488188
21
1.4133999606299212
0
LINE
8
BLACK
6
CONTINUOUS
10
3.0627794094488188
20
1.4133999606299212
11
3.0641093307086615
21
1.4136720866141732
0
LINE
8
BLACK
6
CONTINUOUS
10
3.0641093307086615
20
1.4136720866141732
11
3.0654204330708659
21
1.4140234251968504
0
LINE
8
BLACK
6
CONTINUOUS
10
3.0654204330708659
20
1.4140234251968504
11
3.0702948425196848
21
1.4140234251968504
0
LINE
8
BLACK
6
CONTINUOUS
10
3.0702948425196848
20
1.4140234251968504
11
3.0716059055118108
21
1.4136720866141732
0
LINE
8
BLACK
6
CONTINUOUS
10
3.0640442519685038
20
1.4008272440944882
11
3.0629622834645667
21
1.3997452755905511
0
LINE
8
BLACK
6
CONTINUOUS
10
3.0629622834645667
20
1.3997452755905511
11
3.0612436220472441
21
1.3963079921259842
0
LINE
8
BLACK
6
CONTINUOUS
10
3.0612436220472441
20
1.3963079921259842
11
3.0591399999999997
21
1.3878933858267717
0
LINE
8
BLACK
6
CONTINUOUS
10
3.0591399999999997
20
1.3878933858267717
11
3.0591399999999997
21
1.3771612992125983
0
LINE
8
BLACK
6
CONTINUOUS
10
3.0591399999999997
20
1.3771612992125983
11
3.0612436220472441
21
1.3687466929133858
0
LINE
8
BLACK
6
CONTINUOUS
10
3.0612436220472441
20
1.3687466929133858
11
3.0629622834645667
21
1.3653093700787402
0
LINE
8
BLACK
6
CONTINUOUS
10
3.0629622834645667
20
1.3653093700787402
11
3.0640442125984251
21
1.3642274803149605
0
LINE
8
BLACK
6
CONTINUOUS
10
3.0640442125984251
20
1.3642274803149605
11
3.0668145669291338
21
1.3628423228346456
0
LINE
8
BLACK
6
CONTINUOUS
10
3.0668145669291338
20
1.3628423228346456
11
3.068900748031496
21
1.3628423228346456
0
LINE
8
BLACK
6
CONTINUOUS
10
3.068900748031496
20
1.3628423228346456
11
3.0716710236220472
21
1.3642274803149605
0
LINE
8
BLACK
6
CONTINUOUS
10
3.0716710236220472
20
1.3642274803149605
11
3.0727529527559057
21
1.3653093700787402
0
LINE
8
BLACK
6
CONTINUOUS
10
3.0727529527559057
20
1.3653093700787402
11
3.0744716929133857
21
1.3687468503937008
0
LINE
8
BLACK
6
CONTINUOUS
10
3.0744716929133857
20
1.3687468503937008
11
3.0765753149606296
21
1.3771613385826771
0
LINE
8
BLACK
6
CONTINUOUS
10
3.0765753149606296
20
1.3771613385826771
11
3.0765753149606296
21
1.3878933858267717
0
LINE
8
BLACK
6
CONTINUOUS
10
3.0765753149606296
20
1.3878933858267717
11
3.0744716929133857
21
1.3963077952755905
0
LINE
8
BLACK
6
CONTINUOUS
10
3.0744716929133857
20
1.3963077952755905
11
3.0727529527559057
21
1.3997453149606298
0
LINE
8
BLACK
6
CONTINUOUS
10
3.0727529527559057
20
1.3997453149606298
11
3.0716709842519685
21
1.4008272440944882
0
LINE
8
BLACK
6
CONTINUOUS
10
3.0716709842519685
20
1.4008272440944882
11
3.068900748031496
21
1.4022124015748032
0
LINE
8
BLACK
6
CONTINUOUS
10
3.068900748031496
20
1.4022124015748032
11
3.0668145669291338
21
1.4022124015748032
0
LINE
8
BLACK
6
CONTINUOUS
10
3.0668145669291338
20
1.4022124015748032
11
3.0640442519685038
21
1.4008272440944882
0
LINE
8
BLACK
6
CONTINUOUS
10
3.0394498818897637
20
1.4130315748031497
11
3.0414678346456694
21
1.4107353937007874
0
LINE
8
BLACK
6
CONTINUOUS
10
3.0414678346456694
20
1.4107353937007874
11
3.0420673622047243
21
1.4077378346456693
0
LINE
8
BLACK
6
CONTINUOUS
10
3.0420673622047243
20
1.4077378346456693
11
3.0410877559055116
21
1.4048421259842518
0
LINE
8
BLACK
6
CONTINUOUS
10
3.0410877559055116
20
1.4048421259842518
11
3.0262112598425195
21
1.3825273622047243
0
LINE
8
BLACK
6
CONTINUOUS
10
3.0262112598425195
20
1.3825273622047243
11
3.0410877559055116
21
1.3602125984251969
0
LINE
8
BLACK
6
CONTINUOUS
10
3.0410877559055116
20
1.3602125984251969
11
3.0420673622047243
21
1.3573168897637795
0
LINE
8
BLACK
6
CONTINUOUS
10
3.0420673622047243
20
1.3573168897637795
11
3.0414678346456694
21
1.3543193307086614
0
LINE
8
BLACK
6
CONTINUOUS
10
3.0414678346456694
20
1.3543193307086614
11
3.0394498818897637
21
1.3520231496062991
0
LINE
8
BLACK
6
CONTINUOUS
10
3.0394498818897637
20
1.3520231496062991
11
3.0365541732283465
21
1.3510435433070866
0
LINE
8
BLACK
6
CONTINUOUS
10
3.0365541732283465
20
1.3510435433070866
11
3.0335566141732282
21
1.3516430708661418
0
LINE
8
BLACK
6
CONTINUOUS
10
3.0335566141732282
20
1.3516430708661418
11
3.0312603937007871
21
1.3536610236220472
0
LINE
8
BLACK
6
CONTINUOUS
10
3.0312603937007871
20
1.3536610236220472
11
3.0191137007874014
21
1.3718810236220471
0
LINE
8
BLACK
6
CONTINUOUS
10
3.0191137007874014
20
1.3718810236220471
11
3.0069670866141731
21
1.3536610236220472
0
LINE
8
BLACK
6
CONTINUOUS
10
3.0069670866141731
20
1.3536610236220472
11
3.0046708661417321
21
1.351643031496063
0
LINE
8
BLACK
6
CONTINUOUS
10
3.0046708661417321
20
1.351643031496063
11
3.0016733070866142
21
1.3510435433070866
0
LINE
8
BLACK
6
CONTINUOUS
10
3.0016733070866142
20
1.3510435433070866
11
2.998777598425197
21
1.3520231102362203
0
LINE
8
BLACK
6
CONTINUOUS
10
2.998777598425197
20
1.3520231102362203
11
2.9967596062992126
21
1.3543193307086614
0
LINE
8
BLACK
6
CONTINUOUS
10
2.9967596062992126
20
1.3543193307086614
11
2.996160118110236
21
1.3573168897637795
0
LINE
8
BLACK
6
CONTINUOUS
10
2.996160118110236
20
1.3573168897637795
11
2.9971396850393699
21
1.3602125984251969
0
LINE
8
BLACK
6
CONTINUOUS
10
2.9971396850393699
20
1.3602125984251969
11
3.012016181102362
21
1.3825273622047243
0
LINE
8
BLACK
6
CONTINUOUS
10
3.012016181102362
20
1.3825273622047243
11
2.9971396850393699
21
1.4048421259842518
0
LINE
8
BLACK
6
CONTINUOUS
10
2.9971396850393699
20
1.4048421259842518
11
2.996160118110236
21
1.4077378346456693
0
LINE
8
BLACK
6
CONTINUOUS
10
2.996160118110236
20
1.4077378346456693
11
2.9967596062992126
21
1.4107353937007874
0
LINE
8
BLACK
6
CONTINUOUS
10
2.9967596062992126
20
1.4107353937007874
11
2.998777598425197
21
1.4130316141732284
0
LINE
8
BLACK
6
CONTINUOUS
10
2.998777598425197
20
1.4130316141732284
11
3.0016733070866142
21
1.4140111811023621
0
LINE
8
BLACK
6
CONTINUOUS
10
3.0016733070866142
20
1.4140111811023621
11
3.0046708661417321
21
1.4134116929133858
0
LINE
8
BLACK
6
CONTINUOUS
10
3.0046708661417321
20
1.4134116929133858
11
3.0069670866141731
21
1.4113937007874016
0
LINE
8
BLACK
6
CONTINUOUS
10
3.0069670866141731
20
1.4113937007874016
11
3.0191137007874014
21
1.3931736614173229
0
LINE
8
BLACK
6
CONTINUOUS
10
3.0191137007874014
20
1.3931736614173229
11
3.0312603937007871
21
1.4113937007874016
0
LINE
8
BLACK
6
CONTINUOUS
10
3.0312603937007871
20
1.4113937007874016
11
3.0335566141732282
21
1.413411653543307
0
LINE
8
BLACK
6
CONTINUOUS
10
3.0335566141732282
20
1.413411653543307
11
3.0365541732283465
21
1.4140111811023621
0
LINE
8
BLACK
6
CONTINUOUS
10
3.0365541732283465
20
1.4140111811023621
11
3.0394498818897637
21
1.4130315748031497
0
LINE
8
BLACK
6
CONTINUOUS
10
3.1541180708661418
20
1.4536720866141732
11
3.1554480314960629
21
1.4533999606299213
0
LINE
8
BLACK
6
CONTINUOUS
10
3.1554480314960629
20
1.4533999606299213
11
3.1603224409448818
21
1.4509627559055118
0
LINE
8
BLACK
6
CONTINUOUS
10
3.1603224409448818
20
1.4509627559055118
11
3.1610338188976379
21
1.4503318897637796
0
LINE
8
BLACK
6
CONTINUOUS
10
3.1610338188976379
20
1.4503318897637796
11
3.1618572440944881
21
1.4498565354330708
0
LINE
8
BLACK
6
CONTINUOUS
10
3.1618572440944881
20
1.4498565354330708
11
3.1642944488188975
21
1.4474193307086614
0
LINE
8
BLACK
6
CONTINUOUS
10
3.1642944488188975
20
1.4474193307086614
11
3.1647698031496061
21
1.4465959055118109
0
LINE
8
BLACK
6
CONTINUOUS
10
3.1647698031496061
20
1.4465959055118109
11
3.1654006692913383
21
1.4458845275590551
0
LINE
8
BLACK
6
CONTINUOUS
10
3.1654006692913383
20
1.4458845275590551
11
3.167837834645669
21
1.4410101574803149
0
LINE
8
BLACK
6
CONTINUOUS
10
3.167837834645669
20
1.4410101574803149
11
3.1681098818897637
21
1.4396804724409449
0
LINE
8
BLACK
6
CONTINUOUS
10
3.1681098818897637
20
1.4396804724409449
11
3.1684612992125984
21
1.4383691338582676
0
LINE
8
BLACK
6
CONTINUOUS
10
3.1684612992125984
20
1.4383691338582676
11
3.1684612992125984
21
1.4310575196850392
0
LINE
8
BLACK
6
CONTINUOUS
10
3.1684612992125984
20
1.4310575196850392
11
3.1681098818897637
21
1.4297461417322834
0
LINE
8
BLACK
6
CONTINUOUS
10
3.1681098818897637
20
1.4297461417322834
11
3.167837834645669
21
1.4284164960629921
0
LINE
8
BLACK
6
CONTINUOUS
10
3.167837834645669
20
1.4284164960629921
11
3.1654006692913383
21
1.423542125984252
0
LINE
8
BLACK
6
CONTINUOUS
10
3.1654006692913383
20
1.423542125984252
11
3.1647698031496061
21
1.4228307086614174
0
LINE
8
BLACK
6
CONTINUOUS
10
3.1647698031496061
20
1.4228307086614174
11
3.1642944488188975
21
1.4220073228346457
0
LINE
8
BLACK
6
CONTINUOUS
10
3.1642944488188975
20
1.4220073228346457
11
3.1618572440944881
21
1.4195701181102363
0
LINE
8
BLACK
6
CONTINUOUS
10
3.1618572440944881
20
1.4195701181102363
11
3.1610338188976379
21
1.4190947244094487
0
LINE
8
BLACK
6
CONTINUOUS
10
3.1610338188976379
20
1.4190947244094487
11
3.1603224409448818
21
1.4184638976377952
0
LINE
8
BLACK
6
CONTINUOUS
10
3.1603224409448818
20
1.4184638976377952
11
3.1554480314960629
21
1.4160266929133858
0
LINE
8
BLACK
6
CONTINUOUS
10
3.1554480314960629
20
1.4160266929133858
11
3.1541180708661418
21
1.4157545275590551
0
LINE
8
BLACK
6
CONTINUOUS
10
3.1541180708661418
20
1.4157545275590551
11
3.1528070078740158
21
1.4154032283464566
0
LINE
8
BLACK
6
CONTINUOUS
10
3.1528070078740158
20
1.4154032283464566
11
3.1392149606299213
21
1.4154032283464566
0
LINE
8
BLACK
6
CONTINUOUS
10
3.1392149606299213
20
1.4154032283464566
11
3.1392149606299213
21
1.396936811023622
0
LINE
8
BLACK
6
CONTINUOUS
10
3.1392149606299213
20
1.396936811023622
11
3.1384237795275589
21
1.3939840551181102
0
LINE
8
BLACK
6
CONTINUOUS
10
3.1384237795275589
20
1.3939840551181102
11
3.1362622047244093
21
1.3918224803149606
0
LINE
8
BLACK
6
CONTINUOUS
10
3.1362622047244093
20
1.3918224803149606
11
3.1333094488188977
21
1.3910312992125984
0
LINE
8
BLACK
6
CONTINUOUS
10
3.1333094488188977
20
1.3910312992125984
11
3.1303566929133857
21
1.3918224803149606
0
LINE
8
BLACK
6
CONTINUOUS
10
3.1303566929133857
20
1.3918224803149606
11
3.1281951181102361
21
1.3939840551181102
0
LINE
8
BLACK
6
CONTINUOUS
10
3.1281951181102361
20
1.3939840551181102
11
3.1274039370078741
21
1.396936811023622
0
LINE
8
BLACK
6
CONTINUOUS
10
3.1274039370078741
20
1.396936811023622
11
3.1274039370078741
21
1.4481179133858268
0
LINE
8
BLACK
6
CONTINUOUS
10
3.1274039370078741
20
1.4481179133858268
11
3.1281951181102361
21
1.4510706692913387
0
LINE
8
BLACK
6
CONTINUOUS
10
3.1281951181102361
20
1.4510706692913387
11
3.1303566929133857
21
1.4532322440944883
0
LINE
8
BLACK
6
CONTINUOUS
10
3.1303566929133857
20
1.4532322440944883
11
3.1333094488188977
21
1.4540234251968505
0
LINE
8
BLACK
6
CONTINUOUS
10
3.1333094488188977
20
1.4540234251968505
11
3.1528070078740158
21
1.4540234251968505
0
LINE
8
BLACK
6
CONTINUOUS
10
3.1528070078740158
20
1.4540234251968505
11
3.1541180708661418
21
1.4536720866141732
0
LINE
8
BLACK
6
CONTINUOUS
10
3.1392149606299213
20
1.4272142519685038
11
3.1514129133858266
21
1.4272142519685038
0
LINE
8
BLACK
6
CONTINUOUS
10
3.1514129133858266
20
1.4272142519685038
11
3.1541832283464566
21
1.4285994094488188
0
LINE
8
BLACK
6
CONTINUOUS
10
3.1541832283464566
20
1.4285994094488188
11
3.155265157480315
21
1.4296813385826772
0
LINE
8
BLACK
6
CONTINUOUS
10
3.155265157480315
20
1.4296813385826772
11
3.1566502755905512
21
1.4324515748031497
0
LINE
8
BLACK
6
CONTINUOUS
10
3.1566502755905512
20
1.4324515748031497
11
3.1566502755905512
21
1.4369750787401574
0
LINE
8
BLACK
6
CONTINUOUS
10
3.1566502755905512
20
1.4369750787401574
11
3.155265157480315
21
1.4397453149606299
0
LINE
8
BLACK
6
CONTINUOUS
10
3.155265157480315
20
1.4397453149606299
11
3.1541832283464566
21
1.4408272440944883
0
LINE
8
BLACK
6
CONTINUOUS
10
3.1541832283464566
20
1.4408272440944883
11
3.1514129133858266
21
1.442212401574803
0
LINE
8
BLACK
6
CONTINUOUS
10
3.1514129133858266
20
1.442212401574803
11
3.1392149606299213
21
1.442212401574803
0
LINE
8
BLACK
6
CONTINUOUS
10
3.1392149606299213
20
1.442212401574803
11
3.1392149606299213
21
1.4272142519685038
0
LINE
8
BLACK
6
CONTINUOUS
10
3.2049065354330706
20
1.4537773228346456
11
3.205855590551181
21
1.4537203543307087
0
LINE
8
BLACK
6
CONTINUOUS
10
3.205855590551181
20
1.4537203543307087
11
3.2131672047244093
21
1.4512831496062992
0
LINE
8
BLACK
6
CONTINUOUS
10
3.2131672047244093
20
1.4512831496062992
11
3.2142999606299214
21
1.4505352362204724
0
LINE
8
BLACK
6
CONTINUOUS
10
3.2142999606299214
20
1.4505352362204724
11
3.2154755905511809
21
1.4498564960629921
0
LINE
8
BLACK
6
CONTINUOUS
10
3.2154755905511809
20
1.4498564960629921
11
3.2179127559055116
21
1.4474192913385826
0
LINE
8
BLACK
6
CONTINUOUS
10
3.2179127559055116
20
1.4474192913385826
11
3.2194411811023622
21
1.4447719291338583
0
LINE
8
BLACK
6
CONTINUOUS
10
3.2194411811023622
20
1.4447719291338583
11
3.2194411811023622
21
1.4417149999999999
0
LINE
8
BLACK
6
CONTINUOUS
10
3.2194411811023622
20
1.4417149999999999
11
3.2179126771653541
21
1.4390676377952756
0
LINE
8
BLACK
6
CONTINUOUS
10
3.2179126771653541
20
1.4390676377952756
11
3.2152653149606301
21
1.4375392125984252
0
LINE
8
BLACK
6
CONTINUOUS
10
3.2152653149606301
20
1.4375392125984252
11
3.2122083858267714
21
1.4375392125984252
0
LINE
8
BLACK
6
CONTINUOUS
10
3.2122083858267714
20
1.4375392125984252
11
3.2095610236220473
21
1.4390677165354331
0
LINE
8
BLACK
6
CONTINUOUS
10
3.2095610236220473
20
1.4390677165354331
11
3.2081096456692912
21
1.4405190551181102
0
LINE
8
BLACK
6
CONTINUOUS
10
3.2081096456692912
20
1.4405190551181102
11
3.203029842519685
21
1.442212401574803
0
LINE
8
BLACK
6
CONTINUOUS
10
3.203029842519685
20
1.442212401574803
11
3.2000720472440944
21
1.442212401574803
0
LINE
8
BLACK
6
CONTINUOUS
10
3.2000720472440944
20
1.442212401574803
11
3.1949922440944882
21
1.4405191338582677
0
LINE
8
BLACK
6
CONTINUOUS
10
3.1949922440944882
20
1.4405191338582677
11
3.1917811811023622
21
1.4373080708661417
0
LINE
8
BLACK
6
CONTINUOUS
10
3.1917811811023622
20
1.4373080708661417
11
3.1900625196850392
21
1.4338707874015748
0
LINE
8
BLACK
6
CONTINUOUS
10
3.1900625196850392
20
1.4338707874015748
11
3.1879588976377953
21
1.4254561811023623
0
LINE
8
BLACK
6
CONTINUOUS
10
3.1879588976377953
20
1.4254561811023623
11
3.1879588976377953
21
1.4195985039370078
0
LINE
8
BLACK
6
CONTINUOUS
10
3.1879588976377953
20
1.4195985039370078
11
3.1900625196850392
21
1.4111838976377953
0
LINE
8
BLACK
6
CONTINUOUS
10
3.1900625196850392
20
1.4111838976377953
11
3.1917811811023622
21
1.4077465748031495
0
LINE
8
BLACK
6
CONTINUOUS
10
3.1917811811023622
20
1.4077465748031495
11
3.1949922047244095
21
1.4045355905511812
0
LINE
8
BLACK
6
CONTINUOUS
10
3.1949922047244095
20
1.4045355905511812
11
3.2000720472440944
21
1.4028423228346456
0
LINE
8
BLACK
6
CONTINUOUS
10
3.2000720472440944
20
1.4028423228346456
11
3.203029842519685
21
1.4028423228346456
0
LINE
8
BLACK
6
CONTINUOUS
10
3.203029842519685
20
1.4028423228346456
11
3.20810968503937
21
1.4045356299212599
0
LINE
8
BLACK
6
CONTINUOUS
10
3.20810968503937
20
1.4045356299212599
11
3.2095610629921261
21
1.4059870078740158
0
LINE
8
BLACK
6
CONTINUOUS
10
3.2095610629921261
20
1.4059870078740158
11
3.2122084251968501
21
1.4075154724409449
0
LINE
8
BLACK
6
CONTINUOUS
10
3.2122084251968501
20
1.4075154724409449
11
3.2152653543307084
21
1.4075154724409449
0
LINE
8
BLACK
6
CONTINUOUS
10
3.2152653543307084
20
1.4075154724409449
11
3.2179127165354329
21
1.4059870078740158
0
LINE
8
BLACK
6
CONTINUOUS
10
3.2179127165354329
20
1.4059870078740158
11
3.2194411811023622
21
1.4033396456692913
0
LINE
8
BLACK
6
CONTINUOUS
10
3.2194411811023622
20
1.4033396456692913
11
3.2194411811023622
21
1.400282716535433
0
LINE
8
BLACK
6
CONTINUOUS
10
3.2194411811023622
20
1.400282716535433
11
3.2179127165354329
21
1.3976353543307087
0
LINE
8
BLACK
6
CONTINUOUS
10
3.2179127165354329
20
1.3976353543307087
11
3.2154755511811022
21
1.3951981889763778
0
LINE
8
BLACK
6
CONTINUOUS
10
3.2154755511811022
20
1.3951981889763778
11
3.2142999606299214
21
1.3945194488188977
0
LINE
8
BLACK
6
CONTINUOUS
10
3.2142999606299214
20
1.3945194488188977
11
3.2131672047244093
21
1.3937715748031496
0
LINE
8
BLACK
6
CONTINUOUS
10
3.2131672047244093
20
1.3937715748031496
11
3.205855590551181
21
1.3913343700787402
0
LINE
8
BLACK
6
CONTINUOUS
10
3.205855590551181
20
1.3913343700787402
11
3.2049065354330706
21
1.3912773622047243
0
LINE
8
BLACK
6
CONTINUOUS
10
3.2049065354330706
20
1.3912773622047243
11
3.2039881102362204
21
1.3910312992125984
0
LINE
8
BLACK
6
CONTINUOUS
10
3.2039881102362204
20
1.3910312992125984
11
3.1991137401574803
21
1.3910312992125984
0
LINE
8
BLACK
6
CONTINUOUS
10
3.1991137401574803
20
1.3910312992125984
11
3.1981952755905509
21
1.3912773622047243
0
LINE
8
BLACK
6
CONTINUOUS
10
3.1981952755905509
20
1.3912773622047243
11
3.1972462598425198
21
1.3913343700787402
0
LINE
8
BLACK
6
CONTINUOUS
10
3.1972462598425198
20
1.3913343700787402
11
3.1899346850393702
21
1.3937715748031496
0
LINE
8
BLACK
6
CONTINUOUS
10
3.1899346850393702
20
1.3937715748031496
11
3.1888019685039368
21
1.3945194094488189
0
LINE
8
BLACK
6
CONTINUOUS
10
3.1888019685039368
20
1.3945194094488189
11
3.1876263385826773
21
1.3951981889763778
0
LINE
8
BLACK
6
CONTINUOUS
10
3.1876263385826773
20
1.3951981889763778
11
3.1827519291338584
21
1.4000725590551182
0
LINE
8
BLACK
6
CONTINUOUS
10
3.1827519291338584
20
1.4000725590551182
11
3.1822764960629919
21
1.4008959448818896
0
LINE
8
BLACK
6
CONTINUOUS
10
3.1822764960629919
20
1.4008959448818896
11
3.1816457086614172
21
1.4016073622047245
0
LINE
8
BLACK
6
CONTINUOUS
10
3.1816457086614172
20
1.4016073622047245
11
3.1792085039370077
21
1.4064817716535434
0
LINE
8
BLACK
6
CONTINUOUS
10
3.1792085039370077
20
1.4064817716535434
11
3.1790777559055119
21
1.4071205118110235
0
LINE
8
BLACK
6
CONTINUOUS
10
3.1790777559055119
20
1.4071205118110235
11
3.1787613779527559
21
1.4076905118110237
0
LINE
8
BLACK
6
CONTINUOUS
10
3.1787613779527559
20
1.4076905118110237
11
3.1763242125984252
21
1.4174392913385827
0
LINE
8
BLACK
6
CONTINUOUS
10
3.1763242125984252
20
1.4174392913385827
11
3.1763364566929133
21
1.4181677165354329
0
LINE
8
BLACK
6
CONTINUOUS
10
3.1763364566929133
20
1.4181677165354329
11
3.1761478740157481
21
1.4188715748031495
0
LINE
8
BLACK
6
CONTINUOUS
10
3.1761478740157481
20
1.4188715748031495
11
3.1761478740157481
21
1.4261831496062991
0
LINE
8
BLACK
6
CONTINUOUS
10
3.1761478740157481
20
1.4261831496062991
11
3.1763364566929133
21
1.4268869685039369
0
LINE
8
BLACK
6
CONTINUOUS
10
3.1763364566929133
20
1.4268869685039369
11
3.1763242125984252
21
1.4276154330708661
0
LINE
8
BLACK
6
CONTINUOUS
10
3.1763242125984252
20
1.4276154330708661
11
3.1787613779527559
21
1.4373642125984252
0
LINE
8
BLACK
6
CONTINUOUS
10
3.1787613779527559
20
1.4373642125984252
11
3.1790777559055119
21
1.4379341732283464
0
LINE
8
BLACK
6
CONTINUOUS
10
3.1790777559055119
20
1.4379341732283464
11
3.1792085039370077
21
1.4385729527559055
0
LINE
8
BLACK
6
CONTINUOUS
10
3.1792085039370077
20
1.4385729527559055
11
3.1816457086614172
21
1.4434473622047244
0
LINE
8
BLACK
6
CONTINUOUS
10
3.1816457086614172
20
1.4434473622047244
11
3.1822765354330707
21
1.4441587401574802
0
LINE
8
BLACK
6
CONTINUOUS
10
3.1822765354330707
20
1.4441587401574802
11
3.1827519291338584
21
1.4449821259842519
0
LINE
8
BLACK
6
CONTINUOUS
10
3.1827519291338584
20
1.4449821259842519
11
3.1876263385826773
21
1.4498565354330708
0
LINE
8
BLACK
6
CONTINUOUS
10
3.1876263385826773
20
1.4498565354330708
11
3.1888020866141731
21
1.4505353543307087
0
LINE
8
BLACK
6
CONTINUOUS
10
3.1888020866141731
20
1.4505353543307087
11
3.1899346850393702
21
1.4512831496062992
0
LINE
8
BLACK
6
CONTINUOUS
10
3.1899346850393702
20
1.4512831496062992
11
3.1972462598425198
21
1.4537203543307087
0
LINE
8
BLACK
6
CONTINUOUS
10
3.1972462598425198
20
1.4537203543307087
11
3.1981952755905509
21
1.4537773228346456
0
LINE
8
BLACK
6
CONTINUOUS
10
3.1981952755905509
20
1.4537773228346456
11
3.1991137401574803
21
1.4540234251968505
0
LINE
8
BLACK
6
CONTINUOUS
10
3.1991137401574803
20
1.4540234251968505
11
3.2039881102362204
21
1.4540234251968505
0
LINE
8
BLACK
6
CONTINUOUS
10
3.2039881102362204
20
1.4540234251968505
11
3.2049065354330706
21
1.4537773228346456
0
LINE
8
BLACK
6
CONTINUOUS
10
3.2630442519685037
20
1.4538724409448818
11
3.2636264566929132
21
1.4539112598425197
0
LINE
8
BLACK
6
CONTINUOUS
10
3.2636264566929132
20
1.4539112598425197
11
3.2644967716535431
21
1.4534832283464567
0
LINE
8
BLACK
6
CONTINUOUS
10
3.2644967716535431
20
1.4534832283464567
11
3.2654335826771654
21
1.4532322440944883
0
LINE
8
BLACK
6
CONTINUOUS
10
3.2654335826771654
20
1.4532322440944883
11
3.2658461023622047
21
1.45281968503937
0
LINE
8
BLACK
6
CONTINUOUS
10
3.2658461023622047
20
1.45281968503937
11
3.2663696456692914
21
1.4525622440944881
0
LINE
8
BLACK
6
CONTINUOUS
10
3.2663696456692914
20
1.4525622440944881
11
3.2669093307086614
21
1.4517564566929133
0
LINE
8
BLACK
6
CONTINUOUS
10
3.2669093307086614
20
1.4517564566929133
11
3.267595157480315
21
1.4510706692913387
0
LINE
8
BLACK
6
CONTINUOUS
10
3.267595157480315
20
1.4510706692913387
11
3.2677461023622048
21
1.4505071653543307
0
LINE
8
BLACK
6
CONTINUOUS
10
3.2677461023622048
20
1.4505071653543307
11
3.2680708267716536
21
1.4500224409448819
0
LINE
8
BLACK
6
CONTINUOUS
10
3.2680708267716536
20
1.4500224409448819
11
3.26813531496063
21
1.4490546062992125
0
LINE
8
BLACK
6
CONTINUOUS
10
3.26813531496063
20
1.4490546062992125
11
3.268386338582677
21
1.4481179133858268
0
LINE
8
BLACK
6
CONTINUOUS
10
3.268386338582677
20
1.4481179133858268
11
3.2682353543307086
21
1.4475544488188976
0
LINE
8
BLACK
6
CONTINUOUS
10
3.2682353543307086
20
1.4475544488188976
11
3.2682741732283462
21
1.4469722834645669
0
LINE
8
BLACK
6
CONTINUOUS
10
3.2682741732283462
20
1.4469722834645669
11
3.2678461417322833
21
1.4461019291338582
0
LINE
8
BLACK
6
CONTINUOUS
10
3.2678461417322833
20
1.4461019291338582
11
3.267595157480315
21
1.4451651574803148
0
LINE
8
BLACK
6
CONTINUOUS
10
3.267595157480315
20
1.4451651574803148
11
3.267182598425197
21
1.4447525984251968
0
LINE
8
BLACK
6
CONTINUOUS
10
3.267182598425197
20
1.4447525984251968
11
3.2669251574803151
21
1.444229094488189
0
LINE
8
BLACK
6
CONTINUOUS
10
3.2669251574803151
20
1.444229094488189
11
3.2571234645669289
21
1.4330271653543307
0
LINE
8
BLACK
6
CONTINUOUS
10
3.2571234645669289
20
1.4330271653543307
11
3.2602474803149604
21
1.4314651968503938
0
LINE
8
BLACK
6
CONTINUOUS
10
3.2602474803149604
20
1.4314651968503938
11
3.2609588582677165
21
1.4308343307086613
0
LINE
8
BLACK
6
CONTINUOUS
10
3.2609588582677165
20
1.4308343307086613
11
3.2617822440944879
21
1.4303589763779527
0
LINE
8
BLACK
6
CONTINUOUS
10
3.2617822440944879
20
1.4303589763779527
11
3.2642194488188974
21
1.4279217716535433
0
LINE
8
BLACK
6
CONTINUOUS
10
3.2642194488188974
20
1.4279217716535433
11
3.2646948425196851
21
1.4270983070866141
0
LINE
8
BLACK
6
CONTINUOUS
10
3.2646948425196851
20
1.4270983070866141
11
3.2653256692913386
21
1.426386968503937
0
LINE
8
BLACK
6
CONTINUOUS
10
3.2653256692913386
20
1.426386968503937
11
3.2677628740157481
21
1.4215125984251968
0
LINE
8
BLACK
6
CONTINUOUS
10
3.2677628740157481
20
1.4215125984251968
11
3.2680349999999998
21
1.4201826377952755
0
LINE
8
BLACK
6
CONTINUOUS
10
3.2680349999999998
20
1.4201826377952755
11
3.268386338582677
21
1.4188715748031495
0
LINE
8
BLACK
6
CONTINUOUS
10
3.268386338582677
20
1.4188715748031495
11
3.268386338582677
21
1.406685590551181
0
LINE
8
BLACK
6
CONTINUOUS
10
3.268386338582677
20
1.406685590551181
11
3.2680349999999998
21
1.4053744881889763
0
LINE
8
BLACK
6
CONTINUOUS
10
3.2680349999999998
20
1.4053744881889763
11
3.2677628740157481
21
1.4040445669291339
0
LINE
8
BLACK
6
CONTINUOUS
10
3.2677628740157481
20
1.4040445669291339
11
3.2653256692913386
21
1.399170157480315
0
LINE
8
BLACK
6
CONTINUOUS
10
3.2653256692913386
20
1.399170157480315
11
3.2646948031496064
21
1.3984587401574802
0
LINE
8
BLACK
6
CONTINUOUS
10
3.2646948031496064
20
1.3984587401574802
11
3.2642194094488186
21
1.39763531496063
0
LINE
8
BLACK
6
CONTINUOUS
10
3.2642194094488186
20
1.39763531496063
11
3.2617822047244092
21
1.3951981496062993
0
LINE
8
BLACK
6
CONTINUOUS
10
3.2617822047244092
20
1.3951981496062993
11
3.2609588582677165
21
1.3947227952755905
0
LINE
8
BLACK
6
CONTINUOUS
10
3.2609588582677165
20
1.3947227952755905
11
3.2602474803149604
21
1.394091968503937
0
LINE
8
BLACK
6
CONTINUOUS
10
3.2602474803149604
20
1.394091968503937
11
3.2553730708661415
21
1.3916547637795276
0
LINE
8
BLACK
6
CONTINUOUS
10
3.2553730708661415
20
1.3916547637795276
11
3.2540431102362204
21
1.3913825984251968
0
LINE
8
BLACK
6
CONTINUOUS
10
3.2540431102362204
20
1.3913825984251968
11
3.2527320472440944
21
1.3910312992125984
0
LINE
8
BLACK
6
CONTINUOUS
10
3.2527320472440944
20
1.3910312992125984
11
3.2381088582677164
21
1.3910312992125984
0
LINE
8
BLACK
6
CONTINUOUS
10
3.2381088582677164
20
1.3910312992125984
11
3.2367977559055117
21
1.3913825984251968
0
LINE
8
BLACK
6
CONTINUOUS
10
3.2367977559055117
20
1.3913825984251968
11
3.2354678346456693
21
1.3916547637795276
0
LINE
8
BLACK
6
CONTINUOUS
10
3.2354678346456693
20
1.3916547637795276
11
3.2305934645669292
21
1.394091968503937
0
LINE
8
BLACK
6
CONTINUOUS
10
3.2305934645669292
20
1.394091968503937
11
3.2298820866141731
21
1.3947227559055118
0
LINE
8
BLACK
6
CONTINUOUS
10
3.2298820866141731
20
1.3947227559055118
11
3.2290587007874016
21
1.3951981496062993
0
LINE
8
BLACK
6
CONTINUOUS
10
3.2290587007874016
20
1.3951981496062993
11
3.2266214960629922
21
1.39763531496063
0
LINE
8
BLACK
6
CONTINUOUS
10
3.2266214960629922
20
1.39763531496063
11
3.2250929921259841
21
1.4002826771653543
0
LINE
8
BLACK
6
CONTINUOUS
10
3.2250929921259841
20
1.4002826771653543
11
3.2250929921259841
21
1.4033396062992125
0
LINE
8
BLACK
6
CONTINUOUS
10
3.2250929921259841
20
1.4033396062992125
11
3.2266214173228347
21
1.405986968503937
0
LINE
8
BLACK
6
CONTINUOUS
10
3.2266214173228347
20
1.405986968503937
11
3.2292687795275592
21
1.4075154724409449
0
LINE
8
BLACK
6
CONTINUOUS
10
3.2292687795275592
20
1.4075154724409449
11
3.2323257086614174
21
1.4075154724409449
0
LINE
8
BLACK
6
CONTINUOUS
10
3.2323257086614174
20
1.4075154724409449
11
3.2349730708661415
21
1.4059870472440945
0
LINE
8
BLACK
6
CONTINUOUS
10
3.2349730708661415
20
1.4059870472440945
11
3.2367326377952756
21
1.4042274803149606
0
LINE
8
BLACK
6
CONTINUOUS
10
3.2367326377952756
20
1.4042274803149606
11
3.2395029921259844
21
1.4028423228346456
0
LINE
8
BLACK
6
CONTINUOUS
10
3.2395029921259844
20
1.4028423228346456
11
3.2513379527559056
21
1.4028423228346456
0
LINE
8
BLACK
6
CONTINUOUS
10
3.2513379527559056
20
1.4028423228346456
11
3.2541082283464564
21
1.4042274803149606
0
LINE
8
BLACK
6
CONTINUOUS
10
3.2541082283464564
20
1.4042274803149606
11
3.2551901574803148
21
1.40530937007874
0
LINE
8
BLACK
6
CONTINUOUS
10
3.2551901574803148
20
1.40530937007874
11
3.2565753149606298
21
1.40807968503937
0
LINE
8
BLACK
6
CONTINUOUS
10
3.2565753149606298
20
1.40807968503937
11
3.2565753149606298
21
1.4174774409448818
0
LINE
8
BLACK
6
CONTINUOUS
10
3.2565753149606298
20
1.4174774409448818
11
3.2551901574803148
21
1.4202477559055118
0
LINE
8
BLACK
6
CONTINUOUS
10
3.2551901574803148
20
1.4202477559055118
11
3.2541081889763777
21
1.42132968503937
0
LINE
8
BLACK
6
CONTINUOUS
10
3.2541081889763777
20
1.42132968503937
11
3.2513379527559056
21
1.4227148425196849
0
LINE
8
BLACK
6
CONTINUOUS
10
3.2513379527559056
20
1.4227148425196849
11
3.245420433070866
21
1.4227148425196849
0
LINE
8
BLACK
6
CONTINUOUS
10
3.245420433070866
20
1.4227148425196849
11
3.244856968503937
21
1.4228657874015749
0
LINE
8
BLACK
6
CONTINUOUS
10
3.244856968503937
20
1.4228657874015749
11
3.2442748031496063
21
1.4228270078740157
0
LINE
8
BLACK
6
CONTINUOUS
10
3.2442748031496063
20
1.4228270078740157
11
3.2434044488188976
21
1.4232549999999999
0
LINE
8
BLACK
6
CONTINUOUS
10
3.2434044488188976
20
1.4232549999999999
11
3.2424676771653544
21
1.4235060236220471
0
LINE
8
BLACK
6
CONTINUOUS
10
3.2424676771653544
20
1.4235060236220471
11
3.2420551181102359
21
1.4239185433070867
0
LINE
8
BLACK
6
CONTINUOUS
10
3.2420551181102359
20
1.4239185433070867
11
3.2415316141732284
21
1.4241760236220473
0
LINE
8
BLACK
6
CONTINUOUS
10
3.2415316141732284
20
1.4241760236220473
11
3.2409918897637793
21
1.4249817716535433
0
LINE
8
BLACK
6
CONTINUOUS
10
3.2409918897637793
20
1.4249817716535433
11
3.2403061023622048
21
1.4256675984251967
0
LINE
8
BLACK
6
CONTINUOUS
10
3.2403061023622048
20
1.4256675984251967
11
3.2401551181102359
21
1.426231062992126
0
LINE
8
BLACK
6
CONTINUOUS
10
3.2401551181102359
20
1.426231062992126
11
3.2398304330708663
21
1.4267158267716535
0
LINE
8
BLACK
6
CONTINUOUS
10
3.2398304330708663
20
1.4267158267716535
11
3.2397659055118111
21
1.427683622047244
0
LINE
8
BLACK
6
CONTINUOUS
10
3.2397659055118111
20
1.427683622047244
11
3.2395149212598424
21
1.4286203543307086
0
LINE
8
BLACK
6
CONTINUOUS
10
3.2395149212598424
20
1.4286203543307086
11
3.2396658661417321
21
1.429183779527559
0
LINE
8
BLACK
6
CONTINUOUS
10
3.2396658661417321
20
1.429183779527559
11
3.2396270866141732
21
1.4297659842519685
0
LINE
8
BLACK
6
CONTINUOUS
10
3.2396270866141732
20
1.4297659842519685
11
3.2400550787401574
21
1.4306362992125985
0
LINE
8
BLACK
6
CONTINUOUS
10
3.2400550787401574
20
1.4306362992125985
11
3.2403061023622048
21
1.4315731102362204
0
LINE
8
BLACK
6
CONTINUOUS
10
3.2403061023622048
20
1.4315731102362204
11
3.2407186220472441
21
1.4319856299212599
0
LINE
8
BLACK
6
CONTINUOUS
10
3.2407186220472441
20
1.4319856299212599
11
3.2409761023622048
21
1.4325091732283464
0
LINE
8
BLACK
6
CONTINUOUS
10
3.2409761023622048
20
1.4325091732283464
11
3.2494664566929132
21
1.442212401574803
0
LINE
8
BLACK
6
CONTINUOUS
10
3.2494664566929132
20
1.442212401574803
11
3.2307972834645668
21
1.442212401574803
0
LINE
8
BLACK
6
CONTINUOUS
10
3.2307972834645668
20
1.442212401574803
11
3.2278445275590553
21
1.4430035826771652
0
LINE
8
BLACK
6
CONTINUOUS
10
3.2278445275590553
20
1.4430035826771652
11
3.2256829527559052
21
1.4451651574803148
0
LINE
8
BLACK
6
CONTINUOUS
10
3.2256829527559052
20
1.4451651574803148
11
3.2248917716535432
21
1.4481179133858268
0
LINE
8
BLACK
6
CONTINUOUS
10
3.2248917716535432
20
1.4481179133858268
11
3.2256829527559052
21
1.4510706692913387
0
LINE
8
BLACK
6
CONTINUOUS
10
3.2256829527559052
20
1.4510706692913387
11
3.2278445275590553
21
1.4532322440944883
0
LINE
8
BLACK
6
CONTINUOUS
10
3.2278445275590553
20
1.4532322440944883
11
3.2307972834645668
21
1.4540234251968505
0
LINE
8
BLACK
6
CONTINUOUS
10
3.2307972834645668
20
1.4540234251968505
11
3.2624808267716534
21
1.4540234251968505
0
LINE
8
BLACK
6
CONTINUOUS
10
3.2624808267716534
20
1.4540234251968505
11
3.2630442519685037
21
1.4538724409448818
0
LINE
8
BLACK
6
CONTINUOUS
10
2.0972183858267717
20
1.5343422047244095
11
2.0973856299212597
21
1.5343716929133857
0
LINE
8
BLACK
6
CONTINUOUS
10
2.0973856299212597
20
1.5343716929133857
11
2.0981276771653543
21
1.5339432283464567
0
LINE
8
BLACK
6
CONTINUOUS
10
2.0981276771653543
20
1.5339432283464567
11
2.0989125196850393
21
1.5335988976377952
0
LINE
8
BLACK
6
CONTINUOUS
10
2.0989125196850393
20
1.5335988976377952
11
2.0989877559055117
21
1.5334466141732284
0
LINE
8
BLACK
6
CONTINUOUS
10
2.0989877559055117
20
1.5334466141732284
11
2.0991348031496062
21
1.5333617716535433
0
LINE
8
BLACK
6
CONTINUOUS
10
2.0991348031496062
20
1.5333617716535433
11
2.0994278740157482
21
1.532556496062992
0
LINE
8
BLACK
6
CONTINUOUS
10
2.0994278740157482
20
1.532556496062992
11
2.099807716535433
21
1.5317883070866141
0
LINE
8
BLACK
6
CONTINUOUS
10
2.099807716535433
20
1.5317883070866141
11
2.0997675196850394
21
1.5316233464566928
0
LINE
8
BLACK
6
CONTINUOUS
10
2.0997675196850394
20
1.5316233464566928
11
2.0998256299212597
21
1.531463779527559
0
LINE
8
BLACK
6
CONTINUOUS
10
2.0998256299212597
20
1.531463779527559
11
2.0998256299212597
21
1.4950464566929134
0
LINE
8
BLACK
6
CONTINUOUS
10
2.0998256299212597
20
1.4950464566929134
11
2.1081214566929134
21
1.4950464566929134
0
LINE
8
BLACK
6
CONTINUOUS
10
2.1081214566929134
20
1.4950464566929134
11
2.1091313779527558
21
1.4948683858267717
0
LINE
8
BLACK
6
CONTINUOUS
10
2.1091313779527558
20
1.4948683858267717
11
2.110678622047244
21
1.4935700787401573
0
LINE
8
BLACK
6
CONTINUOUS
10
2.110678622047244
20
1.4935700787401573
11
2.1110293700787399
21
1.4915809448818897
0
LINE
8
BLACK
6
CONTINUOUS
10
2.1110293700787399
20
1.4915809448818897
11
2.1100194488188975
21
1.4898317716535432
0
LINE
8
BLACK
6
CONTINUOUS
10
2.1100194488188975
20
1.4898317716535432
11
2.1081214566929134
21
1.4891409448818897
0
LINE
8
BLACK
6
CONTINUOUS
10
2.1081214566929134
20
1.4891409448818897
11
2.0856242913385827
21
1.4891409448818897
0
LINE
8
BLACK
6
CONTINUOUS
10
2.0856242913385827
20
1.4891409448818897
11
2.0846143700787403
21
1.4893190157480314
0
LINE
8
BLACK
6
CONTINUOUS
10
2.0846143700787403
20
1.4893190157480314
11
2.0830671259842517
21
1.4906173228346455
0
LINE
8
BLACK
6
CONTINUOUS
10
2.0830671259842517
20
1.4906173228346455
11
2.0827163779527558
21
1.4926064566929134
0
LINE
8
BLACK
6
CONTINUOUS
10
2.0827163779527558
20
1.4926064566929134
11
2.0837262992125982
21
1.4943556299212597
0
LINE
8
BLACK
6
CONTINUOUS
10
2.0837262992125982
20
1.4943556299212597
11
2.0856242913385827
21
1.4950464566929134
0
LINE
8
BLACK
6
CONTINUOUS
10
2.0856242913385827
20
1.4950464566929134
11
2.093920118110236
21
1.4950464566929134
0
LINE
8
BLACK
6
CONTINUOUS
10
2.093920118110236
20
1.4950464566929134
11
2.093920118110236
21
1.5224604330708662
0
LINE
8
BLACK
6
CONTINUOUS
10
2.093920118110236
20
1.5224604330708662
11
2.0914617322834643
21
1.5200020472440945
0
LINE
8
BLACK
6
CONTINUOUS
10
2.0914617322834643
20
1.5200020472440945
11
2.0907386220472439
21
1.5194957480314961
0
LINE
8
BLACK
6
CONTINUOUS
10
2.0907386220472439
20
1.5194957480314961
11
2.0906943307086614
21
1.5194489370078741
0
LINE
8
BLACK
6
CONTINUOUS
10
2.0906943307086614
20
1.5194489370078741
11
2.0869448031496063
21
1.5175741732283463
0
LINE
8
BLACK
6
CONTINUOUS
10
2.0869448031496063
20
1.5175741732283463
11
2.0859618503937005
21
1.5172818110236219
0
LINE
8
BLACK
6
CONTINUOUS
10
2.0859618503937005
20
1.5172818110236219
11
2.0839973622047245
21
1.5177511023622048
0
LINE
8
BLACK
6
CONTINUOUS
10
2.0839973622047245
20
1.5177511023622048
11
2.0827940551181103
21
1.519373346456693
0
LINE
8
BLACK
6
CONTINUOUS
10
2.0827940551181103
20
1.519373346456693
11
2.0829151181102361
21
1.521389527559055
0
LINE
8
BLACK
6
CONTINUOUS
10
2.0829151181102361
20
1.521389527559055
11
2.0843037795275592
21
1.522856220472441
0
LINE
8
BLACK
6
CONTINUOUS
10
2.0843037795275592
20
1.522856220472441
11
2.0876247244094488
21
1.5245166929133858
0
LINE
8
BLACK
6
CONTINUOUS
10
2.0876247244094488
20
1.5245166929133858
11
2.0908286220472441
21
1.527720590551181
0
LINE
8
BLACK
6
CONTINUOUS
10
2.0908286220472441
20
1.527720590551181
11
2.0944160236220473
21
1.5331016929133858
0
LINE
8
BLACK
6
CONTINUOUS
10
2.0944160236220473
20
1.5331016929133858
11
2.0951244094488191
21
1.5338432283464567
0
LINE
8
BLACK
6
CONTINUOUS
10
2.0951244094488191
20
1.5338432283464567
11
2.0952873622047243
21
1.5338909055118111
0
LINE
8
BLACK
6
CONTINUOUS
10
2.0952873622047243
20
1.5338909055118111
11
2.0953964960629921
21
1.5340209448818898
0
LINE
8
BLACK
6
CONTINUOUS
10
2.0953964960629921
20
1.5340209448818898
11
2.0962402755905511
21
1.5341697244094488
0
LINE
8
BLACK
6
CONTINUOUS
10
2.0962402755905511
20
1.5341697244094488
11
2.0970629133858267
21
1.5344104330708661
0
LINE
8
BLACK
6
CONTINUOUS
10
2.0970629133858267
20
1.5344104330708661
11
2.0972183858267717
21
1.5343422047244095
0
LINE
8
BLACK
6
CONTINUOUS
10
2.0763694488188977
20
1.5336418110236221
11
2.0773029527559053
21
1.5318506692913385
0
LINE
8
BLACK
6
CONTINUOUS
10
2.0773029527559053
20
1.5318506692913385
11
2.0768668110236219
21
1.5298785433070865
0
LINE
8
BLACK
6
CONTINUOUS
10
2.0768668110236219
20
1.5298785433070865
11
2.0642050787401574
21
1.509981496062992
0
LINE
8
BLACK
6
CONTINUOUS
10
2.0642050787401574
20
1.509981496062992
11
2.0642050787401574
21
1.4920937007874016
0
LINE
8
BLACK
6
CONTINUOUS
10
2.0642050787401574
20
1.4920937007874016
11
2.0640270078740155
21
1.4910837795275591
0
LINE
8
BLACK
6
CONTINUOUS
10
2.0640270078740155
20
1.4910837795275591
11
2.0627287007874013
21
1.4895365354330707
0
LINE
8
BLACK
6
CONTINUOUS
10
2.0627287007874013
20
1.4895365354330707
11
2.0607395669291337
21
1.4891857874015748
0
LINE
8
BLACK
6
CONTINUOUS
10
2.0607395669291337
20
1.4891857874015748
11
2.0589903937007872
21
1.4901957086614173
0
LINE
8
BLACK
6
CONTINUOUS
10
2.0589903937007872
20
1.4901957086614173
11
2.0582995669291337
21
1.4920937007874016
0
LINE
8
BLACK
6
CONTINUOUS
10
2.0582995669291337
20
1.4920937007874016
11
2.0582995669291337
21
1.509981496062992
0
LINE
8
BLACK
6
CONTINUOUS
10
2.0582995669291337
20
1.509981496062992
11
2.0456378346456692
21
1.5298785039370077
0
LINE
8
BLACK
6
CONTINUOUS
10
2.0456378346456692
20
1.5298785039370077
11
2.0452458661417321
21
1.5308261417322835
0
LINE
8
BLACK
6
CONTINUOUS
10
2.0452458661417321
20
1.5308261417322835
11
2.0455105511811023
21
1.5328285433070865
0
LINE
8
BLACK
6
CONTINUOUS
10
2.0455105511811023
20
1.5328285433070865
11
2.0470003937007872
21
1.5341923622047244
0
LINE
8
BLACK
6
CONTINUOUS
10
2.0470003937007872
20
1.5341923622047244
11
2.0490183070866141
21
1.5342794094488188
0
LINE
8
BLACK
6
CONTINUOUS
10
2.0490183070866141
20
1.5342794094488188
11
2.0506201181102361
21
1.5330490551181102
0
LINE
8
BLACK
6
CONTINUOUS
10
2.0506201181102361
20
1.5330490551181102
11
2.061252283464567
21
1.5163412598425197
0
LINE
8
BLACK
6
CONTINUOUS
10
2.061252283464567
20
1.5163412598425197
11
2.0718845275590549
21
1.5330490551181102
0
LINE
8
BLACK
6
CONTINUOUS
10
2.0718845275590549
20
1.5330490551181102
11
2.0725769685039368
21
1.5338054724409449
0
LINE
8
BLACK
6
CONTINUOUS
10
2.0725769685039368
20
1.5338054724409449
11
2.0745029921259843
21
1.5344138188976377
0
LINE
8
BLACK
6
CONTINUOUS
10
2.0745029921259843
20
1.5344138188976377
11
2.0763694488188977
21
1.5336418110236221
0
LINE
8
BLACK
6
CONTINUOUS
10
2.6329060629921259
20
1.868741968503937
11
2.6332665354330707
21
1.8687203543307087
0
LINE
8
BLACK
6
CONTINUOUS
10
2.6332665354330707
20
1.8687203543307087
11
2.6342559842519684
21
1.8680670078740158
0
LINE
8
BLACK
6
CONTINUOUS
10
2.6342559842519684
20
1.8680670078740158
11
2.6353172047244096
21
1.8675364566929133
0
LINE
8
BLACK
6
CONTINUOUS
10
2.6353172047244096
20
1.8675364566929133
11
2.6355162598425195
21
1.8672349212598425
0
LINE
8
BLACK
6
CONTINUOUS
10
2.6355162598425195
20
1.8672349212598425
11
2.6358175590551181
21
1.8670360236220471
0
LINE
8
BLACK
6
CONTINUOUS
10
2.6358175590551181
20
1.8670360236220471
11
2.6363479527559055
21
1.8659752362204725
0
LINE
8
BLACK
6
CONTINUOUS
10
2.6363479527559055
20
1.8659752362204725
11
2.6370014960629922
21
1.8649853937007874
0
LINE
8
BLACK
6
CONTINUOUS
10
2.6370014960629922
20
1.8649853937007874
11
2.6540619291338583
21
1.8138042913385826
0
LINE
8
BLACK
6
CONTINUOUS
10
2.6540619291338583
20
1.8138042913385826
11
2.6541121259842519
21
1.8129679133858267
0
LINE
8
BLACK
6
CONTINUOUS
10
2.6541121259842519
20
1.8129679133858267
11
2.6923289763779525
21
1.8129679133858267
0
LINE
8
BLACK
6
CONTINUOUS
10
2.6923289763779525
20
1.8129679133858267
11
2.6952817322834646
21
1.8121767322834645
0
LINE
8
BLACK
6
CONTINUOUS
10
2.6952817322834646
20
1.8121767322834645
11
2.6974433070866142
21
1.8100151574803149
0
LINE
8
BLACK
6
CONTINUOUS
10
2.6974433070866142
20
1.8100151574803149
11
2.6982344881889762
21
1.8070624015748031
0
LINE
8
BLACK
6
CONTINUOUS
10
2.6982344881889762
20
1.8070624015748031
11
2.6974433070866142
21
1.8041096456692913
0
LINE
8
BLACK
6
CONTINUOUS
10
2.6974433070866142
20
1.8041096456692913
11
2.6952817322834646
21
1.8019480708661417
0
LINE
8
BLACK
6
CONTINUOUS
10
2.6952817322834646
20
1.8019480708661417
11
2.6923289763779525
21
1.8011568897637795
0
LINE
8
BLACK
6
CONTINUOUS
10
2.6923289763779525
20
1.8011568897637795
11
2.6533338582677164
21
1.8011568897637795
0
LINE
8
BLACK
6
CONTINUOUS
10
2.6533338582677164
20
1.8011568897637795
11
2.6503811023622048
21
1.8019480708661417
0
LINE
8
BLACK
6
CONTINUOUS
10
2.6503811023622048
20
1.8019480708661417
11
2.6482195275590552
21
1.8041096456692913
0
LINE
8
BLACK
6
CONTINUOUS
10
2.6482195275590552
20
1.8041096456692913
11
2.6476662204724408
21
1.8061746062992126
0
LINE
8
BLACK
6
CONTINUOUS
10
2.6476662204724408
20
1.8061746062992126
11
2.6472755118110234
21
1.8061511811023621
0
LINE
8
BLACK
6
CONTINUOUS
10
2.6472755118110234
20
1.8061511811023621
11
2.6445413385826773
21
1.8075182677165353
0
LINE
8
BLACK
6
CONTINUOUS
10
2.6445413385826773
20
1.8075182677165353
11
2.6428570078740159
21
1.8100692913385827
0
LINE
8
BLACK
6
CONTINUOUS
10
2.6428570078740159
20
1.8100692913385827
11
2.6393286220472438
21
1.8206544488188976
0
LINE
8
BLACK
6
CONTINUOUS
10
2.6393286220472438
20
1.8206544488188976
11
2.6234695275590552
21
1.8206544488188976
0
LINE
8
BLACK
6
CONTINUOUS
10
2.6234695275590552
20
1.8206544488188976
11
2.6199411811023623
21
1.8100693307086613
0
LINE
8
BLACK
6
CONTINUOUS
10
2.6199411811023623
20
1.8100693307086613
11
2.6182568503937009
21
1.8075183070866141
0
LINE
8
BLACK
6
CONTINUOUS
10
2.6182568503937009
20
1.8075183070866141
11
2.6155226377952756
21
1.8061511811023621
0
LINE
8
BLACK
6
CONTINUOUS
10
2.6155226377952756
20
1.8061511811023621
11
2.612471220472441
21
1.8063343307086615
0
LINE
8
BLACK
6
CONTINUOUS
10
2.612471220472441
20
1.8063343307086615
11
2.6099201968503936
21
1.8080186614173228
0
LINE
8
BLACK
6
CONTINUOUS
10
2.6099201968503936
20
1.8080186614173228
11
2.6085530708661415
21
1.8107528740157479
0
LINE
8
BLACK
6
CONTINUOUS
10
2.6085530708661415
20
1.8107528740157479
11
2.6087362204724407
21
1.8138042913385826
0
LINE
8
BLACK
6
CONTINUOUS
10
2.6087362204724407
20
1.8138042913385826
11
2.6257965748031498
21
1.8649853937007874
0
LINE
8
BLACK
6
CONTINUOUS
10
2.6257965748031498
20
1.8649853937007874
11
2.6264500393700785
21
1.8659750787401574
0
LINE
8
BLACK
6
CONTINUOUS
10
2.6264500393700785
20
1.8659750787401574
11
2.6269805118110234
21
1.8670360629921259
0
LINE
8
BLACK
6
CONTINUOUS
10
2.6269805118110234
20
1.8670360629921259
11
2.6272819291338583
21
1.8672350393700787
0
LINE
8
BLACK
6
CONTINUOUS
10
2.6272819291338583
20
1.8672350393700787
11
2.6274809055118111
21
1.8675364173228346
0
LINE
8
BLACK
6
CONTINUOUS
10
2.6274809055118111
20
1.8675364173228346
11
2.6285417716535431
21
1.8680668503937008
0
LINE
8
BLACK
6
CONTINUOUS
10
2.6285417716535431
20
1.8680668503937008
11
2.6295315748031496
21
1.8687203543307087
0
LINE
8
BLACK
6
CONTINUOUS
10
2.6295315748031496
20
1.8687203543307087
11
2.6298920078740156
21
1.868741968503937
0
LINE
8
BLACK
6
CONTINUOUS
10
2.6298920078740156
20
1.868741968503937
11
2.630215118110236
21
1.8689035433070866
0
LINE
8
BLACK
6
CONTINUOUS
10
2.630215118110236
20
1.8689035433070866
11
2.6313990551181101
21
1.8688324409448818
0
LINE
8
BLACK
6
CONTINUOUS
10
2.6313990551181101
20
1.8688324409448818
11
2.6325829921259842
21
1.8689035433070866
0
LINE
8
BLACK
6
CONTINUOUS
10
2.6325829921259842
20
1.8689035433070866
11
2.6329060629921259
21
1.868741968503937
0
LINE
8
BLACK
6
CONTINUOUS
10
2.6274065354330709
20
1.8324654724409448
11
2.6353916141732281
21
1.8324654724409448
0
LINE
8
BLACK
6
CONTINUOUS
10
2.6353916141732281
20
1.8324654724409448
11
2.6313990551181101
21
1.8444430708661417
0
LINE
8
BLACK
6
CONTINUOUS
10
2.6313990551181101
20
1.8444430708661417
11
2.6274065354330709
21
1.8324654724409448
0
LINE
8
BLACK
6
CONTINUOUS
10
2.1497528346456694
20
1.8687773228346456
11
2.1507018897637793
21
1.8687203543307087
0
LINE
8
BLACK
6
CONTINUOUS
10
2.1507018897637793
20
1.8687203543307087
11
2.1580135039370076
21
1.8662831496062993
0
LINE
8
BLACK
6
CONTINUOUS
10
2.1580135039370076
20
1.8662831496062993
11
2.1605645669291338
21
1.8645988582677164
0
LINE
8
BLACK
6
CONTINUOUS
10
2.1605645669291338
20
1.8645988582677164
11
2.1619316535433071
21
1.8618646456692913
0
LINE
8
BLACK
6
CONTINUOUS
10
2.1619316535433071
20
1.8618646456692913
11
2.1617485039370079
21
1.8588132283464567
0
LINE
8
BLACK
6
CONTINUOUS
10
2.1617485039370079
20
1.8588132283464567
11
2.1600641732283465
21
1.8562621653543308
0
LINE
8
BLACK
6
CONTINUOUS
10
2.1600641732283465
20
1.8562621653543308
11
2.1573299606299212
21
1.8548950787401575
0
LINE
8
BLACK
6
CONTINUOUS
10
2.1573299606299212
20
1.8548950787401575
11
2.1542785433070866
21
1.8550782283464566
0
LINE
8
BLACK
6
CONTINUOUS
10
2.1542785433070866
20
1.8550782283464566
11
2.1478761417322834
21
1.8572124015748031
0
LINE
8
BLACK
6
CONTINUOUS
10
2.1478761417322834
20
1.8572124015748031
11
2.1380425590551182
21
1.8572124015748031
0
LINE
8
BLACK
6
CONTINUOUS
10
2.1380425590551182
20
1.8572124015748031
11
2.1352722440944882
21
1.8558272440944881
0
LINE
8
BLACK
6
CONTINUOUS
10
2.1352722440944882
20
1.8558272440944881
11
2.1341903149606298
21
1.8547453149606299
0
LINE
8
BLACK
6
CONTINUOUS
10
2.1341903149606298
20
1.8547453149606299
11
2.1328051968503936
21
1.8519750393700787
0
LINE
8
BLACK
6
CONTINUOUS
10
2.1328051968503936
20
1.8519750393700787
11
2.1328051968503936
21
1.8498887795275589
0
LINE
8
BLACK
6
CONTINUOUS
10
2.1328051968503936
20
1.8498887795275589
11
2.1341903149606298
21
1.8471185039370079
0
LINE
8
BLACK
6
CONTINUOUS
10
2.1341903149606298
20
1.8471185039370079
11
2.1352722440944882
21
1.8460366141732283
0
LINE
8
BLACK
6
CONTINUOUS
10
2.1352722440944882
20
1.8460366141732283
11
2.1387097244094488
21
1.844317874015748
0
LINE
8
BLACK
6
CONTINUOUS
10
2.1387097244094488
20
1.844317874015748
11
2.1478295669291336
21
1.8420379133858267
0
LINE
8
BLACK
6
CONTINUOUS
10
2.1478295669291336
20
1.8420379133858267
11
2.1483995275590551
21
1.8417214566929134
0
LINE
8
BLACK
6
CONTINUOUS
10
2.1483995275590551
20
1.8417214566929134
11
2.1490382677165352
21
1.8415907874015747
0
LINE
8
BLACK
6
CONTINUOUS
10
2.1490382677165352
20
1.8415907874015747
11
2.153912598425197
21
1.839153622047244
0
LINE
8
BLACK
6
CONTINUOUS
10
2.153912598425197
20
1.839153622047244
11
2.1546238976377952
21
1.8385228346456692
0
LINE
8
BLACK
6
CONTINUOUS
10
2.1546238976377952
20
1.8385228346456692
11
2.1554474409448821
21
1.8380474015748032
0
LINE
8
BLACK
6
CONTINUOUS
10
2.1554474409448821
20
1.8380474015748032
11
2.1578846456692915
21
1.8356101968503937
0
LINE
8
BLACK
6
CONTINUOUS
10
2.1578846456692915
20
1.8356101968503937
11
2.1583600000000001
21
1.8347867716535433
0
LINE
8
BLACK
6
CONTINUOUS
10
2.1583600000000001
20
1.8347867716535433
11
2.1589908661417323
21
1.8340753937007874
0
LINE
8
BLACK
6
CONTINUOUS
10
2.1589908661417323
20
1.8340753937007874
11
2.1614280708661417
21
1.8292009842519685
0
LINE
8
BLACK
6
CONTINUOUS
10
2.1614280708661417
20
1.8292009842519685
11
2.1617001968503935
21
1.8278710236220472
0
LINE
8
BLACK
6
CONTINUOUS
10
2.1617001968503935
20
1.8278710236220472
11
2.1620515354330707
21
1.8265599606299212
0
LINE
8
BLACK
6
CONTINUOUS
10
2.1620515354330707
20
1.8265599606299212
11
2.1620515354330707
21
1.8216855905511811
0
LINE
8
BLACK
6
CONTINUOUS
10
2.1620515354330707
20
1.8216855905511811
11
2.1617001968503935
21
1.8203744881889763
0
LINE
8
BLACK
6
CONTINUOUS
10
2.1617001968503935
20
1.8203744881889763
11
2.1614280708661417
21
1.8190445669291337
0
LINE
8
BLACK
6
CONTINUOUS
10
2.1614280708661417
20
1.8190445669291337
11
2.1589908661417323
21
1.8141701574803148
0
LINE
8
BLACK
6
CONTINUOUS
10
2.1589908661417323
20
1.8141701574803148
11
2.1583600000000001
21
1.8134587401574802
0
LINE
8
BLACK
6
CONTINUOUS
10
2.1583600000000001
20
1.8134587401574802
11
2.1578846062992127
21
1.8126353149606298
0
LINE
8
BLACK
6
CONTINUOUS
10
2.1578846062992127
20
1.8126353149606298
11
2.1554474015748033
21
1.8101981496062991
0
LINE
8
BLACK
6
CONTINUOUS
10
2.1554474015748033
20
1.8101981496062991
11
2.1546240551181102
21
1.8097227952755905
0
LINE
8
BLACK
6
CONTINUOUS
10
2.1546240551181102
20
1.8097227952755905
11
2.1539126771653541
21
1.8090919685039371
0
LINE
8
BLACK
6
CONTINUOUS
10
2.1539126771653541
20
1.8090919685039371
11
2.1490382677165352
21
1.8066547637795276
0
LINE
8
BLACK
6
CONTINUOUS
10
2.1490382677165352
20
1.8066547637795276
11
2.1477083070866141
21
1.8063825984251969
0
LINE
8
BLACK
6
CONTINUOUS
10
2.1477083070866141
20
1.8063825984251969
11
2.1463972440944881
21
1.8060312992125984
0
LINE
8
BLACK
6
CONTINUOUS
10
2.1463972440944881
20
1.8060312992125984
11
2.1342112598425196
21
1.8060312992125984
0
LINE
8
BLACK
6
CONTINUOUS
10
2.1342112598425196
20
1.8060312992125984
11
2.1332927952755907
21
1.8062773622047243
0
LINE
8
BLACK
6
CONTINUOUS
10
2.1332927952755907
20
1.8062773622047243
11
2.132343779527559
21
1.8063343700787402
0
LINE
8
BLACK
6
CONTINUOUS
10
2.132343779527559
20
1.8063343700787402
11
2.1250322047244095
21
1.8087715748031497
0
LINE
8
BLACK
6
CONTINUOUS
10
2.1250322047244095
20
1.8087715748031497
11
2.1224811417322833
21
1.810455905511811
0
LINE
8
BLACK
6
CONTINUOUS
10
2.1224811417322833
20
1.810455905511811
11
2.12111405511811
21
1.8131900787401574
0
LINE
8
BLACK
6
CONTINUOUS
10
2.12111405511811
20
1.8131900787401574
11
2.1212972440944879
21
1.816241496062992
0
LINE
8
BLACK
6
CONTINUOUS
10
2.1212972440944879
20
1.816241496062992
11
2.1229815748031498
21
1.8187925590551182
0
LINE
8
BLACK
6
CONTINUOUS
10
2.1229815748031498
20
1.8187925590551182
11
2.1257157480314959
21
1.8201596456692912
0
LINE
8
BLACK
6
CONTINUOUS
10
2.1257157480314959
20
1.8201596456692912
11
2.1287671653543305
21
1.8199764566929133
0
LINE
8
BLACK
6
CONTINUOUS
10
2.1287671653543305
20
1.8199764566929133
11
2.1351695669291337
21
1.8178423228346456
0
LINE
8
BLACK
6
CONTINUOUS
10
2.1351695669291337
20
1.8178423228346456
11
2.1450031496062993
21
1.8178423228346456
0
LINE
8
BLACK
6
CONTINUOUS
10
2.1450031496062993
20
1.8178423228346456
11
2.1477734251968505
21
1.8192274803149606
0
LINE
8
BLACK
6
CONTINUOUS
10
2.1477734251968505
20
1.8192274803149606
11
2.1488553543307085
21
1.8203093700787401
0
LINE
8
BLACK
6
CONTINUOUS
10
2.1488553543307085
20
1.8203093700787401
11
2.1502405118110235
21
1.82307968503937
0
LINE
8
BLACK
6
CONTINUOUS
10
2.1502405118110235
20
1.82307968503937
11
2.1502405118110235
21
1.8251658661417323
0
LINE
8
BLACK
6
CONTINUOUS
10
2.1502405118110235
20
1.8251658661417323
11
2.1488553543307085
21
1.8279361811023622
0
LINE
8
BLACK
6
CONTINUOUS
10
2.1488553543307085
20
1.8279361811023622
11
2.1477734251968505
21
1.8290180708661417
0
LINE
8
BLACK
6
CONTINUOUS
10
2.1477734251968505
20
1.8290180708661417
11
2.1443359842519683
21
1.8307367716535432
0
LINE
8
BLACK
6
CONTINUOUS
10
2.1443359842519683
20
1.8307367716535432
11
2.1352161811023622
21
1.8330167716535433
0
LINE
8
BLACK
6
CONTINUOUS
10
2.1352161811023622
20
1.8330167716535433
11
2.134646181102362
21
1.8333331496062992
0
LINE
8
BLACK
6
CONTINUOUS
10
2.134646181102362
20
1.8333331496062992
11
2.1340074409448819
21
1.8334638976377953
0
LINE
8
BLACK
6
CONTINUOUS
10
2.1340074409448819
20
1.8334638976377953
11
2.129133031496063
21
1.8359011023622047
0
LINE
8
BLACK
6
CONTINUOUS
10
2.129133031496063
20
1.8359011023622047
11
2.1284216141732282
21
1.8365319291338582
0
LINE
8
BLACK
6
CONTINUOUS
10
2.1284216141732282
20
1.8365319291338582
11
2.1275982283464567
21
1.8370073228346455
0
LINE
8
BLACK
6
CONTINUOUS
10
2.1275982283464567
20
1.8370073228346455
11
2.1251610236220473
21
1.8394445275590552
0
LINE
8
BLACK
6
CONTINUOUS
10
2.1251610236220473
20
1.8394445275590552
11
2.1246855511811025
21
1.8402680314960629
0
LINE
8
BLACK
6
CONTINUOUS
10
2.1246855511811025
20
1.8402680314960629
11
2.124054803149606
21
1.84097937007874
0
LINE
8
BLACK
6
CONTINUOUS
10
2.124054803149606
20
1.84097937007874
11
2.1216176377952753
21
1.8458537007874016
0
LINE
8
BLACK
6
CONTINUOUS
10
2.1216176377952753
20
1.8458537007874016
11
2.1213454724409448
21
1.8471835433070867
0
LINE
8
BLACK
6
CONTINUOUS
10
2.1213454724409448
20
1.8471835433070867
11
2.1209941732283464
21
1.8484947244094487
0
LINE
8
BLACK
6
CONTINUOUS
10
2.1209941732283464
20
1.8484947244094487
11
2.1209941732283464
21
1.8533691338582676
0
LINE
8
BLACK
6
CONTINUOUS
10
2.1209941732283464
20
1.8533691338582676
11
2.1213454724409448
21
1.8546802755905512
0
LINE
8
BLACK
6
CONTINUOUS
10
2.1213454724409448
20
1.8546802755905512
11
2.1216176377952753
21
1.8560101574803149
0
LINE
8
BLACK
6
CONTINUOUS
10
2.1216176377952753
20
1.8560101574803149
11
2.124054803149606
21
1.8608844881889763
0
LINE
8
BLACK
6
CONTINUOUS
10
2.124054803149606
20
1.8608844881889763
11
2.1246855511811025
21
1.8615957874015747
0
LINE
8
BLACK
6
CONTINUOUS
10
2.1246855511811025
20
1.8615957874015747
11
2.1251610236220473
21
1.8624193307086614
0
LINE
8
BLACK
6
CONTINUOUS
10
2.1251610236220473
20
1.8624193307086614
11
2.1275982283464567
21
1.8648565354330708
0
LINE
8
BLACK
6
CONTINUOUS
10
2.1275982283464567
20
1.8648565354330708
11
2.1284216141732282
21
1.8653318897637794
0
LINE
8
BLACK
6
CONTINUOUS
10
2.1284216141732282
20
1.8653318897637794
11
2.129133031496063
21
1.8659627559055119
0
LINE
8
BLACK
6
CONTINUOUS
10
2.129133031496063
20
1.8659627559055119
11
2.1340074409448819
21
1.8683999606299213
0
LINE
8
BLACK
6
CONTINUOUS
10
2.1340074409448819
20
1.8683999606299213
11
2.1353373622047243
21
1.8686720866141733
0
LINE
8
BLACK
6
CONTINUOUS
10
2.1353373622047243
20
1.8686720866141733
11
2.136648464566929
21
1.8690234251968503
0
LINE
8
BLACK
6
CONTINUOUS
10
2.136648464566929
20
1.8690234251968503
11
2.1488344094488188
21
1.8690234251968503
0
LINE
8
BLACK
6
CONTINUOUS
10
2.1488344094488188
20
1.8690234251968503
11
2.1497528346456694
21
1.8687773228346456
0
LINE
8
BLACK
6
CONTINUOUS
10
2.19888937007874
20
1.8686720866141733
11
2.2002193307086615
21
1.8683999606299213
0
LINE
8
BLACK
6
CONTINUOUS
10
2.2002193307086615
20
1.8683999606299213
11
2.2050937401574804
21
1.8659627559055119
0
LINE
8
BLACK
6
CONTINUOUS
10
2.2050937401574804
20
1.8659627559055119
11
2.2058051181102361
21
1.8653318897637794
0
LINE
8
BLACK
6
CONTINUOUS
10
2.2058051181102361
20
1.8653318897637794
11
2.2066285433070867
21
1.8648565354330708
0
LINE
8
BLACK
6
CONTINUOUS
10
2.2066285433070867
20
1.8648565354330708
11
2.2090657480314961
21
1.8624193307086614
0
LINE
8
BLACK
6
CONTINUOUS
10
2.2090657480314961
20
1.8624193307086614
11
2.2095411023622047
21
1.861595905511811
0
LINE
8
BLACK
6
CONTINUOUS
10
2.2095411023622047
20
1.861595905511811
11
2.2101719685039369
21
1.8608845275590551
0
LINE
8
BLACK
6
CONTINUOUS
10
2.2101719685039369
20
1.8608845275590551
11
2.2126091338582676
21
1.8560101574803149
0
LINE
8
BLACK
6
CONTINUOUS
10
2.2126091338582676
20
1.8560101574803149
11
2.2128811811023623
21
1.8546804724409449
0
LINE
8
BLACK
6
CONTINUOUS
10
2.2128811811023623
20
1.8546804724409449
11
2.2132325984251966
21
1.8533691338582676
0
LINE
8
BLACK
6
CONTINUOUS
10
2.2132325984251966
20
1.8533691338582676
11
2.2132325984251966
21
1.8460575196850393
0
LINE
8
BLACK
6
CONTINUOUS
10
2.2132325984251966
20
1.8460575196850393
11
2.2128811811023623
21
1.8447461417322835
0
LINE
8
BLACK
6
CONTINUOUS
10
2.2128811811023623
20
1.8447461417322835
11
2.2126091338582676
21
1.8434164960629922
0
LINE
8
BLACK
6
CONTINUOUS
10
2.2126091338582676
20
1.8434164960629922
11
2.2101719685039369
21
1.8385421259842518
0
LINE
8
BLACK
6
CONTINUOUS
10
2.2101719685039369
20
1.8385421259842518
11
2.2095411023622047
21
1.8378307086614172
0
LINE
8
BLACK
6
CONTINUOUS
10
2.2095411023622047
20
1.8378307086614172
11
2.2090657480314961
21
1.8370073228346455
0
LINE
8
BLACK
6
CONTINUOUS
10
2.2090657480314961
20
1.8370073228346455
11
2.2066285433070867
21
1.8345701181102361
0
LINE
8
BLACK
6
CONTINUOUS
10
2.2066285433070867
20
1.8345701181102361
11
2.2058051181102361
21
1.8340947244094488
0
LINE
8
BLACK
6
CONTINUOUS
10
2.2058051181102361
20
1.8340947244094488
11
2.2050937401574804
21
1.8334638976377953
0
LINE
8
BLACK
6
CONTINUOUS
10
2.2050937401574804
20
1.8334638976377953
11
2.2002193307086615
21
1.8310266929133858
0
LINE
8
BLACK
6
CONTINUOUS
10
2.2002193307086615
20
1.8310266929133858
11
2.19888937007874
21
1.8307545275590551
0
LINE
8
BLACK
6
CONTINUOUS
10
2.19888937007874
20
1.8307545275590551
11
2.1975783070866139
21
1.8304032283464566
0
LINE
8
BLACK
6
CONTINUOUS
10
2.1975783070866139
20
1.8304032283464566
11
2.1839862598425195
21
1.8304032283464566
0
LINE
8
BLACK
6
CONTINUOUS
10
2.1839862598425195
20
1.8304032283464566
11
2.1839862598425195
21
1.811936811023622
0
LINE
8
BLACK
6
CONTINUOUS
10
2.1839862598425195
20
1.811936811023622
11
2.1831950787401575
21
1.8089840551181102
0
LINE
8
BLACK
6
CONTINUOUS
10
2.1831950787401575
20
1.8089840551181102
11
2.1810335039370079
21
1.8068224803149606
0
LINE
8
BLACK
6
CONTINUOUS
10
2.1810335039370079
20
1.8068224803149606
11
2.1780807480314959
21
1.8060312992125984
0
LINE
8
BLACK
6
CONTINUOUS
10
2.1780807480314959
20
1.8060312992125984
11
2.1751279921259843
21
1.8068224803149606
0
LINE
8
BLACK
6
CONTINUOUS
10
2.1751279921259843
20
1.8068224803149606
11
2.1729664173228347
21
1.8089840551181102
0
LINE
8
BLACK
6
CONTINUOUS
10
2.1729664173228347
20
1.8089840551181102
11
2.1721752362204723
21
1.811936811023622
0
LINE
8
BLACK
6
CONTINUOUS
10
2.1721752362204723
20
1.811936811023622
11
2.1721752362204723
21
1.8631179133858267
0
LINE
8
BLACK
6
CONTINUOUS
10
2.1721752362204723
20
1.8631179133858267
11
2.1729664173228347
21
1.8660706692913385
0
LINE
8
BLACK
6
CONTINUOUS
10
2.1729664173228347
20
1.8660706692913385
11
2.1751279921259843
21
1.8682322440944881
0
LINE
8
BLACK
6
CONTINUOUS
10
2.1751279921259843
20
1.8682322440944881
11
2.1780807480314959
21
1.8690234251968503
0
LINE
8
BLACK
6
CONTINUOUS
10
2.1780807480314959
20
1.8690234251968503
11
2.1975783070866139
21
1.8690234251968503
0
LINE
8
BLACK
6
CONTINUOUS
10
2.1975783070866139
20
1.8690234251968503
11
2.19888937007874
21
1.8686720866141733
0
LINE
8
BLACK
6
CONTINUOUS
10
2.1839862598425195
20
1.8422142519685039
11
2.1961842125984252
21
1.8422142519685039
0
LINE
8
BLACK
6
CONTINUOUS
10
2.1961842125984252
20
1.8422142519685039
11
2.1989545275590552
21
1.8435994094488188
0
LINE
8
BLACK
6
CONTINUOUS
10
2.1989545275590552
20
1.8435994094488188
11
2.2000364566929131
21
1.844681338582677
0
LINE
8
BLACK
6
CONTINUOUS
10
2.2000364566929131
20
1.844681338582677
11
2.2014215748031494
21
1.8474515748031495
0
LINE
8
BLACK
6
CONTINUOUS
10
2.2014215748031494
20
1.8474515748031495
11
2.2014215748031494
21
1.8519750787401574
0
LINE
8
BLACK
6
CONTINUOUS
10
2.2014215748031494
20
1.8519750787401574
11
2.2000364566929131
21
1.8547453149606299
0
LINE
8
BLACK
6
CONTINUOUS
10
2.2000364566929131
20
1.8547453149606299
11
2.1989545275590552
21
1.8558272440944881
0
LINE
8
BLACK
6
CONTINUOUS
10
2.1989545275590552
20
1.8558272440944881
11
2.1961842125984252
21
1.8572124015748031
0
LINE
8
BLACK
6
CONTINUOUS
10
2.1961842125984252
20
1.8572124015748031
11
2.1839862598425195
21
1.8572124015748031
0
LINE
8
BLACK
6
CONTINUOUS
10
2.1839862598425195
20
1.8572124015748031
11
2.1839862598425195
21
1.8422142519685039
0
LINE
8
BLACK
6
CONTINUOUS
10
2.2935473622047242
20
1.8687773228346456
11
2.2944964173228346
21
1.8687203543307087
0
LINE
8
BLACK
6
CONTINUOUS
10
2.2944964173228346
20
1.8687203543307087
11
2.3018080314960629
21
1.8662831496062993
0
LINE
8
BLACK
6
CONTINUOUS
10
2.3018080314960629
20
1.8662831496062993
11
2.3029407874015746
21
1.8655352362204725
0
LINE
8
BLACK
6
CONTINUOUS
10
2.3029407874015746
20
1.8655352362204725
11
2.3041164173228346
21
1.8648564960629921
0
LINE
8
BLACK
6
CONTINUOUS
10
2.3041164173228346
20
1.8648564960629921
11
2.3065535826771653
21
1.8624192913385826
0
LINE
8
BLACK
6
CONTINUOUS
10
2.3065535826771653
20
1.8624192913385826
11
2.3080820078740159
21
1.8597719291338581
0
LINE
8
BLACK
6
CONTINUOUS
10
2.3080820078740159
20
1.8597719291338581
11
2.3080820078740159
21
1.8567149999999999
0
LINE
8
BLACK
6
CONTINUOUS
10
2.3080820078740159
20
1.8567149999999999
11
2.3065535039370078
21
1.8540676377952756
0
LINE
8
BLACK
6
CONTINUOUS
10
2.3065535039370078
20
1.8540676377952756
11
2.3039061417322833
21
1.8525392125984252
0
LINE
8
BLACK
6
CONTINUOUS
10
2.3039061417322833
20
1.8525392125984252
11
2.300849212598425
21
1.8525392125984252
0
LINE
8
BLACK
6
CONTINUOUS
10
2.300849212598425
20
1.8525392125984252
11
2.298201850393701
21
1.8540677165354331
0
LINE
8
BLACK
6
CONTINUOUS
10
2.298201850393701
20
1.8540677165354331
11
2.2967504724409449
21
1.8555190551181102
0
LINE
8
BLACK
6
CONTINUOUS
10
2.2967504724409449
20
1.8555190551181102
11
2.2916706692913387
21
1.8572124015748031
0
LINE
8
BLACK
6
CONTINUOUS
10
2.2916706692913387
20
1.8572124015748031
11
2.2887128740157481
21
1.8572124015748031
0
LINE
8
BLACK
6
CONTINUOUS
10
2.2887128740157481
20
1.8572124015748031
11
2.2836330708661419
21
1.8555191338582677
0
LINE
8
BLACK
6
CONTINUOUS
10
2.2836330708661419
20
1.8555191338582677
11
2.2804220078740158
21
1.8523080708661417
0
LINE
8
BLACK
6
CONTINUOUS
10
2.2804220078740158
20
1.8523080708661417
11
2.2787033464566928
21
1.8488707874015748
0
LINE
8
BLACK
6
CONTINUOUS
10
2.2787033464566928
20
1.8488707874015748
11
2.2765997244094489
21
1.8404561811023621
0
LINE
8
BLACK
6
CONTINUOUS
10
2.2765997244094489
20
1.8404561811023621
11
2.2765997244094489
21
1.8345985039370079
0
LINE
8
BLACK
6
CONTINUOUS
10
2.2765997244094489
20
1.8345985039370079
11
2.2787033464566928
21
1.8261838976377953
0
LINE
8
BLACK
6
CONTINUOUS
10
2.2787033464566928
20
1.8261838976377953
11
2.2804220078740158
21
1.8227465748031495
0
LINE
8
BLACK
6
CONTINUOUS
10
2.2804220078740158
20
1.8227465748031495
11
2.2836330314960631
21
1.819535590551181
0
LINE
8
BLACK
6
CONTINUOUS
10
2.2836330314960631
20
1.819535590551181
11
2.2887128740157481
21
1.8178423228346456
0
LINE
8
BLACK
6
CONTINUOUS
10
2.2887128740157481
20
1.8178423228346456
11
2.2916706692913387
21
1.8178423228346456
0
LINE
8
BLACK
6
CONTINUOUS
10
2.2916706692913387
20
1.8178423228346456
11
2.2967505118110236
21
1.8195356299212597
0
LINE
8
BLACK
6
CONTINUOUS
10
2.2967505118110236
20
1.8195356299212597
11
2.2982018897637793
21
1.8209870078740158
0
LINE
8
BLACK
6
CONTINUOUS
10
2.2982018897637793
20
1.8209870078740158
11
2.3008492519685038
21
1.8225154724409449
0
LINE
8
BLACK
6
CONTINUOUS
10
2.3008492519685038
20
1.8225154724409449
11
2.303906181102362
21
1.8225154724409449
0
LINE
8
BLACK
6
CONTINUOUS
10
2.303906181102362
20
1.8225154724409449
11
2.3065535433070865
21
1.8209870078740158
0
LINE
8
BLACK
6
CONTINUOUS
10
2.3065535433070865
20
1.8209870078740158
11
2.3080820078740159
21
1.8183396456692913
0
LINE
8
BLACK
6
CONTINUOUS
10
2.3080820078740159
20
1.8183396456692913
11
2.3080820078740159
21
1.815282716535433
0
LINE
8
BLACK
6
CONTINUOUS
10
2.3080820078740159
20
1.815282716535433
11
2.3065535433070865
21
1.8126353543307085
0
LINE
8
BLACK
6
CONTINUOUS
10
2.3065535433070865
20
1.8126353543307085
11
2.3041163779527558
21
1.8101981889763779
0
LINE
8
BLACK
6
CONTINUOUS
10
2.3041163779527558
20
1.8101981889763779
11
2.3029407874015746
21
1.8095194488188977
0
LINE
8
BLACK
6
CONTINUOUS
10
2.3029407874015746
20
1.8095194488188977
11
2.3018080314960629
21
1.8087715748031497
0
LINE
8
BLACK
6
CONTINUOUS
10
2.3018080314960629
20
1.8087715748031497
11
2.2944964173228346
21
1.8063343700787402
0
LINE
8
BLACK
6
CONTINUOUS
10
2.2944964173228346
20
1.8063343700787402
11
2.2935473622047242
21
1.8062773622047243
0
LINE
8
BLACK
6
CONTINUOUS
10
2.2935473622047242
20
1.8062773622047243
11
2.2926289370078741
21
1.8060312992125984
0
LINE
8
BLACK
6
CONTINUOUS
10
2.2926289370078741
20
1.8060312992125984
11
2.2877545669291339
21
1.8060312992125984
0
LINE
8
BLACK
6
CONTINUOUS
10
2.2877545669291339
20
1.8060312992125984
11
2.2868361023622046
21
1.8062773622047243
0
LINE
8
BLACK
6
CONTINUOUS
10
2.2868361023622046
20
1.8062773622047243
11
2.2858870866141734
21
1.8063343700787402
0
LINE
8
BLACK
6
CONTINUOUS
10
2.2858870866141734
20
1.8063343700787402
11
2.2785755118110234
21
1.8087715748031497
0
LINE
8
BLACK
6
CONTINUOUS
10
2.2785755118110234
20
1.8087715748031497
11
2.2774427952755905
21
1.8095194094488189
0
LINE
8
BLACK
6
CONTINUOUS
10
2.2774427952755905
20
1.8095194094488189
11
2.2762671653543305
21
1.8101981889763779
0
LINE
8
BLACK
6
CONTINUOUS
10
2.2762671653543305
20
1.8101981889763779
11
2.2713927559055116
21
1.815072559055118
0
LINE
8
BLACK
6
CONTINUOUS
10
2.2713927559055116
20
1.815072559055118
11
2.2709173228346455
21
1.8158959448818897
0
LINE
8
BLACK
6
CONTINUOUS
10
2.2709173228346455
20
1.8158959448818897
11
2.2702865354330708
21
1.8166073622047243
0
LINE
8
BLACK
6
CONTINUOUS
10
2.2702865354330708
20
1.8166073622047243
11
2.2678493307086613
21
1.8214817716535432
0
LINE
8
BLACK
6
CONTINUOUS
10
2.2678493307086613
20
1.8214817716535432
11
2.2677185826771651
21
1.8221205118110235
0
LINE
8
BLACK
6
CONTINUOUS
10
2.2677185826771651
20
1.8221205118110235
11
2.2674022047244096
21
1.8226905118110235
0
LINE
8
BLACK
6
CONTINUOUS
10
2.2674022047244096
20
1.8226905118110235
11
2.2649650393700789
21
1.8324392913385827
0
LINE
8
BLACK
6
CONTINUOUS
10
2.2649650393700789
20
1.8324392913385827
11
2.2649772834645669
21
1.833167716535433
0
LINE
8
BLACK
6
CONTINUOUS
10
2.2649772834645669
20
1.833167716535433
11
2.2647887007874017
21
1.8338715748031496
0
LINE
8
BLACK
6
CONTINUOUS
10
2.2647887007874017
20
1.8338715748031496
11
2.2647887007874017
21
1.8411831496062991
0
LINE
8
BLACK
6
CONTINUOUS
10
2.2647887007874017
20
1.8411831496062991
11
2.2649772834645669
21
1.841886968503937
0
LINE
8
BLACK
6
CONTINUOUS
10
2.2649772834645669
20
1.841886968503937
11
2.2649650393700789
21
1.8426154330708662
0
LINE
8
BLACK
6
CONTINUOUS
10
2.2649650393700789
20
1.8426154330708662
11
2.2674022047244096
21
1.8523642125984252
0
LINE
8
BLACK
6
CONTINUOUS
10
2.2674022047244096
20
1.8523642125984252
11
2.2677185826771651
21
1.8529341732283464
0
LINE
8
BLACK
6
CONTINUOUS
10
2.2677185826771651
20
1.8529341732283464
11
2.2678493307086613
21
1.8535729527559055
0
LINE
8
BLACK
6
CONTINUOUS
10
2.2678493307086613
20
1.8535729527559055
11
2.2702865354330708
21
1.8584473622047244
0
LINE
8
BLACK
6
CONTINUOUS
10
2.2702865354330708
20
1.8584473622047244
11
2.2709173622047243
21
1.8591587401574803
0
LINE
8
BLACK
6
CONTINUOUS
10
2.2709173622047243
20
1.8591587401574803
11
2.2713927559055116
21
1.8599821259842519
0
LINE
8
BLACK
6
CONTINUOUS
10
2.2713927559055116
20
1.8599821259842519
11
2.2762671653543305
21
1.8648565354330708
0
LINE
8
BLACK
6
CONTINUOUS
10
2.2762671653543305
20
1.8648565354330708
11
2.2774429133858267
21
1.8655353543307087
0
LINE
8
BLACK
6
CONTINUOUS
10
2.2774429133858267
20
1.8655353543307087
11
2.2785755118110234
21
1.8662831496062993
0
LINE
8
BLACK
6
CONTINUOUS
10
2.2785755118110234
20
1.8662831496062993
11
2.2858870866141734
21
1.8687203543307087
0
LINE
8
BLACK
6
CONTINUOUS
10
2.2858870866141734
20
1.8687203543307087
11
2.2868361023622046
21
1.8687773228346456
0
LINE
8
BLACK
6
CONTINUOUS
10
2.2868361023622046
20
1.8687773228346456
11
2.2877545669291339
21
1.8690234251968503
0
LINE
8
BLACK
6
CONTINUOUS
10
2.2877545669291339
20
1.8690234251968503
11
2.2926289370078741
21
1.8690234251968503
0
LINE
8
BLACK
6
CONTINUOUS
10
2.2926289370078741
20
1.8690234251968503
11
2.2935473622047242
21
1.8687773228346456
0
LINE
8
BLACK
6
CONTINUOUS
10
2.3516372047244092
20
1.8682322440944881
11
2.3537987795275588
21
1.8660706692913385
0
LINE
8
BLACK
6
CONTINUOUS
10
2.3537987795275588
20
1.8660706692913385
11
2.3545899606299212
21
1.8631179133858267
0
LINE
8
BLACK
6
CONTINUOUS
10
2.3545899606299212
20
1.8631179133858267
11
2.3537987795275588
21
1.8601651574803149
0
LINE
8
BLACK
6
CONTINUOUS
10
2.3537987795275588
20
1.8601651574803149
11
2.3516372047244092
21
1.8580035826771653
0
LINE
8
BLACK
6
CONTINUOUS
10
2.3516372047244092
20
1.8580035826771653
11
2.3486844488188976
21
1.8572124015748031
0
LINE
8
BLACK
6
CONTINUOUS
10
2.3486844488188976
20
1.8572124015748031
11
2.3302179921259842
21
1.8572124015748031
0
LINE
8
BLACK
6
CONTINUOUS
10
2.3302179921259842
20
1.8572124015748031
11
2.3302179921259842
21
1.8446514566929133
0
LINE
8
BLACK
6
CONTINUOUS
10
2.3302179921259842
20
1.8446514566929133
11
2.341372874015748
21
1.8446514566929133
0
LINE
8
BLACK
6
CONTINUOUS
10
2.341372874015748
20
1.8446514566929133
11
2.3443256299212596
21
1.8438602755905511
0
LINE
8
BLACK
6
CONTINUOUS
10
2.3443256299212596
20
1.8438602755905511
11
2.3464872047244092
21
1.8416987007874015
0
LINE
8
BLACK
6
CONTINUOUS
10
2.3464872047244092
20
1.8416987007874015
11
2.3472783858267716
21
1.8387459448818897
0
LINE
8
BLACK
6
CONTINUOUS
10
2.3472783858267716
20
1.8387459448818897
11
2.3464872047244092
21
1.8357931889763779
0
LINE
8
BLACK
6
CONTINUOUS
10
2.3464872047244092
20
1.8357931889763779
11
2.3443256299212596
21
1.8336316141732283
0
LINE
8
BLACK
6
CONTINUOUS
10
2.3443256299212596
20
1.8336316141732283
11
2.341372874015748
21
1.8328404330708661
0
LINE
8
BLACK
6
CONTINUOUS
10
2.341372874015748
20
1.8328404330708661
11
2.3302179921259842
21
1.8328404330708661
0
LINE
8
BLACK
6
CONTINUOUS
10
2.3302179921259842
20
1.8328404330708661
11
2.3302179921259842
21
1.8178423228346456
0
LINE
8
BLACK
6
CONTINUOUS
10
2.3302179921259842
20
1.8178423228346456
11
2.3486844488188976
21
1.8178423228346456
0
LINE
8
BLACK
6
CONTINUOUS
10
2.3486844488188976
20
1.8178423228346456
11
2.3516372047244092
21
1.8170511417322834
0
LINE
8
BLACK
6
CONTINUOUS
10
2.3516372047244092
20
1.8170511417322834
11
2.3537987795275588
21
1.8148895669291338
0
LINE
8
BLACK
6
CONTINUOUS
10
2.3537987795275588
20
1.8148895669291338
11
2.3545899606299212
21
1.811936811023622
0
LINE
8
BLACK
6
CONTINUOUS
10
2.3545899606299212
20
1.811936811023622
11
2.3537987795275588
21
1.8089840551181102
0
LINE
8
BLACK
6
CONTINUOUS
10
2.3537987795275588
20
1.8089840551181102
11
2.3516372047244092
21
1.8068224803149606
0
LINE
8
BLACK
6
CONTINUOUS
10
2.3516372047244092
20
1.8068224803149606
11
2.3486844488188976
21
1.8060312992125984
0
LINE
8
BLACK
6
CONTINUOUS
10
2.3486844488188976
20
1.8060312992125984
11
2.3243124803149606
21
1.8060312992125984
0
LINE
8
BLACK
6
CONTINUOUS
10
2.3243124803149606
20
1.8060312992125984
11
2.3213597244094486
21
1.8068224803149606
0
LINE
8
BLACK
6
CONTINUOUS
10
2.3213597244094486
20
1.8068224803149606
11
2.319198149606299
21
1.8089840551181102
0
LINE
8
BLACK
6
CONTINUOUS
10
2.319198149606299
20
1.8089840551181102
11
2.318406968503937
21
1.811936811023622
0
LINE
8
BLACK
6
CONTINUOUS
10
2.318406968503937
20
1.811936811023622
11
2.318406968503937
21
1.8631179133858267
0
LINE
8
BLACK
6
CONTINUOUS
10
2.318406968503937
20
1.8631179133858267
11
2.319198149606299
21
1.8660706692913385
0
LINE
8
BLACK
6
CONTINUOUS
10
2.319198149606299
20
1.8660706692913385
11
2.3213597244094486
21
1.8682322440944881
0
LINE
8
BLACK
6
CONTINUOUS
10
2.3213597244094486
20
1.8682322440944881
11
2.3243124803149606
21
1.8690234251968503
0
LINE
8
BLACK
6
CONTINUOUS
10
2.3243124803149606
20
1.8690234251968503
11
2.3486844488188976
21
1.8690234251968503
0
LINE
8
BLACK
6
CONTINUOUS
10
2.3486844488188976
20
1.8690234251968503
11
2.3516372047244092
21
1.8682322440944881
0
LINE
8
BLACK
6
CONTINUOUS
10
2.3837235826771654
20
1.8687773228346456
11
2.3846726377952754
21
1.8687203543307087
0
LINE
8
BLACK
6
CONTINUOUS
10
2.3846726377952754
20
1.8687203543307087
11
2.3919842519685037
21
1.8662831496062993
0
LINE
8
BLACK
6
CONTINUOUS
10
2.3919842519685037
20
1.8662831496062993
11
2.3931169291338583
21
1.8655352755905512
0
LINE
8
BLACK
6
CONTINUOUS
10
2.3931169291338583
20
1.8655352755905512
11
2.3942925590551178
21
1.8648565354330708
0
LINE
8
BLACK
6
CONTINUOUS
10
2.3942925590551178
20
1.8648565354330708
11
2.3991669685039367
21
1.8599821259842519
0
LINE
8
BLACK
6
CONTINUOUS
10
2.3991669685039367
20
1.8599821259842519
11
2.3996423622047245
21
1.8591586614173228
0
LINE
8
BLACK
6
CONTINUOUS
10
2.3996423622047245
20
1.8591586614173228
11
2.400273188976378
21
1.8584473228346456
0
LINE
8
BLACK
6
CONTINUOUS
10
2.400273188976378
20
1.8584473228346456
11
2.4027103937007874
21
1.8535729527559055
0
LINE
8
BLACK
6
CONTINUOUS
10
2.4027103937007874
20
1.8535729527559055
11
2.4028411023622045
21
1.8529341732283464
0
LINE
8
BLACK
6
CONTINUOUS
10
2.4028411023622045
20
1.8529341732283464
11
2.4031575196850392
21
1.8523642125984252
0
LINE
8
BLACK
6
CONTINUOUS
10
2.4031575196850392
20
1.8523642125984252
11
2.4055947244094487
21
1.8426154330708662
0
LINE
8
BLACK
6
CONTINUOUS
10
2.4055947244094487
20
1.8426154330708662
11
2.4055824409448818
21
1.8418868503937007
0
LINE
8
BLACK
6
CONTINUOUS
10
2.4055824409448818
20
1.8418868503937007
11
2.4057710236220471
21
1.8411831496062991
0
LINE
8
BLACK
6
CONTINUOUS
10
2.4057710236220471
20
1.8411831496062991
11
2.4057710236220471
21
1.8338715748031496
0
LINE
8
BLACK
6
CONTINUOUS
10
2.4057710236220471
20
1.8338715748031496
11
2.4055824409448818
21
1.8331678346456692
0
LINE
8
BLACK
6
CONTINUOUS
10
2.4055824409448818
20
1.8331678346456692
11
2.4055947244094487
21
1.8324392913385827
0
LINE
8
BLACK
6
CONTINUOUS
10
2.4055947244094487
20
1.8324392913385827
11
2.4031575196850392
21
1.8226905118110235
0
LINE
8
BLACK
6
CONTINUOUS
10
2.4031575196850392
20
1.8226905118110235
11
2.4028411023622045
21
1.8221205118110235
0
LINE
8
BLACK
6
CONTINUOUS
10
2.4028411023622045
20
1.8221205118110235
11
2.4027103937007874
21
1.8214817716535432
0
LINE
8
BLACK
6
CONTINUOUS
10
2.4027103937007874
20
1.8214817716535432
11
2.400273188976378
21
1.8166073622047243
0
LINE
8
BLACK
6
CONTINUOUS
10
2.400273188976378
20
1.8166073622047243
11
2.3996423622047245
21
1.8158959448818897
0
LINE
8
BLACK
6
CONTINUOUS
10
2.3996423622047245
20
1.8158959448818897
11
2.3991669685039367
21
1.815072559055118
0
LINE
8
BLACK
6
CONTINUOUS
10
2.3991669685039367
20
1.815072559055118
11
2.3942925590551178
21
1.8101981889763779
0
LINE
8
BLACK
6
CONTINUOUS
10
2.3942925590551178
20
1.8101981889763779
11
2.3931170472440946
21
1.809519527559055
0
LINE
8
BLACK
6
CONTINUOUS
10
2.3931170472440946
20
1.809519527559055
11
2.3919842519685037
21
1.8087715748031497
0
LINE
8
BLACK
6
CONTINUOUS
10
2.3919842519685037
20
1.8087715748031497
11
2.3846726377952754
21
1.8063343700787402
0
LINE
8
BLACK
6
CONTINUOUS
10
2.3846726377952754
20
1.8063343700787402
11
2.3837235826771654
21
1.8062773622047243
0
LINE
8
BLACK
6
CONTINUOUS
10
2.3837235826771654
20
1.8062773622047243
11
2.3828051574803149
21
1.8060312992125984
0
LINE
8
BLACK
6
CONTINUOUS
10
2.3828051574803149
20
1.8060312992125984
11
2.3706191732283464
21
1.8060312992125984
0
LINE
8
BLACK
6
CONTINUOUS
10
2.3706191732283464
20
1.8060312992125984
11
2.3676664173228348
21
1.8068224803149606
0
LINE
8
BLACK
6
CONTINUOUS
10
2.3676664173228348
20
1.8068224803149606
11
2.3655048425196852
21
1.8089840551181102
0
LINE
8
BLACK
6
CONTINUOUS
10
2.3655048425196852
20
1.8089840551181102
11
2.3647136614173228
21
1.811936811023622
0
LINE
8
BLACK
6
CONTINUOUS
10
2.3647136614173228
20
1.811936811023622
11
2.3647136614173228
21
1.8631179133858267
0
LINE
8
BLACK
6
CONTINUOUS
10
2.3647136614173228
20
1.8631179133858267
11
2.3655048425196852
21
1.8660706692913385
0
LINE
8
BLACK
6
CONTINUOUS
10
2.3655048425196852
20
1.8660706692913385
11
2.3676664173228348
21
1.8682322440944881
0
LINE
8
BLACK
6
CONTINUOUS
10
2.3676664173228348
20
1.8682322440944881
11
2.3706191732283464
21
1.8690234251968503
0
LINE
8
BLACK
6
CONTINUOUS
10
2.3706191732283464
20
1.8690234251968503
11
2.3828051574803149
21
1.8690234251968503
0
LINE
8
BLACK
6
CONTINUOUS
10
2.3828051574803149
20
1.8690234251968503
11
2.3837235826771654
21
1.8687773228346456
0
LINE
8
BLACK
6
CONTINUOUS
10
2.37652468503937
20
1.8178423228346456
11
2.3818468897637795
21
1.8178423228346456
0
LINE
8
BLACK
6
CONTINUOUS
10
2.3818468897637795
20
1.8178423228346456
11
2.3869266535433069
21
1.819535590551181
0
LINE
8
BLACK
6
CONTINUOUS
10
2.3869266535433069
20
1.819535590551181
11
2.3901376771653542
21
1.8227465748031495
0
LINE
8
BLACK
6
CONTINUOUS
10
2.3901376771653542
20
1.8227465748031495
11
2.391856377952756
21
1.8261840157480314
0
LINE
8
BLACK
6
CONTINUOUS
10
2.391856377952756
20
1.8261840157480314
11
2.3939599999999999
21
1.8345984645669291
0
LINE
8
BLACK
6
CONTINUOUS
10
2.3939599999999999
20
1.8345984645669291
11
2.3939599999999999
21
1.8404562204724408
0
LINE
8
BLACK
6
CONTINUOUS
10
2.3939599999999999
20
1.8404562204724408
11
2.3918564173228347
21
1.8488705905511811
0
LINE
8
BLACK
6
CONTINUOUS
10
2.3918564173228347
20
1.8488705905511811
11
2.3901376771653542
21
1.8523081102362204
0
LINE
8
BLACK
6
CONTINUOUS
10
2.3901376771653542
20
1.8523081102362204
11
2.3869266141732282
21
1.8555191338582677
0
LINE
8
BLACK
6
CONTINUOUS
10
2.3869266141732282
20
1.8555191338582677
11
2.3818468897637795
21
1.8572124015748031
0
LINE
8
BLACK
6
CONTINUOUS
10
2.3818468897637795
20
1.8572124015748031
11
2.37652468503937
21
1.8572124015748031
0
LINE
8
BLACK
6
CONTINUOUS
10
2.37652468503937
20
1.8572124015748031
11
2.37652468503937
21
1.8178423228346456
0
LINE
8
BLACK
6
CONTINUOUS
10
2.4426088976377951
20
1.8686720866141733
11
2.4439388582677166
21
1.8683999606299213
0
LINE
8
BLACK
6
CONTINUOUS
10
2.4439388582677166
20
1.8683999606299213
11
2.4488132677165355
21
1.8659627559055119
0
LINE
8
BLACK
6
CONTINUOUS
10
2.4488132677165355
20
1.8659627559055119
11
2.4495246456692912
21
1.8653319291338581
0
LINE
8
BLACK
6
CONTINUOUS
10
2.4495246456692912
20
1.8653319291338581
11
2.4503480708661418
21
1.8648565354330708
0
LINE
8
BLACK
6
CONTINUOUS
10
2.4503480708661418
20
1.8648565354330708
11
2.455222440944882
21
1.8599821259842519
0
LINE
8
BLACK
6
CONTINUOUS
10
2.455222440944882
20
1.8599821259842519
11
2.4552480708661415
21
1.8599376771653542
0
LINE
8
BLACK
6
CONTINUOUS
10
2.4552480708661415
20
1.8599376771653542
11
2.4552920866141732
21
1.8599112992125983
0
LINE
8
BLACK
6
CONTINUOUS
10
2.4552920866141732
20
1.8599112992125983
11
2.4560105511811021
21
1.8586170078740156
0
LINE
8
BLACK
6
CONTINUOUS
10
2.4560105511811021
20
1.8586170078740156
11
2.4567509055118109
21
1.8573347244094487
0
LINE
8
BLACK
6
CONTINUOUS
10
2.4567509055118109
20
1.8573347244094487
11
2.4567509055118109
21
1.8572833858267717
0
LINE
8
BLACK
6
CONTINUOUS
10
2.4567509055118109
20
1.8572833858267717
11
2.4567757874015745
21
1.8572385826771654
0
LINE
8
BLACK
6
CONTINUOUS
10
2.4567757874015745
20
1.8572385826771654
11
2.459212992125984
21
1.8474898031496063
0
LINE
8
BLACK
6
CONTINUOUS
10
2.459212992125984
20
1.8474898031496063
11
2.4592007086614172
21
1.8467612992125984
0
LINE
8
BLACK
6
CONTINUOUS
10
2.4592007086614172
20
1.8467612992125984
11
2.4593893307086612
21
1.8460575196850393
0
LINE
8
BLACK
6
CONTINUOUS
10
2.4593893307086612
20
1.8460575196850393
11
2.4593893307086612
21
1.8289971653543307
0
LINE
8
BLACK
6
CONTINUOUS
10
2.4593893307086612
20
1.8289971653543307
11
2.4592007086614172
21
1.8282933464566928
0
LINE
8
BLACK
6
CONTINUOUS
10
2.4592007086614172
20
1.8282933464566928
11
2.459212992125984
21
1.8275648818897638
0
LINE
8
BLACK
6
CONTINUOUS
10
2.459212992125984
20
1.8275648818897638
11
2.4567757874015745
21
1.8178161023622046
0
LINE
8
BLACK
6
CONTINUOUS
10
2.4567757874015745
20
1.8178161023622046
11
2.4567509055118109
21
1.8177712598425197
0
LINE
8
BLACK
6
CONTINUOUS
10
2.4567509055118109
20
1.8177712598425197
11
2.4567509055118109
21
1.8177199212598425
0
LINE
8
BLACK
6
CONTINUOUS
10
2.4567509055118109
20
1.8177199212598425
11
2.4560102362204725
21
1.8164370866141732
0
LINE
8
BLACK
6
CONTINUOUS
10
2.4560102362204725
20
1.8164370866141732
11
2.4552920866141732
21
1.8151433858267716
0
LINE
8
BLACK
6
CONTINUOUS
10
2.4552920866141732
20
1.8151433858267716
11
2.4552480708661415
21
1.815116968503937
0
LINE
8
BLACK
6
CONTINUOUS
10
2.4552480708661415
20
1.815116968503937
11
2.455222440944882
21
1.815072559055118
0
LINE
8
BLACK
6
CONTINUOUS
10
2.455222440944882
20
1.815072559055118
11
2.4503480708661418
21
1.8101981889763779
0
LINE
8
BLACK
6
CONTINUOUS
10
2.4503480708661418
20
1.8101981889763779
11
2.4495246456692912
21
1.8097227952755905
0
LINE
8
BLACK
6
CONTINUOUS
10
2.4495246456692912
20
1.8097227952755905
11
2.4488132677165355
21
1.8090919685039371
0
LINE
8
BLACK
6
CONTINUOUS
10
2.4488132677165355
20
1.8090919685039371
11
2.4439388582677166
21
1.8066547637795276
0
LINE
8
BLACK
6
CONTINUOUS
10
2.4439388582677166
20
1.8066547637795276
11
2.4426088976377951
21
1.8063825984251969
0
LINE
8
BLACK
6
CONTINUOUS
10
2.4426088976377951
20
1.8063825984251969
11
2.4412978346456691
21
1.8060312992125984
0
LINE
8
BLACK
6
CONTINUOUS
10
2.4412978346456691
20
1.8060312992125984
11
2.43154905511811
21
1.8060312992125984
0
LINE
8
BLACK
6
CONTINUOUS
10
2.43154905511811
20
1.8060312992125984
11
2.4302379527559053
21
1.8063825984251969
0
LINE
8
BLACK
6
CONTINUOUS
10
2.4302379527559053
20
1.8063825984251969
11
2.4289080314960629
21
1.8066547637795276
0
LINE
8
BLACK
6
CONTINUOUS
10
2.4289080314960629
20
1.8066547637795276
11
2.4240336614173228
21
1.8090919685039371
0
LINE
8
BLACK
6
CONTINUOUS
10
2.4240336614173228
20
1.8090919685039371
11
2.4233222440944879
21
1.8097227559055118
0
LINE
8
BLACK
6
CONTINUOUS
10
2.4233222440944879
20
1.8097227559055118
11
2.4224988582677165
21
1.8101981889763779
0
LINE
8
BLACK
6
CONTINUOUS
10
2.4224988582677165
20
1.8101981889763779
11
2.4176244488188976
21
1.815072559055118
0
LINE
8
BLACK
6
CONTINUOUS
10
2.4176244488188976
20
1.815072559055118
11
2.4175987795275589
21
1.815116968503937
0
LINE
8
BLACK
6
CONTINUOUS
10
2.4175987795275589
20
1.815116968503937
11
2.4175548031496064
21
1.8151433858267716
0
LINE
8
BLACK
6
CONTINUOUS
10
2.4175548031496064
20
1.8151433858267716
11
2.4168368897637795
21
1.8164365748031495
0
LINE
8
BLACK
6
CONTINUOUS
10
2.4168368897637795
20
1.8164365748031495
11
2.4160959842519683
21
1.8177198818897637
0
LINE
8
BLACK
6
CONTINUOUS
10
2.4160959842519683
20
1.8177198818897637
11
2.4160959842519683
21
1.8177712598425197
0
LINE
8
BLACK
6
CONTINUOUS
10
2.4160959842519683
20
1.8177712598425197
11
2.4160711023622046
21
1.8178161023622046
0
LINE
8
BLACK
6
CONTINUOUS
10
2.4160711023622046
20
1.8178161023622046
11
2.4136339370078739
21
1.8275648818897638
0
LINE
8
BLACK
6
CONTINUOUS
10
2.4136339370078739
20
1.8275648818897638
11
2.413646181102362
21
1.8282933070866141
0
LINE
8
BLACK
6
CONTINUOUS
10
2.413646181102362
20
1.8282933070866141
11
2.4134575984251967
21
1.8289971653543307
0
LINE
8
BLACK
6
CONTINUOUS
10
2.4134575984251967
20
1.8289971653543307
11
2.4134575984251967
21
1.8460575196850393
0
LINE
8
BLACK
6
CONTINUOUS
10
2.4134575984251967
20
1.8460575196850393
11
2.413646181102362
21
1.8467613385826771
0
LINE
8
BLACK
6
CONTINUOUS
10
2.413646181102362
20
1.8467613385826771
11
2.4136339370078739
21
1.8474898031496063
0
LINE
8
BLACK
6
CONTINUOUS
10
2.4136339370078739
20
1.8474898031496063
11
2.4160711023622046
21
1.8572385826771654
0
LINE
8
BLACK
6
CONTINUOUS
10
2.4160711023622046
20
1.8572385826771654
11
2.4160959842519683
21
1.8572833858267717
0
LINE
8
BLACK
6
CONTINUOUS
10
2.4160959842519683
20
1.8572833858267717
11
2.4160959842519683
21
1.8573347637795274
0
LINE
8
BLACK
6
CONTINUOUS
10
2.4160959842519683
20
1.8573347637795274
11
2.4168366141732283
21
1.8586175590551182
0
LINE
8
BLACK
6
CONTINUOUS
10
2.4168366141732283
20
1.8586175590551182
11
2.4175548031496064
21
1.8599112992125983
0
LINE
8
BLACK
6
CONTINUOUS
10
2.4175548031496064
20
1.8599112992125983
11
2.4175987795275589
21
1.8599376771653542
0
LINE
8
BLACK
6
CONTINUOUS
10
2.4175987795275589
20
1.8599376771653542
11
2.4176244488188976
21
1.8599821259842519
0
LINE
8
BLACK
6
CONTINUOUS
10
2.4176244488188976
20
1.8599821259842519
11
2.4224988582677165
21
1.8648565354330708
0
LINE
8
BLACK
6
CONTINUOUS
10
2.4224988582677165
20
1.8648565354330708
11
2.4233222834645667
21
1.8653319291338581
0
LINE
8
BLACK
6
CONTINUOUS
10
2.4233222834645667
20
1.8653319291338581
11
2.4240336614173228
21
1.8659627559055119
0
LINE
8
BLACK
6
CONTINUOUS
10
2.4240336614173228
20
1.8659627559055119
11
2.4289080314960629
21
1.8683999606299213
0
LINE
8
BLACK
6
CONTINUOUS
10
2.4289080314960629
20
1.8683999606299213
11
2.4302379527559053
21
1.8686720866141733
0
LINE
8
BLACK
6
CONTINUOUS
10
2.4302379527559053
20
1.8686720866141733
11
2.43154905511811
21
1.8690234251968503
0
LINE
8
BLACK
6
CONTINUOUS
10
2.43154905511811
20
1.8690234251968503
11
2.4412978346456691
21
1.8690234251968503
0
LINE
8
BLACK
6
CONTINUOUS
10
2.4412978346456691
20
1.8690234251968503
11
2.4426088976377951
21
1.8686720866141733
0
LINE
8
BLACK
6
CONTINUOUS
10
2.430172874015748
20
1.8558272440944881
11
2.4271327559055118
21
1.8527871259842519
0
LINE
8
BLACK
6
CONTINUOUS
10
2.4271327559055118
20
1.8527871259842519
11
2.4252686220472439
21
1.8453305511811022
0
LINE
8
BLACK
6
CONTINUOUS
10
2.4252686220472439
20
1.8453305511811022
11
2.4252686220472439
21
1.829724094488189
0
LINE
8
BLACK
6
CONTINUOUS
10
2.4252686220472439
20
1.829724094488189
11
2.4271327559055118
21
1.8222675590551181
0
LINE
8
BLACK
6
CONTINUOUS
10
2.4271327559055118
20
1.8222675590551181
11
2.4301728346456692
21
1.8192274803149606
0
LINE
8
BLACK
6
CONTINUOUS
10
2.4301728346456692
20
1.8192274803149606
11
2.432943188976378
21
1.8178423228346456
0
LINE
8
BLACK
6
CONTINUOUS
10
2.432943188976378
20
1.8178423228346456
11
2.4399037401574803
21
1.8178423228346456
0
LINE
8
BLACK
6
CONTINUOUS
10
2.4399037401574803
20
1.8178423228346456
11
2.4426740551181103
21
1.8192274803149606
0
LINE
8
BLACK
6
CONTINUOUS
10
2.4426740551181103
20
1.8192274803149606
11
2.4457141732283465
21
1.8222675984251968
0
LINE
8
BLACK
6
CONTINUOUS
10
2.4457141732283465
20
1.8222675984251968
11
2.4475783070866139
21
1.8297241338582677
0
LINE
8
BLACK
6
CONTINUOUS
10
2.4475783070866139
20
1.8297241338582677
11
2.4475783070866139
21
1.8453305511811022
0
LINE
8
BLACK
6
CONTINUOUS
10
2.4475783070866139
20
1.8453305511811022
11
2.4457141338582677
21
1.8527870866141731
0
LINE
8
BLACK
6
CONTINUOUS
10
2.4457141338582677
20
1.8527870866141731
11
2.4426740157480316
21
1.8558272440944881
0
LINE
8
BLACK
6
CONTINUOUS
10
2.4426740157480316
20
1.8558272440944881
11
2.4399037401574803
21
1.8572124015748031
0
LINE
8
BLACK
6
CONTINUOUS
10
2.4399037401574803
20
1.8572124015748031
11
2.432943188976378
21
1.8572124015748031
0
LINE
8
BLACK
6
CONTINUOUS
10
2.432943188976378
20
1.8572124015748031
11
2.430172874015748
21
1.8558272440944881
0
LINE
8
BLACK
6
CONTINUOUS
10
2.4958345669291337
20
1.8687773228346456
11
2.4967836220472441
21
1.8687203543307087
0
LINE
8
BLACK
6
CONTINUOUS
10
2.4967836220472441
20
1.8687203543307087
11
2.5040952362204725
21
1.8662831496062993
0
LINE
8
BLACK
6
CONTINUOUS
10
2.5040952362204725
20
1.8662831496062993
11
2.5066462992125982
21
1.8645988582677164
0
LINE
8
BLACK
6
CONTINUOUS
10
2.5066462992125982
20
1.8645988582677164
11
2.5080133858267715
21
1.8618646456692913
0
LINE
8
BLACK
6
CONTINUOUS
10
2.5080133858267715
20
1.8618646456692913
11
2.5078302362204723
21
1.8588132283464567
0
LINE
8
BLACK
6
CONTINUOUS
10
2.5078302362204723
20
1.8588132283464567
11
2.5061459055118109
21
1.8562621653543308
0
LINE
8
BLACK
6
CONTINUOUS
10
2.5061459055118109
20
1.8562621653543308
11
2.5034116929133856
21
1.8548950787401575
0
LINE
8
BLACK
6
CONTINUOUS
10
2.5034116929133856
20
1.8548950787401575
11
2.500360275590551
21
1.8550782283464566
0
LINE
8
BLACK
6
CONTINUOUS
10
2.500360275590551
20
1.8550782283464566
11
2.4939578740157478
21
1.8572124015748031
0
LINE
8
BLACK
6
CONTINUOUS
10
2.4939578740157478
20
1.8572124015748031
11
2.4841242913385826
21
1.8572124015748031
0
LINE
8
BLACK
6
CONTINUOUS
10
2.4841242913385826
20
1.8572124015748031
11
2.4813539763779526
21
1.8558272440944881
0
LINE
8
BLACK
6
CONTINUOUS
10
2.4813539763779526
20
1.8558272440944881
11
2.4802720472440942
21
1.8547453149606299
0
LINE
8
BLACK
6
CONTINUOUS
10
2.4802720472440942
20
1.8547453149606299
11
2.478886929133858
21
1.8519750393700787
0
LINE
8
BLACK
6
CONTINUOUS
10
2.478886929133858
20
1.8519750393700787
11
2.478886929133858
21
1.8498887795275589
0
LINE
8
BLACK
6
CONTINUOUS
10
2.478886929133858
20
1.8498887795275589
11
2.4802720472440942
21
1.8471185039370079
0
LINE
8
BLACK
6
CONTINUOUS
10
2.4802720472440942
20
1.8471185039370079
11
2.4813539763779526
21
1.8460366141732283
0
LINE
8
BLACK
6
CONTINUOUS
10
2.4813539763779526
20
1.8460366141732283
11
2.4847914566929132
21
1.844317874015748
0
LINE
8
BLACK
6
CONTINUOUS
10
2.4847914566929132
20
1.844317874015748
11
2.4939112992125985
21
1.8420379133858267
0
LINE
8
BLACK
6
CONTINUOUS
10
2.4939112992125985
20
1.8420379133858267
11
2.4944812598425194
21
1.8417214566929134
0
LINE
8
BLACK
6
CONTINUOUS
10
2.4944812598425194
20
1.8417214566929134
11
2.49512
21
1.8415907874015747
0
LINE
8
BLACK
6
CONTINUOUS
10
2.49512
20
1.8415907874015747
11
2.4999943307086614
21
1.839153622047244
0
LINE
8
BLACK
6
CONTINUOUS
10
2.4999943307086614
20
1.839153622047244
11
2.50070562992126
21
1.8385228346456692
0
LINE
8
BLACK
6
CONTINUOUS
10
2.50070562992126
20
1.8385228346456692
11
2.5015291732283464
21
1.8380474015748032
0
LINE
8
BLACK
6
CONTINUOUS
10
2.5015291732283464
20
1.8380474015748032
11
2.5039663779527559
21
1.8356101968503937
0
LINE
8
BLACK
6
CONTINUOUS
10
2.5039663779527559
20
1.8356101968503937
11
2.5044417322834645
21
1.8347867716535433
0
LINE
8
BLACK
6
CONTINUOUS
10
2.5044417322834645
20
1.8347867716535433
11
2.5050725984251967
21
1.8340753937007874
0
LINE
8
BLACK
6
CONTINUOUS
10
2.5050725984251967
20
1.8340753937007874
11
2.5075098031496061
21
1.8292009842519685
0
LINE
8
BLACK
6
CONTINUOUS
10
2.5075098031496061
20
1.8292009842519685
11
2.5077819291338583
21
1.8278710236220472
0
LINE
8
BLACK
6
CONTINUOUS
10
2.5077819291338583
20
1.8278710236220472
11
2.5081332677165356
21
1.8265599606299212
0
LINE
8
BLACK
6
CONTINUOUS
10
2.5081332677165356
20
1.8265599606299212
11
2.5081332677165356
21
1.8216855905511811
0
LINE
8
BLACK
6
CONTINUOUS
10
2.5081332677165356
20
1.8216855905511811
11
2.5077819291338583
21
1.8203744881889763
0
LINE
8
BLACK
6
CONTINUOUS
10
2.5077819291338583
20
1.8203744881889763
11
2.5075098031496061
21
1.8190445669291337
0
LINE
8
BLACK
6
CONTINUOUS
10
2.5075098031496061
20
1.8190445669291337
11
2.5050725984251967
21
1.8141701574803148
0
LINE
8
BLACK
6
CONTINUOUS
10
2.5050725984251967
20
1.8141701574803148
11
2.5044417322834645
21
1.8134587401574802
0
LINE
8
BLACK
6
CONTINUOUS
10
2.5044417322834645
20
1.8134587401574802
11
2.5039663385826771
21
1.8126353149606298
0
LINE
8
BLACK
6
CONTINUOUS
10
2.5039663385826771
20
1.8126353149606298
11
2.5015291338582677
21
1.8101981496062991
0
LINE
8
BLACK
6
CONTINUOUS
10
2.5015291338582677
20
1.8101981496062991
11
2.5007057874015746
21
1.8097227952755905
0
LINE
8
BLACK
6
CONTINUOUS
10
2.5007057874015746
20
1.8097227952755905
11
2.4999944094488189
21
1.8090919685039371
0
LINE
8
BLACK
6
CONTINUOUS
10
2.4999944094488189
20
1.8090919685039371
11
2.49512
21
1.8066547637795276
0
LINE
8
BLACK
6
CONTINUOUS
10
2.49512
20
1.8066547637795276
11
2.4937900393700785
21
1.8063825984251969
0
LINE
8
BLACK
6
CONTINUOUS
10
2.4937900393700785
20
1.8063825984251969
11
2.4924789763779529
21
1.8060312992125984
0
LINE
8
BLACK
6
CONTINUOUS
10
2.4924789763779529
20
1.8060312992125984
11
2.480292992125984
21
1.8060312992125984
0
LINE
8
BLACK
6
CONTINUOUS
10
2.480292992125984
20
1.8060312992125984
11
2.4793745275590551
21
1.8062773622047243
0
LINE
8
BLACK
6
CONTINUOUS
10
2.4793745275590551
20
1.8062773622047243
11
2.4784255118110234
21
1.8063343700787402
0
LINE
8
BLACK
6
CONTINUOUS
10
2.4784255118110234
20
1.8063343700787402
11
2.4711139370078739
21
1.8087715748031497
0
LINE
8
BLACK
6
CONTINUOUS
10
2.4711139370078739
20
1.8087715748031497
11
2.4685628740157481
21
1.810455905511811
0
LINE
8
BLACK
6
CONTINUOUS
10
2.4685628740157481
20
1.810455905511811
11
2.4671957874015749
21
1.8131900787401574
0
LINE
8
BLACK
6
CONTINUOUS
10
2.4671957874015749
20
1.8131900787401574
11
2.4673789763779528
21
1.816241496062992
0
LINE
8
BLACK
6
CONTINUOUS
10
2.4673789763779528
20
1.816241496062992
11
2.4690633070866141
21
1.8187925590551182
0
LINE
8
BLACK
6
CONTINUOUS
10
2.4690633070866141
20
1.8187925590551182
11
2.4717974803149607
21
1.8201596456692912
0
LINE
8
BLACK
6
CONTINUOUS
10
2.4717974803149607
20
1.8201596456692912
11
2.4748488976377954
21
1.8199764566929133
0
LINE
8
BLACK
6
CONTINUOUS
10
2.4748488976377954
20
1.8199764566929133
11
2.4812512992125986
21
1.8178423228346456
0
LINE
8
BLACK
6
CONTINUOUS
10
2.4812512992125986
20
1.8178423228346456
11
2.4910848818897637
21
1.8178423228346456
0
LINE
8
BLACK
6
CONTINUOUS
10
2.4910848818897637
20
1.8178423228346456
11
2.4938551574803149
21
1.8192274803149606
0
LINE
8
BLACK
6
CONTINUOUS
10
2.4938551574803149
20
1.8192274803149606
11
2.4949370866141733
21
1.8203093700787401
0
LINE
8
BLACK
6
CONTINUOUS
10
2.4949370866141733
20
1.8203093700787401
11
2.4963222440944883
21
1.82307968503937
0
LINE
8
BLACK
6
CONTINUOUS
10
2.4963222440944883
20
1.82307968503937
11
2.4963222440944883
21
1.8251658661417323
0
LINE
8
BLACK
6
CONTINUOUS
10
2.4963222440944883
20
1.8251658661417323
11
2.4949370866141733
21
1.8279361811023622
0
LINE
8
BLACK
6
CONTINUOUS
10
2.4949370866141733
20
1.8279361811023622
11
2.4938551574803149
21
1.8290180708661417
0
LINE
8
BLACK
6
CONTINUOUS
10
2.4938551574803149
20
1.8290180708661417
11
2.4904177165354331
21
1.8307367716535432
0
LINE
8
BLACK
6
CONTINUOUS
10
2.4904177165354331
20
1.8307367716535432
11
2.4812979133858266
21
1.8330167716535433
0
LINE
8
BLACK
6
CONTINUOUS
10
2.4812979133858266
20
1.8330167716535433
11
2.4807279133858269
21
1.8333331496062992
0
LINE
8
BLACK
6
CONTINUOUS
10
2.4807279133858269
20
1.8333331496062992
11
2.4800891732283463
21
1.8334638976377953
0
LINE
8
BLACK
6
CONTINUOUS
10
2.4800891732283463
20
1.8334638976377953
11
2.4752147637795274
21
1.8359011023622047
0
LINE
8
BLACK
6
CONTINUOUS
10
2.4752147637795274
20
1.8359011023622047
11
2.474503346456693
21
1.8365319291338582
0
LINE
8
BLACK
6
CONTINUOUS
10
2.474503346456693
20
1.8365319291338582
11
2.4736799606299211
21
1.8370073228346455
0
LINE
8
BLACK
6
CONTINUOUS
10
2.4736799606299211
20
1.8370073228346455
11
2.4712427559055117
21
1.8394445275590552
0
LINE
8
BLACK
6
CONTINUOUS
10
2.4712427559055117
20
1.8394445275590552
11
2.4707672834645669
21
1.8402680314960629
0
LINE
8
BLACK
6
CONTINUOUS
10
2.4707672834645669
20
1.8402680314960629
11
2.4701365354330709
21
1.84097937007874
0
LINE
8
BLACK
6
CONTINUOUS
10
2.4701365354330709
20
1.84097937007874
11
2.4676993700787402
21
1.8458537007874016
0
LINE
8
BLACK
6
CONTINUOUS
10
2.4676993700787402
20
1.8458537007874016
11
2.4674272047244092
21
1.8471835433070867
0
LINE
8
BLACK
6
CONTINUOUS
10
2.4674272047244092
20
1.8471835433070867
11
2.4670759055118108
21
1.8484947244094487
0
LINE
8
BLACK
6
CONTINUOUS
10
2.4670759055118108
20
1.8484947244094487
11
2.4670759055118108
21
1.8533691338582676
0
LINE
8
BLACK
6
CONTINUOUS
10
2.4670759055118108
20
1.8533691338582676
11
2.4674272047244092
21
1.8546802755905512
0
LINE
8
BLACK
6
CONTINUOUS
10
2.4674272047244092
20
1.8546802755905512
11
2.4676993700787402
21
1.8560101574803149
0
LINE
8
BLACK
6
CONTINUOUS
10
2.4676993700787402
20
1.8560101574803149
11
2.4701365354330709
21
1.8608844881889763
0
LINE
8
BLACK
6
CONTINUOUS
10
2.4701365354330709
20
1.8608844881889763
11
2.4707672834645669
21
1.8615957874015747
0
LINE
8
BLACK
6
CONTINUOUS
10
2.4707672834645669
20
1.8615957874015747
11
2.4712427559055117
21
1.8624193307086614
0
LINE
8
BLACK
6
CONTINUOUS
10
2.4712427559055117
20
1.8624193307086614
11
2.4736799606299211
21
1.8648565354330708
0
LINE
8
BLACK
6
CONTINUOUS
10
2.4736799606299211
20
1.8648565354330708
11
2.474503346456693
21
1.8653318897637794
0
LINE
8
BLACK
6
CONTINUOUS
10
2.474503346456693
20
1.8653318897637794
11
2.4752147637795274
21
1.8659627559055119
0
LINE
8
BLACK
6
CONTINUOUS
10
2.4752147637795274
20
1.8659627559055119
11
2.4800891732283463
21
1.8683999606299213
0
LINE
8
BLACK
6
CONTINUOUS
10
2.4800891732283463
20
1.8683999606299213
11
2.4814190944881891
21
1.8686720866141733
0
LINE
8
BLACK
6
CONTINUOUS
10
2.4814190944881891
20
1.8686720866141733
11
2.4827301968503934
21
1.8690234251968503
0
LINE
8
BLACK
6
CONTINUOUS
10
2.4827301968503934
20
1.8690234251968503
11
2.4949161417322836
21
1.8690234251968503
0
LINE
8
BLACK
6
CONTINUOUS
10
2.4949161417322836
20
1.8690234251968503
11
2.4958345669291337
21
1.8687773228346456
0
LINE
8
BLACK
6
CONTINUOUS
10
2.5400967322834647
20
1.8686720866141733
11
2.5414266929133857
21
1.8683999606299213
0
LINE
8
BLACK
6
CONTINUOUS
10
2.5414266929133857
20
1.8683999606299213
11
2.5463011023622046
21
1.8659627559055119
0
LINE
8
BLACK
6
CONTINUOUS
10
2.5463011023622046
20
1.8659627559055119
11
2.5470124803149607
21
1.8653318897637794
0
LINE
8
BLACK
6
CONTINUOUS
10
2.5470124803149607
20
1.8653318897637794
11
2.5478358661417322
21
1.8648565354330708
0
LINE
8
BLACK
6
CONTINUOUS
10
2.5478358661417322
20
1.8648565354330708
11
2.5502730708661416
21
1.8624193307086614
0
LINE
8
BLACK
6
CONTINUOUS
10
2.5502730708661416
20
1.8624193307086614
11
2.5507484645669289
21
1.8615958661417322
0
LINE
8
BLACK
6
CONTINUOUS
10
2.5507484645669289
20
1.8615958661417322
11
2.5513792913385824
21
1.8608845275590551
0
LINE
8
BLACK
6
CONTINUOUS
10
2.5513792913385824
20
1.8608845275590551
11
2.5538164960629919
21
1.8560101574803149
0
LINE
8
BLACK
6
CONTINUOUS
10
2.5538164960629919
20
1.8560101574803149
11
2.5539472047244094
21
1.8553713779527559
0
LINE
8
BLACK
6
CONTINUOUS
10
2.5539472047244094
20
1.8553713779527559
11
2.5542636220472441
21
1.8548014173228347
0
LINE
8
BLACK
6
CONTINUOUS
10
2.5542636220472441
20
1.8548014173228347
11
2.5567008267716536
21
1.8450526377952756
0
LINE
8
BLACK
6
CONTINUOUS
10
2.5567008267716536
20
1.8450526377952756
11
2.5566885433070867
21
1.8443241338582677
0
LINE
8
BLACK
6
CONTINUOUS
10
2.5566885433070867
20
1.8443241338582677
11
2.5568771653543307
21
1.8436203543307086
0
LINE
8
BLACK
6
CONTINUOUS
10
2.5568771653543307
20
1.8436203543307086
11
2.5568771653543307
21
1.8314343700787401
0
LINE
8
BLACK
6
CONTINUOUS
10
2.5568771653543307
20
1.8314343700787401
11
2.5566885433070867
21
1.8307305511811023
0
LINE
8
BLACK
6
CONTINUOUS
10
2.5566885433070867
20
1.8307305511811023
11
2.5567008267716536
21
1.8300020866141733
0
LINE
8
BLACK
6
CONTINUOUS
10
2.5567008267716536
20
1.8300020866141733
11
2.5542636220472441
21
1.820253307086614
0
LINE
8
BLACK
6
CONTINUOUS
10
2.5542636220472441
20
1.820253307086614
11
2.5539472047244094
21
1.8196833070866141
0
LINE
8
BLACK
6
CONTINUOUS
10
2.5539472047244094
20
1.8196833070866141
11
2.5538164960629919
21
1.8190445669291337
0
LINE
8
BLACK
6
CONTINUOUS
10
2.5538164960629919
20
1.8190445669291337
11
2.5513792913385824
21
1.8141701574803148
0
LINE
8
BLACK
6
CONTINUOUS
10
2.5513792913385824
20
1.8141701574803148
11
2.5507484251968502
21
1.8134587401574802
0
LINE
8
BLACK
6
CONTINUOUS
10
2.5507484251968502
20
1.8134587401574802
11
2.5502730314960629
21
1.8126353149606298
0
LINE
8
BLACK
6
CONTINUOUS
10
2.5502730314960629
20
1.8126353149606298
11
2.5478358267716534
21
1.8101981496062991
0
LINE
8
BLACK
6
CONTINUOUS
10
2.5478358267716534
20
1.8101981496062991
11
2.5470124803149607
21
1.8097227952755905
0
LINE
8
BLACK
6
CONTINUOUS
10
2.5470124803149607
20
1.8097227952755905
11
2.5463011023622046
21
1.8090919685039371
0
LINE
8
BLACK
6
CONTINUOUS
10
2.5463011023622046
20
1.8090919685039371
11
2.5414266929133857
21
1.8066547637795276
0
LINE
8
BLACK
6
CONTINUOUS
10
2.5414266929133857
20
1.8066547637795276
11
2.5400967322834647
21
1.8063825984251969
0
LINE
8
BLACK
6
CONTINUOUS
10
2.5400967322834647
20
1.8063825984251969
11
2.5387856692913386
21
1.8060312992125984
0
LINE
8
BLACK
6
CONTINUOUS
10
2.5387856692913386
20
1.8060312992125984
11
2.5339112598425197
21
1.8060312992125984
0
LINE
8
BLACK
6
CONTINUOUS
10
2.5339112598425197
20
1.8060312992125984
11
2.532600157480315
21
1.8063825984251969
0
LINE
8
BLACK
6
CONTINUOUS
10
2.532600157480315
20
1.8063825984251969
11
2.5312702362204722
21
1.8066547637795276
0
LINE
8
BLACK
6
CONTINUOUS
10
2.5312702362204722
20
1.8066547637795276
11
2.5263958661417321
21
1.8090919685039371
0
LINE
8
BLACK
6
CONTINUOUS
10
2.5263958661417321
20
1.8090919685039371
11
2.5256844881889764
21
1.8097227559055118
0
LINE
8
BLACK
6
CONTINUOUS
10
2.5256844881889764
20
1.8097227559055118
11
2.5248611023622045
21
1.8101981496062991
0
LINE
8
BLACK
6
CONTINUOUS
10
2.5248611023622045
20
1.8101981496062991
11
2.5224238976377951
21
1.8126353149606298
0
LINE
8
BLACK
6
CONTINUOUS
10
2.5224238976377951
20
1.8126353149606298
11
2.521948464566929
21
1.8134587401574802
0
LINE
8
BLACK
6
CONTINUOUS
10
2.521948464566929
20
1.8134587401574802
11
2.5213176377952755
21
1.8141701574803148
0
LINE
8
BLACK
6
CONTINUOUS
10
2.5213176377952755
20
1.8141701574803148
11
2.5188804330708661
21
1.8190445669291337
0
LINE
8
BLACK
6
CONTINUOUS
10
2.5188804330708661
20
1.8190445669291337
11
2.5187496850393698
21
1.8196833070866141
0
LINE
8
BLACK
6
CONTINUOUS
10
2.5187496850393698
20
1.8196833070866141
11
2.5184333070866143
21
1.820253307086614
0
LINE
8
BLACK
6
CONTINUOUS
10
2.5184333070866143
20
1.820253307086614
11
2.5159961417322836
21
1.8300020866141733
0
LINE
8
BLACK
6
CONTINUOUS
10
2.5159961417322836
20
1.8300020866141733
11
2.5160083858267717
21
1.8307305118110235
0
LINE
8
BLACK
6
CONTINUOUS
10
2.5160083858267717
20
1.8307305118110235
11
2.5158198031496064
21
1.8314343700787401
0
LINE
8
BLACK
6
CONTINUOUS
10
2.5158198031496064
20
1.8314343700787401
11
2.5158198031496064
21
1.8436203543307086
0
LINE
8
BLACK
6
CONTINUOUS
10
2.5158198031496064
20
1.8436203543307086
11
2.5160083858267717
21
1.8443241732283464
0
LINE
8
BLACK
6
CONTINUOUS
10
2.5160083858267717
20
1.8443241732283464
11
2.5159961417322836
21
1.8450526377952756
0
LINE
8
BLACK
6
CONTINUOUS
10
2.5159961417322836
20
1.8450526377952756
11
2.5184333070866143
21
1.8548014173228347
0
LINE
8
BLACK
6
CONTINUOUS
10
2.5184333070866143
20
1.8548014173228347
11
2.5187496850393698
21
1.8553713779527559
0
LINE
8
BLACK
6
CONTINUOUS
10
2.5187496850393698
20
1.8553713779527559
11
2.5188804330708661
21
1.8560101574803149
0
LINE
8
BLACK
6
CONTINUOUS
10
2.5188804330708661
20
1.8560101574803149
11
2.5213176377952755
21
1.8608845669291338
0
LINE
8
BLACK
6
CONTINUOUS
10
2.5213176377952755
20
1.8608845669291338
11
2.521948464566929
21
1.8615959448818897
0
LINE
8
BLACK
6
CONTINUOUS
10
2.521948464566929
20
1.8615959448818897
11
2.5224238582677163
21
1.8624193307086614
0
LINE
8
BLACK
6
CONTINUOUS
10
2.5224238582677163
20
1.8624193307086614
11
2.5248610629921258
21
1.8648565354330708
0
LINE
8
BLACK
6
CONTINUOUS
10
2.5248610629921258
20
1.8648565354330708
11
2.5256844881889764
21
1.8653319291338581
0
LINE
8
BLACK
6
CONTINUOUS
10
2.5256844881889764
20
1.8653319291338581
11
2.5263958661417321
21
1.8659627559055119
0
LINE
8
BLACK
6
CONTINUOUS
10
2.5263958661417321
20
1.8659627559055119
11
2.5312702362204722
21
1.8683999606299213
0
LINE
8
BLACK
6
CONTINUOUS
10
2.5312702362204722
20
1.8683999606299213
11
2.532600157480315
21
1.8686720866141733
0
LINE
8
BLACK
6
CONTINUOUS
10
2.532600157480315
20
1.8686720866141733
11
2.5339112598425197
21
1.8690234251968503
0
LINE
8
BLACK
6
CONTINUOUS
10
2.5339112598425197
20
1.8690234251968503
11
2.5387856692913386
21
1.8690234251968503
0
LINE
8
BLACK
6
CONTINUOUS
10
2.5387856692913386
20
1.8690234251968503
11
2.5400967322834647
21
1.8686720866141733
0
LINE
8
BLACK
6
CONTINUOUS
10
2.5325350787401573
20
1.8558272440944881
11
2.5314531102362205
21
1.8547452755905511
0
LINE
8
BLACK
6
CONTINUOUS
10
2.5314531102362205
20
1.8547452755905511
11
2.5297344488188975
21
1.8513079921259843
0
LINE
8
BLACK
6
CONTINUOUS
10
2.5297344488188975
20
1.8513079921259843
11
2.5276308267716536
21
1.8428933858267715
0
LINE
8
BLACK
6
CONTINUOUS
10
2.5276308267716536
20
1.8428933858267715
11
2.5276308267716536
21
1.8321612992125984
0
LINE
8
BLACK
6
CONTINUOUS
10
2.5276308267716536
20
1.8321612992125984
11
2.5297344488188975
21
1.8237466929133859
0
LINE
8
BLACK
6
CONTINUOUS
10
2.5297344488188975
20
1.8237466929133859
11
2.5314531102362205
21
1.8203093700787401
0
LINE
8
BLACK
6
CONTINUOUS
10
2.5314531102362205
20
1.8203093700787401
11
2.5325350393700785
21
1.8192274803149606
0
LINE
8
BLACK
6
CONTINUOUS
10
2.5325350393700785
20
1.8192274803149606
11
2.5353053937007872
21
1.8178423228346456
0
LINE
8
BLACK
6
CONTINUOUS
10
2.5353053937007872
20
1.8178423228346456
11
2.5373915748031495
21
1.8178423228346456
0
LINE
8
BLACK
6
CONTINUOUS
10
2.5373915748031495
20
1.8178423228346456
11
2.5401618503937007
21
1.8192274803149606
0
LINE
8
BLACK
6
CONTINUOUS
10
2.5401618503937007
20
1.8192274803149606
11
2.5412437795275591
21
1.8203093700787401
0
LINE
8
BLACK
6
CONTINUOUS
10
2.5412437795275591
20
1.8203093700787401
11
2.5429625196850392
21
1.8237468503937007
0
LINE
8
BLACK
6
CONTINUOUS
10
2.5429625196850392
20
1.8237468503937007
11
2.5450661417322835
21
1.8321613385826772
0
LINE
8
BLACK
6
CONTINUOUS
10
2.5450661417322835
20
1.8321613385826772
11
2.5450661417322835
21
1.8428933858267715
0
LINE
8
BLACK
6
CONTINUOUS
10
2.5450661417322835
20
1.8428933858267715
11
2.5429625196850392
21
1.8513077952755905
0
LINE
8
BLACK
6
CONTINUOUS
10
2.5429625196850392
20
1.8513077952755905
11
2.5412437795275591
21
1.8547453149606299
0
LINE
8
BLACK
6
CONTINUOUS
10
2.5412437795275591
20
1.8547453149606299
11
2.5401618110236219
21
1.8558272440944881
0
LINE
8
BLACK
6
CONTINUOUS
10
2.5401618110236219
20
1.8558272440944881
11
2.5373915748031495
21
1.8572124015748031
0
LINE
8
BLACK
6
CONTINUOUS
10
2.5373915748031495
20
1.8572124015748031
11
2.5353053937007872
21
1.8572124015748031
0
LINE
8
BLACK
6
CONTINUOUS
10
2.5353053937007872
20
1.8572124015748031
11
2.5325350787401573
21
1.8558272440944881
0
LINE
8
BLACK
6
CONTINUOUS
10
2.5852809448818896
20
1.8689728740157481
11
2.585472401574803
21
1.8690111811023622
0
LINE
8
BLACK
6
CONTINUOUS
10
2.585472401574803
20
1.8690111811023622
11
2.5867461417322835
21
1.8685802755905512
0
LINE
8
BLACK
6
CONTINUOUS
10
2.5867461417322835
20
1.8685802755905512
11
2.588045118110236
21
1.8682322440944881
0
LINE
8
BLACK
6
CONTINUOUS
10
2.588045118110236
20
1.8682322440944881
11
2.5881831496062992
21
1.8680941732283465
0
LINE
8
BLACK
6
CONTINUOUS
10
2.5881831496062992
20
1.8680941732283465
11
2.5883681496062994
21
1.8680316141732283
0
LINE
8
BLACK
6
CONTINUOUS
10
2.5883681496062994
20
1.8680316141732283
11
2.589255905511811
21
1.8670214173228346
0
LINE
8
BLACK
6
CONTINUOUS
10
2.589255905511811
20
1.8670214173228346
11
2.5902066929133856
21
1.8660706692913385
0
LINE
8
BLACK
6
CONTINUOUS
10
2.5902066929133856
20
1.8660706692913385
11
2.5902572047244092
21
1.8658820472440945
0
LINE
8
BLACK
6
CONTINUOUS
10
2.5902572047244092
20
1.8658820472440945
11
2.5903861023622046
21
1.8657354330708662
0
LINE
8
BLACK
6
CONTINUOUS
10
2.5903861023622046
20
1.8657354330708662
11
2.5906498031496064
21
1.8644169291338581
0
LINE
8
BLACK
6
CONTINUOUS
10
2.5906498031496064
20
1.8644169291338581
11
2.590997874015748
21
1.8631179133858267
0
LINE
8
BLACK
6
CONTINUOUS
10
2.590997874015748
20
1.8631179133858267
11
2.590997874015748
21
1.8178423228346456
0
LINE
8
BLACK
6
CONTINUOUS
10
2.590997874015748
20
1.8178423228346456
11
2.5997155511811023
21
1.8178423228346456
0
LINE
8
BLACK
6
CONTINUOUS
10
2.5997155511811023
20
1.8178423228346456
11
2.6026683070866139
21
1.8170511417322834
0
LINE
8
BLACK
6
CONTINUOUS
10
2.6026683070866139
20
1.8170511417322834
11
2.6048298818897635
21
1.8148895669291338
0
LINE
8
BLACK
6
CONTINUOUS
10
2.6048298818897635
20
1.8148895669291338
11
2.6056210629921259
21
1.811936811023622
0
LINE
8
BLACK
6
CONTINUOUS
10
2.6056210629921259
20
1.811936811023622
11
2.6048298818897635
21
1.8089840551181102
0
LINE
8
BLACK
6
CONTINUOUS
10
2.6048298818897635
20
1.8089840551181102
11
2.6026683070866139
21
1.8068224803149606
0
LINE
8
BLACK
6
CONTINUOUS
10
2.6026683070866139
20
1.8068224803149606
11
2.5997155511811023
21
1.8060312992125984
0
LINE
8
BLACK
6
CONTINUOUS
10
2.5997155511811023
20
1.8060312992125984
11
2.5850923622047244
21
1.8060312992125984
0
LINE
8
BLACK
6
CONTINUOUS
10
2.5850923622047244
20
1.8060312992125984
11
2.5704692125984252
21
1.8060312992125984
0
LINE
8
BLACK
6
CONTINUOUS
10
2.5704692125984252
20
1.8060312992125984
11
2.5675164566929132
21
1.8068224803149606
0
LINE
8
BLACK
6
CONTINUOUS
10
2.5675164566929132
20
1.8068224803149606
11
2.5653548818897636
21
1.8089840551181102
0
LINE
8
BLACK
6
CONTINUOUS
10
2.5653548818897636
20
1.8089840551181102
11
2.5645637007874016
21
1.811936811023622
0
LINE
8
BLACK
6
CONTINUOUS
10
2.5645637007874016
20
1.811936811023622
11
2.5653548818897636
21
1.8148895669291338
0
LINE
8
BLACK
6
CONTINUOUS
10
2.5653548818897636
20
1.8148895669291338
11
2.5675164566929132
21
1.8170511417322834
0
LINE
8
BLACK
6
CONTINUOUS
10
2.5675164566929132
20
1.8170511417322834
11
2.5704692125984252
21
1.8178423228346456
0
LINE
8
BLACK
6
CONTINUOUS
10
2.5704692125984252
20
1.8178423228346456
11
2.5791868503937008
21
1.8178423228346456
0
LINE
8
BLACK
6
CONTINUOUS
10
2.5791868503937008
20
1.8178423228346456
11
2.5791868503937008
21
1.8465640944881889
0
LINE
8
BLACK
6
CONTINUOUS
10
2.5791868503937008
20
1.8465640944881889
11
2.5786960629921261
21
1.846280748031496
0
LINE
8
BLACK
6
CONTINUOUS
10
2.5786960629921261
20
1.846280748031496
11
2.5779846456692912
21
1.8456498818897638
0
LINE
8
BLACK
6
CONTINUOUS
10
2.5779846456692912
20
1.8456498818897638
11
2.5731102362204723
21
1.8432126771653543
0
LINE
8
BLACK
6
CONTINUOUS
10
2.5731102362204723
20
1.8432126771653543
11
2.5701153937007875
21
1.8425998031496063
0
LINE
8
BLACK
6
CONTINUOUS
10
2.5701153937007875
20
1.8425998031496063
11
2.5672153543307088
21
1.8435664960629921
0
LINE
8
BLACK
6
CONTINUOUS
10
2.5672153543307088
20
1.8435664960629921
11
2.5651871653543306
21
1.8458537007874016
0
LINE
8
BLACK
6
CONTINUOUS
10
2.5651871653543306
20
1.8458537007874016
11
2.5645742913385825
21
1.8488485433070865
0
LINE
8
BLACK
6
CONTINUOUS
10
2.5645742913385825
20
1.8488485433070865
11
2.5655409842519683
21
1.8517485826771654
0
LINE
8
BLACK
6
CONTINUOUS
10
2.5655409842519683
20
1.8517485826771654
11
2.5678281889763781
21
1.8537767716535432
0
LINE
8
BLACK
6
CONTINUOUS
10
2.5678281889763781
20
1.8537767716535432
11
2.5718453937007872
21
1.8557853543307086
0
LINE
8
BLACK
6
CONTINUOUS
10
2.5718453937007872
20
1.8557853543307086
11
2.575628622047244
21
1.8595685826771653
0
LINE
8
BLACK
6
CONTINUOUS
10
2.575628622047244
20
1.8595685826771653
11
2.5801786614173228
21
1.8663936614173229
0
LINE
8
BLACK
6
CONTINUOUS
10
2.5801786614173228
20
1.8663936614173229
11
2.581188622047244
21
1.8672812598425197
0
LINE
8
BLACK
6
CONTINUOUS
10
2.581188622047244
20
1.8672812598425197
11
2.5821396062992124
21
1.8682322440944881
0
LINE
8
BLACK
6
CONTINUOUS
10
2.5821396062992124
20
1.8682322440944881
11
2.5823281889763781
21
1.8682827559055117
0
LINE
8
BLACK
6
CONTINUOUS
10
2.5823281889763781
20
1.8682827559055117
11
2.5824748425196851
21
1.8684116535433071
0
LINE
8
BLACK
6
CONTINUOUS
10
2.5824748425196851
20
1.8684116535433071
11
2.5837933858267714
21
1.8686753543307086
0
LINE
8
BLACK
6
CONTINUOUS
10
2.5837933858267714
20
1.8686753543307086
11
2.5850923622047244
21
1.8690234251968503
0
LINE
8
BLACK
6
CONTINUOUS
10
2.5850923622047244
20
1.8690234251968503
11
2.5852809448818896
21
1.8689728740157481
0
LINE
8
BLACK
6
CONTINUOUS
10
2.7253235433070864
20
1.8686720866141733
11
2.7266535039370079
21
1.8683999606299213
0
LINE
8
BLACK
6
CONTINUOUS
10
2.7266535039370079
20
1.8683999606299213
11
2.7315279133858268
21
1.8659627559055119
0
LINE
8
BLACK
6
CONTINUOUS
10
2.7315279133858268
20
1.8659627559055119
11
2.7322392913385825
21
1.8653318897637794
0
LINE
8
BLACK
6
CONTINUOUS
10
2.7322392913385825
20
1.8653318897637794
11
2.7330627165354331
21
1.8648565354330708
0
LINE
8
BLACK
6
CONTINUOUS
10
2.7330627165354331
20
1.8648565354330708
11
2.7354999212598425
21
1.8624193307086614
0
LINE
8
BLACK
6
CONTINUOUS
10
2.7354999212598425
20
1.8624193307086614
11
2.7359752755905511
21
1.861595905511811
0
LINE
8
BLACK
6
CONTINUOUS
10
2.7359752755905511
20
1.861595905511811
11
2.7366061417322833
21
1.8608845275590551
0
LINE
8
BLACK
6
CONTINUOUS
10
2.7366061417322833
20
1.8608845275590551
11
2.739043307086614
21
1.8560101574803149
0
LINE
8
BLACK
6
CONTINUOUS
10
2.739043307086614
20
1.8560101574803149
11
2.7393153543307087
21
1.8546804724409449
0
LINE
8
BLACK
6
CONTINUOUS
10
2.7393153543307087
20
1.8546804724409449
11
2.7396667716535434
21
1.8533691338582676
0
LINE
8
BLACK
6
CONTINUOUS
10
2.7396667716535434
20
1.8533691338582676
11
2.7396667716535434
21
1.8460575196850393
0
LINE
8
BLACK
6
CONTINUOUS
10
2.7396667716535434
20
1.8460575196850393
11
2.7393153543307087
21
1.8447461417322835
0
LINE
8
BLACK
6
CONTINUOUS
10
2.7393153543307087
20
1.8447461417322835
11
2.739043307086614
21
1.8434164960629922
0
LINE
8
BLACK
6
CONTINUOUS
10
2.739043307086614
20
1.8434164960629922
11
2.7366061417322833
21
1.8385421259842518
0
LINE
8
BLACK
6
CONTINUOUS
10
2.7366061417322833
20
1.8385421259842518
11
2.7359752755905511
21
1.8378307086614172
0
LINE
8
BLACK
6
CONTINUOUS
10
2.7359752755905511
20
1.8378307086614172
11
2.7354999212598425
21
1.8370073228346455
0
LINE
8
BLACK
6
CONTINUOUS
10
2.7354999212598425
20
1.8370073228346455
11
2.7330627165354331
21
1.8345701181102361
0
LINE
8
BLACK
6
CONTINUOUS
10
2.7330627165354331
20
1.8345701181102361
11
2.7322392913385825
21
1.8340947244094488
0
LINE
8
BLACK
6
CONTINUOUS
10
2.7322392913385825
20
1.8340947244094488
11
2.7315279133858268
21
1.8334638976377953
0
LINE
8
BLACK
6
CONTINUOUS
10
2.7315279133858268
20
1.8334638976377953
11
2.7266535039370079
21
1.8310266929133858
0
LINE
8
BLACK
6
CONTINUOUS
10
2.7266535039370079
20
1.8310266929133858
11
2.7253235433070864
21
1.8307545275590551
0
LINE
8
BLACK
6
CONTINUOUS
10
2.7253235433070864
20
1.8307545275590551
11
2.7240124803149603
21
1.8304032283464566
0
LINE
8
BLACK
6
CONTINUOUS
10
2.7240124803149603
20
1.8304032283464566
11
2.7104204330708659
21
1.8304032283464566
0
LINE
8
BLACK
6
CONTINUOUS
10
2.7104204330708659
20
1.8304032283464566
11
2.7104204330708659
21
1.811936811023622
0
LINE
8
BLACK
6
CONTINUOUS
10
2.7104204330708659
20
1.811936811023622
11
2.7096292519685039
21
1.8089840551181102
0
LINE
8
BLACK
6
CONTINUOUS
10
2.7096292519685039
20
1.8089840551181102
11
2.7074676771653543
21
1.8068224803149606
0
LINE
8
BLACK
6
CONTINUOUS
10
2.7074676771653543
20
1.8068224803149606
11
2.7045149212598423
21
1.8060312992125984
0
LINE
8
BLACK
6
CONTINUOUS
10
2.7045149212598423
20
1.8060312992125984
11
2.7015621653543307
21
1.8068224803149606
0
LINE
8
BLACK
6
CONTINUOUS
10
2.7015621653543307
20
1.8068224803149606
11
2.6994005905511811
21
1.8089840551181102
0
LINE
8
BLACK
6
CONTINUOUS
10
2.6994005905511811
20
1.8089840551181102
11
2.6986094094488187
21
1.811936811023622
0
LINE
8
BLACK
6
CONTINUOUS
10
2.6986094094488187
20
1.811936811023622
11
2.6986094094488187
21
1.8631179133858267
0
LINE
8
BLACK
6
CONTINUOUS
10
2.6986094094488187
20
1.8631179133858267
11
2.6994005905511811
21
1.8660706692913385
0
LINE
8
BLACK
6
CONTINUOUS
10
2.6994005905511811
20
1.8660706692913385
11
2.7015621653543307
21
1.8682322440944881
0
LINE
8
BLACK
6
CONTINUOUS
10
2.7015621653543307
20
1.8682322440944881
11
2.7045149212598423
21
1.8690234251968503
0
LINE
8
BLACK
6
CONTINUOUS
10
2.7045149212598423
20
1.8690234251968503
11
2.7240124803149603
21
1.8690234251968503
0
LINE
8
BLACK
6
CONTINUOUS
10
2.7240124803149603
20
1.8690234251968503
11
2.7253235433070864
21
1.8686720866141733
0
LINE
8
BLACK
6
CONTINUOUS
10
2.7104204330708659
20
1.8422142519685039
11
2.7226183858267716
21
1.8422142519685039
0
LINE
8
BLACK
6
CONTINUOUS
10
2.7226183858267716
20
1.8422142519685039
11
2.7253887007874016
21
1.8435994094488188
0
LINE
8
BLACK
6
CONTINUOUS
10
2.7253887007874016
20
1.8435994094488188
11
2.72647062992126
21
1.844681338582677
0
LINE
8
BLACK
6
CONTINUOUS
10
2.72647062992126
20
1.844681338582677
11
2.7278557480314962
21
1.8474515748031495
0
LINE
8
BLACK
6
CONTINUOUS
10
2.7278557480314962
20
1.8474515748031495
11
2.7278557480314962
21
1.8519750787401574
0
LINE
8
BLACK
6
CONTINUOUS
10
2.7278557480314962
20
1.8519750787401574
11
2.72647062992126
21
1.8547453149606299
0
LINE
8
BLACK
6
CONTINUOUS
10
2.72647062992126
20
1.8547453149606299
11
2.7253887007874016
21
1.8558272440944881
0
LINE
8
BLACK
6
CONTINUOUS
10
2.7253887007874016
20
1.8558272440944881
11
2.7226183858267716
21
1.8572124015748031
0
LINE
8
BLACK
6
CONTINUOUS
10
2.7226183858267716
20
1.8572124015748031
11
2.7104204330708659
21
1.8572124015748031
0
LINE
8
BLACK
6
CONTINUOUS
10
2.7104204330708659
20
1.8572124015748031
11
2.7104204330708659
21
1.8422142519685039
0
LINE
8
BLACK
6
CONTINUOUS
10
2.7761120078740156
20
1.8687773228346456
11
2.777061062992126
21
1.8687203543307087
0
LINE
8
BLACK
6
CONTINUOUS
10
2.777061062992126
20
1.8687203543307087
11
2.7843726771653543
21
1.8662831496062993
0
LINE
8
BLACK
6
CONTINUOUS
10
2.7843726771653543
20
1.8662831496062993
11
2.785505433070866
21
1.8655352362204725
0
LINE
8
BLACK
6
CONTINUOUS
10
2.785505433070866
20
1.8655352362204725
11
2.7866810629921259
21
1.8648564960629921
0
LINE
8
BLACK
6
CONTINUOUS
10
2.7866810629921259
20
1.8648564960629921
11
2.7891182283464566
21
1.8624192913385826
0
LINE
8
BLACK
6
CONTINUOUS
10
2.7891182283464566
20
1.8624192913385826
11
2.7906466535433072
21
1.8597719291338581
0
LINE
8
BLACK
6
CONTINUOUS
10
2.7906466535433072
20
1.8597719291338581
11
2.7906466535433072
21
1.8567149999999999
0
LINE
8
BLACK
6
CONTINUOUS
10
2.7906466535433072
20
1.8567149999999999
11
2.7891181496062991
21
1.8540676377952756
0
LINE
8
BLACK
6
CONTINUOUS
10
2.7891181496062991
20
1.8540676377952756
11
2.7864707874015746
21
1.8525392125984252
0
LINE
8
BLACK
6
CONTINUOUS
10
2.7864707874015746
20
1.8525392125984252
11
2.7834138582677164
21
1.8525392125984252
0
LINE
8
BLACK
6
CONTINUOUS
10
2.7834138582677164
20
1.8525392125984252
11
2.7807664960629919
21
1.8540677165354331
0
LINE
8
BLACK
6
CONTINUOUS
10
2.7807664960629919
20
1.8540677165354331
11
2.7793151181102362
21
1.8555190551181102
0
LINE
8
BLACK
6
CONTINUOUS
10
2.7793151181102362
20
1.8555190551181102
11
2.77423531496063
21
1.8572124015748031
0
LINE
8
BLACK
6
CONTINUOUS
10
2.77423531496063
20
1.8572124015748031
11
2.7712775196850394
21
1.8572124015748031
0
LINE
8
BLACK
6
CONTINUOUS
10
2.7712775196850394
20
1.8572124015748031
11
2.7661977165354332
21
1.8555191338582677
0
LINE
8
BLACK
6
CONTINUOUS
10
2.7661977165354332
20
1.8555191338582677
11
2.7629866535433072
21
1.8523080708661417
0
LINE
8
BLACK
6
CONTINUOUS
10
2.7629866535433072
20
1.8523080708661417
11
2.7612679921259842
21
1.8488707874015748
0
LINE
8
BLACK
6
CONTINUOUS
10
2.7612679921259842
20
1.8488707874015748
11
2.7591643700787403
21
1.8404561811023621
0
LINE
8
BLACK
6
CONTINUOUS
10
2.7591643700787403
20
1.8404561811023621
11
2.7591643700787403
21
1.8345985039370079
0
LINE
8
BLACK
6
CONTINUOUS
10
2.7591643700787403
20
1.8345985039370079
11
2.7612679921259842
21
1.8261838976377953
0
LINE
8
BLACK
6
CONTINUOUS
10
2.7612679921259842
20
1.8261838976377953
11
2.7629866535433072
21
1.8227465748031495
0
LINE
8
BLACK
6
CONTINUOUS
10
2.7629866535433072
20
1.8227465748031495
11
2.7661976771653545
21
1.819535590551181
0
LINE
8
BLACK
6
CONTINUOUS
10
2.7661976771653545
20
1.819535590551181
11
2.7712775196850394
21
1.8178423228346456
0
LINE
8
BLACK
6
CONTINUOUS
10
2.7712775196850394
20
1.8178423228346456
11
2.77423531496063
21
1.8178423228346456
0
LINE
8
BLACK
6
CONTINUOUS
10
2.77423531496063
20
1.8178423228346456
11
2.779315157480315
21
1.8195356299212597
0
LINE
8
BLACK
6
CONTINUOUS
10
2.779315157480315
20
1.8195356299212597
11
2.7807665354330706
21
1.8209870078740158
0
LINE
8
BLACK
6
CONTINUOUS
10
2.7807665354330706
20
1.8209870078740158
11
2.7834138976377951
21
1.8225154724409449
0
LINE
8
BLACK
6
CONTINUOUS
10
2.7834138976377951
20
1.8225154724409449
11
2.7864708267716534
21
1.8225154724409449
0
LINE
8
BLACK
6
CONTINUOUS
10
2.7864708267716534
20
1.8225154724409449
11
2.7891181889763779
21
1.8209870078740158
0
LINE
8
BLACK
6
CONTINUOUS
10
2.7891181889763779
20
1.8209870078740158
11
2.7906466535433072
21
1.8183396456692913
0
LINE
8
BLACK
6
CONTINUOUS
10
2.7906466535433072
20
1.8183396456692913
11
2.7906466535433072
21
1.815282716535433
0
LINE
8
BLACK
6
CONTINUOUS
10
2.7906466535433072
20
1.815282716535433
11
2.7891181889763779
21
1.8126353543307085
0
LINE
8
BLACK
6
CONTINUOUS
10
2.7891181889763779
20
1.8126353543307085
11
2.7866810236220472
21
1.8101981889763779
0
LINE
8
BLACK
6
CONTINUOUS
10
2.7866810236220472
20
1.8101981889763779
11
2.785505433070866
21
1.8095194488188977
0
LINE
8
BLACK
6
CONTINUOUS
10
2.785505433070866
20
1.8095194488188977
11
2.7843726771653543
21
1.8087715748031497
0
LINE
8
BLACK
6
CONTINUOUS
10
2.7843726771653543
20
1.8087715748031497
11
2.777061062992126
21
1.8063343700787402
0
LINE
8
BLACK
6
CONTINUOUS
10
2.777061062992126
20
1.8063343700787402
11
2.7761120078740156
21
1.8062773622047243
0
LINE
8
BLACK
6
CONTINUOUS
10
2.7761120078740156
20
1.8062773622047243
11
2.7751935826771654
21
1.8060312992125984
0
LINE
8
BLACK
6
CONTINUOUS
10
2.7751935826771654
20
1.8060312992125984
11
2.7703192125984253
21
1.8060312992125984
0
LINE
8
BLACK
6
CONTINUOUS
10
2.7703192125984253
20
1.8060312992125984
11
2.7694007480314959
21
1.8062773622047243
0
LINE
8
BLACK
6
CONTINUOUS
10
2.7694007480314959
20
1.8062773622047243
11
2.7684517322834643
21
1.8063343700787402
0
LINE
8
BLACK
6
CONTINUOUS
10
2.7684517322834643
20
1.8063343700787402
11
2.7611401574803147
21
1.8087715748031497
0
LINE
8
BLACK
6
CONTINUOUS
10
2.7611401574803147
20
1.8087715748031497
11
2.7600074409448818
21
1.8095194094488189
0
LINE
8
BLACK
6
CONTINUOUS
10
2.7600074409448818
20
1.8095194094488189
11
2.7588318110236218
21
1.8101981889763779
0
LINE
8
BLACK
6
CONTINUOUS
10
2.7588318110236218
20
1.8101981889763779
11
2.753957401574803
21
1.815072559055118
0
LINE
8
BLACK
6
CONTINUOUS
10
2.753957401574803
20
1.815072559055118
11
2.7534819685039369
21
1.8158959448818897
0
LINE
8
BLACK
6
CONTINUOUS
10
2.7534819685039369
20
1.8158959448818897
11
2.7528511811023622
21
1.8166073622047243
0
LINE
8
BLACK
6
CONTINUOUS
10
2.7528511811023622
20
1.8166073622047243
11
2.7504139763779527
21
1.8214817716535432
0
LINE
8
BLACK
6
CONTINUOUS
10
2.7504139763779527
20
1.8214817716535432
11
2.7502832283464564
21
1.8221205118110235
0
LINE
8
BLACK
6
CONTINUOUS
10
2.7502832283464564
20
1.8221205118110235
11
2.7499668503937009
21
1.8226905118110235
0
LINE
8
BLACK
6
CONTINUOUS
10
2.7499668503937009
20
1.8226905118110235
11
2.7475296850393702
21
1.8324392913385827
0
LINE
8
BLACK
6
CONTINUOUS
10
2.7475296850393702
20
1.8324392913385827
11
2.7475419291338583
21
1.833167716535433
0
LINE
8
BLACK
6
CONTINUOUS
10
2.7475419291338583
20
1.833167716535433
11
2.747353346456693
21
1.8338715748031496
0
LINE
8
BLACK
6
CONTINUOUS
10
2.747353346456693
20
1.8338715748031496
11
2.747353346456693
21
1.8411831496062991
0
LINE
8
BLACK
6
CONTINUOUS
10
2.747353346456693
20
1.8411831496062991
11
2.7475419291338583
21
1.841886968503937
0
LINE
8
BLACK
6
CONTINUOUS
10
2.7475419291338583
20
1.841886968503937
11
2.7475296850393702
21
1.8426154330708662
0
LINE
8
BLACK
6
CONTINUOUS
10
2.7475296850393702
20
1.8426154330708662
11
2.7499668503937009
21
1.8523642125984252
0
LINE
8
BLACK
6
CONTINUOUS
10
2.7499668503937009
20
1.8523642125984252
11
2.7502832283464564
21
1.8529341732283464
0
LINE
8
BLACK
6
CONTINUOUS
10
2.7502832283464564
20
1.8529341732283464
11
2.7504139763779527
21
1.8535729527559055
0
LINE
8
BLACK
6
CONTINUOUS
10
2.7504139763779527
20
1.8535729527559055
11
2.7528511811023622
21
1.8584473622047244
0
LINE
8
BLACK
6
CONTINUOUS
10
2.7528511811023622
20
1.8584473622047244
11
2.7534820078740156
21
1.8591587401574803
0
LINE
8
BLACK
6
CONTINUOUS
10
2.7534820078740156
20
1.8591587401574803
11
2.753957401574803
21
1.8599821259842519
0
LINE
8
BLACK
6
CONTINUOUS
10
2.753957401574803
20
1.8599821259842519
11
2.7588318110236218
21
1.8648565354330708
0
LINE
8
BLACK
6
CONTINUOUS
10
2.7588318110236218
20
1.8648565354330708
11
2.7600075590551181
21
1.8655353543307087
0
LINE
8
BLACK
6
CONTINUOUS
10
2.7600075590551181
20
1.8655353543307087
11
2.7611401574803147
21
1.8662831496062993
0
LINE
8
BLACK
6
CONTINUOUS
10
2.7611401574803147
20
1.8662831496062993
11
2.7684517322834643
21
1.8687203543307087
0
LINE
8
BLACK
6
CONTINUOUS
10
2.7684517322834643
20
1.8687203543307087
11
2.7694007480314959
21
1.8687773228346456
0
LINE
8
BLACK
6
CONTINUOUS
10
2.7694007480314959
20
1.8687773228346456
11
2.7703192125984253
21
1.8690234251968503
0
LINE
8
BLACK
6
CONTINUOUS
10
2.7703192125984253
20
1.8690234251968503
11
2.7751935826771654
21
1.8690234251968503
0
LINE
8
BLACK
6
CONTINUOUS
10
2.7751935826771654
20
1.8690234251968503
11
2.7761120078740156
21
1.8687773228346456
0
LINE
8
BLACK
6
CONTINUOUS
10
2.8252485826771654
20
1.8686720866141733
11
2.8265785433070865
21
1.8683999606299213
0
LINE
8
BLACK
6
CONTINUOUS
10
2.8265785433070865
20
1.8683999606299213
11
2.8314529527559054
21
1.8659627559055119
0
LINE
8
BLACK
6
CONTINUOUS
10
2.8314529527559054
20
1.8659627559055119
11
2.8321643307086615
21
1.8653318897637794
0
LINE
8
BLACK
6
CONTINUOUS
10
2.8321643307086615
20
1.8653318897637794
11
2.8329877165354329
21
1.8648565354330708
0
LINE
8
BLACK
6
CONTINUOUS
10
2.8329877165354329
20
1.8648565354330708
11
2.8354249212598424
21
1.8624193307086614
0
LINE
8
BLACK
6
CONTINUOUS
10
2.8354249212598424
20
1.8624193307086614
11
2.8359003149606297
21
1.8615958661417322
0
LINE
8
BLACK
6
CONTINUOUS
10
2.8359003149606297
20
1.8615958661417322
11
2.8365311417322836
21
1.8608845275590551
0
LINE
8
BLACK
6
CONTINUOUS
10
2.8365311417322836
20
1.8608845275590551
11
2.838968346456693
21
1.8560101574803149
0
LINE
8
BLACK
6
CONTINUOUS
10
2.838968346456693
20
1.8560101574803149
11
2.8392404724409448
21
1.8546801968503936
0
LINE
8
BLACK
6
CONTINUOUS
10
2.8392404724409448
20
1.8546801968503936
11
2.839591811023622
21
1.8533691338582676
0
LINE
8
BLACK
6
CONTINUOUS
10
2.839591811023622
20
1.8533691338582676
11
2.839591811023622
21
1.8484947244094487
0
LINE
8
BLACK
6
CONTINUOUS
10
2.839591811023622
20
1.8484947244094487
11
2.8392404724409448
21
1.847183622047244
0
LINE
8
BLACK
6
CONTINUOUS
10
2.8392404724409448
20
1.847183622047244
11
2.838968346456693
21
1.8458537007874016
0
LINE
8
BLACK
6
CONTINUOUS
10
2.838968346456693
20
1.8458537007874016
11
2.8365311417322836
21
1.8409793307086613
0
LINE
8
BLACK
6
CONTINUOUS
10
2.8365311417322836
20
1.8409793307086613
11
2.8359003149606297
21
1.8402679527559054
0
LINE
8
BLACK
6
CONTINUOUS
10
2.8359003149606297
20
1.8402679527559054
11
2.835805590551181
21
1.8401038582677165
0
LINE
8
BLACK
6
CONTINUOUS
10
2.835805590551181
20
1.8401038582677165
11
2.8378620866141731
21
1.8380474409448819
0
LINE
8
BLACK
6
CONTINUOUS
10
2.8378620866141731
20
1.8380474409448819
11
2.8383375196850391
21
1.8372239763779528
0
LINE
8
BLACK
6
CONTINUOUS
10
2.8383375196850391
20
1.8372239763779528
11
2.8389683858267718
21
1.8365125590551181
0
LINE
8
BLACK
6
CONTINUOUS
10
2.8389683858267718
20
1.8365125590551181
11
2.8414055118110237
21
1.8316381496062992
0
LINE
8
BLACK
6
CONTINUOUS
10
2.8414055118110237
20
1.8316381496062992
11
2.841677559055118
21
1.8303086614173227
0
LINE
8
BLACK
6
CONTINUOUS
10
2.841677559055118
20
1.8303086614173227
11
2.8420289763779527
21
1.8289971653543307
0
LINE
8
BLACK
6
CONTINUOUS
10
2.8420289763779527
20
1.8289971653543307
11
2.8420289763779527
21
1.8216855905511811
0
LINE
8
BLACK
6
CONTINUOUS
10
2.8420289763779527
20
1.8216855905511811
11
2.841677559055118
21
1.8203740551181102
0
LINE
8
BLACK
6
CONTINUOUS
10
2.841677559055118
20
1.8203740551181102
11
2.8414055118110237
21
1.8190446062992125
0
LINE
8
BLACK
6
CONTINUOUS
10
2.8414055118110237
20
1.8190446062992125
11
2.8389683858267718
21
1.8141701968503936
0
LINE
8
BLACK
6
CONTINUOUS
10
2.8389683858267718
20
1.8141701968503936
11
2.8383375196850391
21
1.8134587401574802
0
LINE
8
BLACK
6
CONTINUOUS
10
2.8383375196850391
20
1.8134587401574802
11
2.8378620866141731
21
1.8126353149606298
0
LINE
8
BLACK
6
CONTINUOUS
10
2.8378620866141731
20
1.8126353149606298
11
2.8354248818897636
21
1.8101981496062991
0
LINE
8
BLACK
6
CONTINUOUS
10
2.8354248818897636
20
1.8101981496062991
11
2.8346014960629922
21
1.8097227559055118
0
LINE
8
BLACK
6
CONTINUOUS
10
2.8346014960629922
20
1.8097227559055118
11
2.8338901181102361
21
1.8090919685039371
0
LINE
8
BLACK
6
CONTINUOUS
10
2.8338901181102361
20
1.8090919685039371
11
2.8290157086614172
21
1.8066547637795276
0
LINE
8
BLACK
6
CONTINUOUS
10
2.8290157086614172
20
1.8066547637795276
11
2.8276857480314961
21
1.8063825984251969
0
LINE
8
BLACK
6
CONTINUOUS
10
2.8276857480314961
20
1.8063825984251969
11
2.8263746850393701
21
1.8060312992125984
0
LINE
8
BLACK
6
CONTINUOUS
10
2.8263746850393701
20
1.8060312992125984
11
2.806877125984252
21
1.8060312992125984
0
LINE
8
BLACK
6
CONTINUOUS
10
2.806877125984252
20
1.8060312992125984
11
2.80392437007874
21
1.8068224803149606
0
LINE
8
BLACK
6
CONTINUOUS
10
2.80392437007874
20
1.8068224803149606
11
2.8017627952755904
21
1.8089840551181102
0
LINE
8
BLACK
6
CONTINUOUS
10
2.8017627952755904
20
1.8089840551181102
11
2.8009716141732284
21
1.811936811023622
0
LINE
8
BLACK
6
CONTINUOUS
10
2.8009716141732284
20
1.811936811023622
11
2.8009716141732284
21
1.8631179133858267
0
LINE
8
BLACK
6
CONTINUOUS
10
2.8009716141732284
20
1.8631179133858267
11
2.8017627952755904
21
1.8660706692913385
0
LINE
8
BLACK
6
CONTINUOUS
10
2.8017627952755904
20
1.8660706692913385
11
2.80392437007874
21
1.8682322440944881
0
LINE
8
BLACK
6
CONTINUOUS
10
2.80392437007874
20
1.8682322440944881
11
2.806877125984252
21
1.8690234251968503
0
LINE
8
BLACK
6
CONTINUOUS
10
2.806877125984252
20
1.8690234251968503
11
2.8239375196850394
21
1.8690234251968503
0
LINE
8
BLACK
6
CONTINUOUS
10
2.8239375196850394
20
1.8690234251968503
11
2.8252485826771654
21
1.8686720866141733
0
LINE
8
BLACK
6
CONTINUOUS
10
2.8127826377952756
20
1.8178423228346456
11
2.8249805905511809
21
1.8178423228346456
0
LINE
8
BLACK
6
CONTINUOUS
10
2.8249805905511809
20
1.8178423228346456
11
2.8277509055118109
21
1.8192274803149606
0
LINE
8
BLACK
6
CONTINUOUS
10
2.8277509055118109
20
1.8192274803149606
11
2.8288327559055118
21
1.8203093307086613
0
LINE
8
BLACK
6
CONTINUOUS
10
2.8288327559055118
20
1.8203093307086613
11
2.8302179527559055
21
1.82307968503937
0
LINE
8
BLACK
6
CONTINUOUS
10
2.8302179527559055
20
1.82307968503937
11
2.8302179527559055
21
1.827603031496063
0
LINE
8
BLACK
6
CONTINUOUS
10
2.8302179527559055
20
1.827603031496063
11
2.8288327559055118
21
1.8303733858267717
0
LINE
8
BLACK
6
CONTINUOUS
10
2.8288327559055118
20
1.8303733858267717
11
2.8280590157480314
21
1.831147125984252
0
LINE
8
BLACK
6
CONTINUOUS
10
2.8280590157480314
20
1.831147125984252
11
2.822979251968504
21
1.8328404330708661
0
LINE
8
BLACK
6
CONTINUOUS
10
2.822979251968504
20
1.8328404330708661
11
2.8127826377952756
21
1.8328404330708661
0
LINE
8
BLACK
6
CONTINUOUS
10
2.8127826377952756
20
1.8328404330708661
11
2.8127826377952756
21
1.8178423228346456
0
LINE
8
BLACK
6
CONTINUOUS
10
2.8127826377952756
20
1.8446514566929133
11
2.8225434251968502
21
1.8446514566929133
0
LINE
8
BLACK
6
CONTINUOUS
10
2.8225434251968502
20
1.8446514566929133
11
2.8253136614173227
21
1.8460365748031495
0
LINE
8
BLACK
6
CONTINUOUS
10
2.8253136614173227
20
1.8460365748031495
11
2.8263956299212598
21
1.8471185433070865
0
LINE
8
BLACK
6
CONTINUOUS
10
2.8263956299212598
20
1.8471185433070865
11
2.8277807874015748
21
1.8498888582677164
0
LINE
8
BLACK
6
CONTINUOUS
10
2.8277807874015748
20
1.8498888582677164
11
2.8277807874015748
21
1.8519749999999999
0
LINE
8
BLACK
6
CONTINUOUS
10
2.8277807874015748
20
1.8519749999999999
11
2.8263956299212598
21
1.8547453149606299
0
LINE
8
BLACK
6
CONTINUOUS
10
2.8263956299212598
20
1.8547453149606299
11
2.8253136614173227
21
1.8558272440944881
0
LINE
8
BLACK
6
CONTINUOUS
10
2.8253136614173227
20
1.8558272440944881
11
2.8225434251968502
21
1.8572124015748031
0
LINE
8
BLACK
6
CONTINUOUS
10
2.8225434251968502
20
1.8572124015748031
11
2.8127826377952756
21
1.8572124015748031
0
LINE
8
BLACK
6
CONTINUOUS
10
2.8127826377952756
20
1.8572124015748031
11
2.8127826377952756
21
1.8446514566929133
0
LINE
8
BLACK
6
CONTINUOUS
10
2.8739924803149606
20
1.8686720866141733
11
2.8753224409448817
21
1.8683999606299213
0
LINE
8
BLACK
6
CONTINUOUS
10
2.8753224409448817
20
1.8683999606299213
11
2.8801968503937005
21
1.8659627559055119
0
LINE
8
BLACK
6
CONTINUOUS
10
2.8801968503937005
20
1.8659627559055119
11
2.8809082283464567
21
1.8653318897637794
0
LINE
8
BLACK
6
CONTINUOUS
10
2.8809082283464567
20
1.8653318897637794
11
2.8817316141732281
21
1.8648565354330708
0
LINE
8
BLACK
6
CONTINUOUS
10
2.8817316141732281
20
1.8648565354330708
11
2.8841688188976375
21
1.8624193307086614
0
LINE
8
BLACK
6
CONTINUOUS
10
2.8841688188976375
20
1.8624193307086614
11
2.8846442125984253
21
1.8615958661417322
0
LINE
8
BLACK
6
CONTINUOUS
10
2.8846442125984253
20
1.8615958661417322
11
2.8852750393700788
21
1.8608845275590551
0
LINE
8
BLACK
6
CONTINUOUS
10
2.8852750393700788
20
1.8608845275590551
11
2.8877122440944882
21
1.8560101574803149
0
LINE
8
BLACK
6
CONTINUOUS
10
2.8877122440944882
20
1.8560101574803149
11
2.8878429527559053
21
1.8553713779527559
0
LINE
8
BLACK
6
CONTINUOUS
10
2.8878429527559053
20
1.8553713779527559
11
2.88815937007874
21
1.8548014173228347
0
LINE
8
BLACK
6
CONTINUOUS
10
2.88815937007874
20
1.8548014173228347
11
2.8905965748031495
21
1.8450526377952756
0
LINE
8
BLACK
6
CONTINUOUS
10
2.8905965748031495
20
1.8450526377952756
11
2.8905842913385826
21
1.8443241338582677
0
LINE
8
BLACK
6
CONTINUOUS
10
2.8905842913385826
20
1.8443241338582677
11
2.8907729133858266
21
1.8436203543307086
0
LINE
8
BLACK
6
CONTINUOUS
10
2.8907729133858266
20
1.8436203543307086
11
2.8907729133858266
21
1.8314343700787401
0
LINE
8
BLACK
6
CONTINUOUS
10
2.8907729133858266
20
1.8314343700787401
11
2.8905842913385826
21
1.8307305511811023
0
LINE
8
BLACK
6
CONTINUOUS
10
2.8905842913385826
20
1.8307305511811023
11
2.8905965748031495
21
1.8300020866141733
0
LINE
8
BLACK
6
CONTINUOUS
10
2.8905965748031495
20
1.8300020866141733
11
2.88815937007874
21
1.820253307086614
0
LINE
8
BLACK
6
CONTINUOUS
10
2.88815937007874
20
1.820253307086614
11
2.8878429527559053
21
1.8196833070866141
0
LINE
8
BLACK
6
CONTINUOUS
10
2.8878429527559053
20
1.8196833070866141
11
2.8877122440944882
21
1.8190445669291337
0
LINE
8
BLACK
6
CONTINUOUS
10
2.8877122440944882
20
1.8190445669291337
11
2.8852750393700788
21
1.8141701574803148
0
LINE
8
BLACK
6
CONTINUOUS
10
2.8852750393700788
20
1.8141701574803148
11
2.8846441732283465
21
1.8134587401574802
0
LINE
8
BLACK
6
CONTINUOUS
10
2.8846441732283465
20
1.8134587401574802
11
2.8841687795275588
21
1.8126353149606298
0
LINE
8
BLACK
6
CONTINUOUS
10
2.8841687795275588
20
1.8126353149606298
11
2.8817315748031493
21
1.8101981496062991
0
LINE
8
BLACK
6
CONTINUOUS
10
2.8817315748031493
20
1.8101981496062991
11
2.8809082283464567
21
1.8097227952755905
0
LINE
8
BLACK
6
CONTINUOUS
10
2.8809082283464567
20
1.8097227952755905
11
2.8801968503937005
21
1.8090919685039371
0
LINE
8
BLACK
6
CONTINUOUS
10
2.8801968503937005
20
1.8090919685039371
11
2.8753224409448817
21
1.8066547637795276
0
LINE
8
BLACK
6
CONTINUOUS
10
2.8753224409448817
20
1.8066547637795276
11
2.8739924803149606
21
1.8063825984251969
0
LINE
8
BLACK
6
CONTINUOUS
10
2.8739924803149606
20
1.8063825984251969
11
2.8726814173228346
21
1.8060312992125984
0
LINE
8
BLACK
6
CONTINUOUS
10
2.8726814173228346
20
1.8060312992125984
11
2.8678070078740157
21
1.8060312992125984
0
LINE
8
BLACK
6
CONTINUOUS
10
2.8678070078740157
20
1.8060312992125984
11
2.8664959055118109
21
1.8063825984251969
0
LINE
8
BLACK
6
CONTINUOUS
10
2.8664959055118109
20
1.8063825984251969
11
2.8651659842519686
21
1.8066547637795276
0
LINE
8
BLACK
6
CONTINUOUS
10
2.8651659842519686
20
1.8066547637795276
11
2.8602916141732284
21
1.8090919685039371
0
LINE
8
BLACK
6
CONTINUOUS
10
2.8602916141732284
20
1.8090919685039371
11
2.8595802362204723
21
1.8097227559055118
0
LINE
8
BLACK
6
CONTINUOUS
10
2.8595802362204723
20
1.8097227559055118
11
2.8587568503937009
21
1.8101981496062991
0
LINE
8
BLACK
6
CONTINUOUS
10
2.8587568503937009
20
1.8101981496062991
11
2.8563196456692914
21
1.8126353149606298
0
LINE
8
BLACK
6
CONTINUOUS
10
2.8563196456692914
20
1.8126353149606298
11
2.8558442125984249
21
1.8134587401574802
0
LINE
8
BLACK
6
CONTINUOUS
10
2.8558442125984249
20
1.8134587401574802
11
2.8552133858267714
21
1.8141701574803148
0
LINE
8
BLACK
6
CONTINUOUS
10
2.8552133858267714
20
1.8141701574803148
11
2.852776181102362
21
1.8190445669291337
0
LINE
8
BLACK
6
CONTINUOUS
10
2.852776181102362
20
1.8190445669291337
11
2.8526454330708662
21
1.8196833070866141
0
LINE
8
BLACK
6
CONTINUOUS
10
2.8526454330708662
20
1.8196833070866141
11
2.8523290551181102
21
1.820253307086614
0
LINE
8
BLACK
6
CONTINUOUS
10
2.8523290551181102
20
1.820253307086614
11
2.8498918897637795
21
1.8300020866141733
0
LINE
8
BLACK
6
CONTINUOUS
10
2.8498918897637795
20
1.8300020866141733
11
2.8499041338582676
21
1.8307305118110235
0
LINE
8
BLACK
6
CONTINUOUS
10
2.8499041338582676
20
1.8307305118110235
11
2.8497155511811023
21
1.8314343700787401
0
LINE
8
BLACK
6
CONTINUOUS
10
2.8497155511811023
20
1.8314343700787401
11
2.8497155511811023
21
1.8436203543307086
0
LINE
8
BLACK
6
CONTINUOUS
10
2.8497155511811023
20
1.8436203543307086
11
2.8499041338582676
21
1.8443241732283464
0
LINE
8
BLACK
6
CONTINUOUS
10
2.8499041338582676
20
1.8443241732283464
11
2.8498918897637795
21
1.8450526377952756
0
LINE
8
BLACK
6
CONTINUOUS
10
2.8498918897637795
20
1.8450526377952756
11
2.8523290551181102
21
1.8548014173228347
0
LINE
8
BLACK
6
CONTINUOUS
10
2.8523290551181102
20
1.8548014173228347
11
2.8526454330708662
21
1.8553713779527559
0
LINE
8
BLACK
6
CONTINUOUS
10
2.8526454330708662
20
1.8553713779527559
11
2.852776181102362
21
1.8560101574803149
0
LINE
8
BLACK
6
CONTINUOUS
10
2.852776181102362
20
1.8560101574803149
11
2.8552133858267714
21
1.8608845669291338
0
LINE
8
BLACK
6
CONTINUOUS
10
2.8552133858267714
20
1.8608845669291338
11
2.8558442125984249
21
1.8615959448818897
0
LINE
8
BLACK
6
CONTINUOUS
10
2.8558442125984249
20
1.8615959448818897
11
2.8563196062992127
21
1.8624193307086614
0
LINE
8
BLACK
6
CONTINUOUS
10
2.8563196062992127
20
1.8624193307086614
11
2.8587568110236221
21
1.8648565354330708
0
LINE
8
BLACK
6
CONTINUOUS
10
2.8587568110236221
20
1.8648565354330708
11
2.8595802362204723
21
1.8653319291338581
0
LINE
8
BLACK
6
CONTINUOUS
10
2.8595802362204723
20
1.8653319291338581
11
2.8602916141732284
21
1.8659627559055119
0
LINE
8
BLACK
6
CONTINUOUS
10
2.8602916141732284
20
1.8659627559055119
11
2.8651659842519686
21
1.8683999606299213
0
LINE
8
BLACK
6
CONTINUOUS
10
2.8651659842519686
20
1.8683999606299213
11
2.8664959055118109
21
1.8686720866141733
0
LINE
8
BLACK
6
CONTINUOUS
10
2.8664959055118109
20
1.8686720866141733
11
2.8678070078740157
21
1.8690234251968503
0
LINE
8
BLACK
6
CONTINUOUS
10
2.8678070078740157
20
1.8690234251968503
11
2.8726814173228346
21
1.8690234251968503
0
LINE
8
BLACK
6
CONTINUOUS
10
2.8726814173228346
20
1.8690234251968503
11
2.8739924803149606
21
1.8686720866141733
0
LINE
8
BLACK
6
CONTINUOUS
10
2.8664308267716536
20
1.8558272440944881
11
2.8653488582677165
21
1.8547452755905511
0
LINE
8
BLACK
6
CONTINUOUS
10
2.8653488582677165
20
1.8547452755905511
11
2.8636301968503934
21
1.8513079921259843
0
LINE
8
BLACK
6
CONTINUOUS
10
2.8636301968503934
20
1.8513079921259843
11
2.8615265748031495
21
1.8428933858267715
0
LINE
8
BLACK
6
CONTINUOUS
10
2.8615265748031495
20
1.8428933858267715
11
2.8615265748031495
21
1.8321612992125984
0
LINE
8
BLACK
6
CONTINUOUS
10
2.8615265748031495
20
1.8321612992125984
11
2.8636301968503934
21
1.8237466929133859
0
LINE
8
BLACK
6
CONTINUOUS
10
2.8636301968503934
20
1.8237466929133859
11
2.8653488582677165
21
1.8203093700787401
0
LINE
8
BLACK
6
CONTINUOUS
10
2.8653488582677165
20
1.8203093700787401
11
2.8664307874015749
21
1.8192274803149606
0
LINE
8
BLACK
6
CONTINUOUS
10
2.8664307874015749
20
1.8192274803149606
11
2.8692011417322836
21
1.8178423228346456
0
LINE
8
BLACK
6
CONTINUOUS
10
2.8692011417322836
20
1.8178423228346456
11
2.8712873228346454
21
1.8178423228346456
0
LINE
8
BLACK
6
CONTINUOUS
10
2.8712873228346454
20
1.8178423228346456
11
2.8740575984251966
21
1.8192274803149606
0
LINE
8
BLACK
6
CONTINUOUS
10
2.8740575984251966
20
1.8192274803149606
11
2.875139527559055
21
1.8203093700787401
0
LINE
8
BLACK
6
CONTINUOUS
10
2.875139527559055
20
1.8203093700787401
11
2.8768582677165355
21
1.8237468503937007
0
LINE
8
BLACK
6
CONTINUOUS
10
2.8768582677165355
20
1.8237468503937007
11
2.8789618897637794
21
1.8321613385826772
0
LINE
8
BLACK
6
CONTINUOUS
10
2.8789618897637794
20
1.8321613385826772
11
2.8789618897637794
21
1.8428933858267715
0
LINE
8
BLACK
6
CONTINUOUS
10
2.8789618897637794
20
1.8428933858267715
11
2.8768582677165355
21
1.8513077952755905
0
LINE
8
BLACK
6
CONTINUOUS
10
2.8768582677165355
20
1.8513077952755905
11
2.875139527559055
21
1.8547453149606299
0
LINE
8
BLACK
6
CONTINUOUS
10
2.875139527559055
20
1.8547453149606299
11
2.8740575590551178
21
1.8558272440944881
0
LINE
8
BLACK
6
CONTINUOUS
10
2.8740575590551178
20
1.8558272440944881
11
2.8712873228346454
21
1.8572124015748031
0
LINE
8
BLACK
6
CONTINUOUS
10
2.8712873228346454
20
1.8572124015748031
11
2.8692011417322836
21
1.8572124015748031
0
LINE
8
BLACK
6
CONTINUOUS
10
2.8692011417322836
20
1.8572124015748031
11
2.8664308267716536
21
1.8558272440944881
0
LINE
8
BLACK
6
CONTINUOUS
10
2.9191766929133856
20
1.8689728740157481
11
2.9193681496062993
21
1.8690111811023622
0
LINE
8
BLACK
6
CONTINUOUS
10
2.9193681496062993
20
1.8690111811023622
11
2.9206418897637794
21
1.8685802755905512
0
LINE
8
BLACK
6
CONTINUOUS
10
2.9206418897637794
20
1.8685802755905512
11
2.9219408661417323
21
1.8682322440944881
0
LINE
8
BLACK
6
CONTINUOUS
10
2.9219408661417323
20
1.8682322440944881
11
2.9220788976377952
21
1.8680941732283465
0
LINE
8
BLACK
6
CONTINUOUS
10
2.9220788976377952
20
1.8680941732283465
11
2.9222638976377953
21
1.8680316141732283
0
LINE
8
BLACK
6
CONTINUOUS
10
2.9222638976377953
20
1.8680316141732283
11
2.9231516535433069
21
1.8670214173228346
0
LINE
8
BLACK
6
CONTINUOUS
10
2.9231516535433069
20
1.8670214173228346
11
2.9241024409448819
21
1.8660706692913385
0
LINE
8
BLACK
6
CONTINUOUS
10
2.9241024409448819
20
1.8660706692913385
11
2.9241529527559056
21
1.8658820472440945
0
LINE
8
BLACK
6
CONTINUOUS
10
2.9241529527559056
20
1.8658820472440945
11
2.9242818503937009
21
1.8657354330708662
0
LINE
8
BLACK
6
CONTINUOUS
10
2.9242818503937009
20
1.8657354330708662
11
2.9245455511811023
21
1.8644169291338581
0
LINE
8
BLACK
6
CONTINUOUS
10
2.9245455511811023
20
1.8644169291338581
11
2.9248936220472439
21
1.8631179133858267
0
LINE
8
BLACK
6
CONTINUOUS
10
2.9248936220472439
20
1.8631179133858267
11
2.9248936220472439
21
1.8178423228346456
0
LINE
8
BLACK
6
CONTINUOUS
10
2.9248936220472439
20
1.8178423228346456
11
2.9336112992125982
21
1.8178423228346456
0
LINE
8
BLACK
6
CONTINUOUS
10
2.9336112992125982
20
1.8178423228346456
11
2.9365640551181103
21
1.8170511417322834
0
LINE
8
BLACK
6
CONTINUOUS
10
2.9365640551181103
20
1.8170511417322834
11
2.9387256299212599
21
1.8148895669291338
0
LINE
8
BLACK
6
CONTINUOUS
10
2.9387256299212599
20
1.8148895669291338
11
2.9395168110236218
21
1.811936811023622
0
LINE
8
BLACK
6
CONTINUOUS
10
2.9395168110236218
20
1.811936811023622
11
2.9387256299212599
21
1.8089840551181102
0
LINE
8
BLACK
6
CONTINUOUS
10
2.9387256299212599
20
1.8089840551181102
11
2.9365640551181103
21
1.8068224803149606
0
LINE
8
BLACK
6
CONTINUOUS
10
2.9365640551181103
20
1.8068224803149606
11
2.9336112992125982
21
1.8060312992125984
0
LINE
8
BLACK
6
CONTINUOUS
10
2.9336112992125982
20
1.8060312992125984
11
2.9189881102362203
21
1.8060312992125984
0
LINE
8
BLACK
6
CONTINUOUS
10
2.9189881102362203
20
1.8060312992125984
11
2.9043649606299211
21
1.8060312992125984
0
LINE
8
BLACK
6
CONTINUOUS
10
2.9043649606299211
20
1.8060312992125984
11
2.9014122047244095
21
1.8068224803149606
0
LINE
8
BLACK
6
CONTINUOUS
10
2.9014122047244095
20
1.8068224803149606
11
2.8992506299212599
21
1.8089840551181102
0
LINE
8
BLACK
6
CONTINUOUS
10
2.8992506299212599
20
1.8089840551181102
11
2.8984594488188975
21
1.811936811023622
0
LINE
8
BLACK
6
CONTINUOUS
10
2.8984594488188975
20
1.811936811023622
11
2.8992506299212599
21
1.8148895669291338
0
LINE
8
BLACK
6
CONTINUOUS
10
2.8992506299212599
20
1.8148895669291338
11
2.9014122047244095
21
1.8170511417322834
0
LINE
8
BLACK
6
CONTINUOUS
10
2.9014122047244095
20
1.8170511417322834
11
2.9043649606299211
21
1.8178423228346456
0
LINE
8
BLACK
6
CONTINUOUS
10
2.9043649606299211
20
1.8178423228346456
11
2.9130825984251967
21
1.8178423228346456
0
LINE
8
BLACK
6
CONTINUOUS
10
2.9130825984251967
20
1.8178423228346456
11
2.9130825984251967
21
1.8465640944881889
0
LINE
8
BLACK
6
CONTINUOUS
10
2.9130825984251967
20
1.8465640944881889
11
2.912591811023622
21
1.846280748031496
0
LINE
8
BLACK
6
CONTINUOUS
10
2.912591811023622
20
1.846280748031496
11
2.9118803937007876
21
1.8456498818897638
0
LINE
8
BLACK
6
CONTINUOUS
10
2.9118803937007876
20
1.8456498818897638
11
2.9070059842519687
21
1.8432126771653543
0
LINE
8
BLACK
6
CONTINUOUS
10
2.9070059842519687
20
1.8432126771653543
11
2.9040111417322834
21
1.8425998031496063
0
LINE
8
BLACK
6
CONTINUOUS
10
2.9040111417322834
20
1.8425998031496063
11
2.9011111023622047
21
1.8435664960629921
0
LINE
8
BLACK
6
CONTINUOUS
10
2.9011111023622047
20
1.8435664960629921
11
2.8990829133858269
21
1.8458537007874016
0
LINE
8
BLACK
6
CONTINUOUS
10
2.8990829133858269
20
1.8458537007874016
11
2.8984700393700789
21
1.8488485433070865
0
LINE
8
BLACK
6
CONTINUOUS
10
2.8984700393700789
20
1.8488485433070865
11
2.8994367322834647
21
1.8517485826771654
0
LINE
8
BLACK
6
CONTINUOUS
10
2.8994367322834647
20
1.8517485826771654
11
2.901723937007874
21
1.8537767716535432
0
LINE
8
BLACK
6
CONTINUOUS
10
2.901723937007874
20
1.8537767716535432
11
2.9057411417322836
21
1.8557853543307086
0
LINE
8
BLACK
6
CONTINUOUS
10
2.9057411417322836
20
1.8557853543307086
11
2.9095243700787399
21
1.8595685826771653
0
LINE
8
BLACK
6
CONTINUOUS
10
2.9095243700787399
20
1.8595685826771653
11
2.9140744094488187
21
1.8663936614173229
0
LINE
8
BLACK
6
CONTINUOUS
10
2.9140744094488187
20
1.8663936614173229
11
2.9150843700787399
21
1.8672812598425197
0
LINE
8
BLACK
6
CONTINUOUS
10
2.9150843700787399
20
1.8672812598425197
11
2.9160353543307087
21
1.8682322440944881
0
LINE
8
BLACK
6
CONTINUOUS
10
2.9160353543307087
20
1.8682322440944881
11
2.916223937007874
21
1.8682827559055117
0
LINE
8
BLACK
6
CONTINUOUS
10
2.916223937007874
20
1.8682827559055117
11
2.916370590551181
21
1.8684116535433071
0
LINE
8
BLACK
6
CONTINUOUS
10
2.916370590551181
20
1.8684116535433071
11
2.9176891338582678
21
1.8686753543307086
0
LINE
8
BLACK
6
CONTINUOUS
10
2.9176891338582678
20
1.8686753543307086
11
2.9189881102362203
21
1.8690234251968503
0
LINE
8
BLACK
6
CONTINUOUS
10
2.9189881102362203
20
1.8690234251968503
11
2.9191766929133856
21
1.8689728740157481
0
LINE
8
BLACK
6
CONTINUOUS
10
2.2405176377952754
20
1.868741968503937
11
2.2408781102362205
21
1.8687203543307087
0
LINE
8
BLACK
6
CONTINUOUS
10
2.2408781102362205
20
1.8687203543307087
11
2.2418675590551183
21
1.8680670078740158
0
LINE
8
BLACK
6
CONTINUOUS
10
2.2418675590551183
20
1.8680670078740158
11
2.242928779527559
21
1.8675364566929133
0
LINE
8
BLACK
6
CONTINUOUS
10
2.242928779527559
20
1.8675364566929133
11
2.2431278346456693
21
1.8672349212598425
0
LINE
8
BLACK
6
CONTINUOUS
10
2.2431278346456693
20
1.8672349212598425
11
2.2434291338582675
21
1.8670360236220471
0
LINE
8
BLACK
6
CONTINUOUS
10
2.2434291338582675
20
1.8670360236220471
11
2.2439595275590549
21
1.8659752362204725
0
LINE
8
BLACK
6
CONTINUOUS
10
2.2439595275590549
20
1.8659752362204725
11
2.2446130708661416
21
1.8649853937007874
0
LINE
8
BLACK
6
CONTINUOUS
10
2.2446130708661416
20
1.8649853937007874
11
2.2616735039370077
21
1.8138042913385826
0
LINE
8
BLACK
6
CONTINUOUS
10
2.2616735039370077
20
1.8138042913385826
11
2.2618566535433069
21
1.8107528740157479
0
LINE
8
BLACK
6
CONTINUOUS
10
2.2618566535433069
20
1.8107528740157479
11
2.2604895669291336
21
1.8080186614173228
0
LINE
8
BLACK
6
CONTINUOUS
10
2.2604895669291336
20
1.8080186614173228
11
2.2579385039370079
21
1.8063343307086615
0
LINE
8
BLACK
6
CONTINUOUS
10
2.2579385039370079
20
1.8063343307086615
11
2.2548870866141733
21
1.8061511811023621
0
LINE
8
BLACK
6
CONTINUOUS
10
2.2548870866141733
20
1.8061511811023621
11
2.2521529133858267
21
1.8075182677165353
0
LINE
8
BLACK
6
CONTINUOUS
10
2.2521529133858267
20
1.8075182677165353
11
2.2504685826771653
21
1.8100692913385827
0
LINE
8
BLACK
6
CONTINUOUS
10
2.2504685826771653
20
1.8100692913385827
11
2.2469401968503937
21
1.8206544488188976
0
LINE
8
BLACK
6
CONTINUOUS
10
2.2469401968503937
20
1.8206544488188976
11
2.2310811023622046
21
1.8206544488188976
0
LINE
8
BLACK
6
CONTINUOUS
10
2.2310811023622046
20
1.8206544488188976
11
2.2275527559055117
21
1.8100693307086613
0
LINE
8
BLACK
6
CONTINUOUS
10
2.2275527559055117
20
1.8100693307086613
11
2.2258684251968504
21
1.8075183070866141
0
LINE
8
BLACK
6
CONTINUOUS
10
2.2258684251968504
20
1.8075183070866141
11
2.223134212598425
21
1.8061511811023621
0
LINE
8
BLACK
6
CONTINUOUS
10
2.223134212598425
20
1.8061511811023621
11
2.2200827952755904
21
1.8063343307086615
0
LINE
8
BLACK
6
CONTINUOUS
10
2.2200827952755904
20
1.8063343307086615
11
2.2175317716535434
21
1.8080186614173228
0
LINE
8
BLACK
6
CONTINUOUS
10
2.2175317716535434
20
1.8080186614173228
11
2.2161646456692914
21
1.8107528740157479
0
LINE
8
BLACK
6
CONTINUOUS
10
2.2161646456692914
20
1.8107528740157479
11
2.2163477952755906
21
1.8138042913385826
0
LINE
8
BLACK
6
CONTINUOUS
10
2.2163477952755906
20
1.8138042913385826
11
2.2334081496062992
21
1.8649853937007874
0
LINE
8
BLACK
6
CONTINUOUS
10
2.2334081496062992
20
1.8649853937007874
11
2.2340616141732283
21
1.8659750787401574
0
LINE
8
BLACK
6
CONTINUOUS
10
2.2340616141732283
20
1.8659750787401574
11
2.2345920866141733
21
1.8670360629921259
0
LINE
8
BLACK
6
CONTINUOUS
10
2.2345920866141733
20
1.8670360629921259
11
2.2348935039370077
21
1.8672350393700787
0
LINE
8
BLACK
6
CONTINUOUS
10
2.2348935039370077
20
1.8672350393700787
11
2.2350924803149606
21
1.8675364173228346
0
LINE
8
BLACK
6
CONTINUOUS
10
2.2350924803149606
20
1.8675364173228346
11
2.2361533464566929
21
1.8680668503937008
0
LINE
8
BLACK
6
CONTINUOUS
10
2.2361533464566929
20
1.8680668503937008
11
2.237143149606299
21
1.8687203543307087
0
LINE
8
BLACK
6
CONTINUOUS
10
2.237143149606299
20
1.8687203543307087
11
2.2375035826771654
21
1.868741968503937
0
LINE
8
BLACK
6
CONTINUOUS
10
2.2375035826771654
20
1.868741968503937
11
2.2378266929133859
21
1.8689035433070866
0
LINE
8
BLACK
6
CONTINUOUS
10
2.2378266929133859
20
1.8689035433070866
11
2.23901062992126
21
1.8688324409448818
0
LINE
8
BLACK
6
CONTINUOUS
10
2.23901062992126
20
1.8688324409448818
11
2.2401945669291337
21
1.8689035433070866
0
LINE
8
BLACK
6
CONTINUOUS
10
2.2401945669291337
20
1.8689035433070866
11
2.2405176377952754
21
1.868741968503937
0
LINE
8
BLACK
6
CONTINUOUS
10
2.2350181102362203
20
1.8324654724409448
11
2.243003188976378
21
1.8324654724409448
0
LINE
8
BLACK
6
CONTINUOUS
10
2.243003188976378
20
1.8324654724409448
11
2.23901062992126
21
1.8444430708661417
0
LINE
8
BLACK
6
CONTINUOUS
10
2.23901062992126
20
1.8444430708661417
11
2.2350181102362203
21
1.8324654724409448
0
LINE
8
BLACK
6
CONTINUOUS
10
2.9668018110236218
20
1.868741968503937
11
2.967162283464567
21
1.8687203543307087
0
LINE
8
BLACK
6
CONTINUOUS
10
2.967162283464567
20
1.8687203543307087
11
2.9681517322834643
21
1.8680670078740158
0
LINE
8
BLACK
6
CONTINUOUS
10
2.9681517322834643
20
1.8680670078740158
11
2.9692129527559055
21
1.8675364566929133
0
LINE
8
BLACK
6
CONTINUOUS
10
2.9692129527559055
20
1.8675364566929133
11
2.9694120078740158
21
1.8672349212598425
0
LINE
8
BLACK
6
CONTINUOUS
10
2.9694120078740158
20
1.8672349212598425
11
2.969713307086614
21
1.8670360236220471
0
LINE
8
BLACK
6
CONTINUOUS
10
2.969713307086614
20
1.8670360236220471
11
2.9702437007874014
21
1.8659752362204725
0
LINE
8
BLACK
6
CONTINUOUS
10
2.9702437007874014
20
1.8659752362204725
11
2.9708972440944881
21
1.8649853937007874
0
LINE
8
BLACK
6
CONTINUOUS
10
2.9708972440944881
20
1.8649853937007874
11
2.9879576771653542
21
1.8138042913385826
0
LINE
8
BLACK
6
CONTINUOUS
10
2.9879576771653542
20
1.8138042913385826
11
2.9881408267716534
21
1.8107528740157479
0
LINE
8
BLACK
6
CONTINUOUS
10
2.9881408267716534
20
1.8107528740157479
11
2.9867737401574801
21
1.8080186614173228
0
LINE
8
BLACK
6
CONTINUOUS
10
2.9867737401574801
20
1.8080186614173228
11
2.9842226771653544
21
1.8063343307086615
0
LINE
8
BLACK
6
CONTINUOUS
10
2.9842226771653544
20
1.8063343307086615
11
2.9811712598425197
21
1.8061511811023621
0
LINE
8
BLACK
6
CONTINUOUS
10
2.9811712598425197
20
1.8061511811023621
11
2.9784370866141732
21
1.8075182677165353
0
LINE
8
BLACK
6
CONTINUOUS
10
2.9784370866141732
20
1.8075182677165353
11
2.9767527559055118
21
1.8100692913385827
0
LINE
8
BLACK
6
CONTINUOUS
10
2.9767527559055118
20
1.8100692913385827
11
2.9732243700787402
21
1.8206544488188976
0
LINE
8
BLACK
6
CONTINUOUS
10
2.9732243700787402
20
1.8206544488188976
11
2.9573652755905511
21
1.8206544488188976
0
LINE
8
BLACK
6
CONTINUOUS
10
2.9573652755905511
20
1.8206544488188976
11
2.9538369291338582
21
1.8100693307086613
0
LINE
8
BLACK
6
CONTINUOUS
10
2.9538369291338582
20
1.8100693307086613
11
2.9521525984251968
21
1.8075183070866141
0
LINE
8
BLACK
6
CONTINUOUS
10
2.9521525984251968
20
1.8075183070866141
11
2.9494183858267715
21
1.8061511811023621
0
LINE
8
BLACK
6
CONTINUOUS
10
2.9494183858267715
20
1.8061511811023621
11
2.9463669685039369
21
1.8063343307086615
0
LINE
8
BLACK
6
CONTINUOUS
10
2.9463669685039369
20
1.8063343307086615
11
2.9438159448818899
21
1.8080186614173228
0
LINE
8
BLACK
6
CONTINUOUS
10
2.9438159448818899
20
1.8080186614173228
11
2.9424488188976379
21
1.8107528740157479
0
LINE
8
BLACK
6
CONTINUOUS
10
2.9424488188976379
20
1.8107528740157479
11
2.942631968503937
21
1.8138042913385826
0
LINE
8
BLACK
6
CONTINUOUS
10
2.942631968503937
20
1.8138042913385826
11
2.9596923228346457
21
1.8649853937007874
0
LINE
8
BLACK
6
CONTINUOUS
10
2.9596923228346457
20
1.8649853937007874
11
2.9603457874015748
21
1.8659750787401574
0
LINE
8
BLACK
6
CONTINUOUS
10
2.9603457874015748
20
1.8659750787401574
11
2.9608762598425198
21
1.8670360629921259
0
LINE
8
BLACK
6
CONTINUOUS
10
2.9608762598425198
20
1.8670360629921259
11
2.9611776771653542
21
1.8672350393700787
0
LINE
8
BLACK
6
CONTINUOUS
10
2.9611776771653542
20
1.8672350393700787
11
2.961376653543307
21
1.8675364173228346
0
LINE
8
BLACK
6
CONTINUOUS
10
2.961376653543307
20
1.8675364173228346
11
2.9624375196850394
21
1.8680668503937008
0
LINE
8
BLACK
6
CONTINUOUS
10
2.9624375196850394
20
1.8680668503937008
11
2.9634273228346455
21
1.8687203543307087
0
LINE
8
BLACK
6
CONTINUOUS
10
2.9634273228346455
20
1.8687203543307087
11
2.9637877559055119
21
1.868741968503937
0
LINE
8
BLACK
6
CONTINUOUS
10
2.9637877559055119
20
1.868741968503937
11
2.9641108661417324
21
1.8689035433070866
0
LINE
8
BLACK
6
CONTINUOUS
10
2.9641108661417324
20
1.8689035433070866
11
2.965294803149606
21
1.8688324409448818
0
LINE
8
BLACK
6
CONTINUOUS
10
2.965294803149606
20
1.8688324409448818
11
2.9664787401574801
21
1.8689035433070866
0
LINE
8
BLACK
6
CONTINUOUS
10
2.9664787401574801
20
1.8689035433070866
11
2.9668018110236218
21
1.868741968503937
0
LINE
8
BLACK
6
CONTINUOUS
10
2.9613022834645668
20
1.8324654724409448
11
2.9692873622047244
21
1.8324654724409448
0
LINE
8
BLACK
6
CONTINUOUS
10
2.9692873622047244
20
1.8324654724409448
11
2.965294803149606
21
1.8444430708661417
0
LINE
8
BLACK
6
CONTINUOUS
10
2.965294803149606
20
1.8444430708661417
11
2.9613022834645668
21
1.8324654724409448
0
CIRCLE
8
BLACK
10
3.3999999999999999
20
1.8
40
0.0068897637795276
0
CIRCLE
8
BLACK
10
0.2
20
1.8
40
0.0068897637795276
0
CIRCLE
8
BLACK
10
0.2
20
0.2
40
0.0068897637795276
0
CIRCLE
8
BLACK
10
3.3449999999999998
20
1.02
40
0.0068897637795276
0
CIRCLE
8
BLACK
10
3.4449999999999998
20
1.02
40
0.0068897637795276
0
CIRCLE
8
BLACK
10
3.3449999999999998
20
1.1199999999999999
40
0.0068897637795276
0
CIRCLE
8
BLACK
10
3.4449999999999998
20
1.1199999999999999
40
0.0068897637795276
0
CIRCLE
8
BLACK
10
2.1499999999999999
20
1.0249999999999999
40
0.0068897637795276
0
CIRCLE
8
BLACK
10
2.1499999999999999
20
0.9249999999999999
40
0.0068897637795276
0
CIRCLE
8
BLACK
10
2.0499999999999998
20
1.0249999999999999
40
0.0068897637795276
0
CIRCLE
8
BLACK
10
2.0499999999999998
20
0.9249999999999999
40
0.0068897637795276
0
CIRCLE
8
BLACK
10
1.95
20
1.0249999999999999
40
0.0068897637795276
0
CIRCLE
8
BLACK
10
1.95
20
0.9249999999999999
40
0.0068897637795276
0
CIRCLE
8
BLACK
10
3.3449999999999998
20
0.9199999999999999
40
0.0068897637795276
0
CIRCLE
8
BLACK
10
3.4449999999999998
20
0.9199999999999999
40
0.0068897637795276
0
CIRCLE
8
BLACK
10
0.6047244094488189
20
1.3460629921259841
40
0.0068897637795276
0
CIRCLE
8
BLACK
10
0.4078740157480315
20
1.3460629921259841
40
0.0068897637795276
0
CIRCLE
8
BLACK
10
3.4449999999999998
20
1.3200000000000001
40
0.0068897637795276
0
CIRCLE
8
BLACK
10
3.4449999999999998
20
1.4199999999999999
40
0.0068897637795276
0
CIRCLE
8
BLACK
10
3.3449999999999998
20
1.3200000000000001
40
0.0068897637795276
0
CIRCLE
8
BLACK
10
3.3449999999999998
20
1.4199999999999999
40
0.0068897637795276
0
CIRCLE
8
BLACK
10
3.3449999999999998
20
1.22
40
0.0068897637795276
0
CIRCLE
8
BLACK
10
3.4449999999999998
20
1.22
40
0.0068897637795276
0
CIRCLE
8
BLACK
10
3.3999999999999999
20
0.2
40
0.0068897637795276
0
CIRCLE
8
BLACK
10
1.9839
20
1.3599999999999999
40
0.0068897637795276
0
CIRCLE
8
BLACK
10
2.1760999999999999
20
1.3599999999999999
40
0.0068897637795276
0
CIRCLE
8
BLACK
10
3.0649999999999999
20
1.4749999999999999
40
0.0068897637795276
  0
ENDSEC
  0
EOF
